# Blender 5.2.2 LTS
# www.blender.org
mtllib shards.mtl
o Sphere_cell
v -0.004005 0.093877 -0.009743
v -0.003709 0.036582 -0.009717
v -0.074658 0.980785 -0.180240
v -0.134776 0.952368 -0.253816
v -0.110117 0.952678 -0.265845
v -0.084575 0.951973 -0.276009
v -0.057325 0.980785 -0.185498
v -0.030061 0.990141 -0.094986
v -0.045467 0.990218 -0.087776
v -0.037779 0.990277 -0.091208
v -0.090609 0.980785 -0.171713
v -0.110117 0.952678 -0.265845
v -0.084575 0.951973 -0.276009
v -0.057325 0.980785 -0.185498
v -0.030061 0.990141 -0.094986
v -0.045467 0.990218 -0.087776
v -0.037779 0.990277 -0.091208
v -0.134776 0.952368 -0.253816
v -0.090609 0.980785 -0.171713
vn -0.8878 -0.0044 0.4603
vn -0.3889 -0.2897 -0.8745
vn 0.9575 0.0007 -0.2885
vn 0.9696 0.0049 -0.2448
vn 0.4223 0.0978 0.9012
vn -0.8807 0.0005 0.4736
vn -0.0464 0.9951 -0.0869
vn -0.1374 0.9565 -0.2571
vn -0.0286 0.9951 -0.0942
vn -0.0846 0.9565 -0.2790
vt 0.000000 0.000000
vt 1.000000 0.096603
vt 1.000000 1.000000
vt 0.096603 0.096603
vt 0.548217 0.096082
vt 1.000000 0.097046
vt 1.000000 0.058834
vt 0.097046 0.097046
vt 0.552780 0.068335
vt 0.062327 0.000000
vt 1.000000 0.000000
vt 0.062327 0.062327
vt 0.534291 0.062351
vt 1.000000 0.062544
vt 1.000000 0.101879
vt 0.062544 0.062544
vt 0.521829 0.072284
vt 0.827080 0.968181
vt 0.820218 0.968373
vt 0.812500 0.937500
vt 0.827279 0.937500
vt 0.827691 0.906289
vt 0.812500 0.906629
vt 0.797850 0.967930
vt 0.797700 0.937500
vt 0.804782 0.968373
vt 0.797322 0.905855
s 0
usemtl 
f 1/1/1 18/2/1 2/3/1
f 2/3/2 18/4/2 12/5/2 13/6/2
f 15/7/3 2/3/3 13/8/3 14/9/3
f 15/10/4 1/11/4 2/3/4
f 1/3/5 15/12/5 17/13/5 16/14/5
f 18/15/6 1/3/6 16/16/6 19/17/6
f 9/18/7 10/19/7 3/20/7 11/21/7
f 4/22/8 11/21/8 3/20/8 5/23/8
f 8/24/9 7/25/9 3/20/9 10/26/9
f 6/27/10 5/23/10 3/20/10 7/25/10
o Sphere_cell.001
v 0.002801 -0.001935 -0.010050
v 0.191342 -0.195090 -0.961940
v 0.375330 -0.195090 -0.906127
v 0.094105 -0.285188 -0.944186
v 0.096761 -0.195090 -0.971255
v 0.097708 -0.096966 -0.980826
v 0.274912 -0.285259 -0.908143
v 0.185858 -0.287745 -0.934373
v 0.195062 -0.001473 -0.980643
v 0.096761 -0.195090 -0.971255
v 0.097708 -0.096966 -0.980826
v 0.094105 -0.285188 -0.944186
v 0.274912 -0.285259 -0.908143
v 0.185858 -0.287745 -0.934373
v 0.195062 -0.001473 -0.980643
v 0.375330 -0.195090 -0.906127
vn -0.9953 0.0001 -0.0973
vn -0.0571 -0.9569 0.2846
vn 0.6077 -0.6858 0.4005
vn 0.6977 0.7029 0.1385
vn -0.6935 0.7073 -0.1370
vn 0.0975 -0.0975 -0.9904
vn 0.0938 -0.2890 -0.9527
vn 0.2889 -0.0975 -0.9524
vn 0.2779 -0.2890 -0.9161
vt 1.000000 1.000000
vt 0.066124 0.066124
vt 0.539436 0.075508
vt 1.000000 0.101713
vt 1.000000 0.136271
vt 0.101713 0.101713
vt 0.545529 0.111098
vt 1.000000 0.139728
vt 0.136271 0.136271
vt 0.149194 0.138515
vt 1.000000 0.067130
vt 1.000000 0.066124
vt 0.068621 0.067100
vt 0.718750 0.499528
vt 0.718750 0.437500
vt 0.734197 0.437500
vt 0.734198 0.468935
vt 0.734190 0.407482
vt 0.718750 0.406630
vt 0.687500 0.437500
vt 0.718725 0.499578
vt 0.687500 0.436883
vt 0.703216 0.407459
vt 0.718750 0.406631
s 0
usemtl 
f 20/28/11 30/29/11 29/30/11 31/31/11
f 32/32/12 20/28/12 31/33/12 33/34/12
f 22/35/13 20/28/13 32/36/13
f 22/37/14 34/38/14 20/28/14
f 30/39/15 20/28/15 34/40/15
f 28/41/16 21/42/16 24/43/16 25/44/16
f 23/45/17 24/43/17 21/42/17 27/46/17
f 35/47/18 21/42/18 28/48/18
f 21/42/19 35/49/19 26/50/19 27/51/19
o Sphere_cell.002
v 0.003562 -0.002894 -0.007002
v 0.353553 -0.382683 -0.853553
v 0.374724 -0.200312 -0.904664
v 0.378755 -0.196387 -0.903853
v 0.276150 -0.286464 -0.907388
v 0.255320 -0.464947 -0.837624
v 0.267872 -0.382683 -0.879544
v 0.351531 -0.552410 -0.752262
v 0.323780 -0.528241 -0.781673
v 0.463727 -0.546477 -0.695871
v 0.536835 -0.237928 -0.805138
v 0.512406 -0.382683 -0.768645
v 0.461957 -0.195090 -0.859824
v 0.422542 -0.195090 -0.880892
v 0.374724 -0.200312 -0.904664
v 0.378755 -0.196387 -0.903853
v 0.276150 -0.286464 -0.907388
v 0.267872 -0.382683 -0.879544
v 0.255320 -0.464947 -0.837624
v 0.323780 -0.528241 -0.781673
v 0.351531 -0.552410 -0.752262
v 0.463727 -0.546477 -0.695871
v 0.512406 -0.382683 -0.768645
v 0.536835 -0.237928 -0.805138
v 0.461957 -0.195090 -0.859824
v 0.422542 -0.195090 -0.880892
vn -0.5969 0.6956 -0.3998
vn -0.9572 -0.0014 -0.2894
vn -0.7335 -0.6636 0.1468
vn -0.2139 -0.8313 0.5131
vn 0.8314 -0.0002 0.5556
vn 0.4670 0.8827 0.0521
vn 0.0789 0.9809 -0.1779
vn 0.2779 -0.2890 -0.9161
vn 0.2563 -0.4696 -0.8448
vn 0.4513 -0.2890 -0.8443
vn 0.4162 -0.4696 -0.7786
vt 0.175243 0.139010
vt 1.000000 0.136967
vt 1.000000 1.000000
vt 0.139762 0.139762
vt 0.136967 0.136967
vt 0.580648 0.163610
vt 1.000000 0.203750
vt 0.203750 0.203750
vt 0.757242 0.257360
vt 1.000000 0.285542
vt 0.285542 0.285542
vt 1.000000 0.339599
vt 0.698604 0.269806
vt 1.000000 0.234801
vt 0.339599 0.339599
vt 1.000000 0.181287
vt 0.234801 0.234801
vt 1.000000 0.139762
vt 0.181287 0.181287
vt 0.558753 0.162036
vt 0.687500 0.435760
vt 0.687500 0.375000
vt 0.702949 0.375000
vt 0.702981 0.407057
vt 0.702912 0.345261
vt 0.687500 0.322380
vt 0.671535 0.437500
vt 0.656408 0.423228
vt 0.656421 0.375000
vt 0.687500 0.435760
vt 0.686838 0.437068
vt 0.678799 0.437500
vt 0.656421 0.375000
vt 0.656442 0.315787
vt 0.680417 0.313642
s 0
usemtl 
f 50/52/20 52/53/20 36/54/20 51/55/20
f 36/54/21 52/56/21 53/57/21 54/58/21
f 36/54/22 54/59/22 55/60/22 56/61/22
f 56/62/23 57/63/23 36/54/23
f 58/64/24 59/65/24 36/54/24 57/66/24
f 60/67/25 36/54/25 59/68/25
f 51/69/26 36/54/26 60/70/26 61/71/26
f 38/72/27 37/73/27 42/74/27 40/75/27
f 41/76/28 42/74/28 37/73/28 44/77/28
f 48/78/29 46/79/29 47/80/29 37/73/29 38/81/29 39/82/29 49/83/29
f 44/77/30 37/73/30 47/84/30 45/85/30 43/86/30
o Sphere_cell.003
v -0.006990 -0.005665 0.004417
v -0.011635 -0.009007 0.006090
v -0.691341 -0.555570 0.461939
v -0.780353 -0.530005 0.324258
v -0.771411 -0.466375 0.412791
v -0.676773 -0.466384 0.554474
v -0.729431 -0.469866 0.487390
v -0.594981 -0.627372 0.486918
v -0.640210 -0.555570 0.524244
v -0.640029 -0.630768 0.427653
v -0.678403 -0.626809 0.362718
v -0.749478 -0.579813 0.311171
v -0.767806 -0.555570 0.318883
v -0.780353 -0.530005 0.324258
v -0.771411 -0.466375 0.412791
v -0.676773 -0.466384 0.554474
v -0.729431 -0.469866 0.487390
v -0.594981 -0.627372 0.486918
v -0.640210 -0.555570 0.524244
v -0.640029 -0.630768 0.427653
v -0.678403 -0.626809 0.362718
v -0.749478 -0.579813 0.311171
v -0.767806 -0.555570 0.318883
vn -0.6195 0.6207 -0.4806
vn -0.6219 0.6643 -0.4146
vn -0.3918 0.8820 0.2617
vn 0.6352 -0.0014 0.7723
vn 0.5251 -0.7729 -0.3562
vn 0.1856 -0.6338 -0.7509
vn 0.1551 -0.6141 -0.7738
vn -0.3847 0.0040 -0.9230
vn -0.6825 -0.4696 0.5601
vn -0.5987 -0.6326 0.4913
vn -0.6831 -0.6326 0.3651
vn -0.7786 -0.4696 0.4162
vt 0.000000 0.000000
vt 1.000000 0.258811
vt 1.000000 1.000000
vt 1.000000 0.267256
vt 0.258811 0.258811
vt 1.000000 0.357740
vt 0.267256 0.267256
vt 0.631535 0.307379
vt 1.000000 0.404959
vt 0.357740 0.357740
vt 0.689540 0.376374
vt 0.699270 0.377285
vt 1.000000 0.356558
vt 0.404959 0.404959
vt 0.357941 0.000000
vt 1.000000 0.000000
vt 1.000000 0.289691
vt 0.357941 0.357941
vt 0.658145 0.272046
vt 1.000000 0.259966
vt 0.289691 0.289691
vt 0.109243 0.344742
vt 0.093750 0.343483
vt 0.093750 0.312500
vt 0.109203 0.312500
vt 0.109156 0.282886
vt 0.093750 0.281485
vt 0.062651 0.312500
vt 0.062636 0.302501
vt 0.078197 0.283061
vt 0.062651 0.312500
vt 0.078199 0.344745
vt 0.062665 0.321723
s 0
usemtl 
f 63/87/31 75/88/31 62/89/31
f 76/90/32 62/89/32 75/91/32
f 77/92/33 62/89/33 76/93/33 78/94/33
f 79/95/34 62/89/34 77/96/34 80/97/34
f 81/98/35 82/99/35 62/89/35 79/100/35
f 82/101/36 63/102/36 62/89/36
f 83/103/37 63/89/37 82/104/37
f 84/105/38 75/106/38 63/89/38 83/107/38
f 67/108/39 68/109/39 64/110/39 70/111/39
f 69/112/40 70/111/40 64/110/40 71/113/40
f 71/113/41 64/110/41 74/114/41 73/115/41 72/116/41
f 74/117/42 64/110/42 68/109/42 66/118/42 65/119/42
o Sphere_cell.004
v -0.008716 -0.003533 -0.003084
v -0.014548 -0.007285 -0.003875
v -0.906127 -0.382683 -0.180240
v -0.853553 -0.382683 -0.353553
v -0.811474 -0.382683 -0.432277
v -0.836805 -0.287537 -0.445819
v -0.773279 -0.464655 -0.411236
v -0.811392 -0.468059 -0.336090
v -0.879539 -0.289961 -0.364317
v -0.907257 -0.287340 -0.275668
v -0.907571 -0.382683 -0.165583
v -0.909712 -0.370635 -0.180953
v -0.900633 -0.400223 -0.140831
v -0.865512 -0.460158 -0.172161
v -0.811474 -0.382683 -0.432277
v -0.836805 -0.287537 -0.445819
v -0.773279 -0.464655 -0.411236
v -0.811392 -0.468059 -0.336090
v -0.879539 -0.289961 -0.364317
v -0.907257 -0.287340 -0.275668
v -0.907571 -0.382683 -0.165583
v -0.909712 -0.370635 -0.180953
v -0.900633 -0.400223 -0.140831
v -0.865512 -0.460158 -0.172161
vn 0.4725 -0.0026 -0.8814
vn 0.5473 -0.8327 -0.0844
vn 0.4335 -0.8822 0.1838
vn -0.2682 0.9568 -0.1122
vn -0.4006 0.6928 0.5997
vn -0.1920 0.0925 0.9770
vn 0.0550 -0.4370 0.8978
vn -0.9527 -0.2890 -0.0938
vn -0.8786 -0.4696 -0.0865
vn -0.9161 -0.2890 -0.2779
vn -0.8448 -0.4696 -0.2563
vn -0.8443 -0.2890 -0.4513
vn -0.7786 -0.4696 -0.4162
vt 0.204841 0.000000
vt 1.000000 0.000000
vt 1.000000 0.734012
vt 0.612539 0.383387
vt 0.734012 0.734012
vt 0.000000 0.000000
vt 0.821090 0.000000
vt 0.769460 0.496728
vt 0.732687 0.732687
vt 1.000000 0.795159
vt 0.566585 0.402961
vt 0.136827 0.000000
vt 0.847332 0.136672
vt 1.000000 0.143299
vt 1.000000 1.000000
vt 0.136827 0.136827
vt 0.750309 0.134595
vt 0.144173 0.000000
vt 1.000000 0.178910
vt 0.144174 0.144174
vt 0.968750 0.375000
vt 0.971291 0.375000
vt 0.968750 0.379014
vt 0.975362 0.368708
vt 0.968750 0.346992
vt 0.937500 0.405892
vt 0.937500 0.375000
vt 0.953052 0.406766
vt 0.968750 0.346992
vt 0.937500 0.344136
vt 0.922098 0.375000
vt 0.922091 0.406700
vt 0.922098 0.375000
vt 0.922209 0.345367
s 0
usemtl 
f 100/120/43 85/121/43 101/122/43 99/123/43
f 101/124/44 85/125/44 86/121/44
f 86/125/45 108/126/45 102/127/45 101/128/45
f 85/121/46 100/129/46 103/130/46 104/131/46
f 105/132/47 107/133/47 85/134/47 104/135/47 106/136/47
f 107/137/48 86/121/48 85/134/48
f 108/138/49 86/134/49 107/139/49
f 87/140/50 95/141/50 96/142/50
f 97/143/51 95/141/51 87/140/51 98/144/51
f 93/145/52 88/146/52 87/140/52 96/142/52 94/147/52
f 98/148/53 87/140/53 88/146/53 92/149/53
f 89/150/54 88/146/54 93/145/54 90/151/54
f 88/146/55 89/152/55 91/153/55 92/149/55
o Sphere_cell.005
v -0.005713 -0.000360 0.008668
v -0.555570 0.000000 0.831469
v -0.624763 -0.095523 0.762572
v -0.465190 -0.095523 0.869162
v -0.550293 -0.096441 0.823571
v -0.630541 0.000000 0.769942
v -0.624433 0.095609 0.762831
v -0.550292 0.096451 0.823570
v -0.465874 0.095456 0.868804
v -0.469944 0.000000 0.877237
v -0.465190 -0.095523 0.869162
v -0.550293 -0.096441 0.823571
v -0.624763 -0.095523 0.762572
v -0.630541 0.000000 0.769942
v -0.624433 0.095609 0.762831
v -0.550292 0.096451 0.823570
v -0.465874 0.095456 0.868804
v -0.469944 0.000000 0.877237
vn 0.0542 -0.9952 -0.0811
vn -0.7730 0.0022 -0.6344
vn 0.0553 0.9952 -0.0813
vn 0.8819 0.0040 0.4714
vn -0.4691 0.0975 0.8777
vn -0.4691 -0.0975 0.8777
vn -0.6314 0.0975 0.7693
vn -0.6314 -0.0975 0.7693
vt 0.782562 0.366134
vt 0.724222 0.724222
vt 0.000000 0.000000
vt 0.826104 0.000000
vt 1.000000 0.000000
vt 1.000000 0.724222
vt 0.634726 0.365766
vt 0.276046 0.000000
vt 1.000000 0.174050
vt 1.000000 1.000000
vt 0.276046 0.276046
vt 0.634689 0.217605
vt 1.000000 0.173896
vt 0.174050 0.174050
vt 0.582930 0.166048
vt 0.171727 0.500000
vt 0.171664 0.530581
vt 0.156250 0.530900
vt 0.156250 0.500000
vt 0.156250 0.469104
vt 0.171788 0.469398
vt 0.140825 0.530630
vt 0.140789 0.500000
vt 0.140757 0.469398
s 0
usemtl 
f 120/154/56 121/155/56 109/156/56 119/157/56
f 109/158/57 121/159/57 122/160/57 123/161/57
f 125/162/58 109/163/58 123/164/58 124/165/58
f 119/166/59 109/163/59 125/167/59 126/168/59
f 118/169/60 117/170/60 116/171/60 110/172/60
f 118/169/61 110/172/61 113/173/61 112/174/61
f 115/175/62 114/176/62 110/172/62 116/171/62
f 113/173/63 110/172/63 114/176/63 111/177/63
o Sphere_cell.006
v 0.000522 0.058909 -0.007055
v 0.000465 0.025684 -0.006329
v 0.000000 0.980785 -0.195090
v -0.008947 0.990161 -0.099015
v -0.029619 0.945289 -0.309188
v -0.018223 0.980785 -0.193295
v 0.000000 0.949499 -0.298226
v 0.053906 0.954223 -0.277347
v 0.037072 0.980785 -0.191439
v 0.018877 0.990101 -0.098648
v 0.000000 0.990268 -0.098809
v -0.029619 0.945289 -0.309188
v -0.018223 0.980785 -0.193295
v -0.008947 0.990161 -0.099015
v 0.000000 0.949499 -0.298226
v 0.053906 0.954223 -0.277347
v 0.037072 0.980785 -0.191439
v 0.018877 0.990101 -0.098648
v 0.000000 0.990268 -0.098809
vn -0.9882 0.0050 0.1528
vn -0.9952 -0.0003 0.0979
vn 0.3680 -0.2800 -0.8867
vn 0.9813 -0.0003 0.1924
vn 0.9734 0.0033 0.2289
vn -0.0129 0.0980 0.9951
vn 0.0097 0.9951 -0.0980
vn 0.0286 0.9565 -0.2902
vn -0.0097 0.9951 -0.0980
vn -0.0286 0.9565 -0.2902
vt 0.000000 0.000000
vt 1.000000 0.058006
vt 1.000000 1.000000
vt 1.000000 0.102615
vt 0.058006 0.058006
vt 0.465740 0.067510
vt 1.000000 0.093726
vt 0.102615 0.102615
vt 0.420188 0.098446
vt 1.000000 0.058766
vt 0.093726 0.093726
vt 0.534212 0.067822
vt 0.060720 0.000000
vt 1.000000 0.000000
vt 0.698436 0.060070
vt 1.000000 0.059936
vt 0.060720 0.060720
vt 0.726909 0.967753
vt 0.719561 0.937500
vt 0.750000 0.937500
vt 0.742289 0.968345
vt 0.750000 0.903139
vt 0.719561 0.937500
vt 0.719449 0.908326
vt 0.757711 0.968345
vt 0.764963 0.937500
vt 0.764964 0.968045
vt 0.765204 0.898514
s 0
usemtl 
f 127/178/64 140/179/64 128/180/64
f 138/181/65 128/180/65 140/182/65 139/183/65
f 142/184/66 128/180/66 138/185/66 141/186/66
f 144/187/67 128/180/67 142/188/67 143/189/67
f 144/190/68 127/191/68 128/180/68
f 145/192/69 140/193/69 127/180/69 144/194/69
f 136/195/70 135/196/70 129/197/70 137/198/70
f 133/199/71 129/197/71 135/200/71 134/201/71
f 137/202/72 129/197/72 132/203/72 130/204/72
f 131/205/73 132/203/73 129/197/73 133/199/73
o Sphere_cell.007
v -0.009009 -0.035678 0.003465
v -0.180240 -0.980785 0.074658
v -0.255995 -0.951654 0.135672
v -0.171688 -0.980785 0.090657
v -0.185431 -0.980785 0.057543
v -0.297459 -0.945099 0.091553
v -0.011109 -0.998816 0.004602
v -0.276268 -0.949255 0.114434
v -0.255995 -0.951654 0.135672
v -0.171688 -0.980785 0.090657
v -0.185431 -0.980785 0.057543
v -0.297459 -0.945099 0.091553
v -0.011109 -0.998816 0.004602
v -0.276268 -0.949255 0.114434
vn 0.4719 0.0001 0.8816
vn -0.2906 -0.0005 -0.9568
vn -0.6782 0.2809 0.6791
vn -0.2571 -0.9565 0.1374
vn -0.0869 -0.9951 0.0464
vn -0.0942 -0.9951 0.0286
vn -0.2790 -0.9565 0.0846
vt 1.000000 0.050637
vt 1.000000 1.000000
vt 0.096826 0.096826
vt 0.406143 0.068260
vt 1.000000 0.103353
vt 0.054858 0.050767
vt 0.615738 0.068321
vt 1.000000 0.096826
vt 0.103353 0.103353
vt 0.566105 0.099222
vt 0.077565 0.094496
vt 0.062500 0.097130
vt 0.062500 0.062500
vt 0.077323 0.062500
vt 0.077380 0.003419
vt 0.047886 0.062500
vt 0.047838 0.003852
vt 0.062500 0.097130
vt 0.047515 0.101695
vt 0.047886 0.062500
s 0
usemtl 
f 158/206/74 146/207/74 154/208/74 155/209/74
f 157/210/75 146/207/75 158/211/75 156/212/75
f 154/213/76 146/207/76 157/214/76 159/215/76
f 148/216/77 153/217/77 147/218/77 149/219/77
f 152/220/78 149/219/78 147/218/78
f 147/218/79 150/221/79 152/222/79
f 153/223/80 151/224/80 150/225/80 147/218/80
o Sphere_cell.008
v -0.004725 -0.002652 -0.005224
v -0.653281 -0.382683 -0.653281
v -0.530449 -0.284081 -0.792595
v -0.514037 -0.382683 -0.767556
v -0.510148 -0.395882 -0.761665
v -0.566701 -0.222881 -0.786743
v -0.668753 -0.165024 -0.717658
v -0.618507 -0.195090 -0.755080
v -0.689623 -0.195090 -0.696718
v -0.692468 -0.199993 -0.692468
v -0.732372 -0.286774 -0.602549
v -0.676494 -0.464823 -0.556123
v -0.710135 -0.382683 -0.584004
v -0.620904 -0.468348 -0.620904
v -0.555680 -0.464879 -0.676819
v -0.514037 -0.382683 -0.767556
v -0.510148 -0.395882 -0.761665
v -0.530449 -0.284081 -0.792595
v -0.566701 -0.222881 -0.786743
v -0.618507 -0.195090 -0.755080
v -0.668753 -0.165024 -0.717658
v -0.689623 -0.195090 -0.696718
v -0.692468 -0.199993 -0.692468
v -0.732372 -0.286774 -0.602549
v -0.676494 -0.464823 -0.556123
v -0.710135 -0.382683 -0.584004
v -0.620904 -0.468348 -0.620904
v -0.555680 -0.464879 -0.676819
vn 0.8320 -0.0024 -0.5547
vn 0.6607 0.4489 -0.6016
vn 0.2237 0.8842 -0.4100
vn -0.5987 0.6940 0.3998
vn -0.5999 0.6920 0.4016
vn -0.6350 0.0021 0.7725
vn 0.3330 -0.8819 0.3338
vn 0.7340 -0.6634 -0.1456
vn -0.7400 -0.2890 -0.6073
vn -0.6825 -0.4696 -0.5601
vn -0.6073 -0.2890 -0.7400
vn -0.5601 -0.4696 -0.6825
vn -0.6314 -0.0975 -0.7693
vt 0.729834 0.095792
vt 0.753323 0.753323
vt 0.000000 0.000000
vt 0.724265 0.000000
vt 0.252054 0.000000
vt 1.000000 0.000000
vt 1.000000 0.753323
vt 1.000000 1.000000
vt 0.252054 0.252054
vt 0.617472 0.282262
vt 1.000000 0.317979
vt 0.317979 0.317979
vt 0.902450 0.338013
vt 1.000000 0.342012
vt 0.342592 0.341967
vt 1.000000 0.303872
vt 1.000000 0.357515
vt 0.303872 0.303872
vt 0.661460 0.325242
vt 0.357515 0.357515
vt 0.675308 0.352532
vt 1.000000 0.357272
vt 0.357272 0.357272
vt 1.000000 0.275735
vt 0.875000 0.435867
vt 0.875000 0.375000
vt 0.890463 0.375000
vt 0.890430 0.406954
vt 0.890494 0.345306
vt 0.875000 0.344032
vt 0.843869 0.407851
vt 0.843919 0.375000
vt 0.874986 0.435894
vt 0.874181 0.437500
vt 0.859228 0.437500
vt 0.849391 0.428241
vt 0.875000 0.344032
vt 0.843931 0.370228
vt 0.859407 0.345286
vt 0.869377 0.447132
s 0
usemtl 
f 175/226/81 177/227/81 160/228/81 176/229/81
f 178/230/82 160/231/82 177/232/82
f 160/233/83 178/234/83 179/235/83 180/236/83
f 160/233/84 180/237/84 181/238/84 182/239/84
f 160/233/85 182/240/85 183/241/85
f 184/242/86 160/233/86 183/243/86 185/244/86
f 160/233/87 184/245/87 186/246/87 187/247/87
f 160/233/88 187/248/88 176/249/88
f 169/250/89 161/251/89 172/252/89 170/253/89
f 171/254/90 172/252/90 161/251/90 173/255/90
f 162/256/91 163/257/91 161/251/91 169/258/91 168/259/91 167/260/91 165/261/91
f 173/262/92 161/251/92 163/257/92 164/263/92 174/264/92
f 166/265/93 167/260/93 168/259/93
o Sphere_cell.009
v 0.009561 -0.004190 0.004270
v 0.853553 -0.382683 0.353553
v 0.772903 -0.464785 0.411794
v 0.811292 -0.468263 0.336048
v 0.837725 -0.464801 0.255253
v 0.811404 -0.382683 0.432410
v 0.836801 -0.287214 0.446034
v 0.879601 -0.289742 0.364343
v 0.907203 -0.287236 0.275955
v 0.879577 -0.382683 0.267764
v 0.811292 -0.468263 0.336048
v 0.837725 -0.464801 0.255253
v 0.772903 -0.464785 0.411794
v 0.811404 -0.382683 0.432410
v 0.836801 -0.287214 0.446034
v 0.879601 -0.289742 0.364343
v 0.907203 -0.287236 0.275955
v 0.879577 -0.382683 0.267764
vn -0.4358 -0.8818 -0.1804
vn -0.4712 -0.0005 0.8820
vn 0.2682 0.9570 0.1109
vn 0.2892 -0.0016 -0.9573
vn 0.9161 -0.2890 0.2779
vn 0.8448 -0.4696 0.2563
vn 0.8443 -0.2890 0.4513
vn 0.7786 -0.4696 0.4162
vt 0.000000 0.000000
vt 0.796025 0.000000
vt 0.770647 0.369858
vt 0.733778 0.733778
vt 0.205076 0.000000
vt 1.000000 0.000000
vt 1.000000 0.733778
vt 0.612584 0.383236
vt 1.000000 0.137657
vt 1.000000 1.000000
vt 0.205076 0.205076
vt 0.598182 0.164066
vt 0.137657 0.137657
vt 0.579632 0.163974
vt 1.000000 0.203976
vt 0.453004 0.406800
vt 0.437500 0.405965
vt 0.437500 0.375000
vt 0.452969 0.375000
vt 0.437500 0.344062
vt 0.452929 0.345314
vt 0.422059 0.406808
vt 0.422072 0.375000
vt 0.422072 0.375000
vt 0.422088 0.345320
s 0
usemtl 
f 188/266/94 199/267/94 198/268/94 200/269/94
f 202/270/95 188/271/95 200/272/95 201/273/95
f 204/274/96 188/275/96 202/276/96 203/277/96
f 188/275/97 204/278/97 205/279/97 199/280/97
f 196/281/98 195/282/98 189/283/98 197/284/98
f 197/284/99 189/283/99 191/285/99 192/286/99
f 194/287/100 193/288/100 189/283/100 195/282/100
f 191/285/101 189/283/101 193/289/101 190/290/101
o Sphere_cell.010
v -0.005857 0.010868 0.003335
v -0.513280 0.831470 0.212607
v -0.397388 0.873225 0.264507
v -0.503598 0.790697 0.335604
v -0.462312 0.831470 0.307960
v -0.556703 0.767008 0.297191
v -0.582485 0.769995 0.241273
v -0.603398 0.767092 0.184460
v -0.528783 0.831470 0.161500
v -0.450587 0.875404 0.137488
v -0.434276 0.877177 0.179883
v -0.397388 0.873225 0.264507
v -0.462312 0.831470 0.307960
v -0.503598 0.790697 0.335604
v -0.556703 0.767008 0.297191
v -0.582485 0.769995 0.241273
v -0.603398 0.767092 0.184460
v -0.528783 0.831470 0.161500
v -0.450587 0.875404 0.137488
v -0.434276 0.877177 0.179883
vn 0.5559 0.0007 0.8312
vn -0.3232 -0.5380 0.7785
vn -0.7140 -0.6349 0.2953
vn -0.2925 -0.0021 -0.9563
vn 0.8162 0.4716 -0.3337
vn -0.5611 0.7715 0.2999
vn -0.4173 0.8810 0.2230
vn -0.4528 0.8810 0.1374
vn -0.6088 0.7715 0.1847
vt 0.648286 0.210108
vt 1.000000 0.249452
vt 1.000000 1.000000
vt 0.169780 0.169780
vt 0.249452 0.249452
vt 1.000000 0.272550
vt 0.272551 0.272551
vt 0.637940 0.269521
vt 1.000000 0.272162
vt 0.272162 0.272162
vt 0.648185 0.210175
vt 1.000000 0.167867
vt 1.000000 0.169780
vt 0.167867 0.167867
vt 0.440670 0.166099
vt 0.093558 0.792009
vt 0.093523 0.812500
vt 0.062500 0.812500
vt 0.062500 0.781605
vt 0.078042 0.780104
vt 0.062500 0.843414
vt 0.093523 0.812500
vt 0.093465 0.840740
vt 0.047134 0.842214
vt 0.047176 0.812500
vt 0.062500 0.781605
vt 0.047217 0.780146
s 0
usemtl 
f 218/291/102 219/292/102 206/293/102 217/294/102
f 206/293/103 219/295/103 220/296/103
f 206/293/104 220/297/104 221/298/104 222/299/104
f 206/293/105 222/300/105 223/301/105 224/302/105
f 217/303/106 206/293/106 224/304/106 225/305/106
f 209/306/107 210/307/107 207/308/107 212/309/107 211/310/107
f 216/311/108 207/308/108 210/312/108 208/313/108
f 215/314/109 214/315/109 207/308/109 216/311/109
f 212/316/110 207/308/110 214/315/110 213/317/110
o Sphere_cell.011
v 0.009698 0.006594 -0.002150
v 0.815493 0.555570 -0.162212
v 0.870320 0.466925 -0.086625
v 0.765444 0.626878 -0.076193
v 0.823398 0.555570 -0.081947
v 0.736441 0.626745 -0.222559
v 0.755250 0.630415 -0.150228
v 0.837184 0.466885 -0.253219
v 0.792055 0.555570 -0.239477
v 0.860151 0.470385 -0.171095
v 0.765444 0.626878 -0.076193
v 0.823398 0.555570 -0.081947
v 0.870320 0.466925 -0.086625
v 0.736441 0.626745 -0.222559
v 0.755250 0.630415 -0.150228
v 0.837184 0.466885 -0.253219
v 0.792055 0.555570 -0.239477
v 0.860151 0.470385 -0.171095
vn 0.0980 -0.0006 0.9952
vn -0.6224 0.7730 0.1226
vn -0.2906 0.0004 -0.9569
vn 0.4626 -0.8818 -0.0918
vn 0.7412 0.6326 -0.2248
vn 0.8448 0.4696 -0.2563
vn 0.7708 0.6326 -0.0759
vn 0.8786 0.4696 -0.0865
vt 1.000000 0.273281
vt 1.000000 1.000000
vt 0.172486 0.172486
vt 0.600172 0.217578
vt 1.000000 0.301366
vt 0.273281 0.273281
vt 0.634514 0.283182
vt 1.000000 0.204313
vt 0.301366 0.301366
vt 0.631789 0.247803
vt 1.000000 0.172486
vt 0.204313 0.204313
vt 0.599605 0.182246
vt 0.531250 0.718369
vt 0.531250 0.687500
vt 0.546730 0.687500
vt 0.546710 0.716856
vt 0.546747 0.655440
vt 0.531250 0.656705
vt 0.515787 0.687500
vt 0.531250 0.718369
vt 0.515790 0.716910
vt 0.515787 0.687500
vt 0.515789 0.655454
s 0
usemtl 
f 236/318/111 226/319/111 238/320/111 237/321/111
f 239/322/112 226/319/112 236/323/112 240/324/112
f 241/325/113 226/319/113 239/326/113 242/327/113
f 238/328/114 226/319/114 241/329/114 243/330/114
f 232/331/115 227/332/115 234/333/115 231/334/115
f 233/335/116 234/333/116 227/332/116 235/336/116
f 230/337/117 227/332/117 232/338/117 229/339/117
f 227/332/118 230/340/118 228/341/118 235/336/118
o Sphere_cell.012
v -0.004108 -0.007333 -0.006131
v -0.392847 -0.707107 -0.587938
v -0.245706 -0.762840 -0.589954
v -0.400605 -0.765568 -0.489862
v -0.351213 -0.768607 -0.525628
v -0.282634 -0.671278 -0.680028
v -0.271487 -0.707107 -0.652806
v -0.362126 -0.628486 -0.677167
v -0.438093 -0.631243 -0.630959
v -0.427120 -0.631938 -0.639231
v -0.486674 -0.628378 -0.594117
v -0.445721 -0.707107 -0.544545
v -0.400605 -0.765568 -0.489862
v -0.351213 -0.768607 -0.525628
v -0.245706 -0.762840 -0.589954
v -0.271487 -0.707107 -0.652806
v -0.282634 -0.671278 -0.680028
v -0.362126 -0.628486 -0.677167
v -0.427120 -0.631938 -0.639231
v -0.438093 -0.631243 -0.630959
v -0.486674 -0.628378 -0.594117
v -0.445721 -0.707107 -0.544545
vn 0.4274 -0.6344 0.6441
vn 0.9247 -0.0015 -0.3807
vn 0.3037 0.6129 -0.7294
vn -0.3499 0.7731 -0.5290
vn -0.3536 0.7732 -0.5264
vn -0.7722 -0.0016 0.6354
vn -0.4913 -0.6326 -0.5987
vn -0.4036 -0.7715 -0.4918
vn -0.3651 -0.6326 -0.6831
vn -0.2999 -0.7715 -0.5611
vt 0.510414 0.269829
vt 1.000000 0.275746
vt 1.000000 1.000000
vt 0.272555 0.272555
vt 0.748352 0.323307
vt 1.000000 0.354612
vt 0.275746 0.275746
vt 1.000000 0.357391
vt 0.354612 0.354612
vt 0.357391 0.357391
vt 0.900582 0.393476
vt 1.000000 0.401353
vt 0.401353 0.401353
vt 1.000000 0.404188
vt 1.000000 0.272555
vt 0.404188 0.404188
vt 0.714241 0.328649
vt 0.859230 0.282471
vt 0.846603 0.281289
vt 0.843750 0.281003
vt 0.843750 0.250000
vt 0.859170 0.250000
vt 0.859101 0.220620
vt 0.859170 0.250000
vt 0.843750 0.219092
vt 0.812727 0.250000
vt 0.843750 0.281003
vt 0.828156 0.282427
vt 0.812688 0.264777
vt 0.812811 0.221991
vt 0.843750 0.219092
vt 0.812727 0.250000
s 0
usemtl 
f 257/342/119 258/343/119 244/344/119 256/345/119
f 259/346/120 260/347/120 244/344/120 258/348/120
f 261/349/121 244/344/121 260/350/121
f 244/344/122 261/351/122 262/352/122 263/353/122
f 244/344/123 263/354/123 264/355/123
f 256/356/124 244/344/124 264/357/124 265/358/124
f 254/359/125 252/360/125 253/361/125 245/362/125 255/363/125
f 247/364/126 255/365/126 245/362/126 248/366/126
f 250/367/127 245/362/127 253/368/127 251/369/127 249/370/127
f 246/371/128 248/372/128 245/362/128 250/373/128
o Sphere_cell.013
v -0.002258 -0.001309 0.006443
v -0.019629 -0.018723 0.188240
v -0.032473 -0.032895 0.328416
v -0.191342 -0.195090 0.961939
v -0.375330 -0.195090 0.906127
v -0.378953 -0.098963 0.914874
v -0.451384 -0.097791 0.876289
v -0.097227 -0.095651 0.981003
v -0.193208 -0.097983 0.971320
v -0.463889 -0.097625 0.869623
v -0.446294 -0.286290 0.836978
v -0.459330 -0.195090 0.861228
v -0.355252 -0.368050 0.857654
v -0.336360 -0.382683 0.858768
v -0.312500 -0.398849 0.857020
v -0.186254 -0.281062 0.936361
v -0.214302 -0.340797 0.909008
v -0.145408 -0.195090 0.966464
v -0.222024 -0.356650 0.901665
v -0.276665 -0.382683 0.876877
v -0.097227 -0.095651 0.981003
v -0.193208 -0.097983 0.971320
v -0.378953 -0.098963 0.914874
v -0.451384 -0.097791 0.876289
v -0.463889 -0.097625 0.869623
v -0.459330 -0.195090 0.861228
v -0.446294 -0.286290 0.836978
v -0.355252 -0.368050 0.857654
v -0.336360 -0.382683 0.858768
v -0.312500 -0.398849 0.857020
v -0.186254 -0.281062 0.936361
v -0.145408 -0.195090 0.966464
v -0.214302 -0.340797 0.909008
v -0.222024 -0.356650 0.901665
v -0.276665 -0.382683 0.876877
vn -0.0336 0.9951 0.0933
vn -0.0358 0.9951 0.0919
vn -0.8818 -0.0006 -0.4717
vn -0.5078 -0.6944 -0.5098
vn 0.8960 -0.4415 0.0464
vn 0.5400 0.8310 0.1335
vn 0.7974 0.5887 0.1326
vn 0.8911 -0.4522 0.0393
vn 0.4970 -0.8414 -0.2120
vn -0.0976 -0.0975 0.9904
vn -0.0938 -0.2890 0.9527
vn -0.2563 -0.4696 0.8448
vn -0.2889 -0.0975 0.9524
vn -0.2779 -0.2890 0.9161
vn -0.4691 -0.0975 0.8777
vn -0.4513 -0.2890 0.8443
vt 0.080482 0.000000
vt 1.000000 0.000000
vt 1.000000 0.798754
vt 0.788350 0.631713
vt 0.303990 0.212461
vt 0.798754 0.798754
vt 0.000000 0.000000
vt 1.000000 0.827435
vt 0.827435 0.827435
vt 0.796142 0.000000
vt 0.819388 0.412009
vt 0.815998 0.239910
vt 0.796142 0.796142
vt 0.815406 0.000000
vt 0.817073 0.131027
vt 0.394264 0.236895
vt 0.195067 0.000000
vt 1.000000 0.903895
vt 0.678104 0.562162
vt 0.903896 0.903896
vt 1.000000 1.000000
vt 0.804933 0.000000
vt 1.000000 0.141905
vt 1.000000 0.184594
vt 0.141905 0.141905
vt 0.653760 0.165603
vt 0.234278 0.469357
vt 0.218750 0.468610
vt 0.218750 0.437500
vt 0.226252 0.437500
vt 0.218750 0.408857
vt 0.190600 0.375000
vt 0.194401 0.369156
vt 0.201364 0.375000
vt 0.187500 0.437500
vt 0.187500 0.468296
vt 0.201364 0.375000
vt 0.211578 0.383673
vt 0.213156 0.388955
vt 0.218750 0.408857
vt 0.187500 0.379875
vt 0.172019 0.437500
vt 0.174289 0.468671
vt 0.172008 0.468724
vt 0.187500 0.379875
vt 0.172034 0.407115
s 0
usemtl 
f 286/374/129 267/375/129 289/376/129 288/377/129 287/378/129
f 289/379/130 267/380/130 266/375/130 290/381/130
f 290/382/131 266/380/131 292/383/131 291/384/131
f 293/385/132 292/386/132 266/380/132 295/387/132 294/388/132
f 296/389/133 298/390/133 268/375/133 286/391/133 297/392/133
f 286/393/134 268/380/134 267/375/134
f 268/380/135 266/375/135 267/394/135
f 268/380/136 298/395/136 299/396/136 266/394/136
f 295/397/137 266/394/137 299/398/137 300/399/137
f 273/400/138 274/401/138 269/402/138 283/403/138
f 269/402/139 281/404/139 283/403/139
f 279/405/140 280/406/140 285/407/140
f 270/408/141 269/402/141 274/401/141 271/409/141
f 285/410/142 284/411/142 282/412/142 281/413/142 269/402/142 270/408/142 278/414/142 279/405/142
f 277/415/143 270/408/143 271/409/143 272/416/143 275/417/143
f 278/418/144 270/408/144 277/415/144 276/419/144
o Sphere_cell.014
v -0.001771 -0.001075 -0.009977
v -0.191341 -0.195090 -0.961939
v -0.195061 -0.001507 -0.980639
v -0.097585 -0.097204 -0.980815
v -0.284775 -0.097354 -0.943607
v -0.274530 -0.285036 -0.908329
v -0.282208 -0.195090 -0.934375
v -0.093599 -0.285705 -0.944079
v -0.185849 -0.287900 -0.934327
v -0.096459 -0.195090 -0.971285
v -0.195061 -0.001507 -0.980639
v -0.097585 -0.097204 -0.980815
v -0.284775 -0.097354 -0.943607
v -0.282208 -0.195090 -0.934375
v -0.274530 -0.285036 -0.908329
v -0.185849 -0.287900 -0.934327
v -0.093599 -0.285705 -0.944079
v -0.096459 -0.195090 -0.971285
vn 0.6937 0.7068 -0.1385
vn -0.6959 0.7047 0.1383
vn -0.9571 0.0022 0.2899
vn 0.0530 -0.9567 0.2863
vn 0.9951 0.0019 -0.0984
vn -0.2889 -0.0975 -0.9524
vn -0.2779 -0.2890 -0.9161
vn -0.0976 -0.0975 -0.9904
vn -0.0938 -0.2890 -0.9527
vt 1.000000 0.066516
vt 1.000000 1.000000
vt 0.066208 0.066208
vt 0.066516 0.066516
vt 1.000000 0.102663
vt 0.102663 0.102663
vt 0.556918 0.111538
vt 1.000000 0.136572
vt 0.136572 0.136572
vt 0.563671 0.111312
vt 1.000000 0.101670
vt 1.000000 0.066208
vt 0.101670 0.101670
vt 0.537928 0.075440
vt 0.781250 0.499517
vt 0.781250 0.437500
vt 0.796683 0.437500
vt 0.796649 0.468811
vt 0.796714 0.407533
vt 0.781250 0.406579
vt 0.765754 0.437500
vt 0.781250 0.499517
vt 0.765782 0.468859
vt 0.765728 0.407310
s 0
usemtl 
f 311/420/145 301/421/145 312/422/145
f 301/421/146 311/423/146 313/424/146
f 301/421/147 313/425/147 314/426/147 315/427/147
f 301/421/148 315/428/148 316/429/148 317/430/148
f 312/431/149 301/421/149 317/432/149 318/433/149
f 303/434/150 302/435/150 307/436/150 305/437/150
f 306/438/151 307/436/151 302/435/151 309/439/151
f 310/440/152 302/435/152 303/441/152 304/442/152
f 308/443/153 309/439/153 302/435/153 310/440/153
o Sphere_cell.015
v 0.009700 -0.014439 0.001954
v 0.544895 -0.831470 0.108386
v 0.627914 -0.767048 0.062486
v 0.550139 -0.831470 0.055144
v 0.468769 -0.875369 0.047423
v 0.604295 -0.766910 0.182262
v 0.618445 -0.769926 0.123016
v 0.451485 -0.875132 0.136271
v 0.461157 -0.877105 0.091730
v 0.529326 -0.831470 0.159712
v 0.627914 -0.767048 0.062486
v 0.550139 -0.831470 0.055144
v 0.468769 -0.875369 0.047423
v 0.618445 -0.769926 0.123016
v 0.604295 -0.766910 0.182262
v 0.451485 -0.875132 0.136271
v 0.461157 -0.877105 0.091730
v 0.529326 -0.831470 0.159712
vn 0.0954 -0.0017 -0.9954
vn 0.7582 0.6348 0.1488
vn -0.8663 -0.4707 -0.1673
vn -0.2889 0.0011 0.9574
vn 0.6332 -0.7715 0.0624
vn 0.4709 -0.8810 0.0464
vn 0.6088 -0.7715 0.1847
vn 0.4528 -0.8810 0.1374
vt 1.000000 0.000000
vt 1.000000 0.726601
vt 0.562279 0.350994
vt 0.168975 0.000000
vt 0.726601 0.726601
vt 0.000000 0.000000
vt 0.726783 0.000000
vt 0.729538 0.363686
vt 0.168639 0.000000
vt 1.000000 0.831025
vt 0.586330 0.419312
vt 1.000000 0.273217
vt 1.000000 1.000000
vt 0.168639 0.168639
vt 0.560528 0.210835
vt 0.468750 0.218429
vt 0.468750 0.187500
vt 0.484101 0.187500
vt 0.484214 0.219876
vt 0.483955 0.157809
vt 0.468750 0.156635
vt 0.453360 0.187500
vt 0.453377 0.219945
vt 0.453346 0.157970
s 0
usemtl 
f 319/444/154 329/445/154 330/446/154 331/447/154
f 329/448/155 319/449/155 333/450/155 332/451/155
f 334/452/156 319/444/156 331/453/156 335/454/156
f 333/455/157 319/456/157 334/457/157 336/458/157
f 325/459/158 320/460/158 322/461/158 321/462/158
f 323/463/159 322/461/159 320/460/159 327/464/159
f 328/465/160 320/460/160 325/459/160 324/466/160
f 327/464/161 320/460/161 328/465/161 326/467/161
o Sphere_cell.016
v 0.000060 0.005630 -0.009896
v 0.000000 0.382683 -0.923879
v -0.088767 0.382683 -0.915136
v -0.079991 0.550891 -0.826092
v -0.091587 0.287698 -0.943672
v 0.080527 0.550812 -0.826082
v 0.000000 0.554743 -0.831912
v 0.089459 0.382683 -0.915068
v 0.092345 0.287876 -0.943544
v 0.000000 0.290294 -0.951905
v -0.088767 0.382683 -0.915136
v -0.091587 0.287698 -0.943672
v -0.079991 0.550891 -0.826092
v 0.080527 0.550812 -0.826082
v 0.000000 0.554743 -0.831912
v 0.089459 0.382683 -0.915068
v 0.092345 0.287876 -0.943544
v 0.000000 0.290294 -0.951905
vn -0.9952 0.0002 0.0977
vn 0.0004 0.8315 0.5555
vn 0.9951 0.0007 0.0986
vn 0.0011 -0.9572 -0.2893
vn 0.0938 0.2890 -0.9527
vn 0.0865 0.4696 -0.8786
vn -0.0938 0.2890 -0.9527
vn -0.0865 0.4696 -0.8786
vt 0.101840 0.000000
vt 1.000000 0.000000
vt 1.000000 0.784363
vt 0.401580 0.272049
vt 0.784903 0.000000
vt 0.790232 0.396296
vt 0.784363 0.784363
vt 0.000000 0.000000
vt 0.784903 0.784903
vt 0.898054 0.000000
vt 0.870606 0.271980
vt 0.898054 0.898054
vt 0.898160 0.000000
vt 0.906088 0.451153
vt 0.750000 0.625000
vt 0.734490 0.625000
vt 0.734473 0.593413
vt 0.750000 0.594219
vt 0.750000 0.687201
vt 0.734534 0.685780
vt 0.765390 0.625000
vt 0.765399 0.593354
vt 0.765391 0.625000
vt 0.765364 0.685808
s 0
usemtl 
f 348/468/162 337/469/162 349/470/162 347/471/162
f 350/472/163 351/473/163 349/474/163 337/475/163
f 350/476/164 337/475/164 353/477/164 352/478/164
f 353/479/165 337/475/165 348/480/165 354/481/165
f 338/482/166 344/483/166 345/484/166 346/485/166
f 344/483/167 338/482/167 343/486/167 342/487/167
f 339/488/168 338/482/168 346/485/168 341/489/168
f 338/482/169 339/490/169 340/491/169 343/486/169
o Sphere_cell.017
v -0.010093 0.006507 -0.001830
v -0.815493 0.555570 -0.162212
v -0.755093 0.630610 -0.150197
v -0.736322 0.626961 -0.222343
v -0.765283 0.627063 -0.076290
v -0.823378 0.555570 -0.082154
v -0.870584 0.466369 -0.086955
v -0.860422 0.469866 -0.171149
v -0.837505 0.466433 -0.252990
v -0.792123 0.555570 -0.239250
v -0.755093 0.630610 -0.150197
v -0.736322 0.626961 -0.222343
v -0.765283 0.627063 -0.076290
v -0.823378 0.555570 -0.082154
v -0.870584 0.466369 -0.086955
v -0.860422 0.469866 -0.171149
v -0.837505 0.466433 -0.252990
v -0.792123 0.555570 -0.239250
vn 0.6228 0.7727 0.1230
vn -0.0990 -0.0011 0.9951
vn -0.4622 -0.8820 -0.0924
vn 0.2903 -0.0003 -0.9569
vn -0.7708 0.6326 -0.0759
vn -0.8786 0.4696 -0.0865
vn -0.8448 0.4696 -0.2563
vn -0.7412 0.6326 -0.2248
vt 1.000000 1.000000
vt 0.301366 0.301366
vt 0.648535 0.283357
vt 1.000000 0.273602
vt 0.273602 0.273602
vt 0.616898 0.217841
vt 1.000000 0.172562
vt 0.172562 0.172562
vt 0.582711 0.182375
vt 1.000000 0.204453
vt 0.616472 0.247890
vt 1.000000 0.301366
vt 0.204453 0.204453
vt 0.984187 0.716987
vt 0.968750 0.718450
vt 0.968750 0.687500
vt 0.984173 0.687500
vt 0.968750 0.656517
vt 0.984157 0.655253
vt 0.953310 0.655276
vt 0.953315 0.687500
vt 0.953326 0.716945
vt 0.968750 0.718450
s 0
usemtl 
f 355/492/170 366/493/170 365/494/170 367/495/170
f 355/492/171 367/496/171 368/497/171 369/498/171
f 355/492/172 369/499/172 370/500/172 371/501/172
f 372/502/173 366/503/173 355/492/173 371/504/173
f 359/505/174 357/506/174 356/507/174 360/508/174
f 360/508/175 356/507/175 362/509/175 361/510/175
f 363/511/176 362/509/176 356/507/176 364/512/176
f 358/513/177 364/512/177 356/507/177 357/514/177
o Sphere_cell.018
v -0.006734 0.030472 -0.006728
v -0.006725 0.020349 -0.007403
v -0.270598 0.923880 -0.270598
v -0.361724 0.876705 -0.298010
v -0.293859 0.923880 -0.242255
v -0.216765 0.954291 -0.178925
v -0.185615 0.951166 -0.224538
v -0.201463 0.953538 -0.201463
v -0.347704 0.865594 -0.347704
v -0.330108 0.849859 -0.400044
v -0.242513 0.923880 -0.293646
v -0.293859 0.923880 -0.242255
v -0.216765 0.954291 -0.178925
v -0.361724 0.876705 -0.298010
v -0.201463 0.953538 -0.201463
v -0.347704 0.865594 -0.347704
v -0.330108 0.849859 -0.400044
v -0.242513 0.923880 -0.293646
v -0.185615 0.951166 -0.224538
vn -0.6347 -0.0003 0.7728
vn -0.6998 -0.0482 0.7127
vn 0.8427 0.0366 -0.5372
vn 0.8015 0.2805 0.5281
vn -0.8902 -0.4251 -0.1640
vn 0.7720 0.0001 -0.6356
vn -0.2254 0.9565 -0.1850
vn -0.3658 0.8810 -0.3002
vn -0.3002 0.8810 -0.3658
vn -0.1850 0.9565 -0.2254
vt 0.093645 0.093645
vt 0.552431 0.123618
vt 1.000000 0.170027
vt 1.000000 1.000000
vt 1.000000 0.000000
vt 0.168759 0.000000
vt 1.000000 0.096615
vt 0.000000 0.000000
vt 0.553728 0.094383
vt 1.000000 0.093645
vt 0.096614 0.096614
vt 0.194121 0.000000
vt 1.000000 0.831241
vt 0.614998 0.435998
vt 0.694570 0.122246
vt 1.000000 0.095758
vt 0.194121 0.194121
vt 0.875000 0.875000
vt 0.890274 0.875000
vt 0.890174 0.908401
vt 0.875000 0.907575
vt 0.890324 0.843095
vt 0.875000 0.835579
vt 0.859795 0.824938
vt 0.859866 0.875000
vt 0.859940 0.904969
vt 0.859866 0.875000
s 0
usemtl 
f 385/515/178 384/516/178 386/517/178 373/518/178
f 374/519/179 373/518/179 386/520/179
f 391/521/180 373/518/180 374/522/180
f 387/523/181 385/524/181 373/518/181 391/525/181
f 389/526/182 374/519/182 386/527/182 388/528/182
f 390/529/183 391/530/183 374/518/183 389/531/183
f 375/532/184 377/533/184 378/534/184 380/535/184
f 376/536/185 377/533/185 375/532/185 381/537/185
f 382/538/186 381/537/186 375/532/186 383/539/186
f 379/540/187 383/541/187 375/532/187 380/535/187
o Sphere_cell.019
v -0.004408 0.006800 -0.005475
v -0.006342 0.013977 -0.009302
v -0.392847 0.707107 -0.587938
v -0.309125 0.830780 -0.462638
v -0.263202 0.828001 -0.491005
v -0.351432 0.657711 -0.655819
v -0.332384 0.707107 -0.620256
v -0.451017 0.762884 -0.452701
v -0.520075 0.671003 -0.521670
v -0.499105 0.707107 -0.500734
v -0.325299 0.829669 -0.451106
v -0.363106 0.628278 -0.676836
v -0.477257 0.615712 -0.615228
v -0.450362 0.581444 -0.673505
v -0.309125 0.830780 -0.462638
v -0.263202 0.828001 -0.491005
v -0.351432 0.657711 -0.655819
v -0.332384 0.707107 -0.620256
v -0.451017 0.762884 -0.452701
v -0.499105 0.707107 -0.500734
v -0.520075 0.671003 -0.521670
v -0.325299 0.829669 -0.451106
v -0.477257 0.615712 -0.615228
v -0.450362 0.581444 -0.673505
v -0.363106 0.628278 -0.676836
vn 0.4601 0.5551 0.6929
vn 0.8819 -0.0007 -0.4714
vn -0.7071 0.0006 0.7071
vn -0.2217 0.3961 0.8910
vn -0.0611 0.4568 0.8875
vn 0.8712 -0.0267 -0.4902
vn 0.8789 -0.0079 -0.4770
vn -0.7886 -0.6148 -0.0024
vn -0.7901 -0.6129 0.0006
vn 0.3017 -0.6139 -0.7295
vn -0.4036 0.7715 -0.4918
vn -0.4913 0.6326 -0.5987
vn -0.2999 0.7715 -0.5611
vn -0.3653 0.6324 -0.6830
vt 0.422360 0.210574
vt 0.212746 0.000000
vt 1.000000 0.000000
vt 1.000000 0.785407
vt 0.621120 0.000000
vt 0.668775 0.199187
vt 0.785407 0.785407
vt 0.000000 0.000000
vt 0.581490 0.252946
vt 0.363047 0.000000
vt 1.000000 0.724721
vt 0.788652 0.000000
vt 0.724721 0.724721
vt 0.788652 0.788652
vt 1.000000 0.359226
vt 1.000000 1.000000
vt 1.000000 0.378880
vt 0.359226 0.359226
vt 1.000000 0.583725
vt 0.360457 0.000000
vt 0.583725 0.583725
vt 0.636953 0.000000
vt 0.362866 0.360417
vt 1.000000 0.357380
vt 0.849386 0.811629
vt 0.843750 0.812154
vt 0.843750 0.750000
vt 0.874739 0.750000
vt 0.874701 0.778031
vt 0.843807 0.698172
vt 0.855031 0.712305
vt 0.874760 0.735109
vt 0.874739 0.750000
vt 0.828294 0.750000
vt 0.843750 0.812154
vt 0.828315 0.810757
vt 0.843750 0.698256
vt 0.828294 0.750000
vt 0.828294 0.729627
vt 0.828367 0.717488
s 0
usemtl 
f 406/542/188 413/543/188 393/544/188 407/545/188
f 408/546/189 409/547/189 407/548/189 393/549/189
f 411/550/190 412/551/190 392/544/190 410/552/190
f 392/549/191 413/553/191 410/554/191
f 392/549/192 393/544/192 413/555/192
f 416/556/193 393/557/193 392/549/193
f 408/558/194 393/557/194 416/559/194
f 414/560/195 415/561/195 392/544/195
f 414/562/196 392/549/196 412/563/196
f 392/557/197 415/564/197 416/565/197
f 402/566/198 395/567/198 394/568/198 401/569/198 399/570/198
f 405/571/199 404/572/199 400/573/199 401/574/199 394/568/199
f 398/575/200 394/568/200 395/576/200 396/577/200
f 405/578/201 394/568/201 398/579/201 397/580/201 403/581/201
o Sphere_cell.020
v -0.007346 -0.011332 0.007614
v -0.500000 -0.707107 0.500000
v -0.401758 -0.765989 0.488255
v -0.450901 -0.805749 0.371273
v -0.428922 -0.789601 0.428921
v -0.592787 -0.629004 0.487489
v -0.543437 -0.707107 0.447072
v -0.487850 -0.628885 0.592616
v -0.543278 -0.632529 0.543278
v -0.447184 -0.707107 0.543345
v -0.450901 -0.805749 0.371273
v -0.428922 -0.789601 0.428921
v -0.401758 -0.765989 0.488255
v -0.592787 -0.629004 0.487489
v -0.543437 -0.707107 0.447072
v -0.487850 -0.628885 0.592616
v -0.543278 -0.632529 0.543278
v -0.447184 -0.707107 0.543345
vn 0.8271 -0.5373 -0.1649
vn -0.6338 -0.0002 -0.7735
vn -0.4491 0.7733 0.4475
vn 0.7721 0.0012 0.6354
vn -0.4913 -0.6326 0.5987
vn -0.4036 -0.7715 0.4918
vn -0.5987 -0.6326 0.4913
vn -0.4918 -0.7715 0.4036
vt 1.000000 0.235100
vt 1.000000 1.000000
vt 0.273429 0.273429
vt 0.650425 0.250670
vt 1.000000 0.405559
vt 0.235100 0.235100
vt 0.694995 0.330250
vt 1.000000 0.405525
vt 0.405559 0.405559
vt 0.701816 0.402091
vt 0.712840 0.330166
vt 1.000000 0.273429
vt 0.405525 0.405525
vt 0.125000 0.280759
vt 0.125000 0.250000
vt 0.140403 0.250000
vt 0.140385 0.282262
vt 0.125000 0.208541
vt 0.140420 0.220408
vt 0.109535 0.282213
vt 0.109564 0.250000
vt 0.125000 0.208541
vt 0.109636 0.200426
s 0
usemtl 
f 427/582/202 417/583/202 429/584/202 428/585/202
f 430/586/203 417/583/203 427/587/203 431/588/203
f 432/589/204 417/583/204 430/590/204 433/591/204
f 434/592/205 429/593/205 417/583/205 432/594/205
f 425/595/206 418/596/206 426/597/206 424/598/206
f 418/596/207 421/599/207 419/600/207 426/597/207
f 425/595/208 422/601/208 423/602/208 418/596/208
f 421/603/209 418/596/209 423/602/209 420/604/209
o Sphere_cell.021
v 0.007114 -0.000782 0.000769
v 0.999999 0.000000 0.000000
v 0.980785 0.000000 0.195091
v 0.944855 0.091971 0.282481
v 0.990488 0.096576 0.000000
v 0.981165 0.095683 -0.095551
v 0.971642 0.094650 0.193272
v 0.990514 0.000000 -0.096309
v 0.981145 -0.096216 -0.095218
v 0.980207 -0.195090 0.005865
v 0.969741 -0.220500 0.033872
v 0.981329 -0.189562 0.000000
v 0.971952 -0.195090 0.089685
v 0.968492 -0.162991 0.156907
v 0.966986 0.000000 0.240577
v 0.971705 -0.093997 0.193284
v 0.990488 0.096576 0.000000
v 0.971642 0.094650 0.193272
v 0.981165 0.095683 -0.095551
v 0.944855 0.091971 0.282481
v 0.990514 0.000000 -0.096309
v 0.981145 -0.096216 -0.095218
v 0.980207 -0.195090 0.005865
v 0.969741 -0.220500 0.033872
v 0.981329 -0.189562 0.000000
v 0.971952 -0.195090 0.089685
v 0.968492 -0.162991 0.156907
v 0.966986 0.000000 0.240577
v 0.971705 -0.093997 0.193284
vn -0.0985 0.9951 0.0003
vn -0.0982 -0.0017 -0.9952
vn -0.1376 -0.7074 -0.6933
vn -0.2162 -0.8853 0.4116
vn -0.2164 -0.4474 0.8677
vn 0.9904 0.0975 -0.0975
vn 0.9904 -0.0975 -0.0975
vn 0.9904 0.0975 0.0976
vn 0.9904 -0.0975 0.0976
vn 0.9527 -0.2890 0.0938
vn 0.9524 0.0975 0.2889
vn 0.9524 -0.0975 0.2889
vt 0.942984 0.711417
vt 0.934195 0.934195
vt 0.000000 0.000000
vt 0.898781 0.000000
vt 0.924608 0.233600
vt 1.000000 0.000000
vt 1.000000 0.934195
vt 0.529796 0.472859
vt 0.066019 0.000000
vt 1.000000 0.077270
vt 1.000000 1.000000
vt 0.066019 0.066019
vt 0.752800 0.066078
vt 0.795381 0.067168
vt 0.077270 0.077270
vt 0.492472 0.075179
vt 1.000000 0.078529
vt 1.000000 0.101219
vt 0.078529 0.078529
vt 0.324479 0.075459
vt 0.662784 0.079994
vt 0.500000 0.530940
vt 0.500000 0.500000
vt 0.515427 0.500000
vt 0.515451 0.530653
vt 0.500000 0.439271
vt 0.515398 0.469176
vt 0.515427 0.500000
vt 0.468750 0.530323
vt 0.468750 0.500000
vt 0.500000 0.500000
vt 0.485353 0.437500
vt 0.499042 0.437500
vt 0.468750 0.469887
vt 0.474448 0.447784
vt 0.485353 0.437500
vt 0.494402 0.429034
vt 0.453762 0.529464
vt 0.461173 0.500000
vt 0.468750 0.500000
vt 0.468750 0.530323
vt 0.468750 0.469887
s 0
usemtl 
f 451/605/210 453/606/210 435/607/210 454/608/210 452/609/210
f 435/610/211 453/611/211 455/612/211 456/613/211
f 458/614/212 435/615/212 456/616/212 459/617/212 457/618/212
f 435/615/213 458/619/213 460/620/213 461/621/213
f 454/622/214 435/615/214 461/623/214 463/624/214 462/625/214
f 439/626/215 436/627/215 442/628/215 440/629/215
f 436/627/216 446/630/216 443/631/216 442/632/216
f 441/633/217 437/634/217 436/635/217 439/626/217
f 447/636/218 444/637/218 446/630/218 436/627/218 437/634/218 450/638/218 448/639/218
f 447/640/219 445/641/219 444/637/219
f 438/642/220 449/643/220 437/644/220 441/645/220
f 450/646/221 437/634/221 449/643/221
o Sphere_cell.022
v 0.007783 0.003079 0.001557
v 0.028398 0.011281 0.000832
v 0.906127 0.382683 0.180240
v 0.942993 0.103227 0.284819
v 0.880072 0.382683 0.266133
v 0.838250 0.464772 0.253577
v 0.934342 0.195090 0.282319
v 0.861247 0.468293 0.171313
v 0.871448 0.464837 0.086494
v 0.917149 0.395065 0.001142
v 0.923776 0.382683 0.001050
v 0.927765 0.369564 0.000960
v 0.960442 0.200123 0.191044
v 0.960440 0.195090 0.196286
v 0.880072 0.382683 0.266133
v 0.838250 0.464772 0.253577
v 0.942993 0.103227 0.284819
v 0.934342 0.195090 0.282319
v 0.861247 0.468293 0.171313
v 0.871448 0.464837 0.086494
v 0.923776 0.382683 0.001050
v 0.927765 0.369564 0.000960
v 0.917149 0.395065 0.001142
v 0.960442 0.200123 0.191044
v 0.960440 0.195090 0.196286
vn 0.2685 -0.7303 -0.6282
vn -0.2898 -0.0012 0.9571
vn -0.4625 0.8819 -0.0915
vn -0.2900 0.6685 -0.6848
vn -0.2854 0.6615 -0.6935
vn -0.0023 0.0062 -1.0000
vn 0.2763 -0.6934 -0.6654
vn 0.8786 0.4696 0.0865
vn 0.9527 0.2890 0.0938
vn 0.9524 0.0975 0.2889
vn 0.8448 0.4696 0.2563
vn 0.9161 0.2890 0.2779
vt 0.000000 0.000000
vt 1.000000 0.102997
vt 1.000000 1.000000
vt 1.000000 0.202835
vt 0.102997 0.102997
vt 0.309572 0.111138
vt 0.774905 0.162867
vt 0.598385 0.181092
vt 1.000000 0.171627
vt 0.202835 0.202835
vt 0.174854 0.000000
vt 1.000000 0.000000
vt 1.000000 0.130311
vt 0.174854 0.174854
vt 1.000000 0.120019
vt 0.130311 0.130311
vt 0.569734 0.123875
vt 0.705407 0.088017
vt 1.000000 0.104934
vt 0.120019 0.120019
vt 0.688835 0.088016
vt 0.499796 0.629476
vt 0.484255 0.654699
vt 0.468750 0.655949
vt 0.468750 0.625000
vt 0.499818 0.625000
vt 0.468750 0.564177
vt 0.499837 0.620629
vt 0.453428 0.533277
vt 0.467910 0.562500
vt 0.453298 0.562500
vt 0.453247 0.654676
vt 0.453263 0.625000
s 0
usemtl 
f 465/647/222 480/648/222 464/649/222
f 479/650/223 464/649/223 480/651/223 481/652/223 478/653/223
f 482/654/224 483/655/224 464/649/224 479/656/224
f 483/657/225 465/658/225 464/649/225
f 486/659/226 465/649/226 483/660/226
f 485/661/227 465/649/227 486/662/227 484/663/227
f 488/664/228 480/665/228 465/649/228 485/666/228 487/667/228
f 473/668/229 472/669/229 471/670/229 466/671/229 474/672/229
f 474/672/230 466/671/230 476/673/230 475/674/230
f 467/675/231 477/676/231 470/677/231
f 469/678/232 468/679/232 466/671/232 471/670/232
f 476/673/233 466/671/233 468/679/233 470/677/233 477/676/233
o Sphere_cell.023
v 0.007120 -0.007319 0.007596
v 0.587938 -0.555570 0.587938
v 0.593682 -0.627403 0.488460
v 0.639037 -0.555570 0.525673
v 0.675754 -0.466275 0.555807
v 0.647511 -0.397950 0.647511
v 0.555776 -0.466683 0.675499
v 0.525616 -0.555570 0.639084
v 0.498970 -0.606786 0.606840
v 0.488671 -0.627163 0.593763
v 0.521582 -0.669740 0.521768
v 0.639037 -0.555570 0.525673
v 0.675754 -0.466275 0.555807
v 0.593682 -0.627403 0.488460
v 0.647511 -0.397950 0.647511
v 0.555776 -0.466683 0.675499
v 0.525616 -0.555570 0.639084
v 0.498970 -0.606786 0.606840
v 0.488671 -0.627163 0.593763
v 0.521582 -0.669740 0.521768
vn 0.6341 0.0002 -0.7732
vn 0.6898 0.6660 -0.2838
vn -0.2862 0.6634 0.6914
vn -0.7721 0.0017 0.6354
vn -0.7779 -0.0101 0.6284
vn -0.0034 -0.6148 -0.7887
vn -0.7902 -0.6128 0.0012
vn 0.6825 -0.4696 0.5601
vn 0.5986 -0.6326 0.4914
vn 0.5601 -0.4696 0.6825
vn 0.4913 -0.6326 0.5987
vt 1.000000 0.000000
vt 1.000000 0.641209
vt 0.687020 0.309829
vt 0.405567 0.000000
vt 0.641209 0.641209
vt 0.000000 0.000000
vt 0.614101 0.002122
vt 0.641028 0.000000
vt 0.613980 0.613980
vt 0.358972 0.000000
vt 1.000000 0.574922
vt 0.743723 0.349674
vt 0.574922 0.574922
vt 0.594384 0.000000
vt 1.000000 0.594433
vt 0.364746 0.000000
vt 1.000000 0.405616
vt 1.000000 1.000000
vt 0.364746 0.364746
vt 0.375000 0.369481
vt 0.375000 0.312500
vt 0.390443 0.312500
vt 0.390453 0.344781
vt 0.375000 0.265437
vt 0.390428 0.282873
vt 0.359543 0.312500
vt 0.374950 0.369570
vt 0.359572 0.344634
vt 0.375000 0.265437
vt 0.359523 0.291377
vt 0.359595 0.282972
s 0
usemtl 
f 489/680/234 501/681/234 500/682/234 502/683/234
f 501/684/235 489/685/235 503/686/235
f 489/685/236 504/687/236 503/688/236
f 504/689/237 489/680/237 506/690/237 505/691/237
f 506/692/238 489/685/238 507/693/238
f 489/680/239 502/694/239 508/695/239
f 507/696/240 489/697/240 508/698/240
f 494/699/241 490/700/241 492/701/241 493/702/241
f 492/701/242 490/700/242 499/703/242 491/704/242
f 496/705/243 490/700/243 494/706/243 495/707/243
f 499/708/244 490/700/244 496/705/244 497/709/244 498/710/244
o Sphere_cell.024
v 0.003618 -0.000480 -0.007991
v 0.006057 -0.002406 -0.013596
v 0.382683 0.000000 -0.923880
v 0.194580 0.094371 -0.971274
v 0.195890 0.000000 -0.980543
v 0.459298 -0.192443 -0.861540
v 0.468112 0.000000 -0.878217
v 0.463613 0.095894 -0.869964
v 0.379042 0.096618 -0.915088
v 0.379375 -0.193673 -0.904123
v 0.375543 -0.189449 -0.906641
v 0.468112 0.000000 -0.878217
v 0.463613 0.095894 -0.869964
v 0.194580 0.094371 -0.971274
v 0.379042 0.096618 -0.915088
v 0.379375 -0.193673 -0.904123
v 0.375543 -0.189449 -0.906641
v 0.459298 -0.192443 -0.861540
v 0.195890 0.000000 -0.980543
vn -0.9810 0.0054 -0.1939
vn -0.8123 -0.5606 -0.1609
vn 0.6727 -0.5589 0.4848
vn 0.8822 0.0006 0.4709
vn -0.0396 0.9951 0.0901
vn -0.6914 -0.7093 -0.1375
vn -0.0794 -0.9809 0.1774
vn 0.2889 0.0975 -0.9524
vn 0.2889 -0.0975 -0.9524
vn 0.4691 0.0975 -0.8777
vn 0.4691 -0.0975 -0.8777
vt 1.000000 0.066854
vt 1.000000 1.000000
vt 0.075157 0.075157
vt 1.000000 0.000000
vt 0.067231 0.000000
vt 0.000000 0.000000
vt 1.000000 0.181241
vt 0.724052 0.165001
vt 1.000000 0.172816
vt 0.181241 0.181241
vt 1.000000 0.075157
vt 0.172816 0.172816
vt 0.440373 0.129366
vt 0.159721 0.021155
vt 0.140996 0.000000
vt 1.000000 0.932769
vt 0.140996 0.140996
vt 1.000000 0.182191
vt 0.718629 0.500036
vt 0.718531 0.530233
vt 0.687500 0.530953
vt 0.687500 0.500000
vt 0.718617 0.500000
vt 0.687500 0.439307
vt 0.672073 0.530721
vt 0.672058 0.500000
vt 0.687500 0.530953
vt 0.672048 0.438348
vt 0.686766 0.437954
vt 0.672058 0.500000
s 0
usemtl 
f 513/711/245 509/712/245 522/713/245
f 510/714/246 509/712/246 513/715/246
f 509/712/247 510/716/247 526/717/247
f 520/718/248 521/719/248 509/712/248 526/720/248
f 522/721/249 509/712/249 521/722/249 523/723/249
f 525/724/250 524/725/250 510/714/250 513/726/250
f 524/727/251 526/728/251 510/712/251
f 527/729/252 512/730/252 517/731/252 511/732/252
f 527/733/253 511/732/253 519/734/253
f 516/735/254 515/736/254 511/732/254 517/737/254
f 514/738/255 518/739/255 519/734/255 511/732/255 515/740/255
o Sphere_cell.025
v -0.002266 0.005470 0.009956
v -0.003826 0.008218 0.017152
v -0.162212 0.555570 0.815493
v -0.222389 0.626387 0.736798
v -0.150272 0.630144 0.755468
v -0.076420 0.626709 0.765561
v -0.266269 0.380066 0.880856
v -0.239227 0.555570 0.792130
v -0.197710 0.382683 0.900828
v -0.178750 0.396975 0.898635
v -0.086766 0.465715 0.870952
v -0.082026 0.555570 0.823390
v -0.150272 0.630144 0.755468
v -0.076420 0.626709 0.765561
v -0.222389 0.626387 0.736798
v -0.239227 0.555570 0.792130
v -0.178750 0.396975 0.898635
v -0.086766 0.465715 0.870952
v -0.082026 0.555570 0.823390
v -0.266269 0.380066 0.880856
v -0.197710 0.382683 0.900828
vn 0.1211 0.7726 -0.6233
vn -0.9569 0.0007 -0.2904
vn -0.0740 -0.9239 0.3753
vn 0.6139 -0.6701 0.4173
vn 0.9952 -0.0001 0.0976
vn 0.7322 -0.5682 0.3756
vn -0.4762 -0.8510 0.2217
vn -0.0759 0.6326 0.7708
vn -0.0865 0.4696 0.8786
vn -0.2248 0.6326 0.7412
vn -0.2594 0.4686 0.8444
vt 0.273464 0.000000
vt 1.000000 0.000000
vt 1.000000 0.698650
vt 0.634707 0.351422
vt 0.751893 0.484225
vt 0.698650 0.698650
vt 0.000000 0.000000
vt 0.836570 0.006669
vt 0.977116 0.832583
vt 0.163797 0.000000
vt 0.853386 0.720685
vt 0.855995 0.855995
vt 0.826813 0.000000
vt 1.000000 0.726536
vt 0.602864 0.385072
vt 0.172053 0.000000
vt 1.000000 1.000000
vt 0.173187 0.000000
vt 1.000000 0.162702
vt 0.234198 0.687500
vt 0.234166 0.716841
vt 0.218750 0.718257
vt 0.218750 0.687500
vt 0.218750 0.630167
vt 0.234224 0.655073
vt 0.203345 0.716708
vt 0.203320 0.687500
vt 0.203320 0.687500
vt 0.203280 0.625000
vt 0.215946 0.625025
s 0
usemtl 
f 541/741/256 528/742/256 542/743/256 540/744/256
f 543/745/257 542/746/257 528/747/257 547/748/257
f 548/749/258 547/750/258 529/742/258
f 544/751/259 548/752/259 529/747/259 545/753/259
f 528/742/260 541/754/260 546/755/260 545/756/260
f 529/742/261 528/757/261 545/758/261
f 529/747/262 547/759/262 528/757/262
f 539/760/263 533/761/263 532/762/263 530/763/263
f 530/763/264 537/764/264 538/765/264 539/760/264
f 530/763/265 532/762/265 531/766/265 535/767/265
f 537/764/266 530/763/266 535/768/266 534/769/266 536/770/266
o Sphere_cell.026
v -0.004368 0.012955 -0.009462
v -0.270598 0.707107 -0.653281
v -0.349978 0.658002 -0.656327
v -0.360850 0.629454 -0.676953
v -0.261982 0.828114 -0.491502
v -0.331092 0.707107 -0.620947
v -0.293910 0.632877 -0.709563
v -0.223943 0.629150 -0.733968
v -0.170543 0.806184 -0.558081
v -0.205468 0.707107 -0.673038
v -0.194221 0.829751 -0.521035
v -0.212905 0.830830 -0.513999
v -0.349978 0.658002 -0.656327
v -0.360850 0.629454 -0.676953
v -0.331092 0.707107 -0.620947
v -0.261982 0.828114 -0.491502
v -0.293910 0.632877 -0.709563
v -0.223943 0.629150 -0.733968
v -0.170543 0.806184 -0.558081
v -0.205468 0.707107 -0.673038
v -0.194221 0.829751 -0.521035
v -0.212905 0.830830 -0.513999
vn -0.8831 -0.0026 0.4692
vn -0.8821 -0.0002 0.4711
vn -0.2449 -0.7739 -0.5840
vn 0.8677 0.3926 0.3048
vn 0.3210 0.5552 0.7673
vn -0.2999 0.7715 -0.5611
vn -0.3651 0.6326 -0.6831
vn -0.1847 0.7715 -0.6088
vn -0.2248 0.6326 -0.7412
vn 0.9569 -0.0003 -0.2903
vt 0.358276 0.000000
vt 1.000000 0.000000
vt 1.000000 0.621789
vt 0.621789 0.621789
vt 0.000000 0.000000
vt 0.785992 0.000000
vt 0.669180 0.470880
vt 1.000000 0.641724
vt 0.649051 0.321987
vt 0.303738 0.000000
vt 1.000000 0.212434
vt 1.000000 1.000000
vt 0.235205 0.235205
vt 0.212434 0.212434
vt 0.424016 0.211392
vt 1.000000 0.214008
vt 0.812500 0.812179
vt 0.812500 0.750000
vt 0.827964 0.750000
vt 0.827941 0.810814
vt 0.827967 0.729747
vt 0.827964 0.750000
vt 0.812500 0.719385
vt 0.827945 0.717973
vt 0.797156 0.750000
vt 0.806794 0.811636
vt 0.797205 0.799793
vt 0.797132 0.717848
vt 1.000000 0.235205
vt 0.303738 0.303738
vt 0.433226 0.330509
s 0
usemtl 
f 562/771/267 549/772/267 561/773/267
f 561/774/268 549/775/268 564/776/268 563/777/268
f 549/772/269 562/778/269 565/779/269 566/780/269
f 569/781/270 549/782/270 557/783/270
f 569/784/271 570/785/271 564/786/271 549/782/271
f 560/787/272 550/788/272 554/789/272 553/790/272
f 551/791/273 554/792/273 550/788/273 555/793/273 552/794/273
f 568/795/274 550/788/274 560/787/274 559/796/274 567/797/274
f 555/793/275 550/788/275 568/795/275 556/798/275
f 557/799/276 549/782/276 566/800/276 558/801/276
o Sphere_cell.027
v 0.008689 -0.002414 0.006098
v 0.815493 -0.195090 0.544895
v 0.734275 -0.285237 0.600962
v 0.792046 -0.288050 0.529228
v 0.836075 -0.285845 0.448270
v 0.755313 -0.195090 0.618224
v 0.762688 -0.097692 0.624286
v 0.823392 -0.098628 0.550173
v 0.868908 -0.097733 0.465205
v 0.860364 -0.195090 0.460947
v 0.792046 -0.288050 0.529228
v 0.836075 -0.285845 0.448270
v 0.734275 -0.285237 0.600962
v 0.755313 -0.195090 0.618224
v 0.762688 -0.097692 0.624286
v 0.823392 -0.098628 0.550173
v 0.868908 -0.097733 0.465205
v 0.860364 -0.195090 0.460947
vn -0.2432 -0.9570 -0.1583
vn -0.6340 -0.0001 0.7733
vn 0.0814 0.9952 0.0541
vn 0.4706 -0.0027 -0.8823
vn 0.8777 -0.0975 0.4691
vn 0.8443 -0.2890 0.4513
vn 0.7693 -0.0975 0.6314
vn 0.7400 -0.2890 0.6073
vt 1.000000 1.000000
vt 0.205266 0.205266
vt 0.599198 0.247801
vt 1.000000 0.303532
vt 1.000000 0.276184
vt 0.303532 0.303532
vt 0.641699 0.283301
vt 1.000000 0.173942
vt 0.276184 0.276184
vt 0.633481 0.217772
vt 0.173942 0.173942
vt 0.589477 0.182042
vt 1.000000 0.205266
vt 0.421767 0.468690
vt 0.406250 0.468403
vt 0.406250 0.437500
vt 0.421721 0.437500
vt 0.406250 0.406529
vt 0.421672 0.407264
vt 0.390829 0.468703
vt 0.390832 0.437500
vt 0.406250 0.406529
vt 0.390837 0.407466
s 0
usemtl 
f 571/802/277 582/803/277 581/804/277 583/805/277
f 585/806/278 571/802/278 583/807/278 584/808/278
f 587/809/279 571/802/279 585/810/279 586/811/279
f 571/802/280 587/812/280 588/813/280 582/814/280
f 579/815/281 578/816/281 572/817/281 580/818/281
f 580/818/282 572/817/282 574/819/282 575/820/282
f 577/821/283 576/822/283 572/817/283 578/816/283
f 574/823/284 572/817/284 576/822/284 573/824/284
o Sphere_cell.028
v -0.002614 0.033590 0.008965
v -0.001605 0.015583 0.003122
v -0.074658 0.980785 0.180240
v -0.108386 0.980785 0.162212
v -0.137950 0.980785 0.137950
v -0.084279 0.951773 0.276783
v -0.056351 0.954019 0.277557
v -0.039159 0.980785 0.191008
v -0.020759 0.990083 0.098412
v -0.084977 0.988997 0.071700
v -0.075597 0.989470 0.075597
v -0.055942 0.990083 0.083723
v -0.037774 0.990278 0.091195
v -0.110197 0.952614 0.266038
v -0.136355 0.951917 0.254652
v -0.215173 0.954990 0.177250
v -0.196347 0.955733 0.196347
v -0.157014 0.954234 0.234988
v -0.149430 0.980785 0.123961
v -0.084279 0.951773 0.276783
v -0.056351 0.954019 0.277557
v -0.039159 0.980785 0.191008
v -0.020759 0.990083 0.098412
v -0.084977 0.988997 0.071700
v -0.075597 0.989470 0.075597
v -0.055942 0.990083 0.083723
v -0.037774 0.990278 0.091195
v -0.110197 0.952614 0.266038
v -0.196347 0.955733 0.196347
v -0.157014 0.954234 0.234988
v -0.215173 0.954990 0.177250
v -0.136355 0.951917 0.254652
v -0.149430 0.980785 0.123961
vn -0.0040 -0.2803 0.9599
vn 0.9808 0.0004 0.1949
vn 0.9874 0.0039 0.1583
vn 0.3808 0.0972 -0.9195
vn -0.3750 -0.2902 0.8804
vn -0.5130 -0.2908 0.8076
vn -0.6782 -0.2801 0.6794
vn -0.6299 0.0008 -0.7767
vn -0.0286 0.9951 0.0942
vn -0.0846 0.9565 0.2790
vn -0.0464 0.9951 0.0869
vn -0.1374 0.9565 0.2571
vn -0.0625 0.9951 0.0761
vn -0.1850 0.9565 0.2254
vn -0.0761 0.9951 0.0625
vn -0.2254 0.9565 0.1850
vt 0.096685 0.000000
vt 1.000000 0.000000
vt 1.000000 0.905510
vt 0.931677 0.463704
vt 0.905510 0.905510
vt 0.000000 0.000000
vt 0.940658 0.000000
vt 0.940658 0.940658
vt 0.941348 0.000000
vt 0.941702 0.137859
vt 0.942078 0.426252
vt 0.942067 0.692360
vt 0.941714 0.941714
vt 0.096593 0.000000
vt 1.000000 0.903315
vt 0.550252 0.454372
vt 1.000000 1.000000
vt 0.094908 0.000000
vt 0.311112 0.220073
vt 0.091700 0.000000
vt 1.000000 0.905092
vt 0.764449 0.671844
vt 1.000000 0.058651
vt 0.091700 0.091700
vt 0.555389 0.066672
vt 0.210209 0.967822
vt 0.195219 0.968377
vt 0.187500 0.937500
vt 0.217812 0.937500
vt 0.187500 0.906560
vt 0.202958 0.905636
vt 0.218119 0.908102
vt 0.156250 0.937500
vt 0.179781 0.968377
vt 0.163810 0.967742
vt 0.171858 0.905789
vt 0.156250 0.908339
vt 0.125000 0.937500
vt 0.148690 0.967742
vt 0.132062 0.965750
vt 0.125000 0.909985
vt 0.110213 0.937500
vt 0.117938 0.965750
vt 0.110614 0.964212
vt 0.109667 0.909169
s 0
usemtl 
f 608/825/285 589/826/285 609/827/285
f 610/828/286 609/829/286 589/830/286 611/831/286
f 589/830/287 590/826/287 611/832/287
f 590/830/288 612/833/288 613/834/288 614/835/288 615/836/288 611/837/288
f 620/838/289 589/826/289 608/839/289 616/840/289
f 590/826/290 589/841/290 620/842/290
f 617/843/291 619/844/291 590/826/291 620/845/291 618/846/291
f 612/847/292 590/841/292 619/848/292 621/849/292
f 597/850/293 601/851/293 591/852/293 596/853/293
f 591/852/294 602/854/294 594/855/294 595/856/294 596/853/294
f 592/857/295 591/852/295 601/858/295 600/859/295
f 603/860/296 602/854/296 591/852/296 592/857/296 606/861/296
f 593/862/297 592/857/297 600/863/297 599/864/297
f 606/861/298 592/857/298 593/862/298 605/865/298
f 607/866/299 593/862/299 599/867/299 598/868/299
f 605/865/300 593/862/300 607/866/300 604/869/300
o Sphere_cell.029
v -0.008865 0.000018 0.004291
v -0.923879 0.000000 0.382683
v -0.952051 0.000000 0.289811
v -0.943113 -0.095897 0.286895
v -0.943041 0.095429 0.287293
v -0.869539 0.095950 0.464395
v -0.915088 0.096610 0.379042
v -0.832196 0.000000 0.554209
v -0.869356 -0.095944 0.464739
v -0.915066 -0.096848 0.379033
v -0.952051 0.000000 0.289811
v -0.943113 -0.095897 0.286895
v -0.943041 0.095429 0.287293
v -0.869539 0.095950 0.464395
v -0.915088 0.096610 0.379042
v -0.832196 0.000000 0.554209
v -0.869356 -0.095944 0.464739
v -0.915066 -0.096848 0.379033
vn -0.2897 0.0021 -0.9571
vn 0.0895 0.9952 -0.0401
vn 0.3938 0.7052 0.5896
vn 0.3946 -0.7038 0.5908
vn 0.0907 -0.9952 -0.0379
vn -0.8777 0.0975 0.4691
vn -0.8777 -0.0975 0.4691
vn -0.9524 0.0975 0.2889
vn -0.9524 -0.0975 0.2889
vt 1.000000 1.000000
vt 0.102367 0.102367
vt 0.547981 0.093935
vt 1.000000 0.102743
vt 1.000000 0.173138
vt 0.102743 0.102743
vt 0.545128 0.129490
vt 0.173138 0.173138
vt 1.000000 0.209001
vt 0.209687 0.208956
vt 1.000000 0.173264
vt 0.584386 0.129330
vt 1.000000 0.102367
vt 0.173265 0.173265
vt 0.093518 0.500027
vt 0.078071 0.530739
vt 0.062500 0.530950
vt 0.062500 0.500000
vt 0.078133 0.469263
vt 0.093504 0.500000
vt 0.062500 0.468973
vt 0.047064 0.530572
vt 0.047029 0.500000
vt 0.047029 0.500000
vt 0.046999 0.469278
s 0
usemtl 
f 622/870/301 633/871/301 632/872/301 634/873/301
f 635/874/302 622/870/302 634/875/302 636/876/302
f 635/877/303 637/878/303 622/870/303
f 637/879/304 638/880/304 622/870/304
f 639/881/305 633/882/305 622/870/305 638/883/305
f 629/884/306 627/885/306 628/886/306 623/887/306
f 630/888/307 629/889/307 623/887/307 631/890/307
f 626/891/308 624/892/308 623/887/308 628/886/308
f 623/887/309 624/893/309 625/894/309 631/890/309
o Sphere_cell.030
v -0.000541 -0.002753 0.007025
v -0.000000 -0.195090 0.980785
v 0.000000 -0.382683 0.923879
v -0.180240 -0.382683 0.906127
v 0.094938 -0.195090 0.971434
v 0.095847 -0.098025 0.980905
v 0.089416 -0.382683 0.915073
v 0.085138 -0.464812 0.871595
v -0.000000 -0.468334 0.878098
v -0.085254 -0.464880 0.871547
v -0.220297 -0.357197 0.902016
v -0.193256 -0.382683 0.902179
v -0.178995 -0.394623 0.899868
v -0.142523 -0.195090 0.966748
v -0.094498 -0.097454 0.981094
v -0.186004 -0.285282 0.935106
v -0.000000 -0.098643 0.990284
v 0.089416 -0.382683 0.915073
v 0.085138 -0.464812 0.871595
v 0.094938 -0.195090 0.971434
v 0.095847 -0.098025 0.980905
v -0.000000 -0.468334 0.878098
v -0.085254 -0.464880 0.871547
v -0.193256 -0.382683 0.902179
v -0.178995 -0.394623 0.899868
v -0.220297 -0.357197 0.902016
v -0.142523 -0.195090 0.966748
v -0.094498 -0.097454 0.981094
v -0.186004 -0.285282 0.935106
v -0.000000 -0.098643 0.990284
vn 0.9951 0.0003 -0.0985
vn 0.0005 -0.8819 -0.4714
vn -0.6226 -0.6632 -0.4155
vn -0.8940 0.4460 -0.0429
vn 0.0031 0.9953 0.0971
vn 0.0938 -0.2890 0.9527
vn 0.0865 -0.4696 0.8786
vn 0.0975 -0.0975 0.9904
vn -0.0976 -0.0975 0.9904
vn -0.0938 -0.2890 0.9527
vn -0.0865 -0.4696 0.8786
vn -0.2563 -0.4696 0.8448
vn -0.2779 -0.2890 0.9161
vt 1.000000 0.171392
vt 1.000000 1.000000
vt 0.065925 0.065925
vt 0.290272 0.075171
vt 0.768540 0.129548
vt 0.171392 0.171392
vt 0.582303 0.165093
vt 1.000000 0.171306
vt 0.824071 0.141542
vt 1.000000 0.141595
vt 0.171306 0.171306
vt 0.735111 0.143811
vt 1.000000 0.066041
vt 0.141595 0.141595
vt 0.382754 0.109943
vt 0.682128 0.079698
vt 0.525203 0.057081
vt 1.000000 0.065925
vt 0.066041 0.066041
vt 0.250000 0.437500
vt 0.250000 0.375000
vt 0.265503 0.375000
vt 0.265505 0.437500
vt 0.265498 0.345310
vt 0.250000 0.344036
vt 0.250000 0.468398
vt 0.265503 0.468596
vt 0.234716 0.468779
vt 0.226723 0.437500
vt 0.218750 0.375000
vt 0.226723 0.437500
vt 0.218750 0.407451
vt 0.250000 0.344036
vt 0.218750 0.370684
vt 0.234481 0.345285
vt 0.216403 0.375000
vt 0.211880 0.383491
s 0
usemtl 
f 658/895/310 640/896/310 660/897/310 659/898/310 657/899/310
f 640/896/311 658/900/311 661/901/311 662/902/311
f 663/903/312 665/904/312 640/896/312 662/905/312 664/906/312
f 667/907/313 640/896/313 665/908/313 668/909/313 666/910/313
f 669/911/314 660/912/314 640/896/314 667/913/314
f 641/914/315 642/915/315 646/916/315 644/917/315
f 647/918/316 646/916/316 642/915/316 648/919/316
f 656/920/317 641/914/317 644/917/317 645/921/317
f 654/922/318 653/923/318 641/914/318 656/920/318
f 643/924/319 642/915/319 641/914/319 653/925/319 655/926/319
f 648/927/320 642/915/320 643/924/320 652/928/320 649/929/320
f 652/928/321 643/924/321 651/930/321
f 651/930/322 643/924/322 655/926/322 650/931/322
o Sphere_cell.031
v 0.004097 0.058810 -0.005142
v 0.003864 0.025532 -0.005260
v 0.005697 0.033739 -0.006772
v 0.108386 0.980785 -0.162212
v 0.047531 0.990213 -0.086727
v 0.199717 0.954000 -0.200936
v 0.137321 0.980785 -0.138466
v 0.070332 0.990122 -0.071401
v 0.054656 0.990311 -0.081798
v 0.136934 0.951962 -0.254173
v 0.092398 0.980785 -0.170757
v 0.183393 0.951792 -0.223705
v 0.159937 0.952638 -0.239363
v 0.137321 0.980785 -0.138466
v 0.070332 0.990122 -0.071401
v 0.054656 0.990311 -0.081798
v 0.136934 0.951962 -0.254173
v 0.092398 0.980785 -0.170757
v 0.047531 0.990213 -0.086727
v 0.183393 0.951792 -0.223705
v 0.159937 0.952638 -0.239363
v 0.199717 0.954000 -0.200936
vn -0.9169 0.0078 -0.3989
vn 0.6556 -0.0072 0.7551
vn 0.7088 -0.0006 0.7054
vn 0.7075 -0.0000 0.7067
vn -0.5549 0.0981 0.8261
vn -0.8821 0.0002 -0.4710
vn 0.5240 -0.2904 -0.8007
vn 0.7926 -0.2812 -0.5410
vn 0.8722 -0.2699 -0.4079
vn 0.1374 0.9565 -0.2571
vn 0.0464 0.9951 -0.0869
vn 0.0625 0.9951 -0.0761
vn 0.1850 0.9565 -0.2254
vt 1.000000 1.000000
vt 0.057927 0.000000
vt 1.000000 0.000000
vt 0.000000 0.000000
vt 1.000000 0.096504
vt 1.000000 0.060553
vt 0.096504 0.096504
vt 0.534563 0.069857
vt 1.000000 0.059854
vt 0.060553 0.060553
vt 0.704542 0.059959
vt 0.095950 0.000000
vt 1.000000 0.942073
vt 0.550685 0.483219
vt 1.000000 0.095874
vt 0.095950 0.095950
vt 0.540705 0.095171
vt 1.000000 0.093628
vt 0.095874 0.095874
vt 0.094381 0.000000
vt 0.671353 0.905843
vt 0.671063 0.937500
vt 0.656250 0.937500
vt 0.656250 0.906586
vt 0.663996 0.968483
vt 0.671063 0.937500
vt 0.671016 0.968226
vt 0.625665 0.937500
vt 0.648504 0.968483
vt 0.633213 0.967869
vt 0.656250 0.906586
vt 0.625498 0.908079
vt 0.640708 0.905656
s 0
usemtl 
f 670/932/323 688/933/323 671/934/323
f 671/935/324 672/934/324 670/932/324
f 691/936/325 670/932/325 672/935/325
f 684/937/326 670/932/326 691/938/326 683/939/326
f 688/940/327 670/932/327 684/941/327 685/942/327
f 686/943/328 671/934/328 688/944/328 687/945/328
f 689/946/329 671/932/329 686/947/329 690/948/329
f 691/949/330 671/932/330 689/950/330
f 691/951/331 672/934/331 671/932/331
f 679/952/332 680/953/332 673/954/332 682/955/332
f 678/956/333 673/954/333 680/957/333 674/958/333
f 676/959/334 673/954/334 678/960/334 677/961/334
f 682/962/335 673/954/335 676/959/335 675/963/335 681/964/335
o Sphere_cell.032
v 0.003903 0.006382 0.005823
v 0.020473 0.027456 0.046390
v 0.392847 0.707107 0.587938
v 0.359003 0.464039 0.801570
v 0.337948 0.463138 0.813368
v 0.484370 0.624833 0.599754
v 0.450279 0.581144 0.673891
v 0.430337 0.555570 0.708234
v 0.319131 0.555570 0.767674
v 0.258293 0.735966 0.620178
v 0.271711 0.707107 0.652687
v 0.486829 0.628106 0.594278
v 0.256673 0.739565 0.616095
v 0.400314 0.765928 0.489536
v 0.445720 0.707107 0.544546
v 0.298388 0.765489 0.558152
v 0.351165 0.768679 0.525556
v 0.359003 0.464039 0.801570
v 0.337948 0.463138 0.813368
v 0.450279 0.581144 0.673891
v 0.430337 0.555570 0.708234
v 0.484370 0.624833 0.599754
v 0.319131 0.555570 0.767674
v 0.271711 0.707107 0.652687
v 0.258293 0.735966 0.620178
v 0.486829 0.628106 0.594278
v 0.256673 0.739565 0.616095
v 0.400314 0.765928 0.489536
v 0.445720 0.707107 0.544546
v 0.298388 0.765489 0.558152
v 0.351165 0.768679 0.525556
vn 0.2585 -0.8820 0.3940
vn 0.7893 -0.6140 0.0011
vn -0.9241 0.0008 0.3821
vn 0.7933 -0.6088 -0.0077
vn -0.9271 0.0078 0.3747
vn 0.7721 0.0017 -0.6355
vn -0.7802 0.5366 -0.3216
vn -0.4337 0.6341 -0.6402
vn 0.4913 0.6326 0.5987
vn 0.4036 0.7715 0.4918
vn 0.2999 0.7715 0.5611
vn 0.3651 0.6326 0.6831
vn 0.4162 0.4696 0.7786
vt 1.000000 0.000000
vt 1.000000 0.752545
vt 0.235639 0.000000
vt 0.676734 0.370389
vt 0.752545 0.752545
vt 0.000000 0.000000
vt 0.584235 0.000000
vt 0.647882 0.245884
vt 1.000000 0.764361
vt 0.785668 0.541867
vt 0.393071 0.103136
vt 0.307391 0.000000
vt 1.000000 1.000000
vt 0.595768 0.000000
vt 1.000000 0.415764
vt 0.297740 0.000000
vt 0.307392 0.307392
vt 0.727455 0.000000
vt 0.671269 0.286165
vt 0.595768 0.595768
vt 0.272531 0.000000
vt 1.000000 0.702260
vt 1.000000 0.272545
vt 0.272531 0.272531
vt 0.638157 0.269695
vt 0.359170 0.750000
vt 0.343750 0.750000
vt 0.343750 0.698048
vt 0.358130 0.716067
vt 0.359234 0.717417
vt 0.343750 0.780944
vt 0.359170 0.750000
vt 0.359096 0.779561
vt 0.312834 0.766312
vt 0.312817 0.764504
vt 0.312784 0.750000
vt 0.328136 0.779341
vt 0.312705 0.687500
vt 0.336880 0.687500
vt 0.343750 0.698048
vt 0.312784 0.750000
vt 0.312675 0.654085
vt 0.317037 0.654411
vt 0.336880 0.687500
vt 0.312705 0.687500
s 0
usemtl 
f 693/965/336 709/966/336 710/967/336
f 712/968/337 709/969/337 693/970/337 713/971/337 711/972/337
f 693/965/338 710/973/338 714/974/338 715/975/338 716/976/338
f 693/977/339 692/970/339 717/978/339 713/979/339
f 718/980/340 692/965/340 693/977/340 716/981/340
f 692/970/341 719/982/341 720/983/341 717/984/341
f 721/985/342 692/965/342 718/986/342
f 719/987/343 692/977/343 721/988/343 722/989/343
f 706/990/344 694/991/344 698/992/344 697/993/344 703/994/344
f 708/995/345 694/991/345 706/996/345 705/997/345
f 704/998/346 701/999/346 702/1000/346 694/991/346 708/995/346 707/1001/346
f 700/1002/347 699/1003/347 698/1004/347 694/991/347 702/1005/347
f 696/1006/348 695/1007/348 699/1008/348 700/1009/348
o Sphere_cell.033
v -0.000890 -0.020623 0.004815
v -0.002406 -0.033300 0.009326
v -0.038060 -0.980785 0.191342
v -0.000660 -0.951015 0.293163
v -0.000945 -0.999521 0.004770
v -0.000758 -0.980785 0.195016
v -0.083420 -0.951884 0.276666
v -0.056180 -0.952610 0.282437
v -0.107567 -0.954074 0.261831
v -0.073851 -0.980785 0.180485
v -0.000660 -0.951015 0.293163
v -0.000758 -0.980785 0.195016
v -0.000945 -0.999521 0.004770
v -0.083420 -0.951884 0.276666
v -0.056180 -0.952610 0.282437
v -0.107567 -0.954074 0.261831
v -0.073851 -0.980785 0.180485
vn 1.0000 -0.0001 -0.0010
vn 0.3435 0.2781 0.8970
vn -0.1900 0.2898 0.9380
vn -0.5208 0.2806 0.8063
vn -0.9237 0.0001 -0.3831
vn -0.9933 0.0956 -0.0651
vn -0.0286 -0.9565 0.2902
vn -0.0097 -0.9951 0.0980
vn -0.0846 -0.9565 0.2790
vn -0.0286 -0.9951 0.0942
vt 1.000000 0.000000
vt 1.000000 0.903942
vt 0.663488 0.596309
vt 0.049055 0.000000
vt 0.000000 0.000000
vt 0.903942 0.903942
vt 0.903620 0.000000
vt 0.904328 0.298636
vt 0.902724 0.902724
vt 0.903620 0.903620
vt 0.905810 0.000000
vt 0.093004 0.000000
vt 0.999945 0.950889
vt 0.379804 0.312667
vt 0.094189 0.000000
vt 1.000000 1.000000
vt 0.218750 0.062500
vt 0.249378 0.062500
vt 0.249559 0.095218
vt 0.218750 0.093445
vt 0.233988 0.001558
vt 0.203391 0.094243
vt 0.187944 0.091808
vt 0.188189 0.062500
vt 0.188189 0.062500
vt 0.203516 0.001563
s 0
usemtl 
f 723/1010/349 733/1011/349 734/1012/349 735/1013/349
f 723/1014/350 724/1010/350 733/1015/350
f 724/1014/351 736/1016/351 737/1017/351 733/1018/351
f 736/1019/352 724/1014/352 738/1020/352
f 738/1021/353 723/1010/353 735/1022/353 732/1023/353
f 738/1024/354 724/1010/354 723/1025/354
f 725/1026/355 728/1027/355 726/1028/355 730/1029/355
f 727/1030/356 728/1027/356 725/1026/356
f 725/1026/357 730/1029/357 729/1031/357 731/1032/357 739/1033/357
f 725/1026/358 739/1034/358 727/1035/358
o Sphere_cell.034
v -0.001407 -0.007054 -0.006890
v -0.137950 -0.707107 -0.693520
v -0.062767 -0.765972 -0.629196
v -0.118320 -0.789683 -0.594833
v -0.169081 -0.806066 -0.558674
v -0.075956 -0.628839 -0.763858
v -0.069729 -0.707107 -0.700239
v -0.222692 -0.628591 -0.734825
v -0.149922 -0.632329 -0.753709
v -0.280652 -0.671363 -0.680738
v -0.269565 -0.707107 -0.653595
v -0.243758 -0.763009 -0.590584
v -0.118320 -0.789683 -0.594833
v -0.169081 -0.806066 -0.558674
v -0.062767 -0.765972 -0.629196
v -0.075956 -0.628839 -0.763858
v -0.069729 -0.707107 -0.700239
v -0.222692 -0.628591 -0.734825
v -0.149922 -0.632329 -0.753709
v -0.280652 -0.671363 -0.680738
v -0.269565 -0.707107 -0.653595
v -0.243758 -0.763009 -0.590584
vn 0.5976 -0.5368 0.5957
vn 0.9952 -0.0003 -0.0978
vn -0.1219 0.7728 -0.6228
vn -0.7317 0.6120 -0.3001
vn -0.9246 0.0024 0.3808
vn -0.5444 -0.3963 0.7393
vn -0.2248 -0.6326 -0.7412
vn -0.1847 -0.7715 -0.6088
vn -0.0759 -0.6326 -0.7708
vn -0.0624 -0.7715 -0.6332
vt 0.234079 0.234079
vt 0.601439 0.249801
vt 1.000000 0.272548
vt 1.000000 1.000000
vt 1.000000 0.273975
vt 0.272548 0.272548
vt 0.616742 0.266196
vt 1.000000 0.301941
vt 0.273975 0.273975
vt 0.633583 0.283770
vt 0.301941 0.301941
vt 1.000000 0.353849
vt 0.353849 0.353849
vt 0.573663 0.322789
vt 1.000000 0.275415
vt 1.000000 0.234079
vt 0.275415 0.275415
vt 0.781250 0.250000
vt 0.812257 0.250000
vt 0.812240 0.264742
vt 0.796833 0.282383
vt 0.781250 0.280841
vt 0.781250 0.208500
vt 0.796772 0.200267
vt 0.812298 0.221906
vt 0.765796 0.250000
vt 0.781250 0.280841
vt 0.765774 0.282281
vt 0.765796 0.250000
vt 0.765824 0.220416
s 0
usemtl 
f 753/1036/359 752/1037/359 754/1038/359 740/1039/359
f 755/1040/360 740/1039/360 754/1041/360 756/1042/360
f 757/1043/361 740/1039/361 755/1044/361 758/1045/361
f 740/1039/362 757/1046/362 759/1047/362
f 740/1039/363 759/1048/363 760/1049/363 761/1050/363
f 753/1051/364 740/1039/364 761/1052/364
f 741/1053/365 750/1054/365 749/1055/365 747/1056/365 748/1057/365
f 750/1054/366 741/1053/366 743/1058/366 744/1059/366 751/1060/366
f 746/1061/367 741/1053/367 748/1062/367 745/1063/367
f 741/1053/368 746/1064/368 742/1065/368 743/1058/368
o Sphere_cell.035
v -0.007199 -0.011256 -0.007065
v -0.500000 -0.707107 -0.500000
v -0.543400 -0.707107 -0.447117
v -0.488482 -0.765756 -0.401927
v -0.592916 -0.628573 -0.487886
v -0.446907 -0.768727 -0.446907
v -0.402104 -0.765799 -0.488268
v -0.487608 -0.629064 -0.592626
v -0.447215 -0.707107 -0.543319
v -0.543352 -0.632401 -0.543352
v -0.543400 -0.707107 -0.447117
v -0.488482 -0.765756 -0.401927
v -0.592916 -0.628573 -0.487886
v -0.446907 -0.768727 -0.446907
v -0.402104 -0.765799 -0.488268
v -0.487608 -0.629064 -0.592626
v -0.447215 -0.707107 -0.543319
v -0.543352 -0.632401 -0.543352
vn -0.6349 0.0007 0.7726
vn 0.5462 -0.6346 0.5468
vn 0.7733 -0.0004 -0.6341
vn -0.4450 0.7736 -0.4511
vn -0.5987 -0.6326 -0.4913
vn -0.4918 -0.7715 -0.4036
vn -0.4913 -0.6326 -0.5987
vn -0.4036 -0.7715 -0.4918
vt 1.000000 0.273600
vt 1.000000 1.000000
vt 0.405438 0.405438
vt 0.713997 0.329952
vt 0.273600 0.273600
vt 0.636203 0.270654
vt 1.000000 0.273388
vt 1.000000 0.405324
vt 0.273388 0.273388
vt 0.617133 0.330034
vt 0.405324 0.405324
vt 0.700921 0.401931
vt 1.000000 0.405438
vt 0.875000 0.250000
vt 0.890423 0.250000
vt 0.890419 0.282390
vt 0.875000 0.280812
vt 0.890423 0.220525
vt 0.875000 0.219032
vt 0.859606 0.250000
vt 0.875000 0.280811
vt 0.859575 0.282188
vt 0.859606 0.250000
vt 0.859645 0.220503
s 0
usemtl 
f 773/1066/369 762/1067/369 774/1068/369 772/1069/369
f 762/1067/370 773/1070/370 775/1071/370 776/1072/370
f 777/1073/371 762/1067/371 776/1074/371 778/1075/371
f 762/1067/372 777/1076/372 779/1077/372 774/1078/372
f 763/1079/373 764/1080/373 766/1081/373 771/1082/373
f 765/1083/374 764/1080/374 763/1079/374 767/1084/374
f 770/1085/375 763/1079/375 771/1086/375 769/1087/375
f 770/1088/376 768/1089/376 767/1084/376 763/1079/376
o Sphere_cell.036
v -0.005893 0.029906 -0.007993
v -0.005761 0.017690 -0.008374
v -0.212607 0.923880 -0.318190
v -0.138480 0.951193 -0.256205
v -0.184063 0.951282 -0.225317
v -0.161123 0.951990 -0.241138
v -0.240942 0.923880 -0.294936
v -0.328779 0.849262 -0.402573
v -0.180661 0.923880 -0.335265
v -0.262960 0.829241 -0.489429
v -0.324293 0.831470 -0.449108
v -0.318886 0.831470 -0.453545
v -0.297866 0.831470 -0.467708
v -0.308148 0.831960 -0.461176
v -0.138480 0.951193 -0.256205
v -0.161123 0.951990 -0.241138
v -0.184063 0.951282 -0.225317
v -0.240942 0.923880 -0.294936
v -0.328779 0.849262 -0.402573
v -0.324293 0.831470 -0.449108
v -0.262960 0.829241 -0.489429
v -0.297866 0.831470 -0.467708
v -0.318886 0.831470 -0.453545
v -0.308148 0.831960 -0.461176
v -0.180661 0.923880 -0.335265
vn 0.5371 0.2906 0.7918
vn -0.7745 -0.0006 0.6326
vn -0.8007 -0.0273 0.5985
vn 0.9141 0.0225 -0.4048
vn 0.8821 0.0003 -0.4710
vn -0.9378 -0.3447 0.0414
vn -0.4706 -0.5559 -0.6852
vn -0.3002 0.8810 -0.3658
vn -0.1850 0.9565 -0.2254
vn -0.1374 0.9565 -0.2571
vn -0.2170 0.8802 -0.4221
vt 1.000000 1.000000
vt 0.096538 0.096538
vt 0.542443 0.096061
vt 1.000000 0.097067
vt 1.000000 0.196355
vt 0.097067 0.097067
vt 0.429213 0.123886
vt 0.194623 0.000000
vt 1.000000 0.000000
vt 1.000000 0.096538
vt 0.000000 0.000000
vt 0.788082 0.010981
vt 0.877971 0.623287
vt 0.904501 0.904501
vt 1.000000 0.805377
vt 0.211876 0.000000
vt 1.000000 0.214083
vt 0.211876 0.211876
vt 0.282274 0.211591
vt 0.423869 0.211181
vt 0.555492 0.211718
vt 0.859022 0.824947
vt 0.859019 0.875000
vt 0.843750 0.875000
vt 0.843750 0.812832
vt 0.847547 0.812500
vt 0.849553 0.812500
vt 0.859017 0.905097
vt 0.843750 0.905874
vt 0.859019 0.875000
vt 0.828661 0.875000
vt 0.828846 0.904882
vt 0.828661 0.875000
vt 0.828468 0.812500
vt 0.840239 0.812500
s 0
usemtl 
f 780/1090/377 794/1091/377 795/1092/377 796/1093/377
f 798/1094/378 780/1090/378 796/1095/378 797/1096/378
f 780/1090/379 798/1097/379 781/1098/379
f 794/1099/380 780/1090/380 781/1100/380
f 800/1101/381 788/1102/381 794/1103/381 781/1100/381
f 798/1104/382 799/1105/382 781/1098/382
f 800/1106/383 781/1090/383 799/1107/383 802/1108/383 803/1109/383 801/1110/383
f 787/1111/384 786/1112/384 782/1113/384 793/1114/384 791/1115/384 790/1116/384
f 784/1117/385 785/1118/385 782/1113/385 786/1119/385
f 804/1120/386 782/1113/386 785/1118/386 783/1121/386
f 782/1113/387 804/1122/387 789/1123/387 792/1124/387 793/1114/387
o Sphere_cell.037
v -0.004114 0.010218 -0.000244
v -0.382683 0.923880 -0.000000
v -0.375330 0.923880 -0.074658
v -0.444979 0.885989 0.087241
v -0.375421 0.923880 0.073735
v -0.294890 0.948776 0.058067
v -0.491656 0.865622 0.000208
v -0.421754 0.891928 -0.126555
v -0.444168 0.886364 -0.088351
v -0.364749 0.923880 -0.109538
v -0.269085 0.954314 -0.080947
v -0.284846 0.953558 -0.000000
v -0.274510 0.955062 -0.054604
v -0.375421 0.923880 0.073735
v -0.294890 0.948776 0.058067
v -0.444979 0.885989 0.087241
v -0.491656 0.865622 0.000208
v -0.421754 0.891928 -0.126555
v -0.444168 0.886364 -0.088351
v -0.364749 0.923880 -0.109538
v -0.269085 0.954314 -0.080947
v -0.274510 0.955062 -0.054604
v -0.284846 0.953558 -0.000000
vn 0.1915 -0.0017 0.9815
vn -0.7508 -0.4282 0.5029
vn -0.7510 -0.4278 -0.5029
vn 0.2868 -0.0014 -0.9580
vn 0.9418 0.2802 0.1860
vn -0.2902 0.9565 0.0286
vn -0.4709 0.8810 0.0464
vn -0.2902 0.9565 -0.0286
vn -0.4710 0.8809 -0.0463
vn -0.2790 0.9565 -0.0846
vn -0.4528 0.8810 -0.1374
vt 0.559487 0.121280
vt 1.000000 0.158087
vt 1.000000 1.000000
vt 0.096946 0.096946
vt 0.158087 0.158087
vt 1.000000 0.177225
vt 1.000000 0.152253
vt 0.178554 0.177162
vt 0.749764 0.157505
vt 0.152253 0.152253
vt 0.480896 0.121414
vt 1.000000 0.091972
vt 0.091972 0.091972
vt 0.263319 0.091185
vt 0.619710 0.092493
vt 1.000000 0.096946
vt 0.000000 0.907596
vt 0.000000 0.875000
vt 0.030864 0.875000
vt 0.030940 0.902345
vt 0.030814 0.849373
vt 0.000069 0.835598
vt 0.968750 0.909248
vt 0.968750 0.875000
vt 1.000000 0.875000
vt 1.000000 0.907596
vt 0.968750 0.849627
vt 1.000000 0.835643
vt 0.953493 0.908426
vt 0.953566 0.875000
vt 0.968750 0.875000
vt 0.968750 0.909248
vt 0.953606 0.853390
vt 0.968750 0.849627
vt 0.953566 0.875000
s 0
usemtl 
f 818/1125/388 820/1126/388 805/1127/388 819/1128/388
f 805/1127/389 820/1129/389 821/1130/389
f 822/1131/390 805/1127/390 821/1132/390 823/1133/390
f 805/1127/391 822/1134/391 824/1135/391 825/1136/391
f 805/1127/392 825/1137/392 826/1138/392 827/1139/392 819/1140/392
f 816/1141/393 806/1142/393 809/1143/393 810/1144/393
f 808/1145/394 809/1143/394 806/1142/394 811/1146/394
f 817/1147/395 807/1148/395 806/1149/395 816/1150/395
f 806/1149/396 807/1148/396 813/1151/396 811/1152/396
f 815/1153/397 814/1154/397 807/1155/397 817/1156/397
f 812/1157/398 813/1158/398 807/1148/398 814/1159/398
o Sphere_cell.038
v 0.006138 -0.008883 -0.002450
v 0.009529 -0.015974 -0.004431
v 0.513280 -0.831470 -0.212607
v 0.544895 -0.831470 -0.108386
v 0.618579 -0.769814 -0.123043
v 0.627999 -0.766924 -0.063157
v 0.550123 -0.831470 -0.055307
v 0.459890 -0.848582 -0.244904
v 0.472940 -0.830492 -0.290592
v 0.589048 -0.764165 -0.243992
v 0.468760 -0.875374 -0.047421
v 0.461168 -0.877099 -0.091732
v 0.451328 -0.875078 -0.137135
v 0.456442 -0.864353 -0.189064
v 0.618579 -0.769814 -0.123043
v 0.627999 -0.766924 -0.063157
v 0.550123 -0.831470 -0.055307
v 0.461168 -0.877099 -0.091732
v 0.451328 -0.875078 -0.137135
v 0.468760 -0.875374 -0.047421
v 0.459890 -0.848582 -0.244904
v 0.456442 -0.864353 -0.189064
v 0.589048 -0.764165 -0.243992
v 0.472940 -0.830492 -0.290592
vn 0.7578 0.6342 -0.1535
vn 0.0978 0.0008 0.9952
vn -0.8542 -0.3514 -0.3831
vn -0.6195 -0.0780 -0.7811
vn 0.1377 0.3966 -0.9076
vn -0.8579 -0.4689 0.2100
vn -0.8661 -0.4712 0.1667
vn -0.8862 -0.4286 -0.1758
vn 0.4184 -0.8798 -0.2255
vn 0.5611 -0.7715 -0.2999
vn 0.6088 -0.7715 -0.1847
vn 0.4528 -0.8810 -0.1374
vn 0.6332 -0.7715 -0.0624
vn 0.4709 -0.8810 -0.0464
vt 0.274887 0.000000
vt 1.000000 0.000000
vt 1.000000 0.728138
vt 0.760768 0.491690
vt 0.832581 0.000000
vt 0.790289 0.351321
vt 0.728138 0.728138
vt 0.000000 0.000000
vt 0.194537 0.000000
vt 0.967203 0.755563
vt 0.787391 0.787391
vt 0.725510 0.004372
vt 0.788752 0.788752
vt 1.000000 0.167419
vt 1.000000 1.000000
vt 0.830948 0.000000
vt 0.833012 0.423463
vt 0.831448 0.831448
vt 0.805463 0.000000
vt 0.820643 0.434799
vt 0.830948 0.830948
vt 0.562500 0.187500
vt 0.562500 0.165260
vt 0.577884 0.175926
vt 0.587294 0.187500
vt 0.587692 0.188037
vt 0.562500 0.221325
vt 0.562377 0.221534
vt 0.531250 0.218486
vt 0.531250 0.187500
vt 0.531250 0.156639
vt 0.546948 0.158006
vt 0.515951 0.219938
vt 0.515946 0.187500
vt 0.516044 0.157806
s 0
usemtl 
f 837/1160/399 828/1161/399 843/1162/399 842/1163/399
f 847/1164/400 844/1165/400 843/1166/400 828/1167/400
f 848/1168/401 829/1161/401 851/1169/401
f 851/1170/402 829/1167/402 828/1161/402
f 828/1167/403 837/1171/403 851/1172/403
f 829/1167/404 847/1173/404 828/1174/404
f 829/1167/405 846/1175/405 845/1176/405 847/1177/405
f 829/1167/406 848/1178/406 849/1179/406 846/1180/406
f 830/1181/407 841/1182/407 835/1183/407 836/1184/407
f 830/1181/408 836/1185/408 850/1186/408
f 850/1187/409 832/1188/409 831/1189/409 830/1181/409
f 830/1181/410 831/1189/410 839/1190/410 840/1191/410 841/1182/410
f 831/1189/411 832/1188/411 833/1192/411 834/1193/411
f 834/1193/412 838/1194/412 839/1190/412 831/1189/412
o Sphere_cell.039
v -0.007877 0.007568 0.000499
v -0.707107 0.707107 -0.000000
v -0.703583 0.703184 -0.068468
v -0.764452 0.628293 -0.074476
v -0.629407 0.765970 -0.060660
v -0.700396 0.707107 -0.068129
v -0.606754 0.789434 0.000374
v -0.655103 0.739354 0.129050
v -0.699748 0.699513 0.137990
v -0.693636 0.707107 0.136765
v -0.722703 0.671013 0.142393
v -0.764049 0.628752 0.074738
v -0.768642 0.632126 -0.000000
v -0.703583 0.703184 -0.068468
v -0.764452 0.628293 -0.074476
v -0.700396 0.707107 -0.068129
v -0.629407 0.765970 -0.060660
v -0.606754 0.789434 0.000374
v -0.655103 0.739354 0.129050
v -0.693636 0.707107 0.136765
v -0.699748 0.699513 0.137990
v -0.722703 0.671013 0.142393
v -0.764049 0.628752 0.074738
v -0.768642 0.632126 -0.000000
vn 0.0985 -0.0002 -0.9951
vn 0.1019 0.0033 -0.9948
vn 0.7019 0.5376 -0.4672
vn 0.7000 0.5362 0.4717
vn 0.1957 0.0008 0.9807
vn 0.1920 -0.0030 0.9814
vn -0.4410 -0.6150 0.6537
vn -0.6345 -0.7729 0.0041
vn -0.7708 0.6326 0.0759
vn -0.6332 0.7715 0.0624
vn -0.6330 0.7716 -0.0620
vn -0.7708 0.6326 -0.0759
vt 1.000000 0.332601
vt 1.000000 1.000000
vt 0.274052 0.274052
vt 0.332601 0.332601
vt 0.366607 0.328856
vt 1.000000 0.272718
vt 1.000000 0.249717
vt 0.272718 0.272718
vt 1.000000 0.297848
vt 0.249717 0.249717
vt 0.886094 0.329005
vt 1.000000 0.336333
vt 0.297848 0.297848
vt 0.336333 0.336333
vt 1.000000 0.314040
vt 0.314040 0.314040
vt 1.000000 0.274149
vt 1.000000 0.274052
vt 0.274149 0.274149
vt 0.635595 0.269887
vt 0.030995 0.746868
vt 0.030982 0.750000
vt 0.000000 0.750000
vt 0.000000 0.719075
vt 0.015519 0.717683
vt 0.030966 0.735114
vt 0.030948 0.766206
vt 0.000000 0.791321
vt 0.030982 0.750000
vt 0.984707 0.779583
vt 0.984567 0.750000
vt 1.000000 0.750000
vt 1.000000 0.791321
vt 0.984561 0.748382
vt 0.984543 0.717494
vt 1.000000 0.719075
s 0
usemtl 
f 865/1195/413 852/1196/413 866/1197/413
f 852/1196/414 865/1198/414 867/1199/414 868/1200/414
f 869/1201/415 852/1196/415 868/1202/415
f 870/1203/416 852/1196/416 869/1204/416
f 871/1205/417 872/1206/417 852/1196/417 870/1207/417
f 872/1208/418 873/1209/418 852/1196/418
f 852/1196/419 873/1210/419 874/1211/419
f 866/1212/420 852/1196/420 874/1213/420 875/1214/420
f 860/1215/421 861/1216/421 853/1217/421 864/1218/421 863/1219/421 862/1220/421
f 859/1221/422 858/1222/422 853/1217/422 861/1223/422
f 856/1224/423 857/1225/423 853/1226/423 858/1227/423
f 853/1226/424 857/1225/424 854/1228/424 855/1229/424 864/1230/424
o Sphere_cell.040
v -0.004428 -0.004111 -0.008065
v -0.353553 -0.382683 -0.853553
v -0.528934 -0.285120 -0.793206
v -0.508626 -0.395723 -0.762800
v -0.512497 -0.382683 -0.768596
v -0.276549 -0.287497 -0.906941
v -0.364305 -0.290062 -0.879511
v -0.255437 -0.465087 -0.837511
v -0.268178 -0.382683 -0.879451
v -0.412454 -0.465051 -0.772389
v -0.335989 -0.468549 -0.811150
v -0.528934 -0.285120 -0.793206
v -0.512497 -0.382683 -0.768596
v -0.508626 -0.395723 -0.762800
v -0.364305 -0.290062 -0.879511
v -0.276549 -0.287497 -0.906941
v -0.268178 -0.382683 -0.879451
v -0.255437 -0.465087 -0.837511
v -0.412454 -0.465051 -0.772389
v -0.335989 -0.468549 -0.811150
vn -0.8315 -0.0000 0.5555
vn -0.1117 0.9570 -0.2679
vn 0.9571 0.0004 -0.2899
vn -0.4161 -0.6632 0.6221
vn 0.1804 -0.8819 0.4355
vn -0.4513 -0.2890 -0.8443
vn -0.4162 -0.4696 -0.7786
vn -0.2563 -0.4696 -0.8448
vn -0.2779 -0.2890 -0.9161
vt 1.000000 0.000000
vt 1.000000 0.753420
vt 0.365803 0.095661
vt 0.275695 0.000000
vt 0.753420 0.753420
vt 0.000000 0.000000
vt 0.862311 0.000000
vt 0.836070 0.252334
vt 0.862311 0.862311
vt 0.796440 0.000000
vt 0.836322 0.421677
vt 0.266134 0.000000
vt 1.000000 0.724305
vt 1.000000 1.000000
vt 0.266134 0.266134
vt 0.632371 0.228893
vt 1.000000 0.203560
vt 0.812500 0.375000
vt 0.843597 0.375000
vt 0.843601 0.407505
vt 0.812500 0.405858
vt 0.812500 0.343959
vt 0.828062 0.345223
vt 0.843592 0.370286
vt 0.797106 0.375000
vt 0.797114 0.345210
vt 0.812500 0.343959
vt 0.812500 0.405858
vt 0.797104 0.406713
s 0
usemtl 
f 876/1231/425 887/1232/425 888/1233/425 889/1234/425
f 887/1235/426 876/1236/426 891/1237/426 890/1238/426
f 891/1239/427 876/1236/427 893/1240/427 892/1241/427
f 894/1242/428 876/1231/428 889/1243/428
f 876/1244/429 894/1245/429 895/1246/429 893/1247/429
f 877/1248/430 880/1249/430 878/1250/430 882/1251/430
f 880/1249/431 877/1248/431 886/1252/431 885/1253/431 879/1254/431
f 877/1248/432 884/1255/432 883/1256/432 886/1257/432
f 884/1255/433 877/1248/433 882/1258/433 881/1259/433
o Sphere_cell.041
v -0.000089 0.042000 0.005278
v -0.000084 0.019994 0.005235
v -0.000000 0.980785 0.195090
v -0.027972 0.951853 0.287713
v 0.028117 0.951778 0.287945
v -0.000000 0.952583 0.288061
v 0.053791 0.954218 0.277372
v 0.036985 0.980785 0.191447
v 0.018790 0.990118 0.098484
v -0.054309 0.954169 0.277482
v -0.037063 0.980785 0.191440
v -0.018552 0.990064 0.099050
v -0.000000 0.990282 0.098664
v 0.028117 0.951778 0.287945
v -0.000000 0.952583 0.288061
v -0.027972 0.951853 0.287713
v 0.053791 0.954218 0.277372
v 0.036985 0.980785 0.191447
v 0.018790 0.990118 0.098484
v -0.054309 0.954169 0.277482
v -0.037063 0.980785 0.191440
v -0.018552 0.990064 0.099050
v -0.000000 0.990282 0.098664
vn -0.0044 -0.2902 0.9570
vn 0.3883 -0.2783 0.8785
vn 0.9814 -0.0006 -0.1921
vn -0.3689 -0.2797 0.8864
vn -0.9805 0.0003 -0.1964
vn -0.9809 0.0001 -0.1946
vn 0.9788 0.0006 -0.2048
vn -0.0152 0.0980 -0.9951
vn 0.0097 0.9951 0.0980
vn 0.0286 0.9565 0.2902
vn -0.0097 0.9951 0.0980
vn -0.0286 0.9565 0.2902
vt 1.000000 0.904743
vt 0.546131 0.451567
vt 0.095361 0.000000
vt 1.000000 0.000000
vt 0.904743 0.904743
vt 0.000000 0.000000
vt 0.906963 0.000000
vt 0.932735 0.466868
vt 0.906963 0.906963
vt 0.941775 0.000000
vt 1.000000 0.904639
vt 0.092748 0.000000
vt 1.000000 1.000000
vt 0.092748 0.092748
vt 0.534725 0.067237
vt 1.000000 0.058567
vt 0.059833 0.000000
vt 1.000000 0.058225
vt 0.059484 0.000000
vt 1.000000 0.940167
vt 0.532636 0.473154
vt 0.257723 0.968392
vt 0.250000 0.937500
vt 0.280367 0.937500
vt 0.273006 0.967896
vt 0.250000 0.906525
vt 0.265492 0.905641
vt 0.280485 0.908321
vt 0.242277 0.968392
vt 0.227222 0.967683
vt 0.219568 0.937500
vt 0.234575 0.905723
vt 0.250000 0.906525
vt 0.219240 0.908268
s 0
usemtl 
f 909/1260/434 910/1261/434 911/1262/434 897/1263/434
f 909/1264/435 897/1265/435 912/1266/435
f 913/1267/436 912/1268/436 897/1265/436 914/1269/436
f 897/1263/437 911/1270/437 915/1271/437
f 897/1272/438 915/1273/438 916/1274/438 917/1275/438
f 896/1263/439 897/1272/439 917/1276/439
f 897/1272/440 896/1265/440 914/1277/440
f 914/1278/441 896/1263/441 917/1279/441 908/1280/441
f 918/1281/442 898/1282/442 903/1283/442 904/1284/442
f 898/1282/443 901/1285/443 900/1286/443 902/1287/443 903/1283/443
f 918/1288/444 907/1289/444 906/1290/444 898/1282/444
f 899/1291/445 901/1292/445 898/1282/445 906/1290/445 905/1293/445
o Sphere_cell.042
v 0.008481 -0.014237 0.006098
v 0.461940 -0.831470 0.308658
v 0.389516 -0.890785 0.209878
v 0.486949 -0.831470 0.261868
v 0.555920 -0.767006 0.298661
v 0.488193 -0.767190 0.399538
v 0.524185 -0.770032 0.350249
v 0.364850 -0.875204 0.298608
v 0.378470 -0.885128 0.252886
v 0.427864 -0.831470 0.350180
v 0.486949 -0.831470 0.261868
v 0.555920 -0.767006 0.298661
v 0.389516 -0.890785 0.209878
v 0.524185 -0.770032 0.350249
v 0.488193 -0.767190 0.399538
v 0.364850 -0.875204 0.298608
v 0.378470 -0.885128 0.252886
v 0.427864 -0.831470 0.350180
vn 0.4709 -0.0004 -0.8822
vn 0.6414 0.6342 0.4318
vn -0.8882 -0.4261 -0.1721
vn -0.6336 0.0006 0.7737
vn 0.5611 -0.7715 0.2999
vn 0.4173 -0.8810 0.2231
vn 0.4918 -0.7715 0.4036
vn 0.3658 -0.8810 0.3002
vt 0.617750 0.406626
vt 0.153942 0.000000
vt 1.000000 0.000000
vt 1.000000 0.726710
vt 0.726710 0.726710
vt 0.000000 0.000000
vt 0.726877 0.000000
vt 0.729626 0.366123
vt 0.168419 0.000000
vt 1.000000 0.846058
vt 0.600902 0.441770
vt 1.000000 0.273123
vt 1.000000 1.000000
vt 0.168419 0.168419
vt 0.561695 0.210843
vt 0.406250 0.218376
vt 0.406250 0.187500
vt 0.421473 0.187500
vt 0.421539 0.219897
vt 0.406250 0.151209
vt 0.421340 0.147383
vt 0.390838 0.187500
vt 0.390841 0.219804
vt 0.406250 0.151209
vt 0.390837 0.157921
s 0
usemtl 
f 929/1294/446 931/1295/446 919/1296/446 930/1297/446
f 930/1298/447 919/1299/447 933/1300/447 932/1301/447
f 934/1302/448 919/1296/448 931/1303/448 935/1304/448
f 933/1305/449 919/1306/449 934/1307/449 936/1308/449
f 925/1309/450 920/1310/450 922/1311/450 923/1312/450
f 922/1311/451 920/1310/451 927/1313/451 921/1314/451
f 928/1315/452 920/1310/452 925/1309/452 924/1316/452
f 927/1317/453 920/1310/453 928/1315/453 926/1318/453
o Sphere_cell.043
v 0.008242 0.000474 0.005909
v 0.831469 0.000000 0.555570
v 0.769854 0.000000 0.630648
v 0.762642 -0.095862 0.624625
v 0.762546 0.095741 0.624760
v 0.823559 0.096593 0.550285
v 0.915270 0.094613 0.379117
v 0.941898 0.091990 0.292222
v 0.923048 0.000000 0.384237
v 0.869034 -0.095421 0.465451
v 0.823561 -0.096566 0.550286
v 0.769854 0.000000 0.630648
v 0.762546 0.095741 0.624760
v 0.762642 -0.095862 0.624625
v 0.823559 0.096593 0.550285
v 0.915270 0.094613 0.379117
v 0.941898 0.091990 0.292222
v 0.923048 0.000000 0.384237
v 0.869034 -0.095421 0.465451
v 0.823561 -0.096566 0.550286
vn -0.6342 -0.0009 0.7732
vn -0.0808 0.9952 -0.0548
vn 0.2696 -0.7081 -0.6527
vn -0.0806 -0.9951 -0.0566
vn 0.9527 0.0940 0.2891
vn 0.8777 0.0975 0.4691
vn 0.8777 -0.0975 0.4691
vn 0.7693 -0.0975 0.6314
vn 0.7693 0.0975 0.6314
vt 1.000000 0.275709
vt 1.000000 1.000000
vt 0.275520 0.275520
vt 0.634522 0.268643
vt 0.822336 0.129048
vt 1.000000 0.103476
vt 0.275709 0.275709
vt 0.449869 0.217119
vt 0.103476 0.103476
vt 0.534892 0.121699
vt 1.000000 0.173689
vt 1.000000 0.275520
vt 0.173689 0.173689
vt 0.583203 0.217189
vt 0.437500 0.530311
vt 0.437500 0.500560
vt 0.452124 0.529470
vt 0.406250 0.530945
vt 0.406250 0.500000
vt 0.421741 0.469431
vt 0.437219 0.500000
vt 0.406250 0.469064
vt 0.390767 0.500000
vt 0.390782 0.469289
vt 0.390755 0.530672
s 0
usemtl 
f 949/1319/454 937/1320/454 950/1321/454 948/1322/454
f 952/1323/455 953/1324/455 937/1320/455 949/1325/455 951/1326/455
f 937/1320/456 953/1327/456 954/1328/456 955/1329/456
f 950/1330/457 937/1320/457 955/1331/457 956/1332/457
f 943/1333/458 945/1334/458 944/1335/458
f 945/1334/459 943/1333/459 942/1336/459 938/1337/459
f 946/1338/460 945/1339/460 938/1337/460 947/1340/460
f 947/1340/461 938/1337/461 939/1341/461 940/1342/461
f 941/1343/462 939/1341/462 938/1337/462 942/1336/462
o Sphere_cell.044
v -0.002085 0.003520 -0.008332
v -0.003022 0.014709 -0.024196
v -0.180240 0.382683 -0.906127
v -0.350080 0.395386 -0.847546
v -0.126017 0.552685 -0.820600
v -0.165011 0.528723 -0.829567
v -0.082612 0.550354 -0.826121
v -0.090896 0.382683 -0.914927
v -0.364202 0.284529 -0.881287
v -0.185748 0.289599 -0.933821
v -0.093546 0.287076 -0.943668
v -0.352695 0.382683 -0.853813
v -0.350080 0.395386 -0.847546
v -0.165011 0.528723 -0.829567
v -0.126017 0.552685 -0.820600
v -0.082612 0.550354 -0.826121
v -0.090896 0.382683 -0.914927
v -0.364202 0.284529 -0.881287
v -0.185748 0.289599 -0.933821
v -0.093546 0.287076 -0.943668
v -0.352695 0.382683 -0.853813
vn -0.5293 0.6632 0.5292
vn -0.2453 0.7853 0.5684
vn 0.1138 0.8313 0.5440
vn 0.9953 0.0021 -0.0973
vn -0.0566 -0.9570 -0.2846
vn -0.9236 0.0010 0.3834
vn 0.9875 -0.0951 -0.1254
vn -0.2563 0.4696 -0.8448
vn -0.2779 0.2890 -0.9161
vn -0.0938 0.2890 -0.9527
vn -0.0865 0.4696 -0.8786
vt 0.194109 0.000000
vt 1.000000 0.000000
vt 1.000000 0.779555
vt 0.862142 0.650384
vt 0.000000 0.000000
vt 0.779555 0.779555
vt 0.781556 0.000000
vt 0.776131 0.776131
vt 0.781556 0.781556
vt 0.896143 0.000000
vt 0.868238 0.271833
vt 1.000000 0.837757
vt 0.393660 0.282016
vt 0.102106 0.000000
vt 0.837756 0.837756
vt 0.805891 0.000000
vt 0.811843 0.103411
vt 0.103857 0.000000
vt 1.000000 1.000000
vt 0.812338 0.629592
vt 0.781250 0.677795
vt 0.781250 0.625000
vt 0.812345 0.625000
vt 0.812345 0.625000
vt 0.781250 0.593987
vt 0.812370 0.592298
vt 0.765760 0.625000
vt 0.765725 0.593147
vt 0.781250 0.593987
vt 0.781250 0.677795
vt 0.774178 0.686491
vt 0.765862 0.685614
s 0
usemtl 
f 969/1344/463 957/1345/463 971/1346/463 970/1347/463
f 957/1348/464 958/1345/464 971/1349/464
f 958/1348/465 972/1350/465 971/1351/465
f 972/1352/466 958/1348/466 976/1353/466 973/1354/466
f 957/1345/467 974/1355/467 975/1356/467 976/1357/467
f 974/1358/468 957/1348/468 969/1359/468 977/1360/468
f 976/1361/469 958/1345/469 957/1362/469
f 960/1363/470 962/1364/470 959/1365/470 968/1366/470
f 968/1367/471 959/1365/471 966/1368/471 965/1369/471
f 959/1365/472 964/1370/472 967/1371/472 966/1372/472
f 959/1365/473 962/1373/473 961/1374/473 963/1375/473 964/1370/473
o Sphere_cell.045
v 0.001771 0.006642 0.006229
v 0.025368 0.036487 0.063819
v 0.137950 0.707107 0.693520
v 0.183231 0.765851 0.605343
v 0.254180 0.739749 0.616898
v 0.269507 0.707107 0.653612
v 0.081505 0.625138 0.766349
v 0.076140 0.628383 0.764214
v 0.062846 0.765687 0.629537
v 0.069820 0.707107 0.700230
v 0.123300 0.768734 0.619870
v 0.317461 0.555570 0.768399
v 0.336658 0.462353 0.814392
v 0.324130 0.454956 0.822304
v 0.196533 0.555570 0.805082
v 0.158099 0.581254 0.794819
v 0.183231 0.765851 0.605343
v 0.254180 0.739749 0.616898
v 0.269507 0.707107 0.653612
v 0.336658 0.462353 0.814392
v 0.317461 0.555570 0.768399
v 0.081505 0.625138 0.766349
v 0.076140 0.628383 0.764214
v 0.069820 0.707107 0.700230
v 0.062846 0.765687 0.629537
v 0.123300 0.768734 0.619870
v 0.324130 0.454956 0.822304
v 0.196533 0.555570 0.805082
v 0.158099 0.581254 0.794819
vn 0.3244 0.5370 -0.7787
vn -0.5816 -0.6001 0.5493
vn -0.9952 -0.0003 0.0979
vn -0.1531 0.6345 -0.7576
vn 0.9375 -0.0954 -0.3347
vn 0.5888 -0.7831 0.2001
vn -0.5588 -0.6131 0.5584
vn 0.2563 0.4696 0.8448
vn 0.1847 0.7715 0.6088
vn 0.2248 0.6326 0.7412
vn 0.0624 0.7715 0.6332
vn 0.0759 0.6326 0.7708
vn 0.9235 0.0015 -0.3836
vt 0.702478 0.702478
vt 0.000000 0.000000
vt 0.727655 0.000000
vt 0.712730 0.000000
vt 1.000000 0.273459
vt 1.000000 1.000000
vt 0.651165 0.265754
vt 1.000000 0.272182
vt 0.273459 0.273459
vt 1.000000 0.272344
vt 0.272182 0.272182
vt 0.633383 0.269420
vt 1.000000 0.000000
vt 0.238554 0.000000
vt 0.238554 0.238554
vt 1.000000 0.230619
vt 0.230619 0.230619
vt 0.638389 0.248030
vt 0.759903 0.258423
vt 1.000000 0.287270
vt 0.312398 0.653979
vt 0.312354 0.687500
vt 0.288126 0.687500
vt 0.309738 0.651127
vt 0.312195 0.766405
vt 0.296780 0.779523
vt 0.281250 0.780971
vt 0.281250 0.750000
vt 0.312243 0.750000
vt 0.281250 0.698093
vt 0.265816 0.750000
vt 0.265835 0.779440
vt 0.265804 0.717531
vt 0.266859 0.716193
vt 0.265816 0.750000
vt 0.634845 0.306140
vt 0.738737 0.269665
vt 1.000000 0.225635
vt 1.000000 0.702478
s 0
usemtl 
f 995/1376/474 978/1377/474 994/1378/474
f 979/1377/475 999/1379/475 1000/1380/475 978/1381/475
f 1001/1382/476 1002/1383/476 978/1381/476 1000/1384/476
f 994/1385/477 978/1381/477 1002/1386/477 1003/1387/477
f 979/1388/478 978/1381/478 997/1389/478
f 979/1381/479 997/1390/479 1004/1391/479
f 979/1381/480 1004/1392/480 1005/1393/480 1006/1394/480 999/1395/480
f 990/1396/481 998/1397/481 992/1398/481 991/1399/481
f 982/1400/482 981/1401/482 988/1402/482 980/1403/482 996/1404/482
f 996/1404/483 980/1403/483 993/1405/483 992/1398/483 998/1397/483
f 987/1406/484 980/1403/484 988/1402/484 986/1407/484
f 985/1408/485 984/1409/485 993/1405/485 980/1403/485 987/1410/485
f 983/1411/486 989/1412/486 997/1413/486 978/1388/486 995/1414/486
o Sphere_cell.046
v 0.005002 -0.026353 -0.005301
v 0.137950 -0.980785 -0.137950
v 0.004483 -0.999353 -0.004780
v 0.149731 -0.980785 -0.123595
v 0.223319 -0.951806 -0.183792
v 0.108879 -0.980785 -0.161807
v 0.163108 -0.951081 -0.243370
v 0.203671 -0.952591 -0.203671
v 0.149731 -0.980785 -0.123595
v 0.223319 -0.951806 -0.183792
v 0.108879 -0.980785 -0.161807
v 0.163108 -0.951081 -0.243370
v 0.004483 -0.999353 -0.004780
v 0.203671 -0.952591 -0.203671
vn 0.6332 0.0001 0.7740
vn -0.8328 0.0001 -0.5536
vn 0.6749 0.2901 -0.6785
vn 0.1850 -0.9565 -0.2254
vn 0.0625 -0.9951 -0.0761
vn 0.2254 -0.9565 -0.1850
vn 0.0761 -0.9951 -0.0625
vt 0.095507 0.000000
vt 1.000000 0.000000
vt 0.993246 0.943751
vt 0.399633 0.332358
vt 0.932332 0.337875
vt 0.950703 0.950703
vt 0.000000 0.000000
vt 0.903189 0.000000
vt 0.904493 0.000000
vt 0.905064 0.298356
vt 0.903189 0.903189
vt 0.625000 0.093466
vt 0.625000 0.062500
vt 0.655729 0.062500
vt 0.656026 0.095125
vt 0.640271 0.002105
vt 0.625000 0.093466
vt 0.609595 0.094329
vt 0.609826 0.062500
vt 0.610068 0.002771
s 0
usemtl 
f 1016/1415/487 1007/1416/487 1019/1417/487 1015/1418/487
f 1017/1419/488 1019/1420/488 1007/1421/488 1018/1422/488
f 1007/1421/489 1016/1423/489 1020/1424/489 1018/1425/489
f 1014/1426/490 1008/1427/490 1012/1428/490 1013/1429/490
f 1008/1427/491 1009/1430/491 1012/1428/491
f 1014/1431/492 1011/1432/492 1010/1433/492 1008/1427/492
f 1010/1433/493 1009/1434/493 1008/1427/493
o Sphere_cell.047
v 0.009729 -0.004091 0.016856
v 0.005951 -0.003664 0.007201
v 0.513280 -0.382683 0.768178
v 0.647534 -0.395670 0.649061
v 0.555403 -0.464547 0.677275
v 0.487874 -0.468236 0.730155
v 0.413672 -0.463889 0.772439
v 0.515658 -0.165300 0.834431
v 0.539940 -0.195090 0.818142
v 0.543973 -0.200563 0.814113
v 0.655194 -0.369849 0.656724
v 0.652442 -0.382683 0.653971
v 0.461017 -0.195090 0.860327
v 0.434128 -0.382683 0.810485
v 0.647534 -0.395670 0.649061
v 0.555403 -0.464547 0.677275
v 0.487874 -0.468236 0.730155
v 0.543973 -0.200563 0.814113
v 0.655194 -0.369849 0.656724
v 0.515658 -0.165300 0.834431
v 0.539940 -0.195090 0.818142
v 0.652442 -0.382683 0.653971
v 0.413672 -0.463889 0.772439
v 0.434128 -0.382683 0.810485
v 0.461017 -0.195090 0.860327
vn 0.2852 -0.6644 -0.6908
vn -0.2657 -0.8818 -0.3896
vn -0.9095 -0.2310 0.3456
vn 0.5489 0.8166 -0.1787
vn 0.6661 0.6933 -0.2750
vn 0.7073 -0.0000 -0.7070
vn -0.8816 0.0010 0.4719
vn -0.3072 0.8795 0.3635
vn 0.6073 -0.2890 0.7400
vn 0.5601 -0.4696 0.6825
vn 0.4691 -0.0975 0.8777
vn 0.4513 -0.2890 0.8443
vn 0.4162 -0.4696 0.7786
vt 1.000000 1.000000
vt 0.384707 0.384707
vt 1.000000 0.357453
vt 0.357453 0.357453
vt 0.677632 0.306751
vt 1.000000 0.266833
vt 0.268697 0.000000
vt 1.000000 0.000000
vt 0.000000 0.000000
vt 1.000000 0.206723
vt 1.000000 0.377098
vt 0.206723 0.206723
vt 0.308179 0.222339
vt 0.328339 0.226201
vt 0.673554 0.379863
vt 1.000000 0.384707
vt 0.377098 0.377098
vt 0.183244 0.000000
vt 1.000000 0.731303
vt 0.736787 0.505000
vt 0.183244 0.183244
vt 1.000000 0.208457
vt 0.343750 0.435677
vt 0.343750 0.375000
vt 0.374813 0.375000
vt 0.374816 0.379276
vt 0.374807 0.370305
vt 0.343750 0.344072
vt 0.359316 0.345406
vt 0.342837 0.437500
vt 0.338024 0.447129
vt 0.328292 0.437500
vt 0.328264 0.375000
vt 0.343750 0.435677
vt 0.328292 0.437500
vt 0.328311 0.345261
vt 0.343750 0.344072
vt 0.328264 0.375000
s 0
usemtl 
f 1022/1435/494 1035/1436/494 1036/1437/494
f 1022/1435/495 1036/1438/495 1037/1439/495 1043/1440/495
f 1043/1441/496 1021/1442/496 1022/1435/496
f 1022/1435/497 1021/1443/497 1040/1444/497
f 1039/1445/498 1022/1435/498 1040/1446/498 1041/1447/498 1038/1448/498
f 1042/1449/499 1035/1450/499 1022/1435/499 1039/1451/499
f 1045/1452/500 1021/1442/500 1043/1453/500 1044/1454/500
f 1021/1435/501 1045/1455/501 1040/1456/501
f 1030/1457/502 1023/1458/502 1032/1459/502 1031/1460/502
f 1024/1461/503 1032/1459/503 1023/1458/503 1026/1462/503 1025/1463/503
f 1029/1464/504 1028/1465/504 1033/1466/504
f 1034/1467/505 1023/1458/505 1030/1468/505 1029/1464/505 1033/1469/505
f 1027/1470/506 1026/1471/506 1023/1458/506 1034/1472/506
o Sphere_cell.048
v -0.008717 0.004082 0.003350
v -0.853553 0.382683 0.353553
v -0.906127 0.382683 0.180240
v -0.836700 0.287117 0.446284
v -0.879558 0.289895 0.364325
v -0.907181 0.287624 0.275625
v -0.907653 0.382337 0.165817
v -0.909746 0.370520 0.180960
v -0.899643 0.395051 0.178950
v -0.837815 0.464936 0.254711
v -0.772794 0.464731 0.412058
v -0.811265 0.468318 0.336037
v -0.811270 0.382683 0.432660
v -0.879558 0.289895 0.364325
v -0.907181 0.287624 0.275625
v -0.836700 0.287117 0.446284
v -0.907653 0.382337 0.165817
v -0.909746 0.370520 0.180960
v -0.899643 0.395051 0.178950
v -0.837815 0.464936 0.254711
v -0.772794 0.464731 0.412058
v -0.811265 0.468318 0.336037
v -0.811270 0.382683 0.432660
vn -0.2692 -0.9570 0.1083
vn -0.4003 -0.6948 -0.5975
vn 0.1471 0.6643 -0.7328
vn 0.4360 0.8820 -0.1790
vn 0.4717 0.0002 0.8817
vn -0.7786 0.4696 0.4162
vn -0.8443 0.2890 0.4513
vn -0.8448 0.4696 0.2563
vn -0.9161 0.2890 0.2779
vn -0.8792 0.4694 0.0817
vn -0.9527 0.2890 0.0938
vt 1.000000 0.137166
vt 1.000000 1.000000
vt 0.204523 0.204523
vt 0.597863 0.163527
vt 1.000000 0.137104
vt 0.137166 0.137166
vt 0.884079 0.135042
vt 0.140113 0.137237
vt 0.259099 0.144770
vt 1.000000 0.203987
vt 1.000000 0.266401
vt 0.203987 0.203987
vt 0.599773 0.229471
vt 0.266401 0.266401
vt 0.616541 0.229206
vt 1.000000 0.204523
vt 0.062500 0.625000
vt 0.077977 0.625000
vt 0.077964 0.654661
vt 0.062500 0.655958
vt 0.062500 0.594086
vt 0.077986 0.593160
vt 0.031250 0.625000
vt 0.046972 0.654735
vt 0.031250 0.629471
vt 0.031250 0.620948
vt 0.046945 0.593329
vt 0.028809 0.625000
vt 0.031250 0.629471
vt 0.028747 0.624885
s 0
usemtl 
f 1060/1473/507 1046/1474/507 1061/1475/507 1059/1476/507
f 1062/1477/508 1046/1474/508 1060/1478/508 1063/1479/508
f 1046/1474/509 1062/1480/509 1064/1481/509 1065/1482/509
f 1066/1483/510 1046/1474/510 1065/1484/510 1067/1485/510
f 1046/1474/511 1066/1486/511 1068/1487/511 1061/1488/511
f 1047/1489/512 1058/1490/512 1056/1491/512 1057/1492/512
f 1058/1490/513 1047/1489/513 1050/1493/513 1049/1494/513
f 1048/1495/514 1047/1489/514 1057/1492/514 1055/1496/514 1054/1497/514
f 1050/1493/515 1047/1489/515 1048/1495/515 1053/1498/515 1051/1499/515
f 1052/1500/516 1048/1495/516 1054/1501/516
f 1052/1502/517 1053/1498/517 1048/1495/517
o Sphere_cell.049
v 0.008541 0.093274 0.006034
v 0.008098 0.037125 0.005959
v 0.162212 0.980785 0.108386
v 0.224055 0.951830 0.182767
v 0.239401 0.952624 0.159962
v 0.253996 0.951932 0.137475
v 0.170630 0.980785 0.092636
v 0.086553 0.990232 0.047439
v 0.150619 0.980785 0.122512
v 0.077328 0.990167 0.062383
v 0.081895 0.990299 0.054720
v 0.239401 0.952624 0.159962
v 0.253996 0.951932 0.137475
v 0.224055 0.951830 0.182767
v 0.170630 0.980785 0.092636
v 0.086553 0.990232 0.047439
v 0.150619 0.980785 0.122512
v 0.077328 0.990167 0.062383
v 0.081895 0.990299 0.054720
vn 0.7985 -0.2904 0.5272
vn 0.4792 -0.0026 -0.8777
vn 0.4735 -0.0005 -0.8808
vn -0.6342 0.0003 0.7731
vn -0.6664 0.0043 0.7456
vn -0.8471 0.0976 -0.5224
vn 0.0869 0.9951 0.0464
vn 0.2571 0.9565 0.1374
vn 0.0761 0.9951 0.0625
vn 0.2254 0.9565 0.1850
vt 1.000000 0.903380
vt 0.553660 0.457715
vt 0.096737 0.000000
vt 1.000000 0.000000
vt 0.903380 0.903380
vt 0.000000 0.000000
vt 0.898203 0.898203
vt 0.937732 0.000000
vt 0.927864 0.450240
vt 0.059195 0.000000
vt 1.000000 0.903264
vt 0.515206 0.446899
vt 0.062638 0.000000
vt 1.000000 1.000000
vt 0.537259 0.062363
vt 1.000000 0.062268
vt 0.062637 0.062637
vt 0.406250 0.937500
vt 0.420843 0.937500
vt 0.421028 0.968229
vt 0.413987 0.968446
vt 0.420843 0.937500
vt 0.406250 0.906571
vt 0.421049 0.906331
vt 0.391307 0.968018
vt 0.391319 0.937500
vt 0.398513 0.968446
vt 0.391096 0.905698
s 0
usemtl 
f 1081/1503/518 1080/1504/518 1082/1505/518 1070/1506/518
f 1069/1506/519 1081/1507/519 1070/1508/519
f 1081/1509/520 1069/1508/520 1084/1510/520 1083/1511/520
f 1086/1512/521 1070/1506/521 1082/1513/521 1085/1514/521
f 1086/1515/522 1069/1506/522 1070/1516/522
f 1087/1517/523 1084/1518/523 1069/1516/523 1086/1519/523
f 1071/1520/524 1075/1521/524 1076/1522/524 1079/1523/524
f 1075/1524/525 1071/1520/525 1073/1525/525 1074/1526/525
f 1078/1527/526 1077/1528/526 1071/1520/526 1079/1529/526
f 1072/1530/527 1073/1525/527 1071/1520/527 1077/1528/527
o Sphere_cell.050
v 0.007913 -0.003601 0.005620
v 0.020902 -0.011193 0.018919
v 0.768178 -0.382683 0.513280
v 0.656797 -0.369621 0.655214
v 0.733406 -0.287473 0.600956
v 0.791606 -0.289794 0.528935
v 0.835876 -0.287070 0.447856
v 0.772186 -0.464407 0.413562
v 0.810476 -0.382683 0.434145
v 0.677136 -0.464855 0.555313
v 0.730204 -0.468126 0.487907
v 0.649239 -0.395225 0.647690
v 0.653987 -0.382683 0.652421
v 0.791606 -0.289794 0.528935
v 0.835876 -0.287070 0.447856
v 0.733406 -0.287473 0.600956
v 0.810476 -0.382683 0.434145
v 0.772186 -0.464407 0.413562
v 0.730204 -0.468126 0.487907
v 0.677136 -0.464855 0.555313
v 0.649239 -0.395225 0.647690
v 0.653987 -0.382683 0.652421
v 0.656797 -0.369621 0.655214
vn -0.2411 0.7225 0.6479
vn -0.2739 0.6947 0.6651
vn 0.2403 0.9568 0.1634
vn 0.4715 0.0012 -0.8819
vn -0.3904 -0.8818 -0.2646
vn -0.6927 -0.6608 0.2889
vn -0.7563 -0.4294 0.4936
vn -0.7071 0.0009 0.7071
vn 0.8443 -0.2890 0.4513
vn 0.7786 -0.4696 0.4162
vn 0.7400 -0.2890 0.6073
vn 0.6825 -0.4696 0.5601
vt 1.000000 1.000000
vt 0.000000 0.000000
vt 1.000000 0.377396
vt 0.377396 0.377396
vt 1.000000 0.304094
vt 1.000000 0.205464
vt 0.304094 0.304094
vt 0.649341 0.248096
vt 0.205464 0.205464
vt 0.613998 0.230024
vt 1.000000 0.266938
vt 0.266938 0.266938
vt 0.629854 0.306921
vt 1.000000 0.357541
vt 1.000000 0.384291
vt 0.357541 0.357541
vt 0.389145 0.000000
vt 1.000000 0.000000
vt 0.700421 0.384746
vt 1.000000 0.382221
vt 0.389145 0.389145
vt 0.421717 0.406855
vt 0.406250 0.405948
vt 0.406250 0.375000
vt 0.421732 0.375000
vt 0.406250 0.344112
vt 0.421744 0.345456
vt 0.390746 0.406721
vt 0.375190 0.379352
vt 0.375192 0.375000
vt 0.375210 0.370418
vt 0.390681 0.345294
vt 0.375192 0.375000
s 0
usemtl 
f 1088/1531/528 1089/1532/528 1110/1533/528
f 1088/1531/529 1110/1534/529 1103/1535/529
f 1102/1536/530 1088/1531/530 1103/1537/530 1101/1538/530
f 1088/1531/531 1102/1539/531 1104/1540/531 1105/1541/531
f 1088/1531/532 1105/1542/532 1106/1543/532 1107/1544/532
f 1108/1545/533 1088/1531/533 1107/1546/533
f 1108/1547/534 1089/1548/534 1088/1531/534
f 1109/1549/535 1110/1550/535 1089/1531/535 1108/1551/535
f 1094/1552/536 1093/1553/536 1090/1554/536 1096/1555/536
f 1096/1555/537 1090/1554/537 1098/1556/537 1095/1557/537
f 1092/1558/538 1091/1559/538 1100/1560/538 1090/1554/538 1093/1553/538
f 1099/1561/539 1097/1562/539 1098/1556/539 1090/1554/539 1100/1563/539
o Sphere_cell.051
v 0.006211 -0.000118 -0.005354
v 0.010476 0.001659 -0.010486
v 0.707107 0.000000 -0.707107
v 0.620501 0.192061 -0.753829
v 0.632241 0.000000 -0.768547
v 0.620101 -0.192234 -0.754135
v 0.690654 -0.193630 -0.696057
v 0.693872 -0.190032 -0.693872
v 0.830721 -0.000078 -0.556470
v 0.693865 0.190246 -0.693848
v 0.690427 0.194025 -0.696193
v 0.632241 0.000000 -0.768547
v 0.620101 -0.192234 -0.754135
v 0.690654 -0.193630 -0.696057
v 0.693872 -0.190032 -0.693872
v 0.830721 -0.000078 -0.556470
v 0.620501 0.192061 -0.753829
v 0.690427 0.194025 -0.696193
v 0.693865 0.190246 -0.693848
vn -0.7811 0.0903 -0.6179
vn -0.7732 0.0013 -0.6342
vn -0.1353 -0.9808 0.1407
vn 0.3926 -0.7077 0.5873
vn 0.3930 0.7070 0.5880
vn 0.3867 0.7140 0.5837
vn 0.3203 0.7807 0.5366
vn -0.1399 0.9807 0.1364
vn 0.6314 0.0975 -0.7693
vn 0.6314 -0.0975 -0.7693
vn 0.7694 0.0975 -0.6313
vn 0.7693 -0.0975 -0.6314
vt 0.000000 0.000000
vt 1.000000 0.283267
vt 1.000000 1.000000
vt 0.283267 0.283267
vt 0.634384 0.269261
vt 1.000000 0.283130
vt 0.283130 0.283130
vt 1.000000 0.338693
vt 0.350986 0.335716
vt 1.000000 0.210236
vt 0.338693 0.338693
vt 1.000000 0.341039
vt 0.210547 0.210277
vt 1.000000 0.338560
vt 0.343032 0.341030
vt 0.340121 0.000000
vt 1.000000 0.000000
vt 1.000000 0.284682
vt 0.340121 0.340121
vt 0.625000 0.560952
vt 0.625000 0.500000
vt 0.640439 0.500000
vt 0.640393 0.561530
vt 0.625633 0.562112
vt 0.625623 0.437968
vt 0.640474 0.438415
vt 0.625000 0.439121
vt 0.593949 0.500000
vt 0.624998 0.560948
vt 0.593937 0.499975
s 0
usemtl 
f 1112/1564/540 1127/1565/540 1111/1566/540
f 1111/1566/541 1127/1567/541 1122/1568/541 1123/1569/541
f 1123/1570/542 1124/1571/542 1111/1566/542
f 1125/1572/543 1126/1573/543 1111/1566/543 1124/1574/543
f 1129/1575/544 1111/1566/544 1126/1576/544
f 1128/1577/545 1111/1566/545 1129/1578/545
f 1128/1579/546 1112/1580/546 1111/1566/546
f 1127/1581/547 1112/1566/547 1128/1582/547
f 1120/1583/548 1113/1584/548 1115/1585/548 1114/1586/548 1121/1587/548
f 1117/1588/549 1116/1589/549 1115/1585/549 1113/1584/549 1118/1590/549
f 1119/1591/550 1113/1584/550 1120/1592/550
f 1118/1590/551 1113/1584/551 1119/1593/551
o Sphere_cell.052
v 0.003808 0.003914 -0.008929
v 0.353553 0.382683 -0.853553
v 0.411892 0.464921 -0.772769
v 0.336068 0.468168 -0.811339
v 0.255295 0.464470 -0.837897
v 0.432571 0.382683 -0.811317
v 0.446223 0.287199 -0.836705
v 0.267770 0.382683 -0.879575
v 0.275989 0.287034 -0.907257
v 0.364355 0.289636 -0.879630
v 0.336068 0.468168 -0.811339
v 0.255295 0.464470 -0.837897
v 0.411892 0.464921 -0.772769
v 0.432571 0.382683 -0.811317
v 0.446223 0.287199 -0.836705
v 0.267770 0.382683 -0.879575
v 0.275989 0.287034 -0.907257
v 0.364355 0.289636 -0.879630
vn -0.1832 0.8819 0.4344
vn 0.8818 0.0007 0.4716
vn -0.9572 0.0015 -0.2895
vn 0.1119 -0.9570 -0.2677
vn 0.2563 0.4696 -0.8448
vn 0.2779 0.2890 -0.9161
vn 0.4162 0.4696 -0.7786
vn 0.4513 0.2890 -0.8443
vt 0.203884 0.000000
vt 1.000000 0.000000
vt 1.000000 0.733693
vt 0.598886 0.369559
vt 0.733693 0.733693
vt 0.000000 0.000000
vt 0.795080 0.000000
vt 0.770707 0.382916
vt 0.137082 0.000000
vt 1.000000 0.796116
vt 0.580702 0.416937
vt 1.000000 0.204920
vt 1.000000 1.000000
vt 0.137082 0.137082
vt 0.565057 0.163654
vt 0.702931 0.654566
vt 0.687500 0.655903
vt 0.687500 0.625000
vt 0.702968 0.625000
vt 0.687500 0.594000
vt 0.703001 0.593133
vt 0.672060 0.654729
vt 0.672040 0.625000
vt 0.672040 0.625000
vt 0.672023 0.593188
s 0
usemtl 
f 1141/1594/552 1130/1595/552 1142/1596/552 1140/1597/552
f 1142/1598/553 1130/1599/553 1144/1600/553 1143/1601/553
f 1146/1602/554 1130/1595/554 1141/1603/554 1145/1604/554
f 1144/1605/555 1130/1606/555 1146/1607/555 1147/1608/555
f 1134/1609/556 1133/1610/556 1131/1611/556 1137/1612/556
f 1137/1612/557 1131/1611/557 1139/1613/557 1138/1614/557
f 1132/1615/558 1135/1616/558 1131/1611/558 1133/1610/558
f 1131/1611/559 1135/1617/559 1136/1618/559 1139/1613/559
o Sphere_cell.053
v 0.001574 0.013762 -0.010317
v 0.108386 0.831470 -0.544895
v 0.063097 0.766819 -0.628133
v 0.047059 0.875120 -0.469272
v 0.055214 0.831470 -0.550132
v 0.182149 0.766753 -0.604528
v 0.123066 0.769717 -0.618695
v 0.135758 0.875269 -0.451374
v 0.159404 0.831470 -0.529419
v 0.091751 0.877048 -0.461262
v 0.047059 0.875120 -0.469272
v 0.055214 0.831470 -0.550132
v 0.063097 0.766819 -0.628133
v 0.182149 0.766753 -0.604528
v 0.123066 0.769717 -0.618695
v 0.135758 0.875269 -0.451374
v 0.159404 0.831470 -0.529419
v 0.091751 0.877048 -0.461262
vn -0.9950 -0.0007 -0.1000
vn 0.1500 -0.6344 -0.7583
vn 0.9570 -0.0005 0.2902
vn -0.1753 0.4702 0.8650
vn 0.0464 0.8810 -0.4709
vn 0.0624 0.7715 -0.6332
vn 0.1374 0.8810 -0.4528
vn 0.1847 0.7715 -0.6088
vt 0.560078 0.210625
vt 1.000000 0.273135
vt 1.000000 1.000000
vt 0.168398 0.168398
vt 1.000000 0.273153
vt 0.273135 0.273135
vt 0.634980 0.270315
vt 1.000000 0.168826
vt 0.273153 0.273153
vt 0.650110 0.210906
vt 1.000000 0.168398
vt 0.168826 0.168826
vt 0.582127 0.166823
vt 0.718750 0.843327
vt 0.718750 0.812500
vt 0.734081 0.812500
vt 0.734094 0.842022
vt 0.734067 0.780009
vt 0.734081 0.812500
vt 0.718750 0.781466
vt 0.703500 0.842123
vt 0.703453 0.812500
vt 0.718750 0.843327
vt 0.718750 0.781466
vt 0.703421 0.779976
s 0
usemtl 
f 1159/1619/560 1160/1620/560 1148/1621/560 1158/1622/560
f 1161/1623/561 1148/1621/561 1160/1624/561 1162/1625/561
f 1163/1626/562 1148/1621/562 1161/1627/562 1164/1628/562
f 1158/1629/563 1148/1621/563 1163/1630/563 1165/1631/563
f 1157/1632/564 1149/1633/564 1152/1634/564 1151/1635/564
f 1150/1636/565 1152/1637/565 1149/1633/565 1154/1638/565
f 1155/1639/566 1156/1640/566 1149/1633/566 1157/1641/566
f 1154/1642/567 1149/1633/567 1156/1640/567 1153/1643/567
o Sphere_cell.054
v 0.003574 0.001162 0.006338
v 0.077108 0.021915 0.078808
v 0.005189 0.004827 0.010810
v 0.007226 0.007694 0.015843
v 0.544895 0.195090 0.815493
v 0.353553 0.382683 0.853553
v 0.375330 0.195090 0.906127
v 0.277041 0.276410 0.910289
v 0.558998 0.006060 0.827887
v 0.555494 0.001389 0.831356
v 0.319067 0.443514 0.830201
v 0.305477 0.382683 0.868137
v 0.400755 0.448774 0.788460
v 0.497401 0.382683 0.776665
v 0.515766 0.367934 0.771898
v 0.691793 0.198356 0.693662
v 0.692717 0.191573 0.694625
v 0.359676 0.462292 0.802264
v 0.337548 0.460929 0.814914
v 0.324886 0.453102 0.823105
v 0.319067 0.443514 0.830201
v 0.305477 0.382683 0.868137
v 0.558998 0.006060 0.827887
v 0.555494 0.001389 0.831356
v 0.497401 0.382683 0.776665
v 0.515766 0.367934 0.771898
v 0.692717 0.191573 0.694625
v 0.400755 0.448774 0.788460
v 0.359676 0.462292 0.802264
v 0.324886 0.453102 0.823105
v 0.277041 0.276410 0.910289
v 0.375330 0.195090 0.906127
v 0.691793 0.198356 0.693662
v 0.337548 0.460929 0.814914
vn -0.9602 0.1089 0.2573
vn 0.4785 0.5865 -0.6535
vn 0.5849 -0.7106 -0.3912
vn -0.5866 -0.7072 0.3948
vn -0.9289 0.3216 0.1836
vn -0.0109 0.8708 -0.4916
vn 0.4009 0.6928 -0.5994
vn 0.4156 0.6753 -0.6093
vn 0.7078 -0.0039 -0.7064
vn 0.5882 -0.7066 -0.3934
vn 0.0986 0.8418 -0.5308
vn -0.2748 0.8807 -0.3859
vn -0.6024 0.7751 -0.1906
vn 0.6073 0.2890 0.7400
vn 0.6312 0.1008 0.7690
vn 0.4162 0.4696 0.7786
vn 0.4513 0.2890 0.8443
vn 0.4691 0.0975 0.8777
vn 0.2563 0.4696 0.8448
vn 0.2779 0.2890 0.9161
vn -0.8426 0.5374 0.0351
vt 1.000000 0.000000
vt 1.000000 1.000000
vt 0.134372 0.000000
vt 0.000000 0.000000
vt 0.771061 0.000000
vt 1.000000 0.209765
vt 1.000000 0.133709
vt 0.209964 0.209724
vt 0.747263 0.137062
vt 1.000000 0.865628
vt 0.509990 0.335022
vt 0.211550 0.000000
vt 1.000000 0.251851
vt 1.000000 0.342646
vt 0.251851 0.251851
vt 0.462466 0.263171
vt 0.507496 0.267758
vt 0.367049 0.000000
vt 0.677864 0.366331
vt 1.000000 0.366082
vt 0.366082 0.366082
vt 1.000000 0.228939
vt 1.000000 0.759288
vt 0.253967 0.000000
vt 0.771803 0.000000
vt 0.759288 0.759288
vt 1.000000 0.779643
vt 0.228197 0.000000
vt 0.374623 0.563904
vt 0.343750 0.620086
vt 0.343750 0.562500
vt 0.343762 0.500421
vt 0.344528 0.501942
vt 0.374781 0.561373
vt 0.374782 0.562500
vt 0.312500 0.653286
vt 0.312500 0.625000
vt 0.340643 0.625000
vt 0.324860 0.648892
vt 0.317099 0.653779
vt 0.312500 0.562500
vt 0.343750 0.620086
vt 0.343750 0.500445
vt 0.312500 0.561686
vt 0.309811 0.650457
vt 0.308362 0.646991
vt 0.303831 0.625000
vt 0.297020 0.589593
vt 0.780487 0.780487
vt 0.211550 0.211550
s 0
usemtl 
f 1168/1644/568 1166/1645/568 1196/1646/568
f 1168/1647/569 1167/1644/569 1166/1645/569
f 1167/1647/570 1188/1648/570 1189/1649/570 1166/1645/570
f 1196/1650/571 1166/1645/571 1189/1651/571 1172/1652/571
f 1168/1644/572 1196/1653/572 1187/1654/572 1186/1655/572
f 1168/1645/573 1169/1647/573 1193/1656/573
f 1198/1657/574 1168/1645/574 1193/1658/574 1190/1659/574 1191/1660/574
f 1198/1661/575 1167/1644/575 1168/1645/575
f 1198/1662/576 1192/1663/576 1167/1645/576
f 1167/1645/577 1192/1664/577 1188/1665/577
f 1169/1644/578 1194/1666/578 1193/1667/578
f 1169/1647/579 1184/1668/579 1194/1669/579
f 1195/1670/580 1184/1671/580 1169/1644/580
f 1181/1672/581 1180/1673/581 1170/1674/581
f 1175/1675/582 1174/1676/582 1182/1677/582 1181/1678/582 1170/1674/582
f 1199/1679/583 1171/1680/583 1179/1681/583 1178/1682/583 1183/1683/583
f 1179/1681/584 1171/1680/584 1197/1684/584 1170/1674/584 1180/1685/584
f 1175/1686/585 1170/1674/585 1197/1687/585
f 1185/1688/586 1176/1689/586 1177/1690/586 1171/1680/586 1199/1679/586
f 1173/1691/587 1197/1684/587 1171/1680/587 1177/1690/587
f 1195/1692/588 1169/1644/588 1168/1645/588 1186/1693/588
o Sphere_cell.055
v 0.005302 0.093085 0.008283
v 0.005529 0.036262 0.008695
v 0.108386 0.980785 0.162212
v 0.147752 0.945182 0.273612
v 0.165874 0.949396 0.248248
v 0.182482 0.951839 0.224252
v 0.092663 0.980785 0.170616
v 0.047708 0.990217 0.086580
v 0.054700 0.990303 0.081864
v 0.062257 0.990220 0.076747
v 0.122493 0.980785 0.150634
v 0.165874 0.949396 0.248248
v 0.182482 0.951839 0.224252
v 0.147752 0.945182 0.273612
v 0.092663 0.980785 0.170616
v 0.047708 0.990217 0.086580
v 0.054700 0.990303 0.081864
v 0.062257 0.990220 0.076747
v 0.122493 0.980785 0.150634
vn -0.8809 -0.0001 0.4732
vn 0.8026 -0.2792 0.5271
vn -0.8817 0.0005 0.4718
vn -0.5573 0.0983 -0.8245
vn 0.7750 -0.0010 -0.6319
vn 0.7760 -0.0015 -0.6307
vn 0.0625 0.9951 0.0761
vn 0.1850 0.9565 0.2254
vn 0.1374 0.9565 0.2571
vn 0.0464 0.9951 0.0869
vt 0.000000 0.000000
vt 1.000000 0.000000
vt 0.891223 0.891223
vt 0.903337 0.000000
vt 0.900918 0.432662
vt 0.896749 0.896749
vt 1.000000 0.891223
vt 0.471879 0.399653
vt 0.062410 0.000000
vt 0.062410 0.062410
vt 0.512674 0.062394
vt 1.000000 0.062560
vt 1.000000 1.000000
vt 1.000000 0.101876
vt 0.062560 0.062560
vt 0.521667 0.072288
vt 0.096663 0.000000
vt 0.358915 0.968188
vt 0.351489 0.968458
vt 0.343750 0.937500
vt 0.358662 0.937500
vt 0.343750 0.903025
vt 0.358715 0.906263
vt 0.328798 0.898397
vt 0.329182 0.937500
vt 0.329182 0.937500
vt 0.336011 0.968458
vt 0.329155 0.968180
s 0
usemtl 
f 1200/1694/589 1201/1695/589 1213/1696/589
f 1212/1697/590 1211/1698/590 1213/1699/590 1201/1694/590
f 1200/1695/591 1213/1700/591 1214/1701/591 1215/1702/591
f 1215/1703/592 1216/1704/592 1217/1705/592 1200/1706/592
f 1212/1707/593 1200/1706/593 1217/1708/593 1218/1709/593
f 1201/1695/594 1200/1706/594 1212/1710/594
f 1209/1711/595 1208/1712/595 1202/1713/595 1210/1714/595
f 1210/1714/596 1202/1713/596 1204/1715/596 1205/1716/596
f 1203/1717/597 1204/1715/597 1202/1713/597 1206/1718/597
f 1206/1719/598 1202/1713/598 1208/1720/598 1207/1721/598
o Sphere_cell.056
v -0.007157 -0.006373 0.007616
v -0.587938 -0.555570 0.587937
v -0.556071 -0.465803 0.675862
v -0.647725 -0.397383 0.647726
v -0.488665 -0.626766 0.594186
v -0.525662 -0.555570 0.639046
v -0.544571 -0.630301 0.544571
v -0.593952 -0.626648 0.489102
v -0.606664 -0.606590 0.499436
v -0.638934 -0.555570 0.525798
v -0.675805 -0.466117 0.555877
v -0.556071 -0.465803 0.675862
v -0.647725 -0.397383 0.647726
v -0.488665 -0.626766 0.594186
v -0.525662 -0.555570 0.639046
v -0.544571 -0.630301 0.544571
v -0.593952 -0.626648 0.489102
v -0.606664 -0.606590 0.499436
v -0.638934 -0.555570 0.525798
v -0.675805 -0.466117 0.555877
vn 0.2843 0.6649 0.6907
vn 0.7723 0.0011 0.6352
vn 0.4479 -0.7728 -0.4496
vn -0.6329 -0.0023 -0.7742
vn -0.6336 -0.0010 -0.7736
vn -0.6909 0.6641 -0.2857
vn -0.5601 -0.4696 0.6825
vn -0.4913 -0.6326 0.5987
vn -0.6825 -0.4696 0.5601
vn -0.5987 -0.6326 0.4913
vt 1.000000 0.358997
vt 1.000000 1.000000
vt 0.386013 0.385812
vt 1.000000 0.405670
vt 0.358997 0.358997
vt 0.692539 0.377524
vt 0.702061 0.402228
vt 1.000000 0.405672
vt 0.405670 0.405670
vt 1.000000 0.424975
vt 0.405672 0.405672
vt 1.000000 0.358697
vt 0.424975 0.424975
vt 0.648877 0.394039
vt 1.000000 0.385823
vt 0.358697 0.358697
vt 0.140428 0.344952
vt 0.125000 0.369686
vt 0.125000 0.312500
vt 0.140446 0.312500
vt 0.140461 0.283136
vt 0.140446 0.312500
vt 0.125000 0.281678
vt 0.109588 0.312500
vt 0.124995 0.369694
vt 0.109551 0.344838
vt 0.125000 0.281678
vt 0.109617 0.291457
vt 0.109639 0.283184
s 0
usemtl 
f 1230/1722/599 1219/1723/599 1231/1724/599
f 1232/1725/600 1219/1723/600 1230/1726/600 1233/1727/600
f 1234/1728/601 1235/1729/601 1219/1723/601 1232/1730/601
f 1236/1731/602 1219/1723/602 1235/1732/602
f 1238/1733/603 1219/1723/603 1236/1734/603 1237/1735/603
f 1231/1736/604 1219/1723/604 1238/1737/604
f 1221/1738/605 1222/1739/605 1220/1740/605 1224/1741/605
f 1223/1742/606 1224/1743/606 1220/1740/606 1225/1744/606
f 1228/1745/607 1220/1740/607 1222/1746/607 1229/1747/607
f 1225/1748/608 1220/1740/608 1228/1745/608 1227/1749/608 1226/1750/608
o Sphere_cell.057
v -0.009617 -0.014286 0.001988
v -0.009516 -0.019506 0.002127
v -0.544895 -0.831470 0.108386
v -0.393325 -0.916119 0.039372
v -0.603706 -0.767451 0.181943
v -0.529419 -0.831470 0.159403
v -0.422756 -0.891335 0.127051
v -0.407928 -0.906114 0.081142
v -0.550150 -0.831470 0.055031
v -0.627849 -0.767075 0.062808
v -0.618471 -0.769904 0.123021
v -0.529419 -0.831470 0.159403
v -0.422756 -0.891335 0.127051
v -0.603706 -0.767451 0.181943
v -0.407928 -0.906114 0.081142
v -0.550150 -0.831470 0.055031
v -0.627849 -0.767075 0.062808
v -0.393325 -0.916119 0.039372
v -0.618471 -0.769904 0.123021
vn -0.0333 -0.0272 -0.9991
vn 0.2540 0.0307 0.9667
vn 0.2901 -0.0004 0.9570
vn 0.8540 -0.3494 0.3854
vn -0.0989 0.0008 -0.9951
vn -0.7569 0.6348 0.1554
vn -0.6088 -0.7715 0.1847
vn -0.4528 -0.8810 0.1374
vn -0.6332 -0.7715 0.0624
vn -0.4709 -0.8810 0.0464
vt 1.000000 1.000000
vt 0.129120 0.000000
vt 1.000000 0.000000
vt 1.000000 0.274060
vt 0.000000 0.000000
vt 1.000000 0.153816
vt 0.274060 0.274060
vt 0.590979 0.211923
vt 1.000000 0.129647
vt 0.153816 0.153816
vt 0.597543 0.139478
vt 0.273141 0.000000
vt 1.000000 0.870880
vt 0.529540 0.318616
vt 1.000000 0.273246
vt 0.273141 0.273141
vt 0.635729 0.270359
vt 0.046578 0.219968
vt 0.031250 0.218440
vt 0.031250 0.187500
vt 0.046547 0.187500
vt 0.031250 0.137015
vt 0.046462 0.147011
vt 0.015868 0.219862
vt 0.015866 0.187500
vt 0.015890 0.130160
vt 0.015866 0.187500
s 0
usemtl 
f 1240/1751/609 1256/1752/609 1239/1753/609
f 1252/1754/610 1240/1751/610 1239/1755/610
f 1251/1756/611 1240/1751/611 1252/1757/611 1250/1758/611
f 1256/1759/612 1240/1751/612 1251/1760/612 1253/1761/612
f 1255/1762/613 1239/1753/613 1256/1763/613 1254/1764/613
f 1252/1765/614 1239/1751/614 1255/1766/614 1257/1767/614
f 1243/1768/615 1249/1769/615 1241/1770/615 1244/1771/615
f 1244/1771/616 1241/1770/616 1246/1772/616 1245/1773/616
f 1249/1769/617 1248/1774/617 1247/1775/617 1241/1770/617
f 1242/1776/618 1246/1772/618 1241/1770/618 1247/1777/618
o Sphere_cell.058
v -0.006091 0.005915 -0.006252
v -0.587937 0.555570 -0.587938
v -0.731414 0.463015 -0.490718
v -0.620290 0.469970 -0.620291
v -0.555368 0.466474 -0.675977
v -0.521628 0.669831 -0.521634
v -0.673815 0.579963 -0.451892
v -0.690419 0.555570 -0.463063
v -0.470198 0.530275 -0.701970
v -0.451455 0.579746 -0.674403
v -0.462587 0.555570 -0.690810
v -0.731414 0.463015 -0.490718
v -0.620290 0.469970 -0.620291
v -0.555368 0.466474 -0.675977
v -0.673815 0.579963 -0.451892
v -0.690419 0.555570 -0.463063
v -0.451455 0.579746 -0.674403
v -0.462587 0.555570 -0.690810
v -0.470198 0.530275 -0.701970
v -0.521628 0.669831 -0.521634
vn -0.3333 -0.8820 -0.3332
vn -0.0001 0.6132 0.7900
vn -0.5563 -0.0019 0.8310
vn 0.2862 -0.6636 -0.6911
vn 0.8304 -0.0042 -0.5571
vn 0.7895 0.6137 0.0008
vn -0.6825 0.4696 -0.5601
vn -0.5987 0.6326 -0.4913
vn -0.4913 0.6326 -0.5987
vn -0.5601 0.4696 -0.6825
vt 1.000000 1.000000
vt 0.304863 0.304863
vt 0.765606 0.333715
vt 1.000000 0.358196
vt 0.364259 0.364242
vt 1.000000 0.360427
vt 0.505899 0.344431
vt 1.000000 0.304863
vt 0.360427 0.360427
vt 0.334214 0.000000
vt 1.000000 0.000000
vt 1.000000 0.640835
vt 1.000000 0.361056
vt 0.334214 0.334214
vt 0.651672 0.345105
vt 1.000000 0.365214
vt 0.361056 0.361056
vt 0.905947 0.654040
vt 0.905971 0.687500
vt 0.875000 0.687500
vt 0.875000 0.656555
vt 0.905970 0.697561
vt 0.875000 0.734625
vt 0.874893 0.734545
vt 0.843890 0.697471
vt 0.843910 0.687500
vt 0.859460 0.655291
vt 0.843929 0.678356
s 0
usemtl 
f 1258/1778/619 1269/1779/619 1270/1780/619 1271/1781/619
f 1258/1778/620 1277/1782/620 1272/1783/620
f 1273/1784/621 1269/1785/621 1258/1778/621 1272/1786/621
f 1276/1787/622 1258/1788/622 1271/1789/622
f 1274/1790/623 1258/1778/623 1276/1791/623 1275/1792/623
f 1277/1793/624 1258/1778/624 1274/1794/624
f 1260/1795/625 1265/1796/625 1259/1797/625 1261/1798/625
f 1264/1799/626 1263/1800/626 1259/1797/626 1265/1796/626
f 1263/1801/627 1267/1802/627 1268/1803/627 1259/1797/627
f 1262/1804/628 1261/1798/628 1259/1797/628 1268/1803/628 1266/1805/628
o Sphere_cell.059
v -0.005976 0.002301 0.007927
v -0.077399 0.022361 0.078958
v -0.544895 0.195090 0.815493
v -0.692093 0.198204 0.693474
v -0.601647 0.285355 0.733666
v -0.529263 0.287845 0.792098
v -0.366284 0.282713 0.880969
v -0.376698 0.191741 0.905768
v -0.464931 0.097669 0.869062
v -0.624885 0.097834 0.762178
v -0.550171 0.098674 0.823388
v -0.692942 0.191904 0.694398
v -0.529263 0.287845 0.792098
v -0.366284 0.282713 0.880969
v -0.601647 0.285355 0.733666
v -0.376698 0.191741 0.905768
v -0.464931 0.097669 0.869062
v -0.624885 0.097834 0.762178
v -0.550171 0.098674 0.823388
v -0.692093 0.198204 0.693474
v -0.692942 0.191904 0.694398
vn -0.4504 0.6314 -0.6312
vn -0.4011 0.6927 -0.5994
vn 0.1614 0.9571 -0.2408
vn 0.9242 -0.0017 0.3820
vn 0.5895 -0.7060 0.3924
vn -0.0551 -0.9952 0.0809
vn -0.5875 -0.7077 -0.3924
vn -0.6713 -0.5199 -0.5282
vn -0.7082 -0.0082 -0.7060
vn -0.4503 0.2857 0.8459
vn -0.4691 0.0975 0.8777
vn -0.6082 0.2849 0.7409
vn -0.6314 0.0975 0.7693
vt 0.000000 0.000000
vt 1.000000 0.342295
vt 1.000000 1.000000
vt 0.342295 0.342295
vt 1.000000 0.303860
vt 1.000000 0.162554
vt 0.303860 0.303860
vt 0.530690 0.247808
vt 1.000000 0.138595
vt 0.162554 0.162554
vt 1.000000 0.173561
vt 0.138595 0.138595
vt 1.000000 0.276146
vt 0.173561 0.173561
vt 0.583070 0.217398
vt 1.000000 0.341430
vt 0.276146 0.276146
vt 1.000000 0.000000
vt 0.366466 0.000000
vt 0.680587 0.366685
vt 1.000000 0.367362
vt 0.156250 0.593403
vt 0.156250 0.562500
vt 0.187272 0.562500
vt 0.187287 0.591693
vt 0.171817 0.531290
vt 0.187272 0.562500
vt 0.156250 0.531612
vt 0.125162 0.563537
vt 0.125164 0.562500
vt 0.140684 0.592573
vt 0.125182 0.561431
vt 0.140702 0.531343
vt 0.156250 0.531612
s 0
usemtl 
f 1279/1806/629 1297/1807/629 1278/1808/629
f 1297/1809/630 1292/1810/630 1278/1808/630
f 1291/1811/631 1278/1808/631 1292/1812/631 1290/1813/631
f 1293/1814/632 1278/1808/632 1291/1815/632
f 1294/1816/633 1278/1808/633 1293/1817/633
f 1295/1818/634 1278/1808/634 1294/1819/634 1296/1820/634
f 1298/1821/635 1278/1808/635 1295/1822/635
f 1279/1823/636 1278/1808/636 1298/1824/636
f 1298/1825/637 1297/1826/637 1279/1808/637
f 1283/1827/638 1280/1828/638 1285/1829/638 1284/1830/638
f 1286/1831/639 1285/1832/639 1280/1828/639 1288/1833/639
f 1281/1834/640 1289/1835/640 1280/1828/640 1283/1827/640 1282/1836/640
f 1289/1837/641 1287/1838/641 1288/1839/641 1280/1828/641
o Sphere_cell.060
v 0.002975 0.015130 -0.024664
v 0.002160 0.003732 -0.010085
v 0.180240 0.382683 -0.906127
v 0.125946 0.552990 -0.820444
v 0.164996 0.528872 -0.829490
v 0.082105 0.550778 -0.825945
v 0.253410 0.464827 -0.838270
v 0.090802 0.382683 -0.914936
v 0.093666 0.286744 -0.943757
v 0.265888 0.382683 -0.880146
v 0.274095 0.286533 -0.907989
v 0.191343 0.200208 -0.960325
v 0.125946 0.552990 -0.820444
v 0.164996 0.528872 -0.829490
v 0.082105 0.550778 -0.825945
v 0.090802 0.382683 -0.914936
v 0.253410 0.464827 -0.838270
v 0.265888 0.382683 -0.880146
v 0.274095 0.286533 -0.907989
v 0.191343 0.200208 -0.960325
v 0.093666 0.286744 -0.943757
vn 0.5315 0.6614 0.5292
vn -0.1103 0.8313 0.5448
vn 0.5729 0.6298 0.5245
vn -0.9952 0.0002 -0.0981
vn -0.9886 -0.0870 -0.1232
vn 0.9572 -0.0021 0.2893
vn 0.7217 -0.6922 0.0006
vn -0.6632 -0.6958 -0.2759
vn 0.0941 0.2888 -0.9528
vn 0.0865 0.4696 -0.8786
vn 0.2563 0.4696 -0.8448
vn 0.2779 0.2890 -0.9161
vt 0.785061 0.543972
vt 0.776181 0.776181
vt 0.000000 0.000000
vt 0.793655 0.000000
vt 0.218530 0.000000
vt 1.000000 0.000000
vt 1.000000 0.776181
vt 1.000000 0.206345
vt 1.000000 1.000000
vt 1.000000 0.104049
vt 0.218530 0.218530
vt 0.728114 0.131892
vt 0.102404 0.000000
vt 0.796652 0.796652
vt 0.863093 0.000000
vt 0.836630 0.417396
vt 0.863092 0.863092
vt 0.913496 0.000000
vt 0.102404 0.102404
vt 1.000000 0.086504
vt 0.734257 0.625000
vt 0.718750 0.625000
vt 0.718750 0.564308
vt 0.734267 0.593258
vt 0.734231 0.685768
vt 0.725768 0.686567
vt 0.718750 0.677848
vt 0.703307 0.625000
vt 0.718750 0.677848
vt 0.703277 0.654695
vt 0.703340 0.592966
s 0
usemtl 
f 1312/1840/642 1311/1841/642 1299/1842/642 1315/1843/642
f 1313/1844/643 1299/1845/643 1311/1846/643
f 1315/1847/644 1299/1848/644 1300/1842/644
f 1319/1849/645 1299/1848/645 1313/1850/645 1314/1851/645
f 1299/1848/646 1319/1852/646 1300/1845/646
f 1315/1853/647 1300/1842/647 1317/1854/647 1316/1855/647
f 1317/1856/648 1300/1842/648 1318/1857/648
f 1319/1858/649 1318/1859/649 1300/1848/649
f 1306/1860/650 1301/1861/650 1310/1862/650 1307/1863/650
f 1304/1864/651 1302/1865/651 1303/1866/651 1301/1861/651 1306/1860/651
f 1308/1867/652 1301/1861/652 1303/1868/652 1305/1869/652
f 1301/1861/653 1308/1867/653 1309/1870/653 1310/1862/653
o Sphere_cell.061
v -0.009791 0.002427 0.003926
v -0.906127 0.195090 0.375330
v -0.907464 0.285776 0.276612
v -0.933671 0.195090 0.284531
v -0.942835 0.097495 0.287273
v -0.837422 0.285310 0.446092
v -0.880075 0.288050 0.364539
v -0.861395 0.195090 0.459018
v -0.869765 0.097696 0.463610
v -0.914915 0.098508 0.378970
v -0.907464 0.285776 0.276612
v -0.933671 0.195090 0.284531
v -0.942835 0.097495 0.287273
v -0.837422 0.285310 0.446092
v -0.880075 0.288050 0.364539
v -0.861395 0.195090 0.459018
v -0.869765 0.097696 0.463610
v -0.914915 0.098508 0.378970
vn -0.2905 0.0004 -0.9569
vn 0.2691 0.9570 -0.1086
vn 0.4715 0.0011 0.8819
vn -0.0898 -0.9952 0.0383
vn -0.8443 0.2890 0.4513
vn -0.8777 0.0975 0.4691
vn -0.9524 0.0975 0.2889
vn -0.9161 0.2890 0.2779
vt 1.000000 0.136952
vt 1.000000 1.000000
vt 0.102862 0.102862
vt 0.554872 0.111715
vt 1.000000 0.204358
vt 0.136952 0.136952
vt 0.564763 0.163318
vt 0.204358 0.204358
vt 0.590847 0.181242
vt 1.000000 0.173125
vt 0.582765 0.129709
vt 1.000000 0.102862
vt 0.173125 0.173125
vt 0.062500 0.562500
vt 0.077923 0.562500
vt 0.077901 0.592558
vt 0.062500 0.593471
vt 0.077923 0.562500
vt 0.062500 0.531559
vt 0.077942 0.531298
vt 0.047078 0.562500
vt 0.047070 0.531234
vt 0.047089 0.592714
s 0
usemtl 
f 1330/1871/654 1320/1872/654 1332/1873/654 1331/1874/654
f 1333/1875/655 1320/1872/655 1330/1876/655 1334/1877/655
f 1320/1872/656 1333/1878/656 1335/1879/656 1336/1880/656
f 1337/1881/657 1332/1882/657 1320/1872/657 1336/1883/657
f 1321/1884/658 1327/1885/658 1325/1886/658 1326/1887/658
f 1327/1888/659 1321/1884/659 1329/1889/659 1328/1890/659
f 1321/1884/660 1323/1891/660 1324/1892/660 1329/1889/660
f 1322/1893/661 1323/1891/661 1321/1884/661 1326/1887/661
o Sphere_cell.062
v -0.009576 -0.010417 -0.003535
v -0.653281 -0.707107 -0.270598
v -0.604952 -0.765861 -0.184479
v -0.558327 -0.765795 -0.297272
v -0.583856 -0.768776 -0.241841
v -0.621145 -0.707107 -0.330721
v -0.677495 -0.628959 -0.360694
v -0.710061 -0.632219 -0.294117
v -0.734662 -0.628325 -0.223977
v -0.673110 -0.707107 -0.205230
v -0.604952 -0.765861 -0.184479
v -0.583856 -0.768776 -0.241841
v -0.558327 -0.765795 -0.297272
v -0.621145 -0.707107 -0.330721
v -0.677495 -0.628959 -0.360694
v -0.710061 -0.632219 -0.294117
v -0.734662 -0.628325 -0.223977
v -0.673110 -0.707107 -0.205230
vn 0.7148 -0.6340 0.2951
vn 0.4708 0.0011 -0.8823
vn -0.5837 0.7733 -0.2476
vn -0.2911 0.0002 0.9567
vn -0.6088 -0.7715 -0.1847
vn -0.7412 -0.6326 -0.2248
vn -0.6831 -0.6326 -0.3651
vn -0.5611 -0.7715 -0.2999
vt 0.729356 0.364893
vt 0.726445 0.726445
vt 0.000000 0.000000
vt 0.726595 0.000000
vt 0.357735 0.000000
vt 1.000000 0.000000
vt 1.000000 0.726445
vt 0.690135 0.383015
vt 1.000000 1.000000
vt 0.357735 0.357735
vt 0.676489 0.326670
vt 1.000000 0.303262
vt 0.665058 0.280676
vt 1.000000 0.273405
vt 0.303262 0.303262
vt 0.937500 0.250000
vt 0.937500 0.219007
vt 0.952893 0.220473
vt 0.952900 0.250000
vt 0.937500 0.280887
vt 0.952900 0.250000
vt 0.952904 0.282493
vt 0.922131 0.250000
vt 0.922137 0.282231
vt 0.922131 0.220505
s 0
usemtl 
f 1349/1894/662 1350/1895/662 1338/1896/662 1348/1897/662
f 1352/1898/663 1338/1899/663 1350/1900/663 1351/1901/663
f 1338/1902/664 1352/1903/664 1353/1904/664 1354/1905/664
f 1355/1906/665 1348/1907/665 1338/1902/665 1354/1908/665
f 1339/1909/666 1342/1910/666 1340/1911/666 1347/1912/666
f 1345/1913/667 1339/1909/667 1347/1914/667 1346/1915/667
f 1343/1916/668 1339/1909/668 1345/1913/668 1344/1917/668
f 1342/1910/669 1339/1909/669 1343/1916/669 1341/1918/669
o Sphere_cell.063
v -0.005200 0.005309 0.006650
v -0.008509 0.008997 0.008942
v -0.461940 0.555570 0.691341
v -0.587938 0.555570 0.587937
v -0.363642 0.626749 0.677966
v -0.391074 0.555570 0.729220
v -0.413532 0.466153 0.771148
v -0.554844 0.466319 0.676514
v -0.487434 0.469717 0.729497
v -0.597259 0.530300 0.597677
v -0.615173 0.562155 0.546274
v -0.611859 0.555570 0.558789
v -0.548832 0.622957 0.548832
v -0.427758 0.630539 0.640185
v -0.363642 0.626749 0.677966
v -0.391074 0.555570 0.729220
v -0.413532 0.466153 0.771148
v -0.554844 0.466319 0.676514
v -0.487434 0.469717 0.729497
v -0.597259 0.530300 0.597677
v -0.615173 0.562155 0.546274
v -0.611859 0.555570 0.558789
v -0.548832 0.622957 0.548832
v -0.427758 0.630539 0.640185
vn 0.5542 0.7372 -0.3866
vn 0.8819 -0.0005 0.4714
vn -0.2630 -0.8819 0.3912
vn -0.7334 -0.6643 -0.1446
vn -0.7363 -0.6593 -0.1520
vn -0.7857 -0.4263 -0.4482
vn -0.3545 0.4219 -0.8345
vn 0.3520 0.7732 -0.5275
vn -0.3651 0.6326 0.6831
vn -0.4162 0.4696 0.7786
vn -0.4913 0.6326 0.5987
vn -0.5601 0.4696 0.6825
vn -0.5987 0.6326 0.4913
vn -0.6831 0.4680 0.5606
vt 0.000000 0.000000
vt 1.000000 0.356634
vt 1.000000 1.000000
vt 0.356634 0.356634
vt 0.659594 0.307645
vt 1.000000 0.267604
vt 1.000000 0.357860
vt 0.267604 0.267604
vt 0.629109 0.307304
vt 1.000000 0.433481
vt 0.357860 0.357860
vt 0.436870 0.433341
vt 0.869884 0.419257
vt 1.000000 0.416012
vt 1.000000 0.000000
vt 0.417361 0.000000
vt 1.000000 0.409845
vt 0.417361 0.417361
vt 1.000000 0.357830
vt 0.409845 0.409845
vt 0.804984 0.370042
vt 0.171510 0.716925
vt 0.156250 0.718420
vt 0.156250 0.687500
vt 0.171656 0.687500
vt 0.171660 0.655175
vt 0.156250 0.656464
vt 0.125000 0.715293
vt 0.125000 0.687500
vt 0.140675 0.655235
vt 0.125055 0.678365
vt 0.115532 0.690216
vt 0.117771 0.687500
vt 0.125000 0.715293
vt 0.117771 0.687500
vt 0.125000 0.678446
s 0
usemtl 
f 1357/1919/670 1370/1920/670 1356/1921/670
f 1356/1921/671 1370/1922/671 1371/1923/671 1372/1924/671
f 1373/1925/672 1356/1921/672 1372/1926/672 1374/1927/672
f 1375/1928/673 1356/1921/673 1373/1929/673
f 1356/1921/674 1375/1930/674 1377/1931/674 1376/1932/674
f 1357/1933/675 1356/1921/675 1376/1934/675
f 1368/1935/676 1357/1921/676 1376/1936/676
f 1370/1937/677 1357/1921/677 1368/1938/677 1369/1939/677
f 1360/1940/678 1379/1941/678 1358/1942/678 1361/1943/678
f 1362/1944/679 1361/1943/679 1358/1942/679 1364/1945/679
f 1378/1946/680 1359/1947/680 1358/1942/680 1379/1941/680
f 1363/1948/681 1364/1945/681 1358/1942/681 1359/1947/681 1365/1949/681
f 1366/1950/682 1367/1951/682 1359/1947/682 1378/1952/682
f 1367/1953/683 1365/1954/683 1359/1947/683
o Sphere_cell.064
v -0.007251 0.006764 -0.001612
v -0.693520 0.707107 -0.137950
v -0.754090 0.631856 -0.149998
v -0.735248 0.628189 -0.222427
v -0.764213 0.628337 -0.076535
v -0.681024 0.670984 -0.280776
v -0.676612 0.676682 -0.279287
v -0.653530 0.707107 -0.269779
v -0.590898 0.762716 -0.243946
v -0.620015 0.768612 -0.123329
v -0.629589 0.765622 -0.063107
v -0.703447 0.703162 -0.070028
v -0.700239 0.707107 -0.069731
v -0.754090 0.631856 -0.149998
v -0.764213 0.628337 -0.076535
v -0.735248 0.628189 -0.222427
v -0.681024 0.670984 -0.280776
v -0.676612 0.676682 -0.279287
v -0.653530 0.707107 -0.269779
v -0.590898 0.762716 -0.243946
v -0.620015 0.768612 -0.123329
v -0.629589 0.765622 -0.063107
v -0.700239 0.707107 -0.069731
v -0.703447 0.703162 -0.070028
vn -0.6225 -0.7729 -0.1228
vn -0.3018 -0.6130 -0.7301
vn 0.3559 -0.0315 -0.9340
vn 0.3822 -0.0012 -0.9241
vn 0.7582 0.6341 0.1520
vn -0.0954 0.0025 0.9954
vn -0.1017 -0.0039 0.9948
vn -0.6332 0.7715 -0.0624
vn -0.7708 0.6326 -0.0759
vn -0.6088 0.7715 -0.1847
vn -0.7412 0.6326 -0.2248
vt 1.000000 1.000000
vt 0.274154 0.274154
vt 0.633297 0.283873
vt 1.000000 0.301950
vt 1.000000 0.353827
vt 0.301950 0.301950
vt 1.000000 0.357934
vt 0.353827 0.353827
vt 0.357934 0.357934
vt 0.554483 0.328780
vt 1.000000 0.275495
vt 1.000000 0.272373
vt 0.275495 0.275495
vt 0.760014 0.269617
vt 0.272373 0.272373
vt 0.961822 0.328442
vt 1.000000 0.332223
vt 0.332223 0.332223
vt 1.000000 0.274154
vt 0.984101 0.779408
vt 0.968750 0.780910
vt 0.968750 0.750000
vt 0.984204 0.750000
vt 0.984208 0.748373
vt 0.984204 0.750000
vt 0.968750 0.718964
vt 0.984115 0.717512
vt 0.937688 0.777947
vt 0.937693 0.750000
vt 0.968750 0.780910
vt 0.937758 0.735102
vt 0.953245 0.717451
vt 0.968750 0.718964
vt 0.937692 0.737452
s 0
usemtl 
f 1380/1955/684 1394/1956/684 1393/1957/684 1395/1958/684
f 1396/1959/685 1380/1955/685 1395/1960/685
f 1397/1961/686 1380/1955/686 1396/1962/686
f 1380/1955/687 1397/1963/687 1398/1964/687 1399/1965/687
f 1401/1966/688 1380/1955/688 1399/1967/688 1400/1968/688
f 1380/1955/689 1401/1969/689 1402/1970/689 1403/1971/689
f 1380/1955/690 1403/1972/690 1394/1973/690
f 1390/1974/691 1389/1975/691 1381/1976/691 1392/1977/691
f 1391/1978/692 1392/1979/692 1381/1976/692 1382/1980/692 1384/1981/692
f 1388/1982/693 1387/1983/693 1381/1976/693 1389/1984/693
f 1385/1985/694 1383/1986/694 1382/1987/694 1381/1976/694 1387/1983/694 1386/1988/694
o Sphere_cell.065
v -0.003844 -0.031174 0.009032
v -0.002329 -0.012811 0.004895
v -0.146447 -0.923880 0.353553
v -0.212608 -0.923880 0.318190
v -0.136869 -0.876295 0.449041
v -0.221495 -0.876288 0.413912
v -0.179175 -0.878167 0.432565
v -0.111322 -0.923880 0.364208
v -0.085375 -0.951294 0.278093
v -0.197731 -0.944666 0.242179
v -0.278450 -0.891729 0.341592
v -0.240786 -0.923880 0.295064
v -0.251803 -0.886169 0.376850
v -0.166880 -0.948847 0.249754
v -0.108567 -0.953606 0.263132
v -0.221495 -0.876288 0.413912
v -0.179175 -0.878167 0.432565
v -0.136869 -0.876295 0.449041
v -0.111322 -0.923880 0.364208
v -0.085375 -0.951294 0.278093
v -0.278450 -0.891729 0.341592
v -0.240786 -0.923880 0.295064
v -0.251803 -0.886169 0.376850
v -0.197731 -0.944666 0.242179
v -0.166880 -0.948847 0.249754
v -0.108567 -0.953606 0.263132
vn -0.3380 0.4716 0.8144
vn 0.9574 -0.0007 0.2887
vn -0.2204 -0.1970 -0.9553
vn -0.7758 0.0021 -0.6310
vn -0.7521 0.4282 0.5009
vn 0.9940 -0.0615 0.0908
vn 0.1928 -0.2809 -0.9402
vn 0.5400 -0.2800 -0.7938
vn -0.1374 -0.8810 0.4528
vn -0.0846 -0.9565 0.2790
vn -0.1373 -0.9566 0.2571
vn -0.2231 -0.8810 0.4173
vn -0.3002 -0.8810 0.3658
vn -0.1850 -0.9565 0.2254
vt 0.832857 0.000000
vt 0.834565 0.421084
vt 0.832657 0.832657
vt 0.000000 0.000000
vt 0.095114 0.000000
vt 1.000000 0.000000
vt 1.000000 0.832657
vt 0.527922 0.406416
vt 1.000000 0.101729
vt 1.000000 1.000000
vt 0.101729 0.101729
vt 0.558147 0.121663
vt 1.000000 0.152608
vt 0.555814 0.157800
vt 1.000000 0.167143
vt 0.152608 0.152608
vt 0.096797 0.000000
vt 0.896491 0.896491
vt 0.905255 0.003904
vt 0.900594 0.585079
vt 0.905265 0.905265
vt 0.903203 0.000000
vt 0.187500 0.155917
vt 0.187500 0.125000
vt 0.202790 0.125000
vt 0.202914 0.157183
vt 0.202595 0.094890
vt 0.187721 0.092351
vt 0.156250 0.125000
vt 0.156250 0.097578
vt 0.187500 0.092362
vt 0.156250 0.150505
vt 0.171799 0.157188
vt 0.141155 0.146745
vt 0.141065 0.125000
vt 0.156250 0.150505
vt 0.141023 0.102170
s 0
usemtl 
f 1419/1989/695 1420/1990/695 1421/1991/695 1405/1992/695
f 1423/1993/696 1405/1994/696 1421/1995/696 1422/1996/696
f 1404/1992/697 1427/1997/697 1405/1998/697
f 1427/1999/698 1425/2000/698 1424/2001/698 1405/1998/698
f 1426/2002/699 1419/2003/699 1405/1998/699 1424/2004/699
f 1423/2005/700 1404/1994/700 1405/1998/700
f 1427/2006/701 1404/1992/701 1429/2007/701 1428/2008/701
f 1429/2009/702 1404/1992/702 1423/2010/702
f 1410/2011/703 1406/2012/703 1411/2013/703 1408/2014/703
f 1412/2015/704 1411/2013/704 1406/2012/704 1418/2016/704
f 1406/2012/705 1407/2017/705 1417/2018/705 1418/2019/705
f 1416/2020/706 1407/2017/706 1406/2012/706 1410/2011/706 1409/2021/706
f 1414/2022/707 1415/2023/707 1407/2017/707 1416/2024/707
f 1417/2018/708 1407/2017/708 1415/2023/708 1413/2025/708
o Sphere_cell.066
v 0.001706 0.030982 -0.010294
v 0.000210 0.012351 -0.005341
v 0.074658 0.923880 -0.375330
v 0.000000 0.923880 -0.382683
v 0.135461 0.876310 -0.449438
v 0.091327 0.878209 -0.459132
v 0.045956 0.876374 -0.467034
v 0.109563 0.923880 -0.364742
v 0.083136 0.951436 -0.278285
v -0.029785 0.944457 -0.311916
v -0.036688 0.923880 -0.379070
v -0.042623 0.891787 -0.438526
v 0.000000 0.886198 -0.453181
v 0.055615 0.953489 -0.279595
v 0.000000 0.948676 -0.300941
v 0.135461 0.876310 -0.449438
v 0.091327 0.878209 -0.459132
v 0.045956 0.876374 -0.467034
v 0.109563 0.923880 -0.364742
v -0.036688 0.923880 -0.379070
v -0.042623 0.891787 -0.438526
v 0.000000 0.886198 -0.453181
v 0.083136 0.951436 -0.278285
v 0.055615 0.953489 -0.279595
v -0.029785 0.944457 -0.311916
v 0.000000 0.948676 -0.300941
vn 0.1698 -0.4714 -0.8654
vn 0.9564 0.0005 0.2922
vn 0.9520 0.0049 0.3061
vn -0.4718 0.2618 0.8420
vn -0.9949 0.0009 0.1005
vn -0.3435 -0.4284 -0.8357
vn -0.0246 0.2815 0.9593
vn -0.3656 0.2804 0.8875
vn 0.0286 0.9565 -0.2902
vn 0.0464 0.8810 -0.4709
vn 0.0846 0.9565 -0.2790
vn 0.1374 0.8810 -0.4528
vn -0.0286 0.9565 -0.2902
vn -0.0464 0.8810 -0.4709
vt 1.000000 0.167733
vt 1.000000 1.000000
vt 0.167235 0.167235
vt 0.586654 0.165687
vt 1.000000 0.095374
vt 0.167733 0.167733
vt 0.592713 0.121908
vt 0.097104 0.000000
vt 1.000000 0.000000
vt 0.000000 0.000000
vt 1.000000 0.101858
vt 0.101858 0.101858
vt 0.556516 0.121769
vt 1.000000 0.152809
vt 1.000000 0.167235
vt 0.152809 0.152809
vt 0.559551 0.157989
vt 0.094632 0.000000
vt 1.000000 0.902896
vt 0.682737 0.099478
vt 1.000000 0.103681
vt 0.094632 0.094632
vt 0.718750 0.907521
vt 0.718750 0.875000
vt 0.750000 0.875000
vt 0.750000 0.902234
vt 0.718750 0.844112
vt 0.734389 0.842870
vt 0.750000 0.849515
vt 0.703794 0.905251
vt 0.703556 0.875000
vt 0.718750 0.844112
vt 0.703556 0.875000
vt 0.703408 0.842827
vt 0.765357 0.875000
vt 0.765156 0.897600
vt 0.765420 0.853295
s 0
usemtl 
f 1445/2026/709 1431/2027/709 1447/2028/709 1446/2029/709
f 1452/2030/710 1431/2027/710 1445/2031/710 1448/2032/710
f 1452/2033/711 1430/2034/711 1431/2027/711
f 1431/2027/712 1430/2035/712 1454/2036/712
f 1454/2037/713 1449/2038/713 1450/2039/713 1431/2027/713
f 1447/2040/714 1431/2027/714 1450/2041/714 1451/2042/714
f 1453/2043/715 1430/2034/715 1452/2044/715
f 1455/2045/716 1454/2046/716 1430/2027/716 1453/2047/716
f 1443/2048/717 1432/2049/717 1433/2050/717 1444/2051/717
f 1433/2050/718 1432/2049/718 1435/2052/718 1436/2053/718 1442/2054/718
f 1438/2055/719 1437/2056/719 1432/2049/719 1443/2048/719
f 1435/2057/720 1432/2049/720 1437/2058/720 1434/2059/720
f 1444/2051/721 1433/2050/721 1440/2060/721 1439/2061/721
f 1440/2060/722 1433/2050/722 1442/2054/722 1441/2062/722
o Sphere_cell.067
v -0.008564 -0.006658 -0.002971
v -0.768177 -0.555570 -0.318190
v -0.678522 -0.627087 -0.362015
v -0.675261 -0.580012 -0.449677
v -0.711252 -0.630649 -0.294610
v -0.735793 -0.626996 -0.223986
v -0.795455 -0.579972 -0.159613
v -0.815137 -0.555570 -0.163385
v -0.863795 -0.463012 -0.172590
v -0.691951 -0.555570 -0.460798
v -0.703205 -0.530280 -0.468282
v -0.810318 -0.470235 -0.335645
v -0.771575 -0.466854 -0.411943
v -0.678522 -0.627087 -0.362015
v -0.675261 -0.580012 -0.449677
v -0.711252 -0.630649 -0.294610
v -0.735793 -0.626996 -0.223986
v -0.795455 -0.579972 -0.159613
v -0.815137 -0.555570 -0.163385
v -0.863795 -0.463012 -0.172590
v -0.691951 -0.555570 -0.460798
v -0.703205 -0.530280 -0.468282
v -0.810318 -0.470235 -0.335645
v -0.771575 -0.466854 -0.411943
vn 0.7298 -0.6132 -0.3022
vn 0.5856 -0.7732 0.2435
vn 0.3024 -0.6142 0.7289
vn -0.1926 -0.0037 0.9813
vn 0.5558 0.0013 -0.8313
vn -0.4347 0.8821 -0.1816
vn 0.0001 0.6642 -0.7476
vn -0.8448 -0.4696 -0.2563
vn -0.7412 -0.6326 -0.2248
vn -0.7786 -0.4696 -0.4162
vn -0.6831 -0.6326 -0.3651
vt 1.000000 0.000000
vt 1.000000 0.643406
vt 0.359903 0.000000
vt 0.000000 0.000000
vt 0.698576 0.000000
vt 0.674924 0.323216
vt 0.643406 0.643406
vt 1.000000 0.755286
vt 0.301424 0.000000
vt 0.774257 0.583462
vt 0.755286 0.755286
vt 0.821225 0.000000
vt 1.000000 0.640097
vt 0.649127 0.305358
vt 0.332865 0.000000
vt 1.000000 1.000000
vt 0.267032 0.267032
vt 0.505954 0.229926
vt 1.000000 0.178775
vt 1.000000 0.267032
vt 0.332865 0.332865
vt 0.937500 0.343349
vt 0.937500 0.312500
vt 0.968515 0.312500
vt 0.968612 0.345961
vt 0.952970 0.283041
vt 0.968475 0.302436
vt 0.937500 0.281534
vt 0.906495 0.321642
vt 0.906498 0.312500
vt 0.921951 0.344572
vt 0.906505 0.302419
vt 0.921996 0.283003
s 0
usemtl 
f 1456/2063/723 1469/2064/723 1470/2065/723
f 1456/2066/724 1472/2067/724 1471/2068/724 1469/2069/724
f 1473/2070/725 1472/2071/725 1456/2063/725
f 1474/2072/726 1473/2073/726 1456/2066/726 1475/2074/726
f 1470/2075/727 1476/2076/727 1477/2077/727 1456/2063/727
f 1456/2078/728 1479/2079/728 1478/2080/728 1475/2081/728
f 1479/2082/729 1456/2078/729 1477/2083/729
f 1467/2084/730 1457/2085/730 1463/2086/730 1464/2087/730
f 1461/2088/731 1462/2089/731 1463/2086/731 1457/2085/731 1460/2090/731
f 1466/2091/732 1465/2092/732 1457/2085/732 1467/2084/732 1468/2093/732
f 1459/2094/733 1458/2095/733 1460/2090/733 1457/2085/733 1465/2092/733
o Sphere_cell.068
v 0.002307 -0.007330 0.006606
v 0.270598 -0.707107 0.653281
v 0.184035 -0.765676 0.605322
v 0.241910 -0.768630 0.584022
v 0.297278 -0.765667 0.558501
v 0.131141 -0.739504 0.654531
v 0.140096 -0.699331 0.699506
v 0.138850 -0.707107 0.693247
v 0.144653 -0.671163 0.722163
v 0.222994 -0.628762 0.734588
v 0.294103 -0.632264 0.710027
v 0.361169 -0.628550 0.677620
v 0.330835 -0.707107 0.621084
v 0.241910 -0.768630 0.584022
v 0.297278 -0.765667 0.558501
v 0.184035 -0.765676 0.605322
v 0.131141 -0.739504 0.654531
v 0.138850 -0.707107 0.693247
v 0.140096 -0.699331 0.699506
v 0.144653 -0.671163 0.722163
v 0.222994 -0.628762 0.734588
v 0.294103 -0.632264 0.710027
v 0.361169 -0.628550 0.677620
v 0.330835 -0.707107 0.621084
vn -0.2952 -0.6346 -0.7142
vn -0.7014 -0.5376 -0.4680
vn -0.9808 0.0001 0.1952
vn -0.9806 0.0010 0.1960
vn -0.4368 0.6145 0.6570
vn 0.2408 0.7730 0.5869
vn 0.8816 -0.0007 -0.4721
vn 0.3651 -0.6326 0.6831
vn 0.2999 -0.7715 0.5611
vn 0.1847 -0.7715 0.6088
vn 0.2248 -0.6326 0.7412
vt 1.000000 1.000000
vt 0.272502 0.272502
vt 0.632756 0.269864
vt 1.000000 0.272903
vt 1.000000 0.297524
vt 0.272903 0.272903
vt 0.884199 0.328693
vt 1.000000 0.336171
vt 0.297524 0.297524
vt 1.000000 0.314458
vt 0.336171 0.336171
vt 1.000000 0.302076
vt 0.314458 0.314458
vt 1.000000 0.356911
vt 0.302076 0.302076
vt 0.650720 0.325733
vt 0.690950 0.306031
vt 1.000000 0.272502
vt 0.356911 0.356911
vt 0.312500 0.280868
vt 0.312500 0.250000
vt 0.327898 0.250000
vt 0.327938 0.282400
vt 0.327849 0.220570
vt 0.327898 0.250000
vt 0.312500 0.219081
vt 0.281477 0.233718
vt 0.296974 0.220566
vt 0.281462 0.250000
vt 0.281460 0.264825
vt 0.281453 0.253207
vt 0.312500 0.280868
vt 0.296907 0.282313
s 0
usemtl 
f 1480/2096/734 1494/2097/734 1493/2098/734 1495/2099/734
f 1496/2100/735 1480/2096/735 1495/2101/735
f 1497/2102/736 1498/2103/736 1480/2096/736 1496/2104/736
f 1499/2105/737 1480/2096/737 1498/2106/737
f 1500/2107/738 1480/2096/738 1499/2108/738
f 1502/2109/739 1480/2096/739 1500/2110/739 1501/2111/739
f 1503/2112/740 1494/2113/740 1480/2096/740 1502/2114/740
f 1490/2115/741 1481/2116/741 1492/2117/741 1491/2118/741
f 1484/2119/742 1492/2120/742 1481/2116/742 1483/2121/742
f 1485/2122/743 1482/2123/743 1483/2121/743 1481/2116/743 1487/2124/743
f 1488/2125/744 1486/2126/744 1487/2124/744 1481/2116/744 1490/2127/744 1489/2128/744
o Sphere_cell.069
v 0.003605 0.008073 -0.000844
v 0.012661 0.020997 -0.002509
v 0.353553 0.923880 -0.146447
v 0.375330 0.923880 -0.074658
v 0.382683 0.923880 0.000000
v 0.474986 0.874543 0.000000
v 0.546862 0.831470 -0.088414
v 0.544035 0.831938 -0.108215
v 0.541530 0.831470 -0.119479
v 0.546143 0.831470 -0.095714
v 0.311552 0.944574 0.029555
v 0.289254 0.951354 -0.029010
v 0.300551 0.948794 0.000000
v 0.379118 0.923880 0.036204
v 0.438879 0.891627 0.042084
v 0.539549 0.831074 -0.127663
v 0.438857 0.874527 -0.181781
v 0.389193 0.891716 -0.206803
v 0.336371 0.923880 -0.178593
v 0.276262 0.944651 -0.146492
v 0.277454 0.948866 -0.114925
v 0.278141 0.951348 -0.084612
v 0.284001 0.952127 -0.056491
v 0.474986 0.874543 0.000000
v 0.546862 0.831470 -0.088414
v 0.544035 0.831938 -0.108215
v 0.546143 0.831470 -0.095714
v 0.541530 0.831470 -0.119479
v 0.311552 0.944574 0.029555
v 0.300551 0.948794 0.000000
v 0.289254 0.951354 -0.029010
v 0.379118 0.923880 0.036204
v 0.438879 0.891627 0.042084
v 0.438857 0.874527 -0.181781
v 0.389193 0.891716 -0.206803
v 0.336371 0.923880 -0.178593
v 0.276262 0.944651 -0.146492
v 0.277454 0.948866 -0.114925
v 0.278141 0.951348 -0.084612
v 0.284001 0.952127 -0.056491
v 0.539549 0.831074 -0.127663
vn 0.6375 -0.3473 0.6877
vn 0.8184 -0.5556 -0.1469
vn -0.8861 0.2794 0.3697
vn -0.0980 -0.0001 0.9952
vn 0.6110 -0.3358 0.7168
vn 0.4176 -0.3978 -0.8169
vn 0.3237 -0.3465 -0.8804
vn -0.4711 -0.0000 -0.8821
vn -0.9602 0.2794 -0.0011
vn -0.9385 0.2898 0.1875
vn 0.2571 0.9565 -0.1374
vn 0.4173 0.8810 -0.2230
vn 0.2790 0.9565 -0.0846
vn 0.4530 0.8808 -0.1378
vn 0.2902 0.9565 -0.0286
vn 0.4709 0.8810 -0.0464
vn 0.2902 0.9565 0.0286
vn 0.4709 0.8810 0.0464
vt 0.996615 0.783871
vt 0.422644 0.252040
vt 0.154025 0.000000
vt 1.000000 0.000000
vt 0.787330 0.649893
vt 0.786922 0.786922
vt 0.000000 0.000000
vt 0.787244 0.000000
vt 0.787595 0.166343
vt 0.787924 0.396995
vt 1.000000 0.898600
vt 0.542802 0.445486
vt 0.094826 0.000000
vt 0.848039 0.000000
vt 0.878868 0.443118
vt 0.898600 0.898600
vt 0.848040 0.848040
vt 1.000000 0.212756
vt 1.000000 1.000000
vt 0.789940 0.789940
vt 0.848465 0.000000
vt 0.831864 0.255385
vt 0.848465 0.848465
vt 0.898943 0.000000
vt 0.879176 0.437352
vt 0.898943 0.898943
vt 0.905281 0.000000
vt 0.902943 0.439344
vt 0.905971 0.447064
vt 0.905281 0.905281
vt 0.905174 0.000000
vt 0.577603 0.897813
vt 0.562500 0.902443
vt 0.562500 0.875000
vt 0.577684 0.875000
vt 0.562500 0.841621
vt 0.577732 0.853247
vt 0.531250 0.906024
vt 0.531250 0.875000
vt 0.546999 0.905168
vt 0.531250 0.812817
vt 0.534576 0.812500
vt 0.537145 0.812500
vt 0.500000 0.902364
vt 0.500000 0.875000
vt 0.515908 0.905176
vt 0.500000 0.841632
vt 0.525492 0.812500
vt 0.527596 0.812500
vt 0.484846 0.875000
vt 0.484942 0.897729
vt 0.484930 0.853078
s 0
usemtl 
f 1528/2129/745 1527/2130/745 1536/2131/745 1505/2132/745
f 1530/2133/746 1528/2134/746 1505/2135/746 1544/2136/746 1531/2137/746 1529/2138/746
f 1504/2132/747 1532/2139/747 1533/2140/747 1534/2141/747
f 1536/2142/748 1535/2143/748 1532/2144/748 1504/2135/748
f 1504/2135/749 1505/2132/749 1536/2145/749
f 1544/2146/750 1505/2147/750 1504/2135/750
f 1544/2148/751 1504/2135/751 1538/2149/751 1537/2150/751
f 1538/2151/752 1504/2135/752 1540/2152/752 1539/2153/752
f 1540/2154/753 1504/2135/753 1542/2155/753 1541/2156/753
f 1543/2157/754 1542/2158/754 1504/2135/754 1534/2159/754
f 1523/2160/755 1524/2161/755 1506/2162/755 1522/2163/755
f 1522/2163/756 1506/2162/756 1520/2164/756 1521/2165/756
f 1526/2166/757 1507/2167/757 1506/2162/757 1524/2161/757 1525/2168/757
f 1506/2162/758 1507/2167/758 1511/2169/758 1512/2170/758 1519/2171/758 1520/2164/758
f 1516/2172/759 1508/2173/759 1507/2167/759 1526/2166/759 1515/2174/759
f 1511/2169/760 1507/2167/760 1508/2173/760 1509/2175/760 1510/2176/760 1513/2177/760
f 1517/2178/761 1508/2173/761 1516/2172/761 1514/2179/761
f 1518/2180/762 1509/2175/762 1508/2173/762 1517/2178/762
o Sphere_cell.070
v -0.043713 -0.040141 0.429223
v -0.001655 0.002430 0.007794
v -0.191342 0.195090 0.961939
v -0.267287 0.378102 0.881167
v -0.195263 0.381546 0.901929
v -0.316048 0.356848 0.873080
v -0.363642 0.283656 0.881733
v -0.098604 0.000000 0.990288
v -0.096567 0.195090 0.971274
v -0.093793 0.286187 0.943913
v -0.181067 0.368708 0.910285
v -0.374573 0.192047 0.906668
v -0.350183 0.165883 0.916747
v -0.097830 -0.093260 0.981179
v -0.195054 0.001922 0.980599
v -0.267287 0.378102 0.881167
v -0.195263 0.381546 0.901929
v -0.316048 0.356848 0.873080
v -0.363642 0.283656 0.881733
v -0.098604 0.000000 0.990288
v -0.096567 0.195090 0.971274
v -0.093793 0.286187 0.943913
v -0.181067 0.368708 0.910285
v -0.374573 0.192047 0.906668
v -0.350183 0.165883 0.916747
v -0.195054 0.001922 0.980599
v -0.097830 -0.093260 0.981179
vn 0.0647 0.9237 -0.3776
vn -0.2925 0.8429 -0.4516
vn -0.7678 0.4448 -0.4611
vn 0.9952 -0.0009 0.0982
vn 0.7082 0.6920 -0.1400
vn -0.6966 -0.7035 -0.1406
vn -0.9232 0.0056 -0.3842
vn 0.9373 -0.3436 0.0588
vn -0.6926 -0.7083 -0.1361
vn -0.0938 0.2890 0.9527
vn -0.0976 0.0975 0.9904
vn -0.1014 -0.0975 0.9901
vn -0.2788 0.2874 0.9163
vn -0.2889 0.0975 0.9524
vt 0.141992 0.000000
vt 1.000000 0.000000
vt 1.000000 0.837756
vt 0.829960 0.000000
vt 0.837756 0.837756
vt 0.000000 0.000000
vt 0.829960 0.829960
vt 0.838481 0.000000
vt 0.282293 0.224755
vt 0.066267 0.000000
vt 1.000000 0.898001
vt 0.762416 0.686656
vt 0.858008 0.000000
vt 0.865984 0.129996
vt 0.898001 0.898001
vt 0.784819 0.000000
vt 1.000000 0.137871
vt 1.000000 1.000000
vt 0.164964 0.138124
vt 1.000000 0.161519
vt 0.111262 0.000000
vt 0.784819 0.784819
vt 0.888738 0.000000
vt 0.887739 0.295153
vt 0.218750 0.620344
vt 0.218750 0.562500
vt 0.234229 0.562500
vt 0.234238 0.592851
vt 0.219059 0.500000
vt 0.234205 0.500000
vt 0.234192 0.470165
vt 0.218750 0.620344
vt 0.216057 0.624621
vt 0.203127 0.623474
vt 0.194719 0.616392
vt 0.187746 0.592007
vt 0.187651 0.562500
vt 0.191937 0.553143
vt 0.218750 0.500616
vt 0.187647 0.561525
s 0
usemtl 
f 1561/2181/763 1546/2182/763 1560/2183/763
f 1562/2184/764 1560/2185/764 1546/2186/764
f 1562/2187/765 1546/2186/765 1563/2188/765
f 1564/2189/766 1571/2190/766 1546/2182/766 1566/2191/766 1565/2192/766
f 1546/2186/767 1561/2193/767 1567/2194/767 1566/2195/767
f 1545/2186/768 1569/2196/768 1568/2197/768 1546/2198/768
f 1568/2199/769 1563/2200/769 1546/2198/769
f 1571/2201/770 1545/2182/770 1546/2198/770
f 1569/2202/771 1545/2186/771 1571/2203/771 1570/2204/771
f 1555/2205/772 1547/2206/772 1553/2207/772 1554/2208/772
f 1559/2209/773 1552/2210/773 1553/2207/773 1547/2206/773
f 1558/2211/774 1552/2210/774 1559/2209/774
f 1555/2212/775 1549/2213/775 1548/2214/775 1550/2215/775 1551/2216/775 1556/2217/775 1547/2206/775
f 1557/2218/776 1559/2219/776 1547/2206/776 1556/2220/776
o Sphere_cell.071
v -0.009720 0.013111 0.001553
v -0.544895 0.831470 0.108386
v -0.653240 0.740788 0.130033
v -0.605312 0.790530 0.001454
v -0.555442 0.831470 0.001299
v -0.493265 0.864713 0.001133
v -0.451087 0.875358 0.136131
v -0.446654 0.885009 0.088845
v -0.604618 0.766746 0.181881
v -0.529391 0.831470 0.159494
v -0.605312 0.790530 0.001454
v -0.555442 0.831470 0.001299
v -0.493265 0.864713 0.001133
v -0.451087 0.875358 0.136131
v -0.446654 0.885009 0.088845
v -0.604618 0.766746 0.181881
v -0.529391 0.831470 0.159494
v -0.653240 0.740788 0.130033
vn -0.7010 -0.5371 -0.4691
vn -0.0018 -0.0015 -1.0000
vn 0.7535 0.4276 -0.4994
vn 0.8877 0.4278 0.1705
vn 0.2872 -0.0025 0.9579
vn -0.4652 -0.5358 0.7046
vn -0.4528 0.8810 0.1374
vn -0.6088 0.7715 0.1847
vn -0.4709 0.8810 0.0464
vn -0.6332 0.7715 0.0624
vt 1.000000 0.250178
vt 1.000000 1.000000
vt 0.298649 0.298045
vt 0.250178 0.250178
vt 0.605789 0.210815
vt 1.000000 0.178885
vt 1.000000 0.158962
vt 0.178885 0.178885
vt 0.166072 0.159012
vt 1.000000 0.168436
vt 1.000000 0.273307
vt 0.168436 0.168436
vt 0.560986 0.210823
vt 0.273307 0.273307
vt 1.000000 0.298092
vt 0.046648 0.842183
vt 0.031250 0.848711
vt 0.031250 0.812500
vt 0.046574 0.812500
vt 0.031273 0.766927
vt 0.046507 0.779973
vt 0.000372 0.834984
vt 0.000374 0.812500
vt 0.031114 0.848745
vt 0.031250 0.766952
vt 0.000374 0.812500
vt 0.000378 0.791925
s 0
usemtl 
f 1582/2221/777 1572/2222/777 1589/2223/777
f 1572/2222/778 1582/2224/778 1583/2225/778 1584/2226/778
f 1586/2227/779 1572/2222/779 1584/2228/779
f 1572/2222/780 1586/2229/780 1585/2230/780
f 1587/2231/781 1572/2222/781 1585/2232/781 1588/2233/781
f 1587/2234/782 1589/2235/782 1572/2222/782
f 1578/2236/783 1579/2237/783 1573/2238/783 1581/2239/783
f 1581/2239/784 1573/2238/784 1574/2240/784 1580/2241/784
f 1577/2242/785 1576/2243/785 1573/2238/785 1579/2244/785
f 1574/2245/786 1573/2238/786 1576/2246/786 1575/2247/786
o Sphere_cell.072
v 0.006785 0.093528 0.007268
v 0.007325 0.036749 0.007693
v 0.137950 0.980785 0.137950
v 0.123741 0.980785 0.149610
v 0.063481 0.990213 0.075835
v 0.183642 0.951925 0.222934
v 0.203437 0.952691 0.203437
v 0.222591 0.951949 0.183936
v 0.149282 0.980785 0.124142
v 0.075322 0.990232 0.063806
v 0.069615 0.990303 0.069615
v 0.123741 0.980785 0.149610
v 0.063481 0.990213 0.075835
v 0.183642 0.951925 0.222934
v 0.203437 0.952691 0.203437
v 0.222591 0.951949 0.183936
v 0.149282 0.980785 0.124142
v 0.075322 0.990232 0.063806
v 0.069615 0.990303 0.069615
vn -0.7744 0.0006 0.6327
vn -0.7683 -0.0025 0.6401
vn 0.6773 -0.2896 0.6763
vn 0.6322 0.0005 -0.7748
vn -0.7093 0.0982 -0.6980
vn 0.6329 0.0002 -0.7742
vn 0.0761 0.9951 0.0625
vn 0.2254 0.9565 0.1850
vn 0.0625 0.9951 0.0761
vn 0.1850 0.9565 0.2254
vt 1.000000 0.000000
vt 1.000000 0.897547
vt 0.522216 0.449663
vt 0.062435 0.000000
vt 0.000000 0.000000
vt 0.897547 0.897547
vt 0.902780 0.902780
vt 0.903547 0.000000
vt 0.903911 0.448075
vt 0.101648 0.000000
vt 1.000000 0.937261
vt 0.549317 0.476992
vt 0.937565 0.000000
vt 0.937493 0.485121
vt 0.937261 0.937261
vt 1.000000 1.000000
vt 0.096453 0.000000
vt 0.375000 0.937500
vt 0.389596 0.937500
vt 0.389368 0.968226
vt 0.382740 0.968460
vt 0.375000 0.906644
vt 0.390085 0.906388
vt 0.359981 0.937500
vt 0.367260 0.968460
vt 0.360161 0.968165
vt 0.359666 0.905803
vt 0.375000 0.906644
vt 0.359981 0.937500
s 0
usemtl 
f 1590/2248/787 1603/2249/787 1601/2250/787 1602/2251/787
f 1590/2252/788 1591/2248/788 1603/2253/788
f 1603/2254/789 1591/2252/789 1605/2255/789 1604/2256/789
f 1605/2257/790 1590/2248/790 1607/2258/790 1606/2259/790
f 1590/2252/791 1602/2260/791 1608/2261/791 1607/2262/791
f 1590/2263/792 1605/2264/792 1591/2248/792
f 1592/2265/793 1598/2266/793 1599/2267/793 1600/2268/793
f 1598/2266/794 1592/2265/794 1596/2269/794 1597/2270/794
f 1593/2271/795 1592/2265/795 1600/2272/795 1594/2273/795
f 1595/2274/796 1596/2275/796 1592/2265/796 1593/2276/796
o Sphere_cell.073
v 0.008047 -0.002688 -0.000785
v 0.961940 -0.195090 -0.191342
v 0.980785 -0.195090 0.000000
v 0.908124 -0.381120 -0.164784
v 0.916228 -0.378427 -0.090791
v 0.908224 -0.285917 -0.273963
v 0.910429 -0.368224 -0.181096
v 0.927690 -0.356549 -0.041807
v 0.954557 -0.281552 0.000000
v 0.969289 -0.222632 0.031893
v 0.980830 -0.097864 -0.096769
v 0.943472 -0.097782 -0.285078
v 0.971247 -0.098738 -0.193193
v 0.934404 -0.195090 -0.282116
v 0.908124 -0.381120 -0.164784
v 0.916228 -0.378427 -0.090791
v 0.908224 -0.285917 -0.273963
v 0.910429 -0.368224 -0.181096
v 0.927690 -0.356549 -0.041807
v 0.954557 -0.281552 0.000000
v 0.969289 -0.222632 0.031893
v 0.943472 -0.097782 -0.285078
v 0.971247 -0.098738 -0.193193
v 0.980830 -0.097864 -0.096769
v 0.934404 -0.195090 -0.282116
v 0.980785 -0.195090 0.000000
vn -0.3749 -0.9241 0.0747
vn -0.4001 -0.6906 -0.6025
vn -0.3038 -0.8414 0.4469
vn -0.1322 -0.4461 0.8852
vn 0.1388 0.7047 0.6958
vn 0.0955 0.9953 -0.0185
vn -0.2910 -0.0020 -0.9567
vn 0.9524 -0.0975 -0.2889
vn 0.9161 -0.2890 -0.2779
vn 0.9904 -0.0975 -0.0975
vn 0.9527 -0.2890 -0.0938
vn 0.9527 -0.2890 0.0938
vt 1.000000 0.864073
vt 0.128220 0.000000
vt 1.000000 0.000000
vt 0.866193 0.740481
vt 0.864073 0.864073
vt 0.000000 0.000000
vt 0.863531 0.000000
vt 1.000000 0.871781
vt 0.117199 0.000000
vt 1.000000 1.000000
vt 0.117199 0.117199
vt 0.616620 0.091612
vt 1.000000 0.077625
vt 1.000000 0.066220
vt 0.077625 0.077625
vt 0.299981 0.066354
vt 1.000000 0.102108
vt 0.066220 0.066220
vt 0.530794 0.075433
vt 0.102107 0.102107
vt 0.553528 0.111082
vt 1.000000 0.136469
vt 0.546668 0.437500
vt 0.546702 0.468674
vt 0.531250 0.468368
vt 0.531250 0.437500
vt 0.531250 0.379817
vt 0.546628 0.407240
vt 0.500000 0.437500
vt 0.515652 0.468648
vt 0.500000 0.408694
vt 0.507164 0.383707
vt 0.515719 0.376418
vt 0.528559 0.375521
vt 0.499713 0.437500
vt 0.494724 0.428324
s 0
usemtl 
f 1623/2277/797 1624/2278/797 1609/2279/797
f 1626/2280/798 1623/2281/798 1609/2282/798 1625/2283/798
f 1624/2284/799 1627/2285/799 1609/2279/799
f 1609/2286/800 1627/2287/800 1628/2288/800 1629/2289/800
f 1632/2290/801 1609/2286/801 1629/2291/801 1611/2292/801
f 1630/2293/802 1609/2286/802 1632/2294/802 1631/2295/802
f 1609/2286/803 1630/2296/803 1633/2297/803 1625/2298/803
f 1622/2299/804 1620/2300/804 1621/2301/804 1610/2302/804
f 1610/2302/805 1615/2303/805 1614/2304/805 1622/2299/805
f 1634/2305/806 1610/2302/806 1621/2301/806 1619/2306/806
f 1617/2307/807 1616/2308/807 1613/2309/807 1612/2310/807 1615/2303/807 1610/2302/807 1634/2305/807
f 1617/2307/808 1634/2311/808 1618/2312/808
o Sphere_cell.074
v 0.009297 -0.001870 -0.003670
v 0.906127 -0.195090 -0.375330
v 0.837149 -0.285610 -0.446411
v 0.880088 -0.288004 -0.364544
v 0.907702 -0.285356 -0.276265
v 0.861286 -0.195090 -0.459223
v 0.869728 -0.097880 -0.463641
v 0.914922 -0.098436 -0.378973
v 0.942883 -0.097156 -0.287230
v 0.933738 -0.195090 -0.284308
v 0.880088 -0.288004 -0.364544
v 0.907702 -0.285356 -0.276265
v 0.837149 -0.285610 -0.446411
v 0.861286 -0.195090 -0.459223
v 0.869728 -0.097880 -0.463641
v 0.914922 -0.098436 -0.378973
v 0.942883 -0.097156 -0.287230
v 0.933738 -0.195090 -0.284308
vn -0.2678 -0.9569 0.1125
vn -0.4714 0.0009 -0.8819
vn 0.0891 0.9952 -0.0410
vn 0.2908 0.0014 0.9568
vn 0.8777 -0.0975 -0.4691
vn 0.8443 -0.2890 -0.4513
vn 0.9524 -0.0975 -0.2889
vn 0.9161 -0.2890 -0.2779
vt 0.136744 0.000000
vt 1.000000 0.000000
vt 1.000000 0.795165
vt 0.564670 0.401241
vt 0.000000 0.000000
vt 0.826391 0.000000
vt 0.818316 0.407844
vt 0.795165 0.795165
vt 0.826391 0.826391
vt 0.896886 0.000000
vt 0.869915 0.417026
vt 0.896886 0.896886
vt 0.863256 0.000000
vt 0.888187 0.443181
vt 0.562500 0.468465
vt 0.562500 0.437500
vt 0.577961 0.437500
vt 0.577949 0.468643
vt 0.562500 0.406544
vt 0.577969 0.407342
vt 0.547040 0.437500
vt 0.547061 0.468875
vt 0.547022 0.407427
s 0
usemtl 
f 1646/2313/809 1635/2314/809 1647/2315/809 1645/2316/809
f 1635/2317/810 1649/2318/810 1648/2319/810 1647/2320/810
f 1649/2321/811 1635/2317/811 1651/2322/811 1650/2323/811
f 1651/2324/812 1635/2317/812 1646/2325/812 1652/2326/812
f 1642/2327/813 1636/2328/813 1640/2329/813 1641/2330/813
f 1636/2328/814 1638/2331/814 1637/2332/814 1640/2329/814
f 1644/2333/815 1636/2328/815 1642/2327/815 1643/2334/815
f 1644/2333/816 1639/2335/816 1638/2331/816 1636/2328/816
o Sphere_cell.075
v 0.009724 -0.007324 0.002467
v 0.815493 -0.555570 0.162212
v 0.837591 -0.466393 0.252780
v 0.736284 -0.626911 0.222609
v 0.792116 -0.555570 0.239274
v 0.755153 -0.630535 0.150209
v 0.765386 -0.626951 0.076175
v 0.870573 -0.466357 0.087134
v 0.823377 -0.555570 0.082168
v 0.860443 -0.469826 0.171153
v 0.736284 -0.626911 0.222609
v 0.792116 -0.555570 0.239274
v 0.837591 -0.466393 0.252780
v 0.755153 -0.630535 0.150209
v 0.765386 -0.626951 0.076175
v 0.823377 -0.555570 0.082168
v 0.870573 -0.466357 0.087134
v 0.860443 -0.469826 0.171153
vn -0.2884 0.0020 0.9575
vn -0.6220 -0.7732 -0.1234
vn 0.0994 0.0028 -0.9950
vn 0.4615 0.8824 0.0921
vn 0.7708 -0.6326 0.0759
vn 0.8786 -0.4696 0.0865
vn 0.8448 -0.4696 0.2563
vn 0.7412 -0.6326 0.2248
vt 1.000000 0.698250
vt 0.616743 0.368608
vt 0.204479 0.000000
vt 1.000000 0.000000
vt 0.000000 0.000000
vt 0.726179 0.000000
vt 0.716364 0.350978
vt 0.698250 0.698250
vt 0.726179 0.726179
vt 0.827387 0.000000
vt 0.781967 0.383325
vt 0.172613 0.000000
vt 1.000000 0.795521
vt 0.582877 0.400445
vt 0.468750 0.312500
vt 0.468750 0.281581
vt 0.484213 0.283059
vt 0.484170 0.312500
vt 0.468750 0.343497
vt 0.484170 0.312500
vt 0.484124 0.344751
vt 0.453351 0.344738
vt 0.453311 0.312500
vt 0.453271 0.283076
s 0
usemtl 
f 1663/2336/817 1664/2337/817 1665/2338/817 1653/2339/817
f 1653/2340/818 1667/2341/818 1666/2342/818 1663/2343/818
f 1667/2344/819 1653/2340/819 1669/2345/819 1668/2346/819
f 1669/2347/820 1653/2339/820 1665/2348/820 1670/2349/820
f 1654/2350/821 1658/2351/821 1659/2352/821 1661/2353/821
f 1662/2354/822 1654/2350/822 1661/2355/822 1660/2356/822
f 1655/2357/823 1657/2358/823 1654/2350/823 1662/2354/823
f 1658/2351/824 1654/2350/824 1657/2358/824 1656/2359/824
o Sphere_cell.076
v 0.005435 0.013221 0.002194
v 0.375330 0.923880 0.074658
v 0.353553 0.923880 0.146447
v 0.449077 0.876318 0.136601
v 0.444530 0.886167 0.088422
v 0.438599 0.891679 0.043941
v 0.414476 0.876355 0.220175
v 0.432528 0.878188 0.179159
v 0.378924 0.923880 0.038173
v 0.311490 0.944530 0.031657
v 0.336303 0.923880 0.178721
v 0.256934 0.951266 0.136612
v 0.267924 0.951995 0.110978
v 0.289459 0.950369 0.058360
v 0.449077 0.876318 0.136601
v 0.444530 0.886167 0.088422
v 0.438599 0.891679 0.043941
v 0.414476 0.876355 0.220175
v 0.432528 0.878188 0.179159
v 0.378924 0.923880 0.038173
v 0.311490 0.944530 0.031657
v 0.336303 0.923880 0.178721
v 0.256934 0.951266 0.136612
v 0.267924 0.951995 0.110978
v 0.289459 0.950369 0.058360
vn 0.8868 -0.4291 -0.1714
vn 0.8148 -0.4714 0.3375
vn 0.0962 -0.0001 -0.9954
vn -0.4689 -0.0009 0.8833
vn -0.8826 0.2897 -0.3702
vn -0.7173 0.2562 -0.6479
vn 0.2898 0.9566 0.0291
vn 0.4709 0.8810 0.0464
vn 0.2790 0.9565 0.0846
vn 0.4528 0.8810 0.1374
vn 0.2571 0.9565 0.1374
vn 0.4173 0.8810 0.2231
vt 0.832767 0.832767
vt 0.000000 0.000000
vt 0.847181 0.000000
vt 0.842057 0.398981
vt 0.167668 0.000000
vt 1.000000 0.000000
vt 1.000000 0.832767
vt 0.579027 0.413361
vt 1.000000 0.152819
vt 1.000000 1.000000
vt 0.101417 0.101417
vt 0.556760 0.121551
vt 1.000000 0.095480
vt 0.167668 0.167668
vt 0.593683 0.121865
vt 0.095480 0.095480
vt 0.392497 0.094646
vt 1.000000 0.095947
vt 0.118672 0.096045
vt 1.000000 0.101417
vt 0.483885 0.897681
vt 0.468750 0.903978
vt 0.468750 0.875000
vt 0.484022 0.875000
vt 0.468750 0.849494
vt 0.484106 0.853222
vt 0.468333 0.904094
vt 0.437500 0.905879
vt 0.437500 0.875000
vt 0.437500 0.844098
vt 0.453004 0.842833
vt 0.422222 0.905079
vt 0.422256 0.875000
vt 0.422283 0.842857
vt 0.437500 0.844098
vt 0.422256 0.875000
s 0
usemtl 
f 1685/2360/825 1671/2361/825 1687/2362/825 1686/2363/825
f 1688/2364/826 1671/2365/826 1685/2366/826 1689/2367/826
f 1687/2368/827 1671/2369/827 1691/2370/827 1690/2371/827
f 1693/2372/828 1671/2369/828 1688/2373/828 1692/2374/828
f 1671/2369/829 1693/2375/829 1694/2376/829 1695/2377/829
f 1695/2378/830 1691/2379/830 1671/2369/830
f 1680/2380/831 1684/2381/831 1672/2382/831 1679/2383/831
f 1679/2383/832 1672/2382/832 1675/2384/832 1676/2385/832
f 1684/2386/833 1683/2387/833 1673/2388/833 1672/2382/833
f 1675/2384/834 1672/2382/834 1673/2388/834 1678/2389/834 1674/2390/834
f 1682/2391/835 1681/2392/835 1673/2388/835 1683/2387/835
f 1677/2393/836 1678/2394/836 1673/2388/836 1681/2395/836
o Sphere_cell.077
v -0.001989 0.001543 -0.008056
v -0.191341 0.195090 -0.961939
v -0.374256 0.195090 -0.906453
v -0.363927 0.282478 -0.882018
v -0.185853 0.287833 -0.934347
v -0.094194 0.285472 -0.944091
v -0.096623 0.195090 -0.971268
v -0.097315 0.097012 -0.980860
v -0.194723 0.001037 -0.980718
v -0.374256 0.195090 -0.906453
v -0.363927 0.282478 -0.882018
v -0.185853 0.287833 -0.934347
v -0.094194 0.285472 -0.944091
v -0.096623 0.195090 -0.971268
v -0.097315 0.097012 -0.980860
v -0.194723 0.001037 -0.980718
vn -0.9237 0.0020 0.3832
vn 0.0549 0.9570 0.2849
vn 0.9953 0.0025 -0.0973
vn 0.6951 -0.7057 -0.1374
vn -0.6998 -0.7007 0.1390
vn -0.2779 0.2890 -0.9161
vn -0.2889 0.0972 -0.9524
vn -0.0938 0.2890 -0.9527
vn -0.0976 0.0975 -0.9904
vt 0.137099 0.000000
vt 1.000000 0.000000
vt 1.000000 0.838416
vt 0.838416 0.838416
vt 0.000000 0.000000
vt 0.898206 0.000000
vt 0.888781 0.281507
vt 0.898206 0.898206
vt 0.933749 0.000000
vt 0.924414 0.463066
vt 1.000000 0.933183
vt 0.066251 0.000000
vt 0.933183 0.933183
vt 0.862901 0.000000
vt 0.781250 0.593399
vt 0.781250 0.562500
vt 0.812318 0.562500
vt 0.812280 0.591615
vt 0.812318 0.562500
vt 0.781250 0.500443
vt 0.765826 0.592612
vt 0.765781 0.562500
vt 0.765781 0.562500
vt 0.765738 0.531079
s 0
usemtl 
f 1705/2396/837 1696/2397/837 1706/2398/837
f 1706/2399/838 1696/2400/838 1708/2401/838 1707/2402/838
f 1708/2403/839 1696/2400/839 1710/2404/839 1709/2405/839
f 1696/2397/840 1711/2406/840 1710/2407/840
f 1711/2408/841 1696/2400/841 1705/2409/841
f 1700/2410/842 1697/2411/842 1698/2412/842 1699/2413/842
f 1698/2414/843 1697/2411/843 1704/2415/843
f 1701/2416/844 1702/2417/844 1697/2411/844 1700/2410/844
f 1697/2411/845 1702/2418/845 1703/2419/845 1704/2415/845
o Sphere_cell.078
v 0.005514 -0.021355 0.008136
v 0.005480 -0.030704 0.008033
v 0.212607 -0.923880 0.318190
v 0.296954 -0.876266 0.363650
v 0.260073 -0.878213 0.389227
v 0.222391 -0.876499 0.412987
v 0.180569 -0.923880 0.335315
v 0.132982 -0.954488 0.246888
v 0.184001 -0.951278 0.225386
v 0.158061 -0.953663 0.236555
v 0.240876 -0.923880 0.294990
v 0.260073 -0.878213 0.389227
v 0.222391 -0.876499 0.412987
v 0.296954 -0.876266 0.363650
v 0.180569 -0.923880 0.335315
v 0.184001 -0.951278 0.225386
v 0.158061 -0.953663 0.236555
v 0.132982 -0.954488 0.246888
v 0.240876 -0.923880 0.294990
vn 0.4856 0.4716 0.7361
vn -0.8807 0.0009 0.4737
vn -0.8852 -0.0019 0.4652
vn -0.3578 -0.2797 -0.8909
vn 0.7742 0.0007 -0.6329
vn 0.7781 0.0041 -0.6281
vn 0.3002 -0.8810 0.3658
vn 0.1850 -0.9565 0.2254
vn 0.2230 -0.8810 0.4173
vn 0.1374 -0.9565 0.2571
vt 1.000000 0.830988
vt 0.585078 0.417984
vt 0.168734 0.000000
vt 1.000000 0.000000
vt 0.877190 0.429413
vt 0.830988 0.830988
vt 0.000000 0.000000
vt 0.907026 0.000000
vt 0.907026 0.907026
vt 0.905334 0.463335
vt 0.906246 0.906246
vt 0.902889 0.000000
vt 0.876213 0.469768
vt 0.902889 0.902889
vt 0.830075 0.000000
vt 0.830075 0.830075
vt 0.358987 0.157203
vt 0.343750 0.155886
vt 0.343750 0.125000
vt 0.358984 0.125000
vt 0.343750 0.092289
vt 0.358967 0.094908
vt 0.328617 0.125000
vt 0.328616 0.157045
vt 0.328634 0.091382
s 0
usemtl 
f 1724/2420/846 1723/2421/846 1725/2422/846 1712/2423/846
f 1726/2424/847 1724/2425/847 1712/2426/847 1729/2427/847
f 1713/2423/848 1729/2428/848 1712/2426/848
f 1728/2429/849 1729/2430/849 1713/2426/849 1727/2431/849
f 1730/2432/850 1727/2433/850 1713/2426/850 1725/2434/850
f 1725/2435/851 1713/2426/851 1712/2423/851
f 1715/2436/852 1716/2437/852 1714/2438/852 1722/2439/852
f 1714/2438/853 1721/2440/853 1720/2441/853 1722/2439/853
f 1718/2442/854 1714/2438/854 1716/2437/854 1717/2443/854
f 1718/2442/855 1719/2444/855 1721/2440/855 1714/2438/855
o Sphere_cell.079
v 0.009606 0.013059 -0.001767
v 0.693520 0.707107 -0.137950
v 0.540883 0.829979 -0.127838
v 0.548559 0.829998 -0.089388
v 0.545442 0.831012 -0.108495
v 0.558149 0.806571 -0.168707
v 0.673665 0.707107 -0.203403
v 0.734664 0.629138 -0.221681
v 0.753379 0.632739 -0.149856
v 0.763499 0.629210 -0.076511
v 0.702960 0.703737 -0.070184
v 0.580250 0.806519 -0.058101
v 0.548559 0.829998 -0.089388
v 0.545442 0.831012 -0.108495
v 0.540883 0.829979 -0.127838
v 0.558149 0.806571 -0.168707
v 0.673665 0.707107 -0.203403
v 0.734664 0.629138 -0.221681
v 0.753379 0.632739 -0.149856
v 0.763499 0.629210 -0.076511
v 0.702960 0.703737 -0.070184
v 0.580250 0.806519 -0.058101
vn -0.8155 0.5554 0.1625
vn -0.7407 0.3982 -0.5410
vn -0.2890 -0.0016 -0.9573
vn 0.6207 -0.7744 -0.1229
vn 0.1008 -0.0026 0.9949
vn 0.0981 0.0001 0.9952
vn -0.4774 0.3989 0.7829
vn 0.6088 0.7715 -0.1847
vn 0.7412 0.6326 -0.2248
vn 0.6357 0.7699 -0.0567
vn 0.7708 0.6326 -0.0759
vt 0.600424 0.211242
vt 1.000000 0.212312
vt 1.000000 1.000000
vt 0.212147 0.212147
vt 0.212312 0.212312
vt 1.000000 0.234891
vt 1.000000 0.302978
vt 0.234891 0.234891
vt 0.696684 0.267356
vt 1.000000 0.275139
vt 0.302978 0.302978
vt 0.649915 0.284927
vt 1.000000 0.333716
vt 0.275139 0.275139
vt 1.000000 0.235107
vt 0.351210 0.330480
vt 1.000000 0.212147
vt 0.235106 0.235106
vt 0.546715 0.799987
vt 0.536935 0.811751
vt 0.531250 0.812270
vt 0.531250 0.750000
vt 0.546670 0.750000
vt 0.546642 0.717843
vt 0.546670 0.750000
vt 0.531250 0.719328
vt 0.515838 0.750000
vt 0.531250 0.812270
vt 0.525712 0.811761
vt 0.515886 0.799961
vt 0.515895 0.717872
vt 0.515837 0.748610
s 0
usemtl 
f 1744/2445/856 1745/2446/856 1731/2447/856 1743/2448/856
f 1745/2449/857 1746/2450/857 1731/2447/857
f 1748/2451/858 1731/2447/858 1746/2452/858 1747/2453/858
f 1750/2454/859 1731/2447/859 1748/2455/859 1749/2456/859
f 1751/2457/860 1731/2447/860 1750/2458/860
f 1752/2459/861 1731/2447/861 1751/2460/861
f 1743/2461/862 1731/2447/862 1752/2462/862
f 1736/2463/863 1733/2464/863 1735/2465/863 1732/2466/863 1737/2467/863
f 1738/2468/864 1737/2469/864 1732/2466/864 1739/2470/864
f 1741/2471/865 1732/2466/865 1735/2472/865 1734/2473/865 1742/2474/865
f 1740/2475/866 1739/2470/866 1732/2466/866 1741/2476/866
o Sphere_cell.080
v 0.005333 -0.007519 0.004521
v 0.587938 -0.707107 0.392847
v 0.521573 -0.671140 0.520017
v 0.500602 -0.707107 0.499266
v 0.472340 -0.739778 0.471253
v 0.488896 -0.765836 0.401270
v 0.557307 -0.765870 0.298988
v 0.525409 -0.768824 0.351067
v 0.676758 -0.628552 0.362777
v 0.620166 -0.707107 0.332553
v 0.593765 -0.628509 0.486934
v 0.639096 -0.632136 0.427030
v 0.500602 -0.707107 0.499266
v 0.472340 -0.739778 0.471253
v 0.521573 -0.671140 0.520017
v 0.488896 -0.765836 0.401270
v 0.557307 -0.765870 0.298988
v 0.525409 -0.768824 0.351067
v 0.620166 -0.707107 0.332553
v 0.676758 -0.628552 0.362777
v 0.639096 -0.632136 0.427030
v 0.593765 -0.628509 0.486934
vn -0.7052 0.0021 0.7090
vn -0.8433 -0.5374 0.0006
vn -0.6426 -0.6345 -0.4296
vn 0.4709 0.0002 -0.8822
vn 0.5273 0.7733 0.3522
vn -0.0002 0.6133 0.7898
vn 0.6831 -0.6326 0.3651
vn 0.5611 -0.7715 0.2999
vn 0.5987 -0.6326 0.4913
vn 0.4918 -0.7715 0.4036
vt 0.663813 0.334899
vt 0.363156 0.000000
vt 1.000000 0.000000
vt 1.000000 0.702137
vt 0.702137 0.702137
vt 0.000000 0.000000
vt 0.727479 0.000000
vt 0.637797 0.368140
vt 0.272521 0.000000
vt 1.000000 0.727505
vt 0.727505 0.727505
vt 0.642635 0.000000
vt 0.693694 0.384295
vt 0.357365 0.000000
vt 1.000000 0.595635
vt 0.675442 0.298272
vt 0.636844 0.000000
vt 0.595635 0.595635
vt 0.406250 0.280921
vt 0.406250 0.250000
vt 0.421663 0.250000
vt 0.421685 0.282399
vt 0.406250 0.218983
vt 0.421631 0.220468
vt 0.375214 0.250000
vt 0.390682 0.282417
vt 0.375234 0.264834
vt 0.375188 0.233581
vt 0.390617 0.220485
vt 0.406250 0.218983
s 0
usemtl 
f 1765/2477/867 1767/2478/867 1753/2479/867 1766/2480/867
f 1766/2481/868 1753/2482/868 1768/2483/868
f 1770/2484/869 1768/2485/869 1753/2479/869 1769/2486/869
f 1769/2487/870 1753/2482/870 1772/2488/870 1771/2489/870
f 1772/2490/871 1753/2479/871 1774/2491/871 1773/2492/871
f 1753/2482/872 1767/2493/872 1774/2494/872
f 1764/2495/873 1754/2496/873 1762/2497/873 1761/2498/873
f 1754/2496/874 1760/2499/874 1759/2500/874 1762/2497/874
f 1756/2501/875 1754/2496/875 1764/2495/875 1763/2502/875 1755/2503/875
f 1754/2496/876 1756/2501/876 1757/2504/876 1758/2505/876 1760/2506/876
o Sphere_cell.081
v -0.008262 0.004763 0.005957
v -0.019054 0.015202 0.014984
v -0.768177 0.382683 0.513280
v -0.771622 0.465028 0.413917
v -0.733480 0.287551 0.600829
v -0.791537 0.290069 0.528888
v -0.835891 0.287549 0.447521
v -0.810404 0.382683 0.434280
v -0.669239 0.552767 0.491221
v -0.703318 0.528622 0.469942
v -0.642099 0.550553 0.526149
v -0.711212 0.382683 0.582692
v -0.791537 0.290069 0.528888
v -0.835891 0.287549 0.447521
v -0.733480 0.287551 0.600829
v -0.810404 0.382683 0.434280
v -0.771622 0.465028 0.413917
v -0.669239 0.552767 0.491221
v -0.703318 0.528622 0.469942
v -0.642099 0.550553 0.526149
v -0.711212 0.382683 0.582692
vn -0.0266 0.6380 -0.7695
vn 0.6289 -0.0219 0.7771
vn -0.2411 -0.9570 0.1611
vn -0.4699 0.0030 -0.8827
vn -0.0015 0.6621 -0.7494
vn 0.4628 0.8316 -0.3069
vn 0.6340 -0.0007 0.7734
vn -0.6825 0.4696 0.5601
vn -0.7400 0.2890 0.6073
vn -0.7786 0.4696 0.4162
vn -0.8443 0.2890 0.4513
vt 1.000000 0.000000
vt 1.000000 1.000000
vt 0.270605 0.000000
vt 0.000000 0.000000
vt 1.000000 0.304151
vt 1.000000 0.205812
vt 0.304151 0.304151
vt 0.648537 0.248407
vt 0.205812 0.205812
vt 0.611673 0.230097
vt 1.000000 0.267153
vt 1.000000 0.729395
vt 0.559386 0.222949
vt 0.369594 0.000000
vt 0.369594 0.369594
vt 1.000000 0.395697
vt 1.000000 0.307755
vt 0.395697 0.395697
vt 0.792356 0.328843
vt 0.100784 0.686487
vt 0.093750 0.677758
vt 0.093750 0.625000
vt 0.109244 0.625000
vt 0.109255 0.685686
vt 0.109237 0.593887
vt 0.093750 0.594144
vt 0.078361 0.654768
vt 0.078294 0.625000
vt 0.093750 0.677758
vt 0.078233 0.593304
s 0
usemtl 
f 1776/2507/877 1775/2508/877 1791/2509/877
f 1775/2508/878 1776/2510/878 1789/2511/878
f 1788/2512/879 1775/2508/879 1789/2513/879 1787/2514/879
f 1775/2508/880 1788/2515/880 1790/2516/880 1791/2517/880
f 1776/2507/881 1791/2518/881 1793/2519/881 1792/2520/881
f 1792/2521/882 1794/2522/882 1776/2508/882
f 1789/2523/883 1776/2508/883 1794/2524/883 1795/2525/883
f 1783/2526/884 1784/2527/884 1777/2528/884 1786/2529/884 1785/2530/884
f 1779/2531/885 1786/2529/885 1777/2528/885 1780/2532/885
f 1778/2533/886 1782/2534/886 1777/2528/886 1784/2535/886
f 1780/2532/887 1777/2528/887 1782/2534/887 1781/2536/887
o Sphere_cell.082
v -0.002233 0.030735 0.009900
v -0.002278 0.020733 0.010281
v -0.074658 0.923880 0.375330
v -0.109488 0.923880 0.364765
v -0.083376 0.951419 0.278270
v -0.149299 0.849866 0.496692
v -0.047094 0.876200 0.467247
v -0.095940 0.865571 0.482322
v -0.038530 0.923880 0.378888
v -0.029842 0.951306 0.289332
v -0.055894 0.953633 0.279017
v -0.109488 0.923880 0.364765
v -0.083376 0.951419 0.278270
v -0.149299 0.849866 0.496692
v -0.095940 0.865571 0.482322
v -0.047094 0.876200 0.467247
v -0.038530 0.923880 0.378888
v -0.029842 0.951306 0.289332
v -0.055894 0.953633 0.279017
vn -0.9573 -0.0001 -0.2890
vn -0.9601 -0.0063 -0.2794
vn 0.3502 -0.4270 0.8337
vn 0.9951 -0.0007 0.0989
vn 0.9953 0.0005 0.0967
vn 0.0035 0.2801 -0.9600
vn 0.3749 0.2795 -0.8839
vn -0.0289 0.9566 0.2900
vn -0.0464 0.8810 0.4709
vn -0.1374 0.8810 0.4528
vn -0.0846 0.9565 0.2790
vt 1.000000 0.000000
vt 1.000000 0.804264
vt 0.431791 0.307834
vt 0.097134 0.000000
vt 0.000000 0.000000
vt 0.804264 0.804264
vt 0.805666 0.805666
vt 0.830945 0.000000
vt 0.820764 0.384248
vt 0.830945 0.830945
vt 0.903472 0.000000
vt 0.876322 0.406397
vt 0.829687 0.829687
vt 1.000000 0.902866
vt 0.094176 0.000000
vt 0.106867 0.094188
vt 1.000000 0.096528
vt 1.000000 1.000000
vt 0.218750 0.907666
vt 0.218750 0.875000
vt 0.233872 0.875000
vt 0.233645 0.905123
vt 0.218750 0.835564
vt 0.234013 0.843029
vt 0.218750 0.835564
vt 0.203588 0.875000
vt 0.203521 0.824942
vt 0.218533 0.907679
vt 0.203667 0.905247
s 0
usemtl 
f 1796/2537/888 1809/2538/888 1807/2539/888 1808/2540/888
f 1796/2541/889 1797/2537/889 1809/2542/889
f 1809/2543/890 1797/2541/890 1811/2544/890 1810/2545/890
f 1797/2541/891 1796/2537/891 1811/2546/891
f 1813/2547/892 1812/2548/892 1811/2549/892 1796/2541/892
f 1796/2537/893 1808/2550/893 1814/2551/893
f 1814/2552/894 1813/2553/894 1796/2554/894
f 1806/2555/895 1798/2556/895 1804/2557/895 1805/2558/895
f 1798/2556/896 1803/2559/896 1802/2560/896 1804/2557/896
f 1803/2561/897 1798/2556/897 1799/2562/897 1801/2563/897
f 1806/2564/898 1800/2565/898 1799/2562/898 1798/2556/898
o Sphere_cell.083
v -0.006136 -0.006106 -0.005907
v -0.010532 -0.008773 -0.008015
v -0.587937 -0.555570 -0.587938
v -0.555620 -0.466941 -0.675448
v -0.620166 -0.470299 -0.620166
v -0.675973 -0.466794 -0.555105
v -0.594840 -0.626702 -0.487950
v -0.544338 -0.630701 -0.544339
v -0.488470 -0.627181 -0.593908
v -0.525639 -0.555570 -0.639065
v -0.701917 -0.530063 -0.470441
v -0.690603 -0.555570 -0.462839
v -0.674224 -0.579612 -0.451845
v -0.555620 -0.466941 -0.675448
v -0.620166 -0.470299 -0.620166
v -0.544338 -0.630701 -0.544339
v -0.488470 -0.627181 -0.593908
v -0.525639 -0.555570 -0.639065
v -0.675973 -0.466794 -0.555105
v -0.701917 -0.530063 -0.470441
v -0.690603 -0.555570 -0.462839
v -0.674224 -0.579612 -0.451845
v -0.594840 -0.626702 -0.487950
vn -0.4326 0.8772 -0.2083
vn -0.0151 -0.6044 0.7966
vn 0.4459 -0.7731 0.4511
vn 0.7727 0.0008 -0.6347
vn -0.6912 0.6643 0.2846
vn -0.5564 0.0009 0.8309
vn -0.0030 -0.6116 0.7911
vn -0.6825 -0.4696 -0.5601
vn -0.5987 -0.6326 -0.4913
vn -0.5601 -0.4696 -0.6825
vn -0.4913 -0.6326 -0.5987
vn -0.3328 0.8819 -0.3339
vt 1.000000 0.000000
vt 1.000000 1.000000
vt 0.359590 0.000000
vt 0.000000 0.000000
vt 1.000000 0.405067
vt 0.405067 0.405067
vt 0.701869 0.401687
vt 1.000000 0.405230
vt 1.000000 0.358473
vt 0.405230 0.405230
vt 0.687522 0.376853
vt 1.000000 0.640410
vt 0.334830 0.000000
vt 1.000000 0.361417
vt 0.334830 0.334830
vt 0.654305 0.345687
vt 0.361417 0.361417
vt 1.000000 0.406385
vt 0.890501 0.344608
vt 0.875000 0.343326
vt 0.875000 0.312500
vt 0.906027 0.312500
vt 0.906028 0.321721
vt 0.890661 0.283162
vt 0.906024 0.302584
vt 0.875000 0.281513
vt 0.859549 0.312500
vt 0.875000 0.343326
vt 0.859557 0.344540
vt 0.859544 0.282965
vt 0.411614 0.411614
vt 1.000000 0.358312
vt 0.358473 0.358473
s 0
usemtl 
f 1816/2566/899 1815/2567/899 1833/2568/899
f 1816/2569/900 1837/2570/900 1815/2567/900
f 1815/2567/901 1837/2571/901 1830/2572/901 1831/2573/901
f 1828/2574/902 1815/2567/902 1831/2575/902 1832/2576/902
f 1816/2566/903 1833/2577/903 1834/2578/903
f 1836/2579/904 1816/2567/904 1834/2580/904 1835/2581/904
f 1836/2582/905 1837/2583/905 1816/2567/905
f 1820/2584/906 1829/2585/906 1817/2586/906 1826/2587/906 1825/2588/906
f 1821/2589/907 1827/2590/907 1826/2587/907 1817/2586/907 1822/2591/907
f 1824/2592/908 1817/2586/908 1829/2593/908 1818/2594/908
f 1824/2592/909 1823/2595/909 1822/2591/909 1817/2586/909
f 1819/2596/910 1833/2597/910 1815/2567/910 1828/2598/910
o Sphere_cell.084
v 0.009668 0.004047 0.004383
v 0.853553 0.382683 0.353553
v 0.772928 0.464597 0.411958
v 0.811388 0.468069 0.336088
v 0.837782 0.464601 0.255432
v 0.879472 0.382683 0.268111
v 0.933645 0.195090 0.284616
v 0.942244 0.103306 0.287260
v 0.836847 0.286359 0.446495
v 0.907531 0.195090 0.370703
v 0.904811 0.199787 0.374785
v 0.811283 0.382683 0.432635
v 0.772928 0.464597 0.411958
v 0.811388 0.468069 0.336088
v 0.837782 0.464601 0.255432
v 0.933645 0.195090 0.284616
v 0.942244 0.103306 0.287260
v 0.879472 0.382683 0.268111
v 0.907531 0.195090 0.370703
v 0.904811 0.199787 0.374785
v 0.836847 0.286359 0.446495
v 0.811283 0.382683 0.432635
vn -0.4357 0.8818 -0.1805
vn 0.2903 -0.0004 -0.9569
vn -0.1401 -0.6945 0.7057
vn -0.4718 0.0016 0.8817
vn 0.9524 0.0975 0.2889
vn 0.8448 0.4696 0.2563
vn 0.9161 0.2890 0.2779
vn 0.7786 0.4696 0.4162
vn 0.8443 0.2890 0.4513
vt 0.630728 0.229335
vt 1.000000 0.204114
vt 1.000000 1.000000
vt 0.266153 0.266153
vt 1.000000 0.103742
vt 0.204114 0.204114
vt 0.388664 0.164053
vt 0.801892 0.112001
vt 0.550826 0.139760
vt 1.000000 0.205117
vt 0.103742 0.103742
vt 0.527808 0.137144
vt 1.000000 0.266153
vt 0.205117 0.205117
vt 0.614828 0.229480
vt 0.438286 0.562500
vt 0.452904 0.533096
vt 0.452908 0.562500
vt 0.452906 0.625000
vt 0.452901 0.654614
vt 0.437500 0.655868
vt 0.437500 0.625000
vt 0.437500 0.564065
vt 0.452908 0.562500
vt 0.452906 0.625000
vt 0.422064 0.654613
vt 0.422028 0.625000
vt 0.437500 0.564065
vt 0.421994 0.592908
s 0
usemtl 
f 1851/2599/911 1852/2600/911 1838/2601/911 1850/2602/911
f 1854/2603/912 1838/2601/912 1852/2604/912 1855/2605/912 1853/2606/912
f 1857/2607/913 1858/2608/913 1838/2601/913 1854/2609/913 1856/2610/913
f 1850/2611/914 1838/2601/914 1858/2612/914 1859/2613/914
f 1847/2614/915 1845/2615/915 1844/2616/915
f 1843/2617/916 1842/2618/916 1841/2619/916 1839/2620/916
f 1848/2621/917 1847/2614/917 1844/2622/917 1843/2623/917 1839/2620/917
f 1839/2620/918 1841/2619/918 1840/2624/918 1849/2625/918
f 1848/2626/919 1839/2620/919 1849/2625/919 1846/2627/919
o Sphere_cell.085
v -0.008458 0.001562 0.005667
v -0.078777 0.021993 0.077375
v -0.815493 0.195090 0.544895
v -0.693461 0.198559 0.691940
v -0.694328 0.192041 0.693006
v -0.732531 0.282250 0.604508
v -0.828111 0.006150 0.558711
v -0.831456 0.001476 0.555286
v -0.792096 0.287854 0.529261
v -0.836292 0.285497 0.448085
v -0.860328 0.195090 0.461015
v -0.868741 0.097349 0.465597
v -0.693461 0.198559 0.691940
v -0.732531 0.282250 0.604508
v -0.694328 0.192041 0.693006
v -0.828111 0.006150 0.558711
v -0.792096 0.287854 0.529261
v -0.836292 0.285497 0.448085
v -0.860328 0.195090 0.461015
v -0.868741 0.097349 0.465597
v -0.831456 0.001476 0.555286
vn 0.7099 0.0207 0.7040
vn 0.5981 0.6954 0.3984
vn 0.3926 -0.7073 0.5879
vn 0.3914 -0.7095 0.5860
vn 0.5834 0.7253 0.3655
vn 0.2514 0.9567 -0.1469
vn -0.4715 -0.0008 -0.8818
vn -0.3938 -0.7050 -0.5898
vn -0.7695 0.0975 0.6312
vn -0.7409 0.2851 0.6081
vn -0.8443 0.2890 0.4513
vn -0.8777 0.0975 0.4691
vt 0.365974 0.000000
vt 1.000000 0.000000
vt 1.000000 0.632623
vt 0.632623 0.632623
vt 0.000000 0.000000
vt 0.672916 0.000000
vt 0.228662 0.000000
vt 1.000000 0.634026
vt 1.000000 1.000000
vt 0.228662 0.228662
vt 0.210017 0.000000
vt 1.000000 0.327084
vt 0.696494 0.696494
vt 0.795085 0.000000
vt 0.752417 0.351342
vt 1.000000 0.825856
vt 0.590858 0.408833
vt 0.204915 0.000000
vt 0.825856 0.825856
vt 0.789983 0.000000
vt 0.093750 0.562500
vt 0.093750 0.500546
vt 0.094470 0.501970
vt 0.124837 0.562500
vt 0.124822 0.563656
vt 0.109214 0.592511
vt 0.093750 0.593406
vt 0.078284 0.592621
vt 0.078291 0.562500
vt 0.078302 0.531187
s 0
usemtl 
f 1874/2628/920 1861/2629/920 1872/2630/920
f 1872/2631/921 1861/2632/921 1873/2633/921
f 1875/2634/922 1861/2629/922 1874/2635/922
f 1861/2636/923 1875/2637/923 1880/2638/923 1860/2629/923
f 1873/2639/924 1861/2636/924 1860/2632/924
f 1873/2640/925 1860/2632/925 1877/2641/925 1876/2642/925
f 1860/2629/926 1879/2643/926 1878/2644/926 1877/2645/926
f 1879/2646/927 1860/2632/927 1880/2647/927
f 1862/2648/928 1867/2649/928 1866/2650/928 1864/2651/928
f 1862/2648/929 1864/2651/929 1863/2652/929 1865/2653/929 1868/2654/929
f 1862/2648/930 1868/2654/930 1869/2655/930 1870/2656/930
f 1867/2649/931 1862/2648/931 1870/2656/931 1871/2657/931
o Sphere_cell.086
v 0.000079 0.021709 0.010531
v -0.000068 0.029858 0.009834
v -0.000000 0.923880 0.382683
v -0.044999 0.876264 0.467334
v -0.000000 0.878093 0.468344
v 0.044638 0.876252 0.467392
v 0.036334 0.923880 0.379105
v 0.027916 0.951182 0.289928
v -0.036277 0.923880 0.379110
v -0.027406 0.951272 0.289683
v -0.000000 0.952026 0.289897
v -0.044999 0.876264 0.467334
v -0.000000 0.878093 0.468344
v 0.044638 0.876252 0.467392
v 0.036334 0.923880 0.379105
v 0.027916 0.951182 0.289928
v -0.036277 0.923880 0.379110
v -0.027406 0.951272 0.289683
v -0.000000 0.952026 0.289897
vn -0.0006 -0.4714 0.8819
vn 0.9955 -0.0014 -0.0944
vn -0.9951 0.0003 -0.0984
vn -0.9982 -0.0228 -0.0559
vn 0.9923 0.0073 -0.1232
vn 0.0047 0.2906 -0.9568
vn 0.0464 0.8810 0.4709
vn 0.0286 0.9565 0.2902
vn -0.0286 0.9565 0.2902
vn -0.0464 0.8810 0.4709
vt 0.169133 0.000000
vt 1.000000 0.000000
vt 1.000000 0.830803
vt 0.585354 0.417974
vt 0.904304 0.000000
vt 0.877449 0.404558
vt 0.830803 0.830803
vt 0.000000 0.000000
vt 1.000000 0.829868
vt 0.529794 0.406286
vt 0.096376 0.000000
vt 0.829868 0.829868
vt 1.000000 1.000000
vt 1.000000 0.095696
vt 0.903623 0.903623
vt 0.903624 0.000000
vt 0.904365 0.448294
vt 0.265209 0.875000
vt 0.250000 0.875000
vt 0.250000 0.844033
vt 0.265155 0.842788
vt 0.250000 0.905914
vt 0.265208 0.875000
vt 0.265274 0.905081
vt 0.234985 0.905085
vt 0.234815 0.875000
vt 0.250000 0.875000
vt 0.250000 0.905914
vt 0.234721 0.842796
s 0
usemtl 
f 1892/2658/932 1881/2659/932 1894/2660/932 1893/2661/932
f 1896/2662/933 1895/2663/933 1894/2664/933 1881/2665/933
f 1882/2659/934 1892/2666/934 1897/2667/934 1898/2668/934
f 1882/2665/935 1881/2659/935 1892/2669/935
f 1881/2670/936 1882/2665/936 1896/2671/936
f 1896/2672/937 1882/2665/937 1898/2673/937 1899/2674/937
f 1887/2675/938 1883/2676/938 1885/2677/938 1886/2678/938
f 1891/2679/939 1883/2676/939 1887/2680/939 1888/2681/939
f 1890/2682/940 1889/2683/940 1883/2684/940 1891/2685/940
f 1885/2677/941 1883/2676/941 1889/2683/941 1884/2686/941
o Sphere_cell.087
v -0.003057 -0.019898 0.004331
v -0.006192 -0.031757 0.006965
v -0.108386 -0.980785 0.162212
v -0.075423 -0.980785 0.179831
v -0.108845 -0.954177 0.260948
v -0.197070 -0.945140 0.240709
v -0.165838 -0.949416 0.248194
v -0.207027 -0.950806 0.208493
v -0.137168 -0.980785 0.138591
v -0.003354 -0.999432 0.004672
v -0.075423 -0.980785 0.179831
v -0.108845 -0.954177 0.260948
v -0.165838 -0.949416 0.248194
v -0.197070 -0.945140 0.240709
v -0.207027 -0.950806 0.208493
v -0.137168 -0.980785 0.138591
v -0.003354 -0.999432 0.004672
vn 0.9247 -0.0001 0.3807
vn -0.1873 0.2798 0.9416
vn -0.4955 0.3111 0.8110
vn -0.9350 0.2577 0.2437
vn -0.7074 -0.0004 -0.7068
vn -0.6430 -0.0001 -0.7658
vn -0.1374 -0.9565 0.2571
vn -0.0464 -0.9951 0.0868
vn -0.1850 -0.9565 0.2254
vn -0.0625 -0.9951 0.0761
vt 0.048650 0.000000
vt 1.000000 0.000000
vt 1.000000 0.906623
vt 0.687088 0.619792
vt 0.906623 0.906623
vt 0.000000 0.000000
vt 0.898324 0.000000
vt 0.902306 0.323218
vt 0.898324 0.898324
vt 0.897137 0.897137
vt 0.902416 0.000000
vt 0.902416 0.902416
vt 0.950764 0.000000
vt 0.932067 0.593063
vt 0.950764 0.950764
vt 0.156250 0.096953
vt 0.156250 0.062500
vt 0.186791 0.062500
vt 0.187106 0.091724
vt 0.171375 0.001998
vt 0.140772 0.101652
vt 0.125566 0.095427
vt 0.125826 0.062500
vt 0.125826 0.062500
vt 0.141125 0.001998
s 0
usemtl 
f 1916/2687/942 1900/2688/942 1911/2689/942 1910/2690/942
f 1911/2691/943 1900/2692/943 1913/2693/943 1912/2694/943
f 1901/2688/944 1913/2695/944 1900/2692/944
f 1913/2696/945 1901/2692/945 1914/2697/945
f 1914/2698/946 1901/2692/946 1916/2699/946 1915/2700/946
f 1901/2692/947 1900/2688/947 1916/2701/947
f 1906/2702/948 1902/2703/948 1903/2704/948 1904/2705/948
f 1902/2703/949 1909/2706/949 1903/2704/949
f 1902/2703/950 1906/2702/950 1905/2707/950 1907/2708/950 1908/2709/950
f 1908/2710/951 1909/2711/951 1902/2703/951
o Sphere_cell.088
v -0.001939 0.016953 -0.005757
v -0.001344 0.011378 -0.005068
v -0.146446 0.923880 -0.353553
v -0.074658 0.923880 -0.375330
v -0.260422 0.829718 -0.490130
v -0.225854 0.831470 -0.506199
v -0.193724 0.831301 -0.519221
v -0.212174 0.832075 -0.512233
v -0.044338 0.891529 -0.438839
v -0.092688 0.874480 -0.465974
v -0.038422 0.923880 -0.378899
v -0.031777 0.944656 -0.311062
v -0.084690 0.951323 -0.278203
v -0.058614 0.948826 -0.294673
v -0.136478 0.951226 -0.257153
v -0.110923 0.952039 -0.267791
v -0.178624 0.923880 -0.336354
v -0.225854 0.831470 -0.506199
v -0.212174 0.832075 -0.512233
v -0.044338 0.891529 -0.438839
v -0.092688 0.874480 -0.465974
v -0.038422 0.923880 -0.378899
v -0.031777 0.944656 -0.311062
v -0.058614 0.948826 -0.294673
v -0.084690 0.951323 -0.278203
v -0.110923 0.952039 -0.267791
v -0.136478 0.951226 -0.257153
v -0.178624 0.923880 -0.336354
v -0.260422 0.829718 -0.490130
v -0.193724 0.831301 -0.519221
vn -0.9118 -0.0469 0.4079
vn -0.3211 -0.5563 -0.7665
vn 0.5491 -0.3477 -0.7600
vn 0.9952 0.0003 -0.0980
vn 0.9307 0.1410 0.3374
vn 0.5317 0.2801 0.7993
vn 0.3599 0.2904 0.8867
vn -0.8827 -0.0007 0.4699
vn -0.1374 0.9565 -0.2571
vn -0.2288 0.8804 -0.4154
vn -0.1372 0.8809 -0.4530
vn -0.0846 0.9565 -0.2790
vn -0.0286 0.9565 -0.2902
vn -0.0464 0.8810 -0.4709
vt 0.000000 0.000000
vt 1.000000 0.212300
vt 1.000000 1.000000
vt 0.212299 0.212299
vt 0.624362 0.210330
vt 0.786164 0.209758
vt 1.000000 0.210518
vt 0.212031 0.210355
vt 0.745097 0.169056
vt 1.000000 0.152694
vt 1.000000 0.101284
vt 0.152694 0.152694
vt 0.564711 0.121405
vt 0.101800 0.000000
vt 1.000000 0.000000
vt 0.556161 0.097650
vt 1.000000 0.095123
vt 0.101800 0.101800
vt 0.551551 0.094534
vt 1.000000 0.095423
vt 0.095123 0.095123
vt 1.000000 0.213132
vt 0.095423 0.095423
vt 0.378294 0.121921
vt 0.827658 0.905035
vt 0.812500 0.905928
vt 0.812500 0.875000
vt 0.827698 0.875000
vt 0.812500 0.812910
vt 0.816810 0.812500
vt 0.827732 0.812500
vt 0.781250 0.841590
vt 0.807790 0.812500
vt 0.781250 0.875000
vt 0.781250 0.902399
vt 0.797031 0.905141
vt 0.766170 0.897785
vt 0.766082 0.875000
vt 0.766028 0.853121
s 0
usemtl 
f 1917/2712/952 1945/2713/952 1918/2714/952
f 1918/2714/953 1945/2715/953 1934/2716/953 1935/2717/953 1946/2718/953
f 1918/2714/954 1946/2719/954 1937/2720/954 1936/2721/954
f 1939/2722/955 1918/2714/955 1936/2723/955 1938/2724/955
f 1939/2725/956 1917/2726/956 1918/2714/956
f 1940/2727/957 1941/2728/957 1917/2714/957 1939/2729/957
f 1942/2730/958 1943/2731/958 1917/2714/958 1941/2732/958
f 1945/2733/959 1917/2714/959 1943/2734/959 1944/2735/959
f 1931/2736/960 1932/2737/960 1919/2738/960 1933/2739/960
f 1933/2739/961 1919/2738/961 1924/2740/961 1922/2741/961 1921/2742/961
f 1926/2743/962 1923/2744/962 1924/2740/962 1919/2738/962 1920/2745/962
f 1930/2746/963 1920/2745/963 1919/2738/963 1932/2737/963 1929/2747/963
f 1928/2748/964 1927/2749/964 1920/2745/964 1930/2746/964
f 1926/2743/965 1920/2745/965 1927/2749/965 1925/2750/965
o Sphere_cell.089
v -0.006955 0.003467 0.007263
v -0.023465 0.019920 0.020108
v -0.653281 0.382683 0.653281
v -0.556203 0.464845 0.676413
v -0.584074 0.382683 0.710078
v -0.602608 0.286706 0.732350
v -0.692555 0.200134 0.692295
v -0.732506 0.286527 0.602503
v -0.710169 0.382683 0.583963
v -0.640788 0.551409 0.527028
v -0.616756 0.561227 0.545539
v -0.631723 0.555570 0.534584
v -0.598028 0.528873 0.598028
v -0.613818 0.555570 0.556402
v -0.556203 0.464845 0.676413
v -0.584074 0.382683 0.710078
v -0.602608 0.286706 0.732350
v -0.692555 0.200134 0.692295
v -0.732506 0.286527 0.602503
v -0.710169 0.382683 0.583963
v -0.640788 0.551409 0.527028
v -0.616756 0.561227 0.545539
v -0.631723 0.555570 0.534584
v -0.613818 0.555570 0.556402
v -0.598028 0.528873 0.598028
vn 0.7681 0.6033 0.2145
vn 0.7724 -0.0017 0.6352
vn 0.4002 -0.6932 0.5995
vn -0.5991 -0.6933 -0.4005
vn -0.6457 -0.0532 -0.7617
vn -0.6347 -0.0004 -0.7727
vn 0.1589 0.7718 -0.6157
vn 0.7348 0.6620 0.1475
vn -0.5601 0.4696 0.6825
vn -0.6074 0.2889 0.7400
vn -0.5987 0.6326 0.4913
vn -0.6825 0.4696 0.5601
vn -0.7400 0.2890 0.6073
vt 1.000000 1.000000
vt 0.000000 0.000000
vt 1.000000 0.358416
vt 0.358416 0.358416
vt 0.664186 0.325931
vt 1.000000 0.304358
vt 0.304358 0.304358
vt 1.000000 0.342865
vt 1.000000 0.304295
vt 0.342865 0.342865
vt 1.000000 0.000000
vt 0.309741 0.000000
vt 0.309741 0.309741
vt 0.536840 0.330890
vt 1.000000 0.398367
vt 1.000000 0.421989
vt 0.398367 0.398367
vt 0.633977 0.407280
vt 0.421989 0.421989
vt 0.463283 0.416298
vt 0.637388 0.396354
vt 1.000000 0.364554
vt 0.140168 0.655275
vt 0.125000 0.677849
vt 0.125000 0.625000
vt 0.140448 0.625000
vt 0.125000 0.564240
vt 0.140420 0.593023
vt 0.140448 0.625000
vt 0.115227 0.689833
vt 0.111767 0.687500
vt 0.117178 0.687500
vt 0.109545 0.685996
vt 0.109527 0.625000
vt 0.117179 0.687500
vt 0.111767 0.687500
vt 0.109550 0.592964
vt 0.125000 0.564240
vt 0.109527 0.625000
s 0
usemtl 
f 1947/2751/966 1948/2752/966 1961/2753/966
f 1947/2751/967 1961/2754/967 1962/2755/967 1963/2756/967
f 1963/2757/968 1964/2758/968 1947/2751/968
f 1965/2759/969 1947/2751/969 1964/2760/969
f 1948/2761/970 1947/2751/970 1965/2762/970
f 1948/2751/971 1965/2763/971 1966/2764/971 1967/2765/971
f 1968/2766/972 1948/2751/972 1967/2767/972 1969/2768/972
f 1948/2751/973 1968/2769/973 1970/2770/973 1971/2771/973 1961/2772/973
f 1950/2773/974 1959/2774/974 1949/2775/974 1951/2776/974
f 1949/2775/975 1953/2777/975 1952/2778/975 1951/2779/975
f 1957/2780/976 1958/2781/976 1960/2782/976
f 1956/2783/977 1955/2784/977 1949/2775/977 1959/2774/977 1960/2785/977 1958/2786/977
f 1954/2787/978 1953/2788/978 1949/2775/978 1955/2789/978
o Sphere_cell.090
v 0.004444 -0.020226 0.003075
v 0.180240 -0.980785 0.074658
v 0.162212 -0.980785 0.108386
v 0.274282 -0.945162 0.146639
v 0.248169 -0.949425 0.165821
v 0.224293 -0.951766 0.182811
v 0.270299 -0.951215 0.111962
v 0.266524 -0.954929 0.082432
v 0.004799 -0.999470 0.002381
v 0.185410 -0.980785 0.057613
v 0.010169 -0.998795 0.006795
v 0.150754 -0.980785 0.122347
v 0.248169 -0.949425 0.165821
v 0.224293 -0.951766 0.182811
v 0.274282 -0.945162 0.146639
v 0.270299 -0.951215 0.111962
v 0.266524 -0.954929 0.082432
v 0.185410 -0.980785 0.057613
v 0.150754 -0.980785 0.122347
v 0.010169 -0.998795 0.006795
vn 0.5381 0.2804 0.7949
vn 0.9547 0.2546 -0.1541
vn 0.2925 -0.0011 -0.9563
vn -0.6349 -0.0008 0.7726
vn 0.0940 -0.9952 0.0285
vn 0.2790 -0.9565 0.0846
vn 0.2571 -0.9565 0.1374
vn 0.0869 -0.9951 0.0464
vn 0.0761 -0.9951 0.0625
vn 0.2254 -0.9565 0.1850
vt 0.902476 0.425759
vt 0.898398 0.898398
vt 0.000000 0.000000
vt 0.904693 0.000000
vt 0.092479 0.000000
vt 1.000000 0.000000
vt 1.000000 0.898398
vt 0.508187 0.412268
vt 1.000000 1.000000
vt 0.092479 0.092479
vt 0.373753 0.067279
vt 0.987428 0.049296
vt 1.000000 0.048934
vt 1.000000 0.095307
vt 0.048934 0.048934
vt 0.071725 0.049590
vt 0.668677 0.067109
vt 0.437500 0.062500
vt 0.452395 0.002921
vt 0.452054 0.062500
vt 0.452261 0.090898
vt 0.437500 0.094977
vt 0.452054 0.062500
vt 0.437500 0.094977
vt 0.421860 0.101625
vt 0.406250 0.096943
vt 0.406250 0.062500
vt 0.422605 0.002921
vt 0.391493 0.062500
vt 0.391605 0.003918
vt 0.391493 0.062500
vt 0.391160 0.094372
s 0
usemtl 
f 1984/2790/979 1986/2791/979 1972/2792/979 1985/2793/979
f 1988/2794/980 1972/2795/980 1986/2796/980 1987/2797/980
f 1972/2798/981 1988/2799/981 1989/2800/981 1991/2801/981 1980/2802/981
f 1985/2803/982 1972/2798/982 1980/2804/982 1991/2805/982 1990/2806/982
f 1973/2807/983 1982/2808/983 1981/2809/983
f 1979/2810/984 1978/2811/984 1973/2807/984 1981/2812/984
f 1978/2813/985 1975/2814/985 1976/2815/985 1974/2816/985 1973/2807/985
f 1982/2817/986 1973/2807/986 1974/2816/986
f 1983/2818/987 1982/2819/987 1974/2816/987
f 1983/2820/988 1974/2816/988 1976/2815/988 1977/2821/988
o Sphere_cell.091
v -0.008041 -0.002337 -0.005437
v -0.013120 -0.003070 -0.011563
v -0.815493 -0.195090 -0.544895
v -0.860346 -0.195090 -0.460980
v -0.836426 -0.285659 -0.447731
v -0.868582 -0.097508 -0.465862
v -0.792037 -0.288085 -0.529222
v -0.733793 -0.285459 -0.601443
v -0.700773 -0.096843 -0.699860
v -0.823402 -0.098509 -0.550180
v -0.669856 -0.163629 -0.716929
v -0.692986 -0.197579 -0.692986
v -0.860346 -0.195090 -0.460980
v -0.868582 -0.097508 -0.465862
v -0.836426 -0.285659 -0.447731
v -0.792037 -0.288085 -0.529222
v -0.733793 -0.285459 -0.601443
v -0.823402 -0.098509 -0.550180
v -0.700773 -0.096843 -0.699860
v -0.692986 -0.197579 -0.692986
v -0.669856 -0.163629 -0.716929
vn -0.4721 0.0043 0.8815
vn 0.2418 -0.9570 0.1602
vn -0.0968 0.9945 -0.0388
vn -0.0806 0.9952 -0.0550
vn 0.5988 -0.6942 -0.3994
vn 0.6001 -0.6919 -0.4014
vn 0.6450 -0.6087 -0.4620
vn 0.6014 0.4476 -0.6618
vn -0.8443 -0.2890 -0.4513
vn -0.8777 -0.0975 -0.4691
vn -0.7683 -0.1001 -0.6322
vn -0.7400 -0.2890 -0.6073
vn -0.6397 -0.1014 -0.7619
vt 0.818014 0.408313
vt 0.794742 0.794742
vt 0.000000 0.000000
vt 0.826244 0.000000
vt 1.000000 0.000000
vt 1.000000 0.794742
vt 0.648520 0.400890
vt 0.303298 0.000000
vt 1.000000 1.000000
vt 1.000000 0.334897
vt 0.334897 0.334897
vt 0.776951 0.217193
vt 1.000000 0.173756
vt 1.000000 0.342288
vt 0.303298 0.303298
vt 0.401500 0.339754
vt 1.000000 0.319142
vt 0.320922 0.000000
vt 0.663311 0.663311
vt 0.679078 0.000000
vt 0.921779 0.407325
vt 0.921715 0.437500
vt 0.906250 0.437500
vt 0.906250 0.406517
vt 0.921649 0.468762
vt 0.906250 0.468441
vt 0.875000 0.468566
vt 0.875000 0.437500
vt 0.875089 0.436502
vt 0.890724 0.407392
vt 0.869589 0.447579
s 0
usemtl 
f 2004/2822/989 2006/2823/989 1992/2824/989 2005/2825/989
f 1992/2826/990 2006/2827/990 2007/2828/990 2008/2829/990
f 1992/2830/991 1993/2824/991 2010/2831/991
f 1992/2830/992 2010/2832/992 2009/2833/992 2005/2834/992
f 2011/2835/993 1992/2830/993 2008/2836/993
f 1992/2830/994 2011/2837/994 2012/2838/994
f 2012/2839/995 1993/2826/995 1992/2830/995
f 2010/2840/996 1993/2824/996 2012/2841/996
f 1996/2842/997 1995/2843/997 1994/2844/997 1998/2845/997
f 1994/2844/998 1995/2843/998 1997/2846/998 2001/2847/998
f 2000/2848/999 2003/2849/999 1994/2844/999 2001/2847/999
f 1994/2844/1000 2003/2850/1000 1999/2851/1000 1998/2845/1000
f 2002/2852/1001 2003/2849/1001 2000/2848/1001
o Sphere_cell.092
v 0.004101 -0.008378 -0.004881
v 0.008513 -0.016661 -0.007184
v 0.308658 -0.831470 -0.461940
v 0.392847 -0.831470 -0.392847
v 0.447767 -0.705232 -0.544848
v 0.298987 -0.766582 -0.556329
v 0.370021 -0.740826 -0.553775
v 0.443336 -0.707107 -0.546503
v 0.261828 -0.831470 -0.486971
v 0.223168 -0.875447 -0.414793
v 0.252731 -0.885277 -0.378239
v 0.402615 -0.848486 -0.331005
v 0.349203 -0.864461 -0.349203
v 0.447148 -0.831470 -0.326682
v 0.450666 -0.764364 -0.450666
v 0.370021 -0.740826 -0.553775
v 0.443336 -0.707107 -0.546503
v 0.298987 -0.766582 -0.556329
v 0.261828 -0.831470 -0.486971
v 0.223168 -0.875447 -0.414793
v 0.402615 -0.848486 -0.331005
v 0.349203 -0.864461 -0.349203
v 0.447148 -0.831470 -0.326682
v 0.447767 -0.705232 -0.544848
v 0.252731 -0.885277 -0.378239
v 0.450666 -0.764364 -0.450666
vn 0.8877 0.4213 0.1857
vn -0.1591 0.5404 -0.8262
vn -0.8816 0.0004 -0.4720
vn -0.7561 -0.4259 0.4969
vn -0.4543 -0.4549 0.7659
vn -0.1745 -0.4279 0.8868
vn 0.0410 -0.3455 0.9375
vn 0.8913 0.3913 0.2289
vn 0.2999 -0.7715 -0.5611
vn 0.2230 -0.8810 -0.4173
vn 0.3002 -0.8810 -0.3658
vn 0.4049 -0.7710 -0.4916
vn 0.4918 -0.7715 -0.4036
vn 0.3658 -0.8810 -0.3002
vt 1.000000 1.000000
vt 0.000000 0.000000
vt 1.000000 0.331654
vt 0.331654 0.331654
vt 0.352074 0.329196
vt 0.686442 0.296821
vt 1.000000 0.272092
vt 0.272092 0.272092
vt 0.649369 0.209777
vt 1.000000 0.167539
vt 0.167539 0.167539
vt 1.000000 0.158423
vt 1.000000 0.000000
vt 0.159695 0.000000
vt 0.693540 0.179661
vt 1.000000 0.195023
vt 0.159695 0.159695
vt 0.195023 0.195023
vt 1.000000 0.212358
vt 1.000000 0.333649
vt 0.212358 0.212358
vt 0.650377 0.276338
vt 0.656250 0.233054
vt 0.656250 0.187500
vt 0.671486 0.187500
vt 0.671515 0.220110
vt 0.671443 0.157757
vt 0.656340 0.151112
vt 0.656250 0.151108
vt 0.625000 0.187500
vt 0.625000 0.165187
vt 0.656250 0.233054
vt 0.641526 0.250000
vt 0.640151 0.250000
vt 0.625000 0.221225
vt 0.600440 0.187500
vt 0.625000 0.221225
vt 0.600440 0.187500
vt 0.609511 0.175991
s 0
usemtl 
f 2013/2853/1002 2014/2854/1002 2036/2855/1002
f 2013/2853/1003 2036/2856/1003 2029/2857/1003 2028/2858/1003 2030/2859/1003
f 2013/2853/1004 2030/2860/1004 2031/2861/1004 2032/2862/1004
f 2013/2853/1005 2032/2863/1005 2023/2864/1005
f 2014/2865/1006 2013/2853/1006 2023/2866/1006
f 2034/2867/1007 2033/2868/1007 2014/2853/1007 2023/2869/1007
f 2014/2853/1008 2033/2870/1008 2035/2871/1008
f 2036/2872/1009 2014/2853/1009 2035/2873/1009 2027/2874/1009
f 2019/2875/1010 2015/2876/1010 2021/2877/1010 2018/2878/1010
f 2022/2879/1011 2021/2877/1011 2015/2876/1011 2037/2880/1011
f 2037/2881/1012 2015/2876/1012 2016/2882/1012 2025/2883/1012
f 2015/2876/1013 2019/2884/1013 2020/2885/1013 2017/2886/1013 2038/2887/1013 2016/2882/1013
f 2026/2888/1014 2016/2882/1014 2038/2889/1014
f 2016/2882/1015 2026/2890/1015 2024/2891/1015 2025/2883/1015
o Sphere_cell.093
v 0.008390 -0.006888 0.005622
v 0.691341 -0.555570 0.461940
v 0.677980 -0.626994 0.363192
v 0.630376 -0.629766 0.440705
v 0.640172 -0.630559 0.427749
v 0.729303 -0.555570 0.390919
v 0.770866 -0.466689 0.413456
v 0.595278 -0.626775 0.487323
v 0.640278 -0.555570 0.524161
v 0.676957 -0.466489 0.554161
v 0.729349 -0.470051 0.487335
v 0.677980 -0.626994 0.363192
v 0.640172 -0.630559 0.427749
v 0.630376 -0.629766 0.440705
v 0.729303 -0.555570 0.390919
v 0.770866 -0.466689 0.413456
v 0.595278 -0.626775 0.487323
v 0.640278 -0.555570 0.524161
v 0.676957 -0.466489 0.554161
v 0.729349 -0.470051 0.487335
vn -0.5279 -0.7730 -0.3519
vn 0.4728 0.0024 -0.8812
vn -0.5297 -0.7729 -0.3492
vn -0.6340 0.0006 0.7733
vn 0.3925 0.8820 0.2607
vn 0.6831 -0.6326 0.3651
vn 0.7786 -0.4696 0.4162
vn 0.6825 -0.4696 0.5601
vn 0.5987 -0.6326 0.4913
vt 1.000000 0.000000
vt 1.000000 0.642641
vt 0.508543 0.114875
vt 0.403074 0.000000
vt 0.000000 0.000000
vt 0.732073 0.000000
vt 0.692036 0.338510
vt 0.642641 0.642641
vt 1.000000 0.596926
vt 0.405495 0.000000
vt 1.000000 0.358306
vt 1.000000 1.000000
vt 0.405495 0.405495
vt 0.686053 0.377031
vt 1.000000 0.267927
vt 0.358306 0.358306
vt 0.677074 0.307897
vt 0.421689 0.312500
vt 0.406250 0.312500
vt 0.406250 0.281572
vt 0.421729 0.283042
vt 0.406250 0.343416
vt 0.421648 0.344631
vt 0.390822 0.344704
vt 0.390818 0.312500
vt 0.406250 0.343416
vt 0.406250 0.281572
vt 0.390818 0.283132
vt 0.402881 0.281898
s 0
usemtl 
f 2039/2892/1016 2050/2893/1016 2051/2894/1016 2052/2895/1016
f 2039/2896/1017 2054/2897/1017 2053/2898/1017 2050/2899/1017
f 2039/2892/1018 2052/2900/1018 2055/2901/1018
f 2057/2902/1019 2039/2903/1019 2055/2904/1019 2056/2905/1019
f 2054/2906/1020 2039/2903/1020 2057/2907/1020 2058/2908/1020
f 2044/2909/1021 2040/2910/1021 2043/2911/1021 2041/2912/1021
f 2049/2913/1022 2040/2910/1022 2044/2909/1022 2045/2914/1022
f 2048/2915/1023 2047/2916/1023 2040/2910/1023 2049/2917/1023
f 2043/2918/1024 2040/2910/1024 2047/2916/1024 2046/2919/1024 2042/2920/1024
o Sphere_cell.094
v 0.001810 0.009013 -0.009886
v 0.003330 0.018140 -0.025204
v 0.137950 0.707107 -0.693520
v 0.081889 0.552878 -0.824843
v 0.222245 0.628133 -0.735352
v 0.182506 0.765688 -0.605769
v 0.203316 0.707107 -0.673691
v 0.123336 0.768580 -0.620054
v 0.063135 0.765586 -0.629631
v 0.069703 0.707107 -0.700242
v 0.125695 0.554860 -0.819469
v 0.158106 0.581217 -0.794850
v 0.182506 0.765688 -0.605769
v 0.203316 0.707107 -0.673691
v 0.222245 0.628133 -0.735352
v 0.123336 0.768580 -0.620054
v 0.063135 0.765586 -0.629631
v 0.069703 0.707107 -0.700242
v 0.081889 0.552878 -0.824843
v 0.125695 0.554860 -0.819469
v 0.158106 0.581217 -0.794850
vn -0.9943 -0.0126 -0.1061
vn 0.7514 -0.5970 -0.2812
vn 0.9565 0.0014 0.2918
vn -0.1522 0.6337 0.7585
vn -0.9955 0.0029 -0.0950
vn -0.9952 0.0002 -0.0976
vn 0.1046 -0.8314 -0.5457
vn 0.7293 -0.6138 -0.3024
vn 0.0624 0.7715 -0.6332
vn 0.0721 0.6315 -0.7720
vn 0.1847 0.7715 -0.6088
vn 0.2248 0.6326 -0.7412
vt 0.219581 0.000000
vt 1.000000 0.000000
vt 1.000000 1.000000
vt 0.000000 0.000000
vt 1.000000 0.302335
vt 1.000000 0.273043
vt 0.302335 0.302335
vt 0.665532 0.280011
vt 1.000000 0.273144
vt 0.273043 0.273043
vt 0.634833 0.270267
vt 0.273144 0.273144
vt 1.000000 0.333252
vt 1.000000 0.216438
vt 0.333252 0.333252
vt 1.000000 0.780419
vt 0.224802 0.000000
vt 1.000000 0.306146
vt 0.230731 0.225248
vt 0.479999 0.248815
vt 0.734210 0.750000
vt 0.734095 0.779390
vt 0.718750 0.780894
vt 0.718750 0.750000
vt 0.718750 0.698078
vt 0.725633 0.687500
vt 0.734251 0.687500
vt 0.703425 0.779441
vt 0.703351 0.750000
vt 0.718750 0.780894
vt 0.703477 0.717185
vt 0.718750 0.698078
vt 0.703351 0.750000
s 0
usemtl 
f 2077/2921/1025 2060/2922/1025 2059/2923/1025
f 2059/2923/1026 2060/2924/1026 2073/2925/1026
f 2071/2926/1027 2059/2923/1027 2073/2927/1027 2072/2928/1027
f 2075/2929/1028 2059/2923/1028 2071/2930/1028 2074/2931/1028
f 2075/2932/1029 2076/2933/1029 2059/2923/1029
f 2077/2934/1030 2059/2923/1030 2076/2935/1030
f 2077/2936/1031 2078/2937/1031 2060/2922/1031
f 2073/2938/1032 2060/2923/1032 2078/2939/1032 2070/2940/1032
f 2068/2941/1033 2067/2942/1033 2066/2943/1033 2061/2944/1033
f 2068/2941/1034 2061/2944/1034 2079/2945/1034 2069/2946/1034 2062/2947/1034
f 2064/2948/1035 2065/2949/1035 2061/2944/1035 2066/2950/1035
f 2063/2951/1036 2079/2952/1036 2061/2944/1036 2065/2953/1036
o Sphere_cell.095
v -0.006526 0.001643 -0.003657
v -0.906127 0.195090 -0.375330
v -0.815493 0.195090 -0.544895
v -0.823418 0.098308 -0.550191
v -0.762425 0.097378 -0.624655
v -0.869046 0.097397 -0.465017
v -0.755135 0.195090 -0.618441
v -0.734079 0.285801 -0.600931
v -0.779269 0.399167 -0.473929
v -0.776395 0.382683 -0.497906
v -0.771803 0.368310 -0.515702
v -0.806230 0.382683 -0.442089
v -0.840932 0.356824 -0.393725
v -0.881925 0.281446 -0.365306
v -0.908075 0.221724 -0.341210
v -0.823418 0.098308 -0.550191
v -0.869046 0.097397 -0.465017
v -0.762425 0.097378 -0.624655
v -0.755135 0.195090 -0.618441
v -0.734079 0.285801 -0.600931
v -0.776395 0.382683 -0.497906
v -0.771803 0.368310 -0.515702
v -0.779269 0.399167 -0.473929
v -0.806230 0.382683 -0.442089
v -0.840932 0.356824 -0.393725
v -0.881925 0.281446 -0.365306
v -0.908075 0.221724 -0.341210
v -0.906127 0.195090 -0.375330
vn -0.0814 -0.9952 -0.0543
vn 0.6349 0.0018 -0.7726
vn 0.6005 0.6907 -0.4029
vn 0.1107 0.8412 0.5292
vn -0.2166 0.4453 0.8688
vn -0.3944 -0.7076 0.5863
vn -0.9161 0.2890 -0.2779
vn -0.7786 0.4696 -0.4162
vn -0.8443 0.2890 -0.4513
vn -0.8777 0.0975 -0.4691
vn -0.7400 0.2890 -0.6073
vn -0.7693 0.0975 -0.6314
vt 0.000000 0.000000
vt 0.826439 0.000000
vt 0.782924 0.366507
vt 0.724681 0.724681
vt 1.000000 0.000000
vt 1.000000 0.724681
vt 0.641913 0.359389
vt 0.302915 0.000000
vt 0.883934 0.261945
vt 1.000000 0.259110
vt 1.000000 1.000000
vt 0.302915 0.302915
vt 0.791030 0.266412
vt 0.259110 0.259110
vt 0.561116 0.233279
vt 1.000000 0.200034
vt 0.200034 0.200034
vt 0.650920 0.161113
vt 1.000000 0.136333
vt 1.000000 0.173561
vt 0.136333 0.136333
vt 0.346051 0.137924
vt 0.937967 0.562500
vt 0.942836 0.571374
vt 0.937500 0.591271
vt 0.909258 0.625000
vt 0.920178 0.625000
vt 0.913087 0.630959
vt 0.906250 0.620211
vt 0.906250 0.562500
vt 0.937500 0.562500
vt 0.937500 0.591271
vt 0.930312 0.616385
vt 0.920178 0.625000
vt 0.906250 0.531494
vt 0.921804 0.531202
vt 0.890820 0.592722
vt 0.890786 0.562500
vt 0.890756 0.531196
vt 0.906250 0.531494
vt 0.890786 0.562500
s 0
usemtl 
f 2080/2954/1037 2096/2955/1037 2095/2956/1037 2097/2957/1037
f 2080/2958/1038 2097/2959/1038 2098/2960/1038 2099/2961/1038
f 2100/2962/1039 2102/2963/1039 2080/2964/1039 2099/2965/1039 2101/2966/1039
f 2080/2964/1040 2102/2967/1040 2103/2968/1040 2104/2969/1040
f 2080/2964/1041 2104/2970/1041 2105/2971/1041 2106/2972/1041
f 2096/2973/1042 2080/2964/1042 2106/2974/1042 2081/2975/1042
f 2107/2976/1043 2094/2977/1043 2093/2978/1043
f 2089/2979/1044 2091/2980/1044 2088/2981/1044
f 2089/2979/1045 2090/2982/1045 2082/2983/1045 2107/2984/1045 2093/2985/1045 2092/2986/1045 2091/2987/1045
f 2107/2984/1046 2082/2983/1046 2083/2988/1046 2085/2989/1046
f 2087/2990/1047 2086/2991/1047 2082/2983/1047 2090/2982/1047
f 2084/2992/1048 2083/2993/1048 2082/2983/1048 2086/2994/1048
o Sphere_cell.096
v 0.002255 0.009296 -0.005226
v 0.004930 0.012955 -0.007697
v 0.212608 0.831470 -0.513280
v 0.308658 0.831470 -0.461940
v 0.329950 0.848498 -0.403451
v 0.274362 0.864466 -0.410611
v 0.221878 0.875413 -0.415554
v 0.137497 0.875453 -0.450489
v 0.179793 0.877303 -0.434059
v 0.184230 0.766988 -0.603600
v 0.161397 0.831470 -0.528814
v 0.241318 0.769899 -0.582593
v 0.297471 0.766932 -0.556658
v 0.368949 0.806996 -0.450853
v 0.336159 0.790846 -0.503098
v 0.350092 0.831470 -0.427936
v 0.274362 0.864466 -0.410611
v 0.221878 0.875413 -0.415554
v 0.137497 0.875453 -0.450489
v 0.179793 0.877303 -0.434059
v 0.184230 0.766988 -0.603600
v 0.161397 0.831470 -0.528814
v 0.241318 0.769899 -0.582593
v 0.297471 0.766932 -0.556658
v 0.368949 0.806996 -0.450853
v 0.336159 0.790846 -0.503098
v 0.350092 0.831470 -0.427936
v 0.329950 0.848498 -0.403451
vn 0.4970 0.2059 0.8430
vn 0.0051 0.4270 0.9042
vn -0.3371 0.4715 0.8149
vn -0.9565 -0.0005 -0.2916
vn 0.1752 -0.6358 -0.7517
vn 0.2957 -0.6346 -0.7140
vn 0.7791 -0.5374 -0.3229
vn 0.7724 0.0004 0.6351
vn 0.1374 0.8810 -0.4528
vn 0.1847 0.7715 -0.6088
vn 0.2230 0.8810 -0.4173
vn 0.2999 0.7715 -0.5611
vn 0.3002 0.8810 -0.3658
vn 0.4036 0.7715 -0.4918
vt 1.000000 1.000000
vt 0.000000 0.000000
vt 1.000000 0.193257
vt 1.000000 0.168092
vt 0.193257 0.193257
vt 0.611229 0.178325
vt 1.000000 0.167647
vt 0.168092 0.168092
vt 0.585881 0.166072
vt 1.000000 0.271679
vt 0.167647 0.167647
vt 0.561778 0.209817
vt 0.272654 0.000000
vt 1.000000 0.000000
vt 1.000000 0.272939
vt 0.272654 0.272654
vt 0.630399 0.269952
vt 1.000000 0.234579
vt 0.272939 0.272939
vt 0.652487 0.250023
vt 0.628467 0.210713
vt 1.000000 0.194042
vt 0.234579 0.234579
vt 0.687500 0.843499
vt 0.687500 0.812500
vt 0.702855 0.812500
vt 0.702853 0.842247
vt 0.702853 0.780094
vt 0.687500 0.781557
vt 0.671946 0.842221
vt 0.656250 0.834817
vt 0.656250 0.812500
vt 0.656250 0.792084
vt 0.671890 0.780066
vt 0.640893 0.824017
vt 0.640870 0.812500
vt 0.656250 0.792084
vt 0.640850 0.800201
s 0
usemtl 
f 2108/2995/1049 2109/2996/1049 2135/2997/1049
f 2125/2998/1050 2108/2995/1050 2135/2999/1050 2124/3000/1050
f 2126/3001/1051 2108/2995/1051 2125/3002/1051 2127/3003/1051
f 2128/3004/1052 2108/2995/1052 2126/3005/1052 2129/3006/1052
f 2128/3007/1053 2109/3008/1053 2108/2995/1053
f 2131/3009/1054 2109/2995/1054 2128/3010/1054 2130/3011/1054
f 2132/3012/1055 2109/2995/1055 2131/3013/1055 2133/3014/1055
f 2134/3015/1056 2135/3016/1056 2109/2995/1056 2132/3017/1056
f 2116/3018/1057 2110/3019/1057 2118/3020/1057 2115/3021/1057
f 2117/3022/1058 2118/3020/1058 2110/3019/1058 2119/3023/1058
f 2114/3024/1059 2113/3025/1059 2111/3026/1059 2110/3019/1059 2116/3018/1059
f 2119/3023/1060 2110/3019/1060 2111/3026/1060 2122/3027/1060 2120/3028/1060
f 2112/3029/1061 2123/3030/1061 2111/3026/1061 2113/3025/1061
f 2122/3031/1062 2111/3026/1062 2123/3030/1062 2121/3032/1062
o Sphere_cell.097
v -0.003481 -0.016986 -0.000986
v -0.191342 -0.980785 -0.038060
v -0.180240 -0.980785 -0.074658
v -0.243859 -0.951094 -0.162271
v -0.162523 -0.980785 -0.107803
v -0.003780 -0.999599 -0.001484
v -0.287298 -0.951107 -0.057147
v -0.297572 -0.948788 -0.030435
v -0.265910 -0.952656 -0.110144
v -0.193106 -0.980785 -0.020148
v -0.011082 -0.998887 -0.002204
v -0.243859 -0.951094 -0.162271
v -0.162523 -0.980785 -0.107803
v -0.287298 -0.951107 -0.057147
v -0.297572 -0.948788 -0.030435
v -0.265910 -0.952656 -0.110144
v -0.003780 -0.999599 -0.001484
v -0.011082 -0.998887 -0.002204
v -0.193106 -0.980785 -0.020148
vn 0.5565 0.0003 -0.8309
vn -0.8843 0.2907 -0.3654
vn -0.0981 -0.0005 0.9952
vn -0.0980 -0.9951 -0.0097
vn -0.2902 -0.9565 -0.0286
vn -0.2790 -0.9565 -0.0846
vn -0.0942 -0.9951 -0.0286
vn -0.2571 -0.9565 -0.1374
vn -0.0869 -0.9951 -0.0464
vt 1.000000 0.095847
vt 1.000000 1.000000
vt 0.049643 0.048447
vt 0.664760 0.066937
vt 1.000000 0.098274
vt 0.095847 0.095847
vt 0.453883 0.094413
vt 0.817208 0.095991
vt 1.000000 0.048411
vt 0.098274 0.098274
vt 0.418923 0.067054
vt 0.977590 0.049117
vt 0.983470 0.003620
vt 0.983457 0.062500
vt 0.968750 0.062500
vt 0.983782 0.097642
vt 0.968750 0.095096
vt 0.983457 0.062500
vt 0.937500 0.062500
vt 0.937500 0.093394
vt 0.952861 0.001303
vt 0.954030 0.003620
vt 0.906555 0.095110
vt 0.906791 0.062500
vt 0.906791 0.062500
vt 0.922230 0.001421
s 0
usemtl 
f 2147/3033/1063 2136/3034/1063 2152/3035/1063 2148/3036/1063
f 2150/3037/1064 2136/3034/1064 2147/3038/1064 2151/3039/1064 2149/3040/1064
f 2152/3041/1065 2136/3034/1065 2150/3042/1065 2154/3043/1065 2153/3044/1065
f 2146/3045/1066 2145/3046/1066 2137/3047/1066
f 2143/3048/1067 2142/3049/1067 2137/3047/1067 2145/3050/1067
f 2138/3051/1068 2137/3047/1068 2142/3049/1068 2144/3052/1068
f 2138/3051/1069 2141/3053/1069 2146/3054/1069 2137/3047/1069
f 2139/3055/1070 2140/3056/1070 2138/3051/1070 2144/3052/1070
f 2140/3057/1071 2141/3058/1071 2138/3051/1071
o Sphere_cell.098
v 0.008548 -0.029826 -0.005200
v 0.008286 -0.017603 -0.005206
v 0.318190 -0.923880 -0.212608
v 0.453430 -0.831470 -0.319027
v 0.468411 -0.831470 -0.296551
v 0.461125 -0.831993 -0.308114
v 0.471255 -0.831470 -0.291231
v 0.294888 -0.923880 -0.241001
v 0.402206 -0.849292 -0.329138
v 0.449036 -0.831470 -0.324382
v 0.225457 -0.951271 -0.183950
v 0.457226 -0.849705 -0.245454
v 0.335484 -0.923880 -0.180251
v 0.256568 -0.951167 -0.137986
v 0.241171 -0.951978 -0.161145
v 0.468411 -0.831470 -0.296551
v 0.461125 -0.831993 -0.308114
v 0.453430 -0.831470 -0.319027
v 0.294888 -0.923880 -0.241001
v 0.402206 -0.849292 -0.329138
v 0.449036 -0.831470 -0.324382
v 0.335484 -0.923880 -0.180251
v 0.256568 -0.951167 -0.137986
v 0.457226 -0.849705 -0.245454
v 0.225457 -0.951271 -0.183950
v 0.241171 -0.951978 -0.161145
v 0.471255 -0.831470 -0.291231
vn 0.6903 0.5563 -0.4626
vn 0.8506 0.3441 0.3977
vn -0.6348 0.0003 -0.7726
vn -0.0370 0.3474 -0.9370
vn -0.6726 -0.0148 -0.7399
vn 0.4874 0.0109 0.8731
vn 0.4721 -0.0000 0.8815
vn -0.7921 -0.2906 0.5368
vn 0.3658 -0.8810 -0.3002
vn 0.2254 -0.9565 -0.1850
vn 0.4173 -0.8810 -0.2230
vn 0.2571 -0.9565 -0.1374
vt 0.886361 0.674631
vt 0.610710 0.399636
vt 0.341851 0.130416
vt 0.211695 0.000000
vt 1.000000 0.000000
vt 1.000000 0.787927
vt 0.805672 0.000000
vt 0.787927 0.787927
vt 0.000000 0.000000
vt 1.000000 0.805721
vt 0.425981 0.304025
vt 0.095474 0.000000
vt 0.788633 0.011307
vt 0.805721 0.805721
vt 0.096526 0.000000
vt 1.000000 1.000000
vt 1.000000 0.194328
vt 0.876689 0.304191
vt 0.803908 0.803908
vt 0.903475 0.000000
vt 0.904219 0.451147
vt 0.903475 0.903475
vt 0.903474 0.000000
vt 0.597599 0.187500
vt 0.593750 0.187146
vt 0.593750 0.125000
vt 0.609051 0.125000
vt 0.609155 0.175446
vt 0.599586 0.187500
vt 0.608930 0.095019
vt 0.593750 0.094139
vt 0.589811 0.187500
vt 0.588080 0.187500
vt 0.578407 0.175167
vt 0.578467 0.125000
vt 0.578532 0.095030
vt 0.593750 0.094139
s 0
usemtl 
f 2170/3059/1072 2171/3060/1072 2172/3061/1072 2175/3062/1072 2156/3063/1072 2181/3064/1072
f 2178/3065/1073 2181/3066/1073 2156/3067/1073
f 2156/3063/1074 2174/3068/1074 2173/3069/1074 2179/3070/1074
f 2156/3067/1075 2175/3071/1075 2174/3072/1075
f 2179/3073/1076 2155/3063/1076 2156/3074/1076
f 2156/3074/1077 2155/3067/1077 2178/3075/1077
f 2176/3076/1078 2178/3077/1078 2155/3067/1078 2177/3078/1078
f 2180/3079/1079 2177/3080/1079 2155/3067/1079 2179/3081/1079
f 2158/3082/1080 2160/3083/1080 2157/3084/1080 2162/3085/1080 2163/3086/1080 2164/3087/1080
f 2165/3088/1081 2162/3085/1081 2157/3084/1081 2169/3089/1081
f 2157/3084/1082 2160/3083/1082 2159/3090/1082 2161/3091/1082 2166/3092/1082 2167/3093/1082
f 2167/3093/1083 2168/3094/1083 2169/3095/1083 2157/3084/1083
o Sphere_cell.099
v -0.001743 -0.003624 -0.009305
v -0.000756 -0.011299 -0.027555
v -0.180240 -0.382683 -0.906127
v -0.252943 -0.465084 -0.838268
v -0.086022 -0.464673 -0.871582
v -0.171305 -0.468367 -0.861208
v -0.093368 -0.286909 -0.943736
v -0.274462 -0.287176 -0.907675
v -0.185750 -0.289568 -0.933830
v -0.265873 -0.382683 -0.880151
v -0.000757 -0.395369 -0.917024
v -0.000965 -0.369433 -0.927804
v -0.000863 -0.382683 -0.923794
v -0.252943 -0.465084 -0.838268
v -0.171305 -0.468367 -0.861208
v -0.086022 -0.464673 -0.871582
v -0.274462 -0.287176 -0.907675
v -0.185750 -0.289568 -0.933830
v -0.093368 -0.286909 -0.943736
v -0.265873 -0.382683 -0.880151
v -0.000757 -0.395369 -0.917024
v -0.000863 -0.382683 -0.923794
v -0.000965 -0.369433 -0.927804
vn 0.0944 -0.8817 0.4622
vn 0.5638 -0.7500 0.3459
vn 0.5852 0.7583 -0.2873
vn -0.0580 0.9569 -0.2844
vn -0.9567 -0.0022 0.2911
vn 0.6916 -0.6631 0.2863
vn 1.0000 0.0068 -0.0029
vn 0.6663 0.6928 -0.2758
vn -0.2563 -0.4696 -0.8448
vn -0.2779 -0.2890 -0.9161
vn -0.0938 -0.2890 -0.9527
vn -0.0865 -0.4696 -0.8786
vt 1.000000 1.000000
vt 0.203366 0.203366
vt 0.596029 0.181387
vt 1.000000 0.171482
vt 1.000000 0.000000
vt 0.174361 0.000000
vt 0.000000 0.000000
vt 1.000000 0.102285
vt 1.000000 0.136803
vt 0.102285 0.102285
vt 0.548191 0.111738
vt 0.136803 0.136803
vt 0.578594 0.163184
vt 1.000000 0.203366
vt 1.000000 0.825639
vt 0.130004 0.000000
vt 0.572669 0.123483
vt 1.000000 0.119658
vt 0.130004 0.130004
vt 1.000000 0.104145
vt 0.119658 0.119658
vt 0.796642 0.345211
vt 0.796690 0.375000
vt 0.781250 0.375000
vt 0.781250 0.344025
vt 0.796734 0.406820
vt 0.781250 0.406023
vt 0.796690 0.375000
vt 0.750164 0.379415
vt 0.750150 0.375000
vt 0.781250 0.406023
vt 0.765647 0.406838
vt 0.750135 0.370414
vt 0.765657 0.345360
vt 0.750150 0.375000
s 0
usemtl 
f 2182/3096/1084 2195/3097/1084 2196/3098/1084 2197/3099/1084
f 2183/3100/1085 2182/3096/1085 2197/3101/1085
f 2182/3096/1086 2183/3102/1086 2200/3103/1086
f 2198/3104/1087 2182/3096/1087 2200/3105/1087 2199/3106/1087
f 2182/3096/1088 2198/3107/1088 2201/3108/1088 2195/3109/1088
f 2183/3100/1089 2197/3110/1089 2202/3111/1089
f 2203/3112/1090 2204/3113/1090 2183/3096/1090 2202/3114/1090
f 2200/3115/1091 2183/3096/1091 2204/3116/1091
f 2185/3117/1092 2191/3118/1092 2184/3119/1092 2187/3120/1092
f 2189/3121/1093 2190/3122/1093 2184/3119/1093 2191/3123/1093
f 2193/3124/1094 2194/3125/1094 2184/3119/1094 2190/3126/1094 2188/3127/1094
f 2192/3128/1095 2186/3129/1095 2187/3120/1095 2184/3119/1095 2194/3130/1095
o Sphere_cell.100
v -0.006476 0.007490 0.002615
v -0.653281 0.707107 0.270598
v -0.605378 0.765603 0.184151
v -0.654345 0.739644 0.131169
v -0.558058 0.765988 0.297280
v -0.583878 0.768757 0.241850
v -0.656761 0.657385 0.350235
v -0.620980 0.707107 0.331029
v -0.677566 0.628704 0.361002
v -0.710133 0.632125 0.294147
v -0.734764 0.628356 0.223551
v -0.721897 0.671384 0.144911
v -0.693185 0.707107 0.139054
v -0.605378 0.765603 0.184151
v -0.654345 0.739644 0.131169
v -0.583878 0.768757 0.241850
v -0.558058 0.765988 0.297280
v -0.620980 0.707107 0.331029
v -0.656761 0.657385 0.350235
v -0.677566 0.628704 0.361002
v -0.710133 0.632125 0.294147
v -0.734764 0.628356 0.223551
v -0.721897 0.671384 0.144911
v -0.693185 0.707107 0.139054
vn 0.4704 0.5389 -0.6988
vn 0.7123 0.6345 -0.3001
vn 0.4721 0.0008 0.8816
vn 0.4665 -0.0063 0.8845
vn -0.5848 -0.7732 0.2453
vn -0.6558 -0.6119 -0.4421
vn -0.1971 -0.0023 -0.9804
vn -0.5611 0.7715 0.2999
vn -0.6831 0.6326 0.3651
vn -0.6088 0.7715 0.1847
vn -0.7412 0.6326 0.2248
vt 1.000000 0.272815
vt 1.000000 1.000000
vt 0.297487 0.297487
vt 0.272815 0.272815
vt 0.636305 0.269949
vt 1.000000 0.272763
vt 0.272763 0.272763
vt 0.700046 0.329108
vt 1.000000 0.376706
vt 0.376706 0.376706
vt 1.000000 0.357046
vt 1.000000 0.302141
vt 0.357046 0.357046
vt 0.675756 0.325792
vt 0.302142 0.302142
vt 1.000000 0.314259
vt 0.637544 0.302953
vt 1.000000 0.297487
vt 0.314259 0.314259
vt 0.077902 0.779592
vt 0.062500 0.780983
vt 0.062500 0.750000
vt 0.077948 0.750000
vt 0.077972 0.729493
vt 0.062500 0.719074
vt 0.077913 0.717664
vt 0.046998 0.779398
vt 0.031493 0.766352
vt 0.031510 0.750000
vt 0.031525 0.735266
vt 0.047006 0.717520
vt 0.062500 0.719074
s 0
usemtl 
f 2218/3131/1096 2205/3132/1096 2219/3133/1096
f 2205/3132/1097 2218/3134/1097 2220/3135/1097 2221/3136/1097
f 2205/3132/1098 2221/3137/1098 2222/3138/1098 2223/3139/1098
f 2205/3132/1099 2223/3140/1099 2224/3141/1099
f 2226/3142/1100 2205/3132/1100 2224/3143/1100 2225/3144/1100
f 2205/3132/1101 2226/3145/1101 2227/3146/1101
f 2228/3147/1102 2219/3148/1102 2205/3132/1102 2227/3149/1102
f 2209/3150/1103 2210/3151/1103 2206/3152/1103 2212/3153/1103
f 2211/3154/1104 2212/3153/1104 2206/3152/1104 2214/3155/1104 2213/3156/1104
f 2206/3152/1105 2210/3151/1105 2207/3157/1105 2208/3158/1105 2217/3159/1105
f 2206/3152/1106 2217/3159/1106 2216/3160/1106 2215/3161/1106 2214/3162/1106
o Sphere_cell.101
v 0.004266 -0.017421 -0.009295
v 0.212608 -0.831470 -0.513280
v 0.184368 -0.767443 -0.602980
v 0.296367 -0.767379 -0.556633
v 0.241115 -0.770335 -0.582102
v 0.161537 -0.831470 -0.528772
v 0.137598 -0.875274 -0.450806
v 0.220926 -0.875642 -0.415579
v 0.179787 -0.877311 -0.434045
v 0.259709 -0.831470 -0.488104
v 0.296367 -0.767379 -0.556633
v 0.241115 -0.770335 -0.582102
v 0.184368 -0.767443 -0.602980
v 0.161537 -0.831470 -0.528772
v 0.137598 -0.875274 -0.450806
v 0.179787 -0.877311 -0.434045
v 0.220926 -0.875642 -0.415579
v 0.259709 -0.831470 -0.488104
vn 0.2949 0.6356 -0.7135
vn -0.9563 0.0019 -0.2925
vn -0.3452 -0.4714 0.8116
vn 0.8820 -0.0005 0.4713
vn 0.1847 -0.7715 -0.6088
vn 0.1374 -0.8810 -0.4528
vn 0.2999 -0.7715 -0.5611
vn 0.2231 -0.8810 -0.4173
vt 1.000000 1.000000
vt 0.273423 0.273423
vt 0.636421 0.270713
vt 1.000000 0.273666
vt 0.273666 0.273666
vt 0.648462 0.211479
vt 1.000000 0.168893
vt 0.168893 0.168893
vt 0.585026 0.167232
vt 1.000000 0.169156
vt 1.000000 0.273423
vt 0.169156 0.169156
vt 0.564680 0.211656
vt 0.687500 0.218224
vt 0.687500 0.187500
vt 0.702813 0.187500
vt 0.702774 0.219677
vt 0.702852 0.157874
vt 0.702813 0.187500
vt 0.687500 0.156496
vt 0.672132 0.219709
vt 0.672176 0.187500
vt 0.672233 0.157625
vt 0.672176 0.187500
s 0
usemtl 
f 2229/3163/1107 2239/3164/1107 2240/3165/1107 2241/3166/1107
f 2229/3163/1108 2241/3167/1108 2242/3168/1108 2243/3169/1108
f 2229/3163/1109 2243/3170/1109 2244/3171/1109 2245/3172/1109
f 2239/3173/1110 2229/3163/1110 2245/3174/1110 2246/3175/1110
f 2233/3176/1111 2230/3177/1111 2234/3178/1111 2231/3179/1111
f 2235/3180/1112 2234/3181/1112 2230/3177/1112 2237/3182/1112
f 2230/3177/1113 2233/3176/1113 2232/3183/1113 2238/3184/1113
f 2236/3185/1114 2237/3182/1114 2230/3177/1114 2238/3186/1114
o Sphere_cell.102
v 0.002201 -0.004436 0.010302
v 0.191342 -0.195090 0.961939
v 0.180240 -0.382683 0.906127
v 0.097468 -0.098651 0.980684
v 0.091065 -0.382683 0.914910
v 0.086812 -0.464831 0.871420
v 0.096562 -0.195090 0.971274
v 0.282132 -0.194273 0.934482
v 0.192243 -0.148156 0.966473
v 0.253644 -0.464688 0.838276
v 0.266103 -0.382683 0.880081
v 0.171318 -0.468242 0.861274
v 0.097468 -0.098651 0.980684
v 0.096562 -0.195090 0.971274
v 0.091065 -0.382683 0.914910
v 0.086812 -0.464831 0.871420
v 0.192243 -0.148156 0.966473
v 0.282132 -0.194273 0.934482
v 0.253644 -0.464688 0.838276
v 0.266103 -0.382683 0.880081
v 0.171318 -0.468242 0.861274
vn -0.9952 -0.0002 0.0977
vn 0.4673 0.8832 0.0399
vn 0.9572 0.0021 -0.2895
vn -0.0911 -0.8819 -0.4625
vn 0.2889 -0.0975 0.9524
vn 0.2788 -0.2886 0.9160
vn 0.2563 -0.4696 0.8448
vn 0.0938 -0.2890 0.9527
vn 0.0865 -0.4696 0.8786
vn 0.0975 -0.0975 0.9904
vt 1.000000 0.066706
vt 1.000000 1.000000
vt 0.171438 0.171438
vt 0.361367 0.129692
vt 0.785921 0.075664
vt 0.532181 0.080396
vt 1.000000 0.111187
vt 0.066706 0.066706
vt 1.000000 0.203394
vt 0.113548 0.111260
vt 0.711198 0.163288
vt 0.203394 0.203394
vt 0.599549 0.181234
vt 1.000000 0.171438
vt 0.281250 0.452536
vt 0.281250 0.437500
vt 0.296667 0.437762
vt 0.281250 0.375000
vt 0.296732 0.375000
vt 0.296667 0.437500
vt 0.296763 0.345355
vt 0.281250 0.344070
vt 0.265789 0.375000
vt 0.265771 0.437500
vt 0.265789 0.375000
vt 0.265803 0.345303
vt 0.265766 0.468396
vt 0.265771 0.437500
s 0
usemtl 
f 2259/3187/1115 2247/3188/1115 2262/3189/1115 2261/3190/1115 2260/3191/1115
f 2263/3192/1116 2264/3193/1116 2247/3188/1116 2259/3194/1116
f 2265/3195/1117 2247/3188/1117 2264/3196/1117 2266/3197/1117
f 2247/3188/1118 2265/3198/1118 2267/3199/1118 2262/3200/1118
f 2255/3201/1119 2248/3202/1119 2254/3203/1119
f 2248/3202/1120 2249/3204/1120 2257/3205/1120 2254/3206/1120
f 2256/3207/1121 2257/3205/1121 2249/3204/1121 2258/3208/1121
f 2251/3209/1122 2249/3204/1122 2248/3202/1122 2253/3210/1122
f 2258/3208/1123 2249/3204/1123 2251/3211/1123 2252/3212/1123
f 2250/3213/1124 2253/3214/1124 2248/3202/1124 2255/3201/1124
o Sphere_cell.103
v 0.006859 -0.002415 0.000898
v 0.923879 -0.382683 -0.000000
v 0.906127 -0.382683 0.180240
v 0.838304 -0.464707 0.253517
v 0.880112 -0.382683 0.266001
v 0.907850 -0.286875 0.274198
v 0.861202 -0.468380 0.171304
v 0.871364 -0.465064 0.086121
v 0.971578 -0.195090 0.093481
v 0.968332 -0.164462 0.157068
v 0.969151 -0.222405 0.033998
v 0.962428 -0.195090 0.186384
v 0.960488 -0.199969 0.191053
v 0.927625 -0.357353 -0.039989
v 0.953390 -0.285401 0.000000
v 0.922531 -0.382683 -0.013689
v 0.917404 -0.394799 -0.000000
v 0.880112 -0.382683 0.266001
v 0.907850 -0.286875 0.274198
v 0.838304 -0.464707 0.253517
v 0.861202 -0.468380 0.171304
v 0.871364 -0.465064 0.086121
v 0.971578 -0.195090 0.093481
v 0.969151 -0.222405 0.033998
v 0.968332 -0.164462 0.157068
v 0.962428 -0.195090 0.186384
v 0.960488 -0.199969 0.191053
v 0.953390 -0.285401 0.000000
v 0.927625 -0.357353 -0.039989
v 0.917404 -0.394799 -0.000000
v 0.922531 -0.382683 -0.013689
vn -0.2897 0.0020 0.9571
vn -0.4631 -0.8818 -0.0896
vn 0.2163 0.8839 -0.4147
vn -0.0008 0.6915 0.7223
vn 0.1322 0.4449 -0.8857
vn -0.2859 -0.6619 -0.6929
vn 0.9527 -0.2890 -0.0938
vn 0.8786 -0.4696 -0.0865
vn 0.9904 -0.0975 0.0975
vn 0.9527 -0.2890 0.0938
vn 0.8786 -0.4696 0.0865
vn 0.9161 -0.2890 0.2779
vn 0.8448 -0.4696 0.2563
vt 0.136158 0.000000
vt 1.000000 0.000000
vt 1.000000 0.796741
vt 0.579973 0.417000
vt 0.000000 0.000000
vt 0.828990 0.000000
vt 0.818969 0.402372
vt 0.796741 0.796741
vt 0.077536 0.000000
vt 1.000000 0.921422
vt 0.519955 0.444622
vt 0.915856 0.709851
vt 0.921422 0.921422
vt 0.863842 0.000000
vt 0.914012 0.674096
vt 1.000000 1.000000
vt 0.077536 0.077536
vt 0.499625 0.092485
vt 1.000000 0.116998
vt 1.000000 0.171011
vt 0.116998 0.116998
vt 0.296755 0.121895
vt 0.391957 0.126819
vt 0.500000 0.407411
vt 0.500000 0.375000
vt 0.502373 0.375000
vt 0.506853 0.383439
vt 0.500000 0.370620
vt 0.484733 0.437500
vt 0.474418 0.447312
vt 0.469560 0.437500
vt 0.500000 0.407411
vt 0.494378 0.428400
vt 0.468750 0.435875
vt 0.468750 0.375000
vt 0.500000 0.370620
vt 0.468750 0.344020
vt 0.484321 0.345219
vt 0.453287 0.375000
vt 0.453316 0.406920
vt 0.468750 0.344020
vt 0.453260 0.345348
s 0
usemtl 
f 2286/3215/1125 2268/3216/1125 2287/3217/1125 2285/3218/1125
f 2268/3219/1126 2289/3220/1126 2288/3221/1126 2287/3222/1126
f 2291/3223/1127 2268/3216/1127 2292/3224/1127 2290/3225/1127
f 2293/3226/1128 2292/3227/1128 2268/3219/1128 2286/3228/1128 2294/3229/1128
f 2268/3230/1129 2291/3231/1129 2295/3232/1129 2296/3233/1129
f 2289/3234/1130 2268/3230/1130 2296/3235/1130 2298/3236/1130 2297/3237/1130
f 2282/3238/1131 2269/3239/1131 2283/3240/1131 2281/3241/1131
f 2269/3239/1132 2284/3242/1132 2283/3240/1132
f 2276/3243/1133 2277/3244/1133 2279/3245/1133
f 2282/3246/1134 2278/3247/1134 2276/3243/1134 2279/3245/1134 2280/3248/1134 2270/3249/1134 2269/3239/1134
f 2284/3250/1135 2269/3239/1135 2270/3249/1135 2274/3251/1135 2275/3252/1135
f 2272/3253/1136 2270/3249/1136 2280/3248/1136 2273/3254/1136
f 2274/3255/1137 2270/3249/1137 2272/3253/1137 2271/3256/1137
o Sphere_cell.104
v 0.003649 0.013337 0.008940
v 0.212607 0.831470 0.513280
v 0.184218 0.766655 0.604025
v 0.254749 0.740758 0.615447
v 0.296333 0.766789 0.557463
v 0.161412 0.831470 0.528810
v 0.137642 0.875463 0.450425
v 0.207989 0.890834 0.390421
v 0.174153 0.885180 0.420443
v 0.259687 0.831470 0.488115
v 0.184218 0.766655 0.604025
v 0.254749 0.740758 0.615447
v 0.161412 0.831470 0.528810
v 0.137642 0.875463 0.450425
v 0.207989 0.890834 0.390421
v 0.174153 0.885180 0.420443
v 0.259687 0.831470 0.488115
v 0.296333 0.766789 0.557463
vn -0.3235 -0.5376 0.7787
vn 0.7813 -0.5362 0.3196
vn -0.9570 0.0001 0.2902
vn -0.6390 0.4270 -0.6398
vn 0.8834 -0.0020 -0.4687
vn 0.2230 0.8810 0.4173
vn 0.2998 0.7715 0.5612
vn 0.1374 0.8810 0.4528
vn 0.1847 0.7715 0.6088
vt 0.273088 0.000000
vt 1.000000 0.000000
vt 1.000000 0.701957
vt 0.726548 0.000000
vt 0.701957 0.701957
vt 0.000000 0.000000
vt 1.000000 0.726912
vt 0.561173 0.350446
vt 0.168439 0.000000
vt 1.000000 0.153800
vt 1.000000 1.000000
vt 0.168439 0.168439
vt 0.594984 0.159162
vt 0.617141 0.211065
vt 1.000000 0.273452
vt 0.153800 0.153800
vt 0.327903 0.852650
vt 0.312500 0.848826
vt 0.312500 0.812500
vt 0.327817 0.812500
vt 0.327817 0.812500
vt 0.312500 0.766955
vt 0.327762 0.779994
vt 0.297149 0.812500
vt 0.297200 0.842255
vt 0.297113 0.779927
vt 0.312500 0.766955
s 0
usemtl 
f 2309/3257/1138 2299/3258/1138 2310/3259/1138
f 2316/3260/1139 2310/3261/1139 2299/3262/1139
f 2299/3258/1140 2309/3263/1140 2311/3264/1140 2312/3265/1140
f 2313/3266/1141 2299/3267/1141 2312/3268/1141 2314/3269/1141
f 2315/3270/1142 2316/3271/1142 2299/3267/1142 2313/3272/1142
f 2306/3273/1143 2307/3274/1143 2300/3275/1143 2308/3276/1143
f 2308/3277/1144 2300/3275/1144 2302/3278/1144 2303/3279/1144
f 2304/3280/1145 2300/3275/1145 2307/3274/1145 2305/3281/1145
f 2301/3282/1146 2302/3283/1146 2300/3275/1146 2304/3280/1146
o Sphere_cell.105
v 0.003410 0.009653 -0.009626
v 0.270598 0.707107 -0.653281
v 0.350121 0.657072 -0.657112
v 0.360677 0.628625 -0.677813
v 0.297016 0.765821 -0.558429
v 0.330746 0.707107 -0.621132
v 0.184431 0.765670 -0.605209
v 0.241881 0.768692 -0.583952
v 0.223379 0.628510 -0.734686
v 0.204905 0.707107 -0.673209
v 0.294137 0.632157 -0.710109
v 0.350121 0.657072 -0.657112
v 0.360677 0.628625 -0.677813
v 0.297016 0.765821 -0.558429
v 0.330746 0.707107 -0.621132
v 0.184431 0.765670 -0.605209
v 0.241881 0.768692 -0.583952
v 0.223379 0.628510 -0.734686
v 0.204905 0.707107 -0.673209
v 0.294137 0.632157 -0.710109
vn 0.8855 -0.0095 0.4646
vn 0.8811 0.0011 0.4729
vn -0.2975 0.6337 0.7140
vn -0.9572 0.0013 -0.2893
vn 0.2434 -0.7730 -0.5859
vn 0.1847 0.7715 -0.6088
vn 0.2248 0.6326 -0.7412
vn 0.2999 0.7715 -0.5611
vn 0.3651 0.6326 -0.6831
vt 1.000000 0.377660
vt 1.000000 1.000000
vt 0.357663 0.357663
vt 1.000000 0.273326
vt 0.377660 0.377660
vt 0.630976 0.329647
vt 1.000000 0.273124
vt 0.273326 0.273326
vt 0.633747 0.270393
vt 1.000000 0.303177
vt 0.273124 0.273124
vt 0.615336 0.280504
vt 1.000000 0.357663
vt 0.303177 0.303177
vt 0.651776 0.326710
vt 0.702976 0.750000
vt 0.702923 0.779432
vt 0.687500 0.780950
vt 0.687500 0.750000
vt 0.687500 0.719088
vt 0.703023 0.717583
vt 0.672200 0.779508
vt 0.672125 0.750000
vt 0.672086 0.729364
vt 0.672170 0.717631
s 0
usemtl 
f 2328/3284/1147 2317/3285/1147 2329/3286/1147
f 2330/3287/1148 2317/3285/1148 2328/3288/1148 2331/3289/1148
f 2332/3290/1149 2317/3285/1149 2330/3291/1149 2333/3292/1149
f 2334/3293/1150 2317/3285/1150 2332/3294/1150 2335/3295/1150
f 2329/3296/1151 2317/3285/1151 2334/3297/1151 2336/3298/1151
f 2326/3299/1152 2323/3300/1152 2324/3301/1152 2318/3302/1152
f 2326/3299/1153 2318/3302/1153 2327/3303/1153 2325/3304/1153
f 2321/3305/1154 2322/3306/1154 2318/3302/1154 2324/3301/1154
f 2318/3302/1155 2322/3306/1155 2319/3307/1155 2320/3308/1155 2327/3303/1155
o Sphere_cell.106
v 0.009198 0.000068 -0.004177
v 0.923879 0.000000 -0.382683
v 0.869852 -0.095624 -0.463879
v 0.832409 0.000000 -0.553813
v 0.869746 0.095800 -0.464041
v 0.915098 -0.096503 -0.379046
v 0.943157 -0.095540 -0.286874
v 0.952043 0.000000 -0.289842
v 0.942988 0.095712 -0.287374
v 0.915083 0.096675 -0.379039
v 0.869852 -0.095624 -0.463879
v 0.832409 0.000000 -0.553813
v 0.915098 -0.096503 -0.379046
v 0.943157 -0.095540 -0.286874
v 0.952043 0.000000 -0.289842
v 0.942988 0.095712 -0.287374
v 0.869746 0.095800 -0.464041
v 0.915083 0.096675 -0.379039
vn -0.3928 -0.7070 -0.5882
vn -0.3934 0.7056 -0.5893
vn -0.0904 -0.9952 0.0379
vn 0.2900 0.0028 0.9570
vn -0.0904 0.9952 0.0380
vn 0.8777 0.0975 -0.4691
vn 0.8777 -0.0975 -0.4691
vn 0.9524 0.0975 -0.2889
vn 0.9524 -0.0975 -0.2889
vt 0.997866 0.788516
vt 0.173388 0.000000
vt 1.000000 0.000000
vt 0.790518 0.790518
vt 0.000000 0.000000
vt 0.826702 0.000000
vt 0.102945 0.000000
vt 1.000000 0.826612
vt 0.547650 0.417737
vt 1.000000 0.103093
vt 1.000000 1.000000
vt 0.102945 0.102945
vt 0.546761 0.094403
vt 1.000000 0.173298
vt 0.103093 0.103093
vt 0.546038 0.129823
vt 0.562500 0.530971
vt 0.562500 0.500000
vt 0.593472 0.500079
vt 0.578005 0.530691
vt 0.562500 0.469084
vt 0.577974 0.469365
vt 0.593432 0.500000
vt 0.547034 0.500000
vt 0.562500 0.530971
vt 0.547078 0.530663
vt 0.546994 0.469392
s 0
usemtl 
f 2348/3309/1156 2347/3310/1156 2337/3311/1156
f 2348/3312/1157 2337/3313/1157 2353/3314/1157
f 2350/3315/1158 2337/3311/1158 2347/3316/1158 2349/3317/1158
f 2352/3318/1159 2337/3319/1159 2350/3320/1159 2351/3321/1159
f 2353/3322/1160 2337/3319/1160 2352/3323/1160 2354/3324/1160
f 2346/3325/1161 2338/3326/1161 2340/3327/1161 2341/3328/1161
f 2338/3326/1162 2342/3329/1162 2339/3330/1162 2340/3331/1162
f 2344/3332/1163 2338/3326/1163 2346/3333/1163 2345/3334/1163
f 2344/3332/1164 2343/3335/1164 2342/3329/1164 2338/3326/1164
o Sphere_cell.107
v 0.009434 -0.017070 0.003555
v 0.513280 -0.831470 0.212608
v 0.556693 -0.767271 0.296532
v 0.603335 -0.767329 0.183676
v 0.582203 -0.770245 0.241156
v 0.528880 -0.831470 0.161182
v 0.450314 -0.875553 0.137433
v 0.390400 -0.890818 0.208095
v 0.420370 -0.885223 0.174123
v 0.487950 -0.831470 0.259996
v 0.603335 -0.767329 0.183676
v 0.582203 -0.770245 0.241156
v 0.556693 -0.767271 0.296532
v 0.528880 -0.831470 0.161182
v 0.450314 -0.875553 0.137433
v 0.390400 -0.890818 0.208095
v 0.420370 -0.885223 0.174123
v 0.487950 -0.831470 0.259996
vn 0.7136 0.6356 0.2946
vn 0.2896 -0.0005 -0.9571
vn -0.6413 -0.4286 -0.6364
vn -0.4704 0.0015 0.8825
vn 0.6088 -0.7715 0.1847
vn 0.4528 -0.8810 0.1374
vn 0.5611 -0.7715 0.2999
vn 0.4173 -0.8810 0.2231
vt 0.726640 0.726640
vt 0.000000 0.000000
vt 0.726214 0.000000
vt 0.729279 0.363950
vt 1.000000 0.000000
vt 1.000000 0.726640
vt 0.563835 0.352539
vt 0.168653 0.000000
vt 1.000000 0.153812
vt 1.000000 1.000000
vt 0.168653 0.168653
vt 0.595256 0.159259
vt 1.000000 0.273786
vt 0.153812 0.153812
vt 0.618602 0.211470
vt 0.452967 0.219735
vt 0.437500 0.218269
vt 0.437500 0.187500
vt 0.452920 0.187500
vt 0.452857 0.157685
vt 0.437500 0.151145
vt 0.422082 0.187500
vt 0.422103 0.219764
vt 0.422059 0.147361
vt 0.437500 0.151145
s 0
usemtl 
f 2365/3336/1165 2355/3337/1165 2367/3338/1165 2366/3339/1165
f 2355/3340/1166 2365/3341/1166 2368/3342/1166 2369/3343/1166
f 2370/3344/1167 2355/3345/1167 2369/3346/1167 2371/3347/1167
f 2367/3348/1168 2355/3345/1168 2370/3349/1168 2372/3350/1168
f 2358/3351/1169 2359/3352/1169 2356/3353/1169 2360/3354/1169
f 2361/3355/1170 2360/3354/1170 2356/3353/1170 2363/3356/1170
f 2364/3357/1171 2356/3353/1171 2359/3352/1171 2357/3358/1171
f 2362/3359/1172 2363/3360/1172 2356/3353/1172 2364/3357/1172
o Sphere_cell.108
v 0.007113 -0.013370 0.007642
v 0.392847 -0.831470 0.392847
v 0.471066 -0.740619 0.471174
v 0.487325 -0.766617 0.401691
v 0.401509 -0.766612 0.487482
v 0.351618 -0.831470 0.426683
v 0.300068 -0.875110 0.363878
v 0.363922 -0.875081 0.300100
v 0.332689 -0.876944 0.332689
v 0.426616 -0.831470 0.351700
v 0.471066 -0.740619 0.471174
v 0.401509 -0.766612 0.487482
v 0.351618 -0.831470 0.426683
v 0.300068 -0.875110 0.363878
v 0.332689 -0.876944 0.332689
v 0.363922 -0.875081 0.300100
v 0.426616 -0.831470 0.351700
v 0.487325 -0.766617 0.401691
vn 0.8440 0.5364 -0.0032
vn -0.0025 0.5363 0.8440
vn -0.7728 -0.0004 0.6346
vn -0.6236 -0.4702 -0.6245
vn 0.6351 0.0008 -0.7724
vn 0.4918 -0.7715 0.4037
vn 0.3658 -0.8810 0.3002
vn 0.4036 -0.7715 0.4918
vn 0.3002 -0.8810 0.3658
vt 0.273234 0.000000
vt 1.000000 0.000000
vt 0.999087 0.700878
vt 0.000000 0.000000
vt 0.726824 0.000000
vt 0.701753 0.701753
vt 0.789359 0.348819
vt 0.726824 0.726824
vt 0.831426 0.000000
vt 0.168574 0.000000
vt 1.000000 0.831222
vt 0.583348 0.416456
vt 0.831222 0.831222
vt 0.726766 0.000000
vt 0.789235 0.440553
vt 0.390284 0.220092
vt 0.375000 0.233138
vt 0.375000 0.187500
vt 0.390273 0.187500
vt 0.375000 0.156744
vt 0.390252 0.158004
vt 0.359696 0.187500
vt 0.374981 0.233158
vt 0.359655 0.220095
vt 0.375000 0.156744
vt 0.359750 0.157985
s 0
usemtl 
f 2390/3361/1173 2373/3362/1173 2383/3363/1173
f 2373/3364/1174 2384/3365/1174 2383/3366/1174
f 2385/3367/1175 2384/3368/1175 2373/3364/1175 2386/3369/1175
f 2386/3370/1176 2373/3362/1176 2388/3371/1176 2387/3372/1176
f 2388/3373/1177 2373/3364/1177 2390/3374/1177 2389/3375/1177
f 2376/3376/1178 2375/3377/1178 2374/3378/1178 2382/3379/1178
f 2374/3378/1179 2381/3380/1179 2380/3381/1179 2382/3379/1179
f 2378/3382/1180 2374/3378/1180 2375/3383/1180 2377/3384/1180
f 2381/3385/1181 2374/3378/1181 2378/3382/1181 2379/3386/1181
o Sphere_cell.109
v -0.004086 0.014851 -0.002436
v -0.353553 0.923880 -0.146447
v -0.318189 0.923880 -0.212607
v -0.363087 0.876517 -0.296903
v -0.389078 0.878309 -0.259973
v -0.294976 0.923880 -0.240893
v -0.217220 0.954562 -0.176969
v -0.224796 0.957952 -0.150204
v -0.267741 0.954585 -0.082306
v -0.238931 0.961515 -0.098969
v -0.420906 0.891947 -0.129228
v -0.364061 0.923880 -0.111806
v -0.438607 0.874671 -0.181677
v -0.363087 0.876517 -0.296903
v -0.389078 0.878309 -0.259973
v -0.294976 0.923880 -0.240893
v -0.217220 0.954562 -0.176969
v -0.224796 0.957952 -0.150204
v -0.267741 0.954585 -0.082306
v -0.238931 0.961515 -0.098969
v -0.364061 0.923880 -0.111806
v -0.420906 0.891947 -0.129228
v -0.438607 0.874671 -0.181677
vn -0.7335 -0.4727 -0.4883
vn 0.6349 0.0005 -0.7726
vn 0.9368 0.2565 0.2379
vn 0.4537 0.2011 0.8681
vn -0.2926 -0.0008 0.9562
vn -0.8488 -0.3455 0.4003
vn -0.2790 0.9565 -0.0846
vn -0.4528 0.8810 -0.1374
vn -0.2571 0.9565 -0.1374
vn -0.4173 0.8810 -0.2231
vn -0.2254 0.9565 -0.1850
vn -0.3658 0.8810 -0.3002
vt 1.000000 0.167244
vt 1.000000 1.000000
vt 0.169699 0.169699
vt 0.726310 0.165655
vt 0.167244 0.167244
vt 0.568702 0.121550
vt 1.000000 0.091980
vt 0.405777 0.088824
vt 1.000000 0.085525
vt 0.091980 0.091980
vt 0.100156 0.085602
vt 1.000000 0.091771
vt 0.091771 0.091771
vt 0.642434 0.121776
vt 1.000000 0.152844
vt 1.000000 0.169699
vt 0.152844 0.152844
vt 0.952534 0.908725
vt 0.937500 0.916335
vt 0.937500 0.875000
vt 0.952579 0.875000
vt 0.952579 0.875000
vt 0.937500 0.841719
vt 0.952586 0.853403
vt 0.937237 0.916433
vt 0.906250 0.912423
vt 0.906250 0.875000
vt 0.906250 0.844179
vt 0.891007 0.875000
vt 0.891195 0.908699
vt 0.890906 0.842967
s 0
usemtl 
f 2404/3387/1182 2391/3388/1182 2413/3389/1182 2405/3390/1182
f 2391/3388/1183 2404/3391/1183 2406/3392/1183 2407/3393/1183
f 2408/3394/1184 2410/3395/1184 2391/3388/1184 2407/3396/1184
f 2391/3388/1185 2410/3397/1185 2409/3398/1185
f 2391/3388/1186 2409/3399/1186 2411/3400/1186 2412/3401/1186
f 2413/3402/1187 2391/3388/1187 2412/3403/1187
f 2399/3404/1188 2400/3405/1188 2392/3406/1188 2402/3407/1188
f 2402/3408/1189 2392/3406/1189 2403/3409/1189 2401/3410/1189
f 2400/3411/1190 2398/3412/1190 2393/3413/1190 2392/3406/1190
f 2392/3406/1191 2393/3413/1191 2395/3414/1191 2403/3409/1191
f 2396/3415/1192 2393/3413/1192 2398/3412/1192 2397/3416/1192
f 2394/3417/1193 2395/3414/1193 2393/3413/1193 2396/3415/1193
o Sphere_cell.110
v -0.002317 -0.013992 0.009908
v -0.108386 -0.831470 0.544895
v -0.062611 -0.767068 0.627877
v -0.054908 -0.831470 0.550162
v -0.046896 -0.875194 0.469149
v -0.182704 -0.767042 0.603993
v -0.122996 -0.770012 0.618342
v -0.136321 -0.875041 0.451647
v -0.091774 -0.876984 0.461380
v -0.159945 -0.831470 0.529255
v -0.054908 -0.831470 0.550162
v -0.046896 -0.875194 0.469149
v -0.062611 -0.767068 0.627877
v -0.122996 -0.770012 0.618342
v -0.182704 -0.767042 0.603993
v -0.136321 -0.875041 0.451647
v -0.091774 -0.876984 0.461380
v -0.159945 -0.831470 0.529255
vn 0.9952 0.0008 0.0980
vn -0.1507 0.6343 0.7583
vn 0.1687 -0.4706 -0.8661
vn -0.9567 -0.0004 -0.2910
vn -0.0464 -0.8810 0.4709
vn -0.0624 -0.7715 0.6332
vn -0.1847 -0.7715 0.6088
vn -0.1374 -0.8810 0.4528
vt 0.168718 0.000000
vt 1.000000 0.000000
vt 1.000000 0.726914
vt 0.561397 0.350475
vt 0.726914 0.726914
vt 0.000000 0.000000
vt 0.727023 0.000000
vt 0.729823 0.365699
vt 0.168846 0.000000
vt 1.000000 0.831282
vt 0.583780 0.416800
vt 1.000000 0.272977
vt 1.000000 1.000000
vt 0.168846 0.168846
vt 0.560660 0.210848
vt 0.234145 0.157928
vt 0.234169 0.187500
vt 0.218750 0.187500
vt 0.218750 0.156717
vt 0.234169 0.187500
vt 0.234182 0.219866
vt 0.218750 0.218386
vt 0.203290 0.187500
vt 0.218750 0.218386
vt 0.203249 0.219879
vt 0.203345 0.158031
s 0
usemtl 
f 2425/3418/1194 2414/3419/1194 2426/3420/1194 2424/3421/1194
f 2426/3422/1195 2414/3423/1195 2428/3424/1195 2427/3425/1195
f 2429/3426/1196 2414/3419/1196 2425/3427/1196 2430/3428/1196
f 2428/3429/1197 2414/3430/1197 2429/3431/1197 2431/3432/1197
f 2418/3433/1198 2417/3434/1198 2415/3435/1198 2422/3436/1198
f 2415/3435/1199 2417/3437/1199 2416/3438/1199 2420/3439/1199
f 2423/3440/1200 2415/3435/1200 2420/3441/1200 2419/3442/1200
f 2421/3443/1201 2422/3436/1201 2415/3435/1201 2423/3440/1201
o Sphere_cell.111
v -0.008323 -0.000091 -0.001663
v -0.014845 -0.000151 -0.000987
v -0.980784 0.000000 -0.195091
v -0.952569 0.000000 -0.288104
v -0.934577 0.192044 -0.282573
v -0.943587 -0.095649 -0.285416
v -0.971452 -0.096609 -0.193234
v -0.990523 -0.094820 -0.001399
v -0.961016 0.193435 -0.194944
v -0.999859 -0.000222 -0.001200
v -0.962437 0.189933 -0.191441
v -0.952569 0.000000 -0.288104
v -0.943587 -0.095649 -0.285416
v -0.934577 0.192044 -0.282573
v -0.971452 -0.096609 -0.193234
v -0.990523 -0.094820 -0.001399
v -0.999859 -0.000222 -0.001200
v -0.961016 0.193435 -0.194944
v -0.962437 0.189933 -0.191441
vn 0.2903 0.0004 -0.9569
vn 0.0960 -0.9952 0.0188
vn 0.1907 0.9807 0.0420
vn 0.0737 -0.7619 0.6435
vn 0.0514 0.8209 0.5688
vn -0.0002 -0.0021 1.0000
vn -0.0002 0.7073 0.7069
vn -0.9904 -0.0975 -0.0976
vn -0.9905 0.0975 -0.0973
vn -0.9524 0.0975 -0.2889
vn -0.9524 -0.0975 -0.2889
vt 1.000000 0.000000
vt 1.000000 0.898104
vt 0.700548 0.607217
vt 0.110726 0.000000
vt 0.924783 0.606582
vt 0.898104 0.898104
vt 0.000000 0.000000
vt 0.942935 0.000000
vt 1.000000 0.889274
vt 0.085859 0.000000
vt 1.000000 0.057065
vt 1.000000 1.000000
vt 0.086342 0.000000
vt 0.951505 0.000000
vt 0.942582 0.942582
vt 1.000000 0.913658
vt 0.982100 0.897137
vt 0.048495 0.000000
vt 0.999774 0.469623
vt 0.999772 0.500000
vt 0.968750 0.500000
vt 0.968750 0.469050
vt 0.968750 0.560848
vt 0.968117 0.562004
vt 0.953269 0.561524
vt 0.953255 0.500000
vt 0.953251 0.469357
vt 0.968750 0.469050
s 0
usemtl 
f 2432/3444/1202 2444/3445/1202 2443/3446/1202 2445/3447/1202
f 2446/3448/1203 2444/3449/1203 2432/3450/1203 2447/3451/1203
f 2445/3452/1204 2449/3453/1204 2432/3444/1204
f 2447/3454/1205 2432/3455/1205 2433/3450/1205
f 2433/3444/1206 2432/3455/1206 2449/3456/1206
f 2448/3457/1207 2447/3458/1207 2433/3450/1207
f 2433/3444/1208 2449/3459/1208 2450/3460/1208 2448/3461/1208
f 2439/3462/1209 2441/3463/1209 2434/3464/1209 2438/3465/1209
f 2434/3464/1210 2441/3463/1210 2442/3466/1210
f 2440/3467/1211 2436/3468/1211 2435/3469/1211 2434/3464/1211 2442/3466/1211
f 2434/3464/1212 2435/3469/1212 2437/3470/1212 2438/3471/1212
o Sphere_cell.112
v 0.000564 -0.017342 0.008215
v 0.074658 -0.923880 0.375330
v 0.091375 -0.878078 0.459372
v 0.134860 -0.876234 0.449768
v 0.046003 -0.876214 0.467328
v 0.000921 -0.886075 0.453320
v 0.109531 -0.923880 0.364752
v 0.083807 -0.951290 0.278583
v 0.000884 -0.923880 0.382596
v 0.000836 -0.950412 0.295136
v 0.056557 -0.952024 0.284334
v 0.091375 -0.878078 0.459372
v 0.134860 -0.876234 0.449768
v 0.046003 -0.876214 0.467328
v 0.000921 -0.886075 0.453320
v 0.109531 -0.923880 0.364752
v 0.083807 -0.951290 0.278583
v 0.000884 -0.923880 0.382596
v 0.000836 -0.950412 0.295136
v 0.056557 -0.952024 0.284334
vn 0.1711 0.4715 0.8651
vn -0.3522 0.4267 0.8330
vn 0.9580 0.0024 -0.2867
vn -1.0000 -0.0001 0.0006
vn -0.1903 -0.2886 -0.9384
vn 0.1374 -0.8810 0.4528
vn 0.0846 -0.9565 0.2790
vn 0.0464 -0.8810 0.4709
vn 0.0286 -0.9565 0.2902
vt 0.168374 0.000000
vt 1.000000 0.000000
vt 1.000000 0.831379
vt 0.576278 0.409577
vt 0.831379 0.831379
vt 0.000000 0.000000
vt 0.841382 0.000000
vt 0.095649 0.000000
vt 1.000000 0.831626
vt 0.527884 0.405670
vt 1.000000 0.158618
vt 1.000000 1.000000
vt 0.096196 0.096196
vt 0.574011 0.121951
vt 0.095649 0.095649
vt 0.392661 0.094839
vt 1.000000 0.096196
vt 0.296365 0.157224
vt 0.281250 0.155977
vt 0.281250 0.125000
vt 0.296430 0.125000
vt 0.281250 0.094089
vt 0.296510 0.094895
vt 0.250322 0.150568
vt 0.250370 0.125000
vt 0.265617 0.157238
vt 0.250454 0.095860
vt 0.281250 0.094089
s 0
usemtl 
f 2463/3472/1213 2451/3473/1213 2464/3474/1213 2462/3475/1213
f 2464/3476/1214 2451/3477/1214 2465/3478/1214
f 2467/3479/1215 2451/3473/1215 2463/3480/1215 2466/3481/1215
f 2465/3482/1216 2451/3483/1216 2469/3484/1216 2468/3485/1216
f 2451/3483/1217 2467/3486/1217 2470/3487/1217 2469/3488/1217
f 2454/3489/1218 2453/3490/1218 2452/3491/1218 2457/3492/1218
f 2457/3492/1219 2452/3491/1219 2461/3493/1219 2458/3494/1219
f 2456/3495/1220 2459/3496/1220 2452/3491/1220 2453/3490/1220 2455/3497/1220
f 2452/3491/1221 2459/3496/1221 2460/3498/1221 2461/3499/1221
o Sphere_cell.113
v -0.010164 -0.019215 -0.000092
v -0.010579 -0.012983 0.000201
v -0.555570 -0.831470 -0.000000
v -0.393309 -0.916198 0.038017
v -0.415825 -0.906165 -0.000000
v -0.439359 -0.891347 -0.042514
v -0.550308 -0.831470 -0.053425
v -0.627968 -0.767119 -0.061058
v -0.665857 -0.740935 0.000301
v -0.628955 -0.766308 0.061066
v -0.550311 -0.831470 0.053391
v -0.393309 -0.916198 0.038017
v -0.415825 -0.906165 -0.000000
v -0.439359 -0.891347 -0.042514
v -0.550308 -0.831470 -0.053425
v -0.627968 -0.767119 -0.061058
v -0.665857 -0.740935 0.000301
v -0.628955 -0.766308 0.061066
v -0.550311 -0.831470 0.053391
vn 0.1781 -0.0343 0.9834
vn 0.7630 -0.3490 -0.5440
vn 0.0980 0.0002 -0.9952
vn 0.0387 0.0494 -0.9980
vn -0.5962 0.5366 -0.5972
vn -0.6001 0.5402 0.5900
vn 0.0976 0.0003 0.9952
vn -0.6332 -0.7715 0.0624
vn -0.4709 -0.8810 0.0464
vn -0.6333 -0.7714 -0.0621
vn -0.4709 -0.8810 -0.0464
vt 1.000000 0.130160
vt 1.000000 1.000000
vt 0.000000 0.000000
vt 0.130160 0.130160
vt 0.539916 0.139858
vt 1.000000 0.154191
vt 1.000000 0.274389
vt 0.154191 0.154191
vt 0.620070 0.212104
vt 0.273457 0.000000
vt 1.000000 0.000000
vt 0.273457 0.273457
vt 1.000000 0.298355
vt 1.000000 0.273266
vt 0.298355 0.298355
vt 1.000000 0.129548
vt 0.273266 0.273266
vt 0.531743 0.210667
vt 0.015405 0.220248
vt 0.000000 0.232922
vt 0.000000 0.187500
vt 0.015394 0.187500
vt 0.015345 0.130314
vt 0.015394 0.187500
vt 0.000000 0.136981
vt 0.984573 0.219840
vt 0.984597 0.187500
vt 1.000000 0.187500
vt 1.000000 0.232922
vt 0.984649 0.147003
vt 1.000000 0.136981
vt 1.000000 0.187500
s 0
usemtl 
f 2482/3500/1222 2471/3501/1222 2472/3502/1222
f 2471/3501/1223 2482/3503/1223 2483/3504/1223 2484/3505/1223
f 2486/3506/1224 2471/3501/1224 2484/3507/1224 2485/3508/1224
f 2471/3501/1225 2486/3509/1225 2472/3510/1225
f 2472/3501/1226 2486/3511/1226 2487/3512/1226
f 2488/3513/1227 2472/3501/1227 2487/3514/1227
f 2482/3515/1228 2472/3501/1228 2488/3516/1228 2489/3517/1228
f 2480/3518/1229 2479/3519/1229 2473/3520/1229 2481/3521/1229
f 2474/3522/1230 2481/3523/1230 2473/3520/1230 2475/3524/1230
f 2478/3525/1231 2477/3526/1231 2473/3527/1231 2479/3528/1231
f 2476/3529/1232 2475/3530/1232 2473/3531/1232 2477/3526/1232
o Sphere_cell.114
v 0.001817 0.059038 0.005930
v 0.002424 0.025432 0.006846
v 0.074658 0.980785 0.180240
v 0.056008 0.954062 0.277513
v 0.145522 0.945229 0.274628
v 0.114299 0.949363 0.275941
v 0.038739 0.980785 0.191136
v 0.020125 0.990158 0.097819
v 0.037751 0.990284 0.091138
v 0.045996 0.990174 0.087995
v 0.090639 0.980785 0.171698
v 0.056008 0.954062 0.277513
v 0.114299 0.949363 0.275941
v 0.145522 0.945229 0.274628
v 0.038739 0.980785 0.191136
v 0.020125 0.990158 0.097819
v 0.037751 0.990284 0.091138
v 0.045996 0.990174 0.087995
v 0.090639 0.980785 0.171698
vn -0.9728 -0.0112 0.2312
vn 0.0033 -0.2800 0.9600
vn -0.9806 -0.0001 0.1958
vn -0.3533 0.0988 -0.9303
vn 0.8697 0.0022 -0.4935
vn 0.8823 -0.0003 -0.4706
vn 0.1374 0.9565 0.2571
vn 0.0464 0.9951 0.0869
vn 0.0286 0.9951 0.0942
vn 0.0846 0.9565 0.2790
vt 0.000000 0.000000
vt 1.000000 0.000000
vt 0.903854 0.903854
vt 0.906721 0.906721
vt 0.897636 0.000000
vt 0.901833 0.317904
vt 1.000000 0.903855
vt 0.536805 0.467298
vt 0.060088 0.000000
vt 1.000000 0.060337
vt 1.000000 1.000000
vt 0.060088 0.060088
vt 0.700247 0.060141
vt 0.058383 0.000000
vt 1.000000 0.102364
vt 0.058383 0.058383
vt 0.465284 0.067583
vt 0.327307 0.937500
vt 0.312500 0.937500
vt 0.312500 0.902988
vt 0.327556 0.898449
vt 0.327377 0.968038
vt 0.320224 0.968397
vt 0.281830 0.937500
vt 0.304776 0.968397
vt 0.289409 0.967986
vt 0.281696 0.908149
s 0
usemtl 
f 2490/3532/1233 2491/3533/1233 2501/3534/1233
f 2501/3535/1234 2491/3532/1234 2503/3536/1234 2502/3537/1234
f 2490/3533/1235 2501/3538/1235 2504/3539/1235 2505/3540/1235
f 2507/3541/1236 2490/3542/1236 2505/3543/1236 2506/3544/1236
f 2491/3533/1237 2490/3542/1237 2507/3545/1237
f 2503/3546/1238 2491/3542/1238 2507/3547/1238 2508/3548/1238
f 2500/3549/1239 2492/3550/1239 2495/3551/1239 2494/3552/1239
f 2499/3553/1240 2498/3554/1240 2492/3550/1240 2500/3549/1240
f 2496/3555/1241 2492/3550/1241 2498/3556/1241 2497/3557/1241
f 2492/3550/1242 2496/3555/1242 2493/3558/1242 2495/3551/1242
o Sphere_cell.115
v 0.006619 -0.026207 -0.001485
v 0.008615 -0.033382 -0.002281
v 0.191342 -0.980785 -0.038060
v 0.282674 -0.952537 -0.056227
v 0.276923 -0.951805 -0.083467
v 0.287832 -0.951768 -0.029614
v 0.006932 -0.999301 -0.001485
v 0.193108 -0.980785 -0.020128
v 0.180631 -0.980785 -0.073368
v 0.261942 -0.954090 -0.107020
v 0.282674 -0.952537 -0.056227
v 0.287832 -0.951768 -0.029614
v 0.276923 -0.951805 -0.083467
v 0.193108 -0.980785 -0.020128
v 0.180631 -0.980785 -0.073368
v 0.261942 -0.954090 -0.107020
v 0.006932 -0.999301 -0.001485
vn 0.9377 0.2907 -0.1902
vn 0.0996 -0.0000 0.9950
vn -0.3824 -0.0001 -0.9240
vn 0.6535 0.2606 -0.7107
vn 0.7974 0.2802 -0.5344
vn 0.8156 0.2829 -0.5048
vn 0.2790 -0.9565 -0.0846
vn 0.0942 -0.9951 -0.0286
vn 0.2902 -0.9565 -0.0286
vn 0.0980 -0.9951 -0.0097
vt 0.553499 0.458366
vt 0.095718 0.000000
vt 1.000000 0.000000
vt 1.000000 0.903989
vt 0.903989 0.903989
vt 0.000000 0.000000
vt 0.950572 0.003453
vt 0.932422 0.599136
vt 0.684863 0.617218
vt 0.049325 0.000000
vt 1.000000 0.906168
vt 0.906168 0.906168
vt 0.903607 0.000000
vt 0.905505 0.905505
vt 0.903607 0.903607
vt 0.546593 0.094330
vt 0.531250 0.093525
vt 0.531250 0.062500
vt 0.561398 0.062500
vt 0.561727 0.091820
vt 0.546392 0.002274
vt 0.561398 0.062500
vt 0.531250 0.093525
vt 0.516315 0.094370
vt 0.516526 0.062500
vt 0.516279 0.002615
s 0
usemtl 
f 2519/3559/1243 2521/3560/1243 2509/3561/1243 2520/3562/1243
f 2520/3563/1244 2509/3564/1244 2525/3565/1244 2522/3566/1244
f 2523/3567/1245 2525/3568/1245 2509/3561/1245 2524/3569/1245
f 2510/3561/1246 2524/3570/1246 2509/3564/1246
f 2510/3564/1247 2521/3571/1247 2524/3572/1247
f 2521/3573/1248 2510/3564/1248 2509/3561/1248
f 2513/3574/1249 2512/3575/1249 2511/3576/1249 2517/3577/1249 2518/3578/1249
f 2511/3576/1250 2515/3579/1250 2517/3580/1250
f 2511/3576/1251 2512/3581/1251 2514/3582/1251 2516/3583/1251
f 2516/3583/1252 2515/3584/1252 2511/3576/1252
o Sphere_cell.116
v 0.000000 0.831470 -0.555570
v -0.000190 0.008900 -0.006065
v -0.003040 0.018413 -0.012280
v -0.108386 0.831470 -0.544895
v 0.045383 0.875445 -0.468829
v 0.000000 0.885129 -0.455180
v -0.043325 0.890631 -0.440619
v -0.062114 0.767327 -0.627610
v 0.060557 0.766780 -0.628430
v 0.000000 0.769908 -0.630583
v 0.053148 0.831470 -0.550336
v -0.192295 0.830580 -0.520568
v -0.093201 0.873075 -0.468553
v -0.168397 0.806997 -0.557703
v -0.118018 0.790949 -0.593320
v 0.045383 0.875445 -0.468829
v 0.000000 0.885129 -0.455180
v 0.060557 0.766780 -0.628430
v 0.000000 0.769908 -0.630583
v 0.053148 0.831470 -0.550336
v -0.043325 0.890631 -0.440619
v -0.093201 0.873075 -0.468553
v -0.168397 0.806997 -0.557703
v -0.118018 0.790949 -0.593320
v -0.062114 0.767327 -0.627610
v -0.192295 0.830580 -0.520568
vn 0.3396 0.4290 0.8370
vn -0.5026 0.3623 0.7850
vn -0.4964 -0.5741 -0.6511
vn -0.0080 -0.6344 -0.7730
vn 0.9954 -0.0013 0.0955
vn -0.5484 0.3481 0.7603
vn -0.5941 -0.5381 -0.5979
vn -0.8662 -0.3941 -0.3072
vn 0.0464 0.8810 -0.4709
vn 0.0624 0.7715 -0.6332
vn -0.1404 0.8808 -0.4521
vn -0.1847 0.7715 -0.6088
vn -0.0464 0.8810 -0.4709
vn -0.0624 0.7715 -0.6332
vt 1.000000 1.000000
vt 0.167478 0.167478
vt 0.594304 0.158267
vt 1.000000 0.152959
vt 1.000000 0.000000
vt 0.154481 0.000000
vt 1.000000 0.271966
vt 0.000000 0.000000
vt 1.000000 0.271871
vt 0.271966 0.271966
vt 0.637469 0.269086
vt 0.648733 0.209724
vt 1.000000 0.167478
vt 0.271871 0.271871
vt 0.212682 0.000000
vt 1.000000 0.845519
vt 0.737014 0.565518
vt 0.235306 0.235306
vt 0.599385 0.251116
vt 1.000000 0.274293
vt 0.212682 0.212682
vt 1.000000 0.235306
vt 0.750000 0.812500
vt 0.750000 0.848792
vt 0.734641 0.842242
vt 0.734676 0.812500
vt 0.750000 0.781561
vt 0.734710 0.779990
vt 0.781250 0.840639
vt 0.781250 0.812500
vt 0.805960 0.812500
vt 0.805960 0.812500
vt 0.781250 0.792136
vt 0.796669 0.800201
vt 0.765475 0.852591
vt 0.750000 0.848792
vt 0.781250 0.840639
vt 0.750000 0.781561
vt 0.765700 0.780264
s 0
usemtl 
f 2527/3585/1253 2541/3586/1253 2542/3587/1253 2546/3588/1253
f 2528/3589/1254 2527/3585/1254 2546/3590/1254
f 2550/3591/1255 2527/3585/1255 2528/3592/1255
f 2543/3593/1256 2527/3585/1256 2550/3594/1256 2544/3595/1256
f 2545/3596/1257 2541/3597/1257 2527/3585/1257 2543/3598/1257
f 2551/3599/1258 2528/3589/1258 2546/3600/1258 2547/3601/1258
f 2528/3585/1259 2548/3602/1259 2549/3603/1259 2550/3604/1259
f 2551/3605/1260 2548/3606/1260 2528/3585/1260
f 2526/3607/1261 2531/3608/1261 2530/3609/1261 2536/3610/1261
f 2535/3611/1262 2526/3607/1262 2536/3610/1262 2534/3612/1262
f 2538/3613/1263 2529/3614/1263 2537/3615/1263
f 2537/3616/1264 2529/3614/1264 2540/3617/1264 2539/3618/1264
f 2532/3619/1265 2531/3620/1265 2526/3607/1265 2529/3614/1265 2538/3621/1265
f 2529/3614/1266 2526/3607/1266 2535/3622/1266 2533/3623/1266 2540/3617/1266
o Sphere_cell.117
v -0.004127 0.007086 0.005755
v -0.392847 0.707107 0.587938
v -0.546778 0.625014 0.548346
v -0.499076 0.707107 0.500758
v -0.471003 0.739653 0.472741
v -0.437705 0.631371 0.631143
v -0.362267 0.628506 0.677073
v -0.427078 0.632030 0.639168
v -0.401004 0.765741 0.489262
v -0.245966 0.762603 0.590141
v -0.351175 0.768665 0.525570
v -0.283179 0.671123 0.679880
v -0.271865 0.707107 0.652604
v -0.546778 0.625014 0.548346
v -0.499076 0.707107 0.500758
v -0.471003 0.739653 0.472741
v -0.437705 0.631371 0.631143
v -0.362267 0.628506 0.677073
v -0.427078 0.632030 0.639168
v -0.401004 0.765741 0.489262
v -0.351175 0.768665 0.525570
v -0.245966 0.762603 0.590141
v -0.271865 0.707107 0.652604
v -0.283179 0.671123 0.679880
vn -0.7067 0.0006 -0.7075
vn -0.3543 -0.7731 0.5261
vn -0.3510 -0.7731 0.5283
vn -0.0011 0.5371 -0.8435
vn 0.4306 0.6344 -0.6420
vn 0.9238 -0.0003 0.3828
vn 0.3043 -0.6127 0.7294
vn -0.2999 0.7715 0.5611
vn -0.3651 0.6326 0.6831
vn -0.4036 0.7715 0.4918
vn -0.4913 0.6326 0.5987
vt 1.000000 0.000000
vt 1.000000 0.592291
vt 0.523074 0.194258
vt 0.297523 0.000000
vt 0.592291 0.592291
vt 0.000000 0.000000
vt 0.598822 0.000000
vt 0.606519 0.509497
vt 0.598822 0.598822
vt 0.642891 0.000000
vt 0.727352 0.727352
vt 0.702477 0.000000
vt 0.757376 0.487639
vt 0.275337 0.000000
vt 1.000000 0.727352
vt 0.746791 0.322976
vt 1.000000 0.354566
vt 1.000000 1.000000
vt 0.275337 0.275337
vt 0.354566 0.354566
vt 1.000000 0.357109
vt 0.156250 0.780937
vt 0.156250 0.750000
vt 0.187176 0.750000
vt 0.187147 0.777890
vt 0.187192 0.735159
vt 0.156250 0.719035
vt 0.171809 0.717582
vt 0.125301 0.766357
vt 0.125270 0.750000
vt 0.140726 0.779468
vt 0.125270 0.750000
vt 0.125230 0.716142
vt 0.153485 0.718763
s 0
usemtl 
f 2552/3624/1267 2565/3625/1267 2566/3626/1267 2567/3627/1267
f 2565/3628/1268 2552/3629/1268 2568/3630/1268
f 2570/3631/1269 2568/3632/1269 2552/3629/1269 2569/3633/1269
f 2571/3634/1270 2552/3629/1270 2567/3635/1270
f 2572/3636/1271 2573/3637/1271 2552/3624/1271 2571/3638/1271
f 2574/3639/1272 2575/3640/1272 2552/3641/1272 2573/3642/1272
f 2552/3641/1273 2575/3643/1273 2569/3644/1273
f 2562/3645/1274 2553/3646/1274 2564/3647/1274 2561/3648/1274
f 2563/3649/1275 2564/3647/1275 2553/3646/1275 2559/3650/1275 2558/3651/1275
f 2556/3652/1276 2555/3653/1276 2553/3646/1276 2562/3645/1276 2560/3654/1276
f 2559/3650/1277 2553/3646/1277 2555/3655/1277 2554/3656/1277 2557/3657/1277
o Sphere_cell.118
v -0.009988 0.003015 0.002462
v -0.017121 0.005481 0.002876
v -0.961939 0.195090 0.191341
v -0.916130 0.378563 0.091364
v -0.908250 0.380856 0.164309
v -0.907977 0.286028 0.274660
v -0.910566 0.367763 0.181123
v -0.934340 0.195090 0.282326
v -0.943552 0.097845 0.284790
v -0.971242 0.098781 0.193192
v -0.980732 0.097899 0.097727
v -0.971253 0.195090 0.096780
v -0.908250 0.380856 0.164309
v -0.910566 0.367763 0.181123
v -0.907977 0.286028 0.274660
v -0.934340 0.195090 0.282326
v -0.943552 0.097845 0.284790
v -0.971242 0.098781 0.193192
v -0.980732 0.097899 0.097727
v -0.916130 0.378563 0.091364
v -0.971253 0.195090 0.096780
vn 0.1228 0.4994 -0.8576
vn 0.3761 0.9240 -0.0697
vn 0.4001 0.6956 0.5967
vn 0.2892 -0.0031 0.9573
vn -0.0954 -0.9953 0.0187
vn -0.1118 -0.1586 -0.9810
vn -0.0979 -0.0000 -0.9952
vn -0.9524 0.0975 0.2889
vn -0.9161 0.2890 0.2779
vn -0.9527 0.2890 0.0938
vn -0.9904 0.0975 0.0975
vt 1.000000 0.128401
vt 1.000000 1.000000
vt 0.000000 0.000000
vt 0.128401 0.128401
vt 1.000000 0.136656
vt 0.136656 0.136656
vt 0.262616 0.134379
vt 1.000000 0.136573
vt 0.136573 0.136573
vt 0.558010 0.111258
vt 1.000000 0.102434
vt 0.546322 0.075720
vt 1.000000 0.066507
vt 0.102434 0.102434
vt 1.000000 0.000000
vt 0.066975 0.000000
vt 0.066975 0.066975
vt 0.373591 0.076059
vt 1.000000 0.129268
vt 0.046703 0.562500
vt 0.031250 0.562500
vt 0.031250 0.531646
vt 0.046654 0.531346
vt 0.046703 0.562500
vt 0.046751 0.592798
vt 0.031250 0.620029
vt 0.015819 0.623627
vt 0.015806 0.562500
vt 0.031250 0.620029
vt 0.028475 0.624391
vt 0.015807 0.531363
s 0
usemtl 
f 2595/3658/1278 2576/3659/1278 2577/3660/1278
f 2595/3661/1279 2588/3662/1279 2576/3659/1279
f 2588/3663/1280 2589/3664/1280 2590/3665/1280 2576/3659/1280
f 2576/3659/1281 2590/3666/1281 2591/3667/1281 2592/3668/1281
f 2593/3669/1282 2594/3670/1282 2576/3659/1282 2592/3671/1282
f 2577/3672/1283 2576/3659/1283 2594/3673/1283
f 2577/3659/1284 2594/3674/1284 2596/3675/1284 2595/3676/1284
f 2583/3677/1285 2578/3678/1285 2585/3679/1285 2584/3680/1285
f 2578/3678/1286 2583/3681/1286 2581/3682/1286 2582/3683/1286
f 2579/3684/1287 2587/3685/1287 2578/3678/1287 2582/3686/1287 2580/3687/1287
f 2586/3688/1288 2585/3679/1288 2578/3678/1288 2587/3685/1288
o Sphere_cell.119
v -0.008612 -0.008953 -0.005725
v -0.587938 -0.707107 -0.392847
v -0.656610 -0.656685 -0.351728
v -0.557984 -0.765438 -0.298833
v -0.620324 -0.707107 -0.332256
v -0.676977 -0.628088 -0.363171
v -0.673983 -0.581113 -0.450160
v -0.615385 -0.615717 -0.477059
v -0.594405 -0.628179 -0.486579
v -0.544695 -0.707107 -0.445538
v -0.489923 -0.765653 -0.400369
v -0.504790 -0.789336 -0.336877
v -0.557984 -0.765438 -0.298833
v -0.620324 -0.707107 -0.332256
v -0.656610 -0.656685 -0.351728
v -0.676977 -0.628088 -0.363171
v -0.673983 -0.581113 -0.450160
v -0.615385 -0.615717 -0.477059
v -0.594405 -0.628179 -0.486579
v -0.544695 -0.707107 -0.445538
v -0.489923 -0.765653 -0.400369
v -0.504790 -0.789336 -0.336877
vn -0.4718 0.0010 0.8817
vn -0.4789 0.0102 0.8778
vn -0.7299 0.6117 0.3052
vn -0.0002 0.6136 -0.7896
vn 0.0038 0.6111 -0.7916
vn 0.6353 -0.0014 -0.7722
vn 0.3192 -0.5349 0.7823
vn 0.8443 -0.5359 -0.0022
vn -0.6831 -0.6326 -0.3651
vn -0.5611 -0.7715 -0.2999
vn -0.5988 -0.6325 -0.4913
vn -0.4919 -0.7716 -0.4033
vt 0.272995 0.000000
vt 1.000000 0.000000
vt 1.000000 0.622001
vt 0.696024 0.366683
vt 0.622001 0.622001
vt 0.000000 0.000000
vt 0.642048 0.000000
vt 1.000000 0.638935
vt 0.357952 0.000000
vt 0.638935 0.638935
vt 0.582894 0.000000
vt 0.582894 0.582894
vt 0.594847 0.000000
vt 0.594847 0.594847
vt 0.726847 0.000000
vt 0.670635 0.285179
vt 0.749423 0.749423
vt 0.727005 0.000000
vt 0.995907 0.745236
vt 0.273153 0.000000
vt 0.906250 0.301920
vt 0.906250 0.250000
vt 0.921739 0.250000
vt 0.921731 0.270796
vt 0.921635 0.282591
vt 0.906339 0.208675
vt 0.921746 0.220685
vt 0.921739 0.250000
vt 0.890883 0.250000
vt 0.906250 0.301920
vt 0.895021 0.287693
vt 0.890823 0.282553
vt 0.890955 0.220577
vt 0.906250 0.208725
s 0
usemtl 
f 2609/3689/1289 2597/3690/1289 2611/3691/1289 2610/3692/1289
f 2611/3693/1290 2597/3694/1290 2612/3695/1290
f 2597/3690/1291 2613/3696/1291 2612/3697/1291
f 2613/3698/1292 2597/3694/1292 2614/3699/1292
f 2614/3700/1293 2597/3694/1293 2615/3701/1293
f 2615/3702/1294 2597/3694/1294 2617/3703/1294 2616/3704/1294
f 2618/3705/1295 2597/3694/1295 2609/3706/1295
f 2618/3707/1296 2617/3708/1296 2597/3690/1296
f 2603/3709/1297 2598/3710/1297 2601/3711/1297 2599/3712/1297 2602/3713/1297
f 2608/3714/1298 2600/3715/1298 2601/3716/1298 2598/3710/1298
f 2606/3717/1299 2598/3710/1299 2603/3718/1299 2604/3719/1299 2605/3720/1299
f 2598/3710/1300 2606/3717/1300 2607/3721/1300 2608/3722/1300
o Sphere_cell.120
v -0.005584 -0.008527 0.002785
v -0.007337 -0.013101 0.004588
v -0.461940 -0.831470 0.308658
v -0.513280 -0.831470 0.212607
v -0.423062 -0.890760 0.129728
v -0.528737 -0.831470 0.161649
v -0.603853 -0.766727 0.184480
v -0.582891 -0.769634 0.241441
v -0.557101 -0.766639 0.297397
v -0.503115 -0.790829 0.336170
v -0.451183 -0.806980 0.368577
v -0.403371 -0.848564 0.329854
v -0.428076 -0.831470 0.349920
v -0.410772 -0.864363 0.274469
v -0.420475 -0.885162 0.174166
v -0.528737 -0.831470 0.161649
v -0.603853 -0.766727 0.184480
v -0.582891 -0.769634 0.241441
v -0.557101 -0.766639 0.297397
v -0.503115 -0.790829 0.336170
v -0.451183 -0.806980 0.368577
v -0.403371 -0.848564 0.329854
v -0.428076 -0.831470 0.349920
v -0.423062 -0.890760 0.129728
v -0.420475 -0.885162 0.174166
v -0.410772 -0.864363 0.274469
vn 0.8438 -0.4429 -0.3032
vn -0.2901 -0.0003 -0.9570
vn -0.7144 0.6344 0.2953
vn -0.3204 0.5365 0.7807
vn 0.3347 0.2317 0.9134
vn 0.6309 0.0030 0.7758
vn 0.9038 -0.4279 0.0013
vn -0.4918 -0.7715 0.4036
vn -0.3658 -0.8810 0.3002
vn -0.5611 -0.7715 0.2999
vn -0.4173 -0.8810 0.2230
vn -0.6088 -0.7715 0.1847
vn -0.4528 -0.8810 0.1374
vt 0.000000 0.000000
vt 1.000000 0.152587
vt 1.000000 1.000000
vt 1.000000 0.271877
vt 0.152587 0.152587
vt 0.616130 0.209621
vt 1.000000 0.271810
vt 0.271877 0.271877
vt 0.631784 0.269010
vt 0.654448 0.248730
vt 1.000000 0.233354
vt 0.271810 0.271810
vt 0.234289 0.000000
vt 1.000000 0.000000
vt 1.000000 0.194260
vt 0.234289 0.234289
vt 0.626965 0.210755
vt 1.000000 0.153256
vt 0.194260 0.194260
vt 0.419546 0.178936
vt 0.823185 0.158722
vt 0.093750 0.187500
vt 0.109066 0.187500
vt 0.109012 0.199808
vt 0.093750 0.207924
vt 0.093750 0.165253
vt 0.109100 0.175938
vt 0.109066 0.187500
vt 0.062500 0.218576
vt 0.062500 0.187500
vt 0.078041 0.220082
vt 0.062500 0.151186
vt 0.093750 0.165253
vt 0.047188 0.220037
vt 0.047221 0.187500
vt 0.047357 0.147400
s 0
usemtl 
f 2620/3723/1301 2642/3724/1301 2619/3725/1301
f 2635/3726/1302 2619/3725/1302 2642/3727/1302 2634/3728/1302
f 2637/3729/1303 2619/3725/1303 2635/3730/1303 2636/3731/1303
f 2638/3732/1304 2639/3733/1304 2619/3725/1304 2637/3734/1304
f 2639/3735/1305 2620/3736/1305 2619/3725/1305
f 2640/3737/1306 2620/3725/1306 2639/3738/1306 2641/3739/1306
f 2642/3740/1307 2620/3725/1307 2640/3741/1307 2644/3742/1307 2643/3743/1307
f 2621/3744/1308 2631/3745/1308 2629/3746/1308 2628/3747/1308
f 2621/3744/1309 2632/3748/1309 2630/3749/1309 2631/3750/1309
f 2626/3751/1310 2622/3752/1310 2621/3744/1310 2628/3747/1310 2627/3753/1310
f 2622/3752/1311 2633/3754/1311 2632/3755/1311 2621/3744/1311
f 2626/3751/1312 2625/3756/1312 2624/3757/1312 2622/3752/1312
f 2624/3757/1313 2623/3758/1313 2633/3754/1313 2622/3752/1313
o Sphere_cell.121
v -0.007276 0.005423 0.003545
v -0.691341 0.555570 0.461939
v -0.768177 0.555570 0.318189
v -0.771431 0.466676 0.412413
v -0.669529 0.554190 0.489675
v -0.702251 0.531022 0.469229
v -0.810473 0.469920 0.335709
v -0.836947 0.466198 0.255257
v -0.735635 0.627104 0.224206
v -0.791500 0.555570 0.241303
v -0.678553 0.626818 0.362424
v -0.711310 0.630572 0.294634
v -0.675013 0.579500 0.451029
v -0.669529 0.554190 0.489675
v -0.702251 0.531022 0.469229
v -0.771431 0.466676 0.412413
v -0.810473 0.469920 0.335709
v -0.836947 0.466198 0.255257
v -0.791500 0.555570 0.241303
v -0.735635 0.627104 0.224206
v -0.678553 0.626818 0.362424
v -0.711310 0.630572 0.294634
v -0.675013 0.579500 0.451029
vn 0.0009 -0.6625 0.7491
vn -0.4341 -0.8820 0.1837
vn -0.2910 -0.0014 -0.9567
vn 0.5869 0.7730 -0.2408
vn 0.7294 0.6151 0.2993
vn -0.5935 0.6321 0.4982
vn -0.6825 0.4696 0.5601
vn -0.6831 0.6326 0.3651
vn -0.7786 0.4696 0.4162
vn -0.7412 0.6326 0.2248
vn -0.8448 0.4696 0.2563
vt 0.547629 0.333247
vt 1.000000 0.266865
vt 1.000000 1.000000
vt 0.364645 0.364645
vt 1.000000 0.204342
vt 0.266865 0.266865
vt 0.633569 0.229577
vt 0.616558 0.247917
vt 1.000000 0.301484
vt 0.204342 0.204342
vt 1.000000 0.356177
vt 0.301485 0.301485
vt 0.646870 0.324787
vt 1.000000 0.364645
vt 0.356177 0.356177
vt 0.794787 0.359445
vt 0.093750 0.697370
vt 0.093750 0.687500
vt 0.100203 0.687500
vt 0.093750 0.678626
vt 0.062500 0.687500
vt 0.078076 0.716885
vt 0.062500 0.718434
vt 0.062500 0.656537
vt 0.078137 0.655364
vt 0.047083 0.717004
vt 0.047096 0.687500
vt 0.062500 0.656537
vt 0.047113 0.655191
s 0
usemtl 
f 2659/3759/1314 2660/3760/1314 2645/3761/1314 2658/3762/1314
f 2662/3763/1315 2645/3761/1315 2660/3764/1315 2661/3765/1315
f 2663/3766/1316 2664/3767/1316 2645/3761/1316 2662/3768/1316
f 2665/3769/1317 2645/3761/1317 2664/3770/1317 2666/3771/1317
f 2658/3772/1318 2645/3761/1318 2665/3773/1318 2667/3774/1318
f 2657/3775/1319 2646/3776/1319 2649/3777/1319
f 2649/3777/1320 2646/3776/1320 2650/3778/1320
f 2647/3779/1321 2646/3776/1321 2657/3775/1321 2655/3780/1321 2656/3781/1321
f 2650/3778/1322 2646/3776/1322 2647/3779/1322 2651/3782/1322 2648/3783/1322
f 2653/3784/1323 2654/3785/1323 2647/3779/1323 2656/3781/1323
f 2651/3786/1324 2647/3779/1324 2654/3785/1324 2652/3787/1324
o Sphere_cell.122
v -0.004092 0.030284 0.009386
v -0.004023 0.020464 0.009790
v -0.146447 0.923880 0.353553
v -0.151609 0.849865 0.495992
v -0.220691 0.875925 0.415107
v -0.188280 0.865449 0.454547
v -0.111644 0.923880 0.364111
v -0.085602 0.951245 0.278193
v -0.136287 0.951362 0.256749
v -0.110844 0.952101 0.267602
v -0.178717 0.923880 0.336305
v -0.151609 0.849865 0.495992
v -0.188280 0.865449 0.454547
v -0.220691 0.875925 0.415107
v -0.111644 0.923880 0.364111
v -0.085602 0.951245 0.278193
v -0.136287 0.951362 0.256749
v -0.110844 0.952101 0.267602
v -0.178717 0.923880 0.336305
vn -0.7506 -0.4284 0.5030
vn 0.9570 0.0002 0.2901
vn 0.9712 0.0165 0.2378
vn 0.3735 0.2901 -0.8811
vn -0.8824 -0.0003 -0.4705
vn -0.9019 -0.0240 -0.4314
vn -0.1374 0.8810 0.4528
vn -0.0846 0.9565 0.2790
vn -0.1374 0.9565 0.2571
vn -0.2231 0.8810 0.4173
vt 1.000000 0.000000
vt 1.000000 0.805708
vt 0.562824 0.383734
vt 0.168856 0.000000
vt 0.904063 0.000000
vt 0.877527 0.305961
vt 0.805708 0.805708
vt 0.000000 0.000000
vt 0.904063 0.904063
vt 0.903228 0.903228
vt 0.903617 0.000000
vt 0.904159 0.454710
vt 0.096383 0.000000
vt 1.000000 0.829906
vt 0.529090 0.405699
vt 0.829907 0.829907
vt 0.187500 0.875000
vt 0.187500 0.835482
vt 0.202793 0.824942
vt 0.202650 0.875000
vt 0.187500 0.905996
vt 0.202482 0.905155
vt 0.172258 0.875000
vt 0.187500 0.905996
vt 0.172331 0.905185
vt 0.172229 0.842567
vt 0.187500 0.835482
s 0
usemtl 
f 2669/3788/1325 2679/3789/1325 2680/3790/1325 2681/3791/1325
f 2683/3792/1326 2682/3793/1326 2679/3794/1326 2669/3795/1326
f 2669/3795/1327 2668/3788/1327 2683/3796/1327
f 2683/3797/1328 2668/3795/1328 2684/3798/1328 2685/3799/1328
f 2684/3800/1329 2668/3788/1329 2681/3801/1329 2686/3802/1329
f 2668/3795/1330 2669/3788/1330 2681/3803/1330
f 2670/3804/1331 2673/3805/1331 2671/3806/1331 2674/3807/1331
f 2677/3808/1332 2670/3804/1332 2674/3807/1332 2675/3809/1332
f 2678/3810/1333 2670/3804/1333 2677/3811/1333 2676/3812/1333
f 2672/3813/1334 2673/3814/1334 2670/3804/1334 2678/3810/1334
o Sphere_cell.123
v 0.005887 -0.001303 -0.008456
v 0.008709 0.002199 -0.011700
v 0.555570 0.000000 -0.831470
v 0.544895 -0.195090 -0.815493
v 0.465234 0.096144 -0.869070
v 0.460977 -0.192856 -0.860597
v 0.469741 0.000000 -0.877346
v 0.465012 -0.195090 -0.858191
v 0.537999 -0.236011 -0.805172
v 0.614380 -0.195090 -0.758469
v 0.618601 -0.192544 -0.755327
v 0.630596 0.000000 -0.769897
v 0.618645 0.192252 -0.755328
v 0.548371 0.194437 -0.812723
v 0.545158 0.190278 -0.815887
v 0.465234 0.096144 -0.869070
v 0.469741 0.000000 -0.877346
v 0.460977 -0.192856 -0.860597
v 0.465012 -0.195090 -0.858191
v 0.537999 -0.236011 -0.805172
v 0.614380 -0.195090 -0.758469
v 0.618601 -0.192544 -0.755327
v 0.630596 0.000000 -0.769897
v 0.618645 0.192252 -0.755328
v 0.548371 0.194437 -0.812723
v 0.545158 0.190278 -0.815887
vn -0.8558 0.2977 -0.4231
vn -0.8822 -0.0008 -0.4709
vn -0.4619 -0.8856 -0.0476
vn 0.2235 -0.8844 0.4098
vn 0.7692 -0.0285 0.6384
vn 0.7732 -0.0001 0.6342
vn -0.1043 0.9807 0.1651
vn -0.6531 0.7074 -0.2703
vn 0.4513 -0.2890 -0.8443
vn 0.4691 0.0975 -0.8777
vn 0.4691 -0.0975 -0.8777
vn 0.6314 0.0975 -0.7693
vn 0.6314 -0.0975 -0.7693
vn 0.6073 -0.2890 -0.7400
vt 0.000000 0.000000
vt 1.000000 0.173967
vt 1.000000 1.000000
vt 0.173967 0.173967
vt 0.441688 0.166022
vt 1.000000 0.182097
vt 1.000000 0.235179
vt 0.182097 0.182097
vt 0.222370 0.184384
vt 0.956990 0.279711
vt 1.000000 0.282728
vt 0.235179 0.235179
vt 0.283545 0.000000
vt 1.000000 0.000000
vt 1.000000 0.283778
vt 0.283545 0.283545
vt 0.633976 0.269660
vt 1.000000 0.228412
vt 0.283778 0.283778
vt 0.261871 0.225381
vt 1.000000 0.174631
vt 0.228412 0.228412
vt 0.670972 0.437500
vt 0.656250 0.437500
vt 0.656250 0.423867
vt 0.656250 0.500000
vt 0.671764 0.500000
vt 0.671748 0.530972
vt 0.656250 0.560958
vt 0.671735 0.438216
vt 0.655527 0.562291
vt 0.640780 0.561591
vt 0.640778 0.500000
vt 0.641640 0.437500
vt 0.640786 0.438316
s 0
usemtl 
f 2688/3815/1335 2702/3816/1335 2687/3817/1335
f 2687/3817/1336 2702/3818/1336 2703/3819/1336 2704/3820/1336
f 2706/3821/1337 2687/3817/1337 2704/3822/1337 2705/3823/1337
f 2707/3824/1338 2708/3825/1338 2687/3817/1338 2706/3826/1338
f 2708/3827/1339 2688/3828/1339 2687/3817/1339
f 2710/3829/1340 2688/3817/1340 2708/3830/1340 2709/3831/1340
f 2711/3832/1341 2688/3817/1341 2710/3833/1341
f 2712/3834/1342 2702/3835/1342 2688/3817/1342 2711/3836/1342
f 2694/3837/1343 2690/3838/1343 2695/3839/1343
f 2689/3840/1344 2693/3841/1344 2691/3842/1344 2701/3843/1344
f 2692/3844/1345 2693/3841/1345 2689/3840/1345 2690/3838/1345 2694/3837/1345
f 2700/3845/1346 2699/3846/1346 2698/3847/1346 2689/3840/1346 2701/3843/1346
f 2696/3848/1347 2690/3838/1347 2689/3840/1347 2698/3847/1347 2697/3849/1347
f 2695/3839/1348 2690/3838/1348 2696/3848/1348
o Sphere_cell.124
v -0.000035 0.009897 0.010596
v -0.000000 0.707107 0.707107
v -0.061004 0.765271 0.630224
v -0.000000 0.768377 0.632449
v 0.061260 0.765575 0.629829
v 0.068014 0.707107 0.700408
v 0.074075 0.628689 0.764166
v -0.068571 0.703135 0.703612
v -0.068236 0.707107 0.700386
v -0.074070 0.628594 0.764245
v -0.000000 0.632220 0.768564
v -0.061004 0.765271 0.630224
v -0.000000 0.768377 0.632449
v 0.061260 0.765575 0.629829
v 0.068014 0.707107 0.700408
v 0.074075 0.628689 0.764166
v -0.068236 0.707107 0.700386
v -0.068571 0.703135 0.703612
v -0.074070 0.628594 0.764245
v -0.000000 0.632220 0.768564
vn -0.0041 0.6340 -0.7733
vn 0.9953 -0.0016 -0.0966
vn -0.9949 0.0023 -0.1007
vn -0.9955 -0.0037 -0.0948
vn 0.0008 -0.7729 0.6346
vn 0.0624 0.7715 0.6332
vn 0.0759 0.6326 0.7708
vn -0.0624 0.7715 0.6332
vn -0.0759 0.6326 0.7708
vt 0.729518 0.364040
vt 0.726767 0.726767
vt 0.000000 0.000000
vt 0.726588 0.000000
vt 1.000000 0.000000
vt 1.000000 0.726767
vt 0.651546 0.384477
vt 0.275073 0.000000
vt 0.726588 0.726588
vt 0.666731 0.000000
vt 0.670555 0.038586
vt 0.666731 0.666731
vt 0.725176 0.000000
vt 0.725176 0.725176
vt 0.724926 0.000000
vt 0.729245 0.364697
vt 0.265407 0.750000
vt 0.265432 0.779384
vt 0.250000 0.780792
vt 0.250000 0.750000
vt 0.265380 0.717657
vt 0.250000 0.719114
vt 0.250000 0.780792
vt 0.234641 0.779231
vt 0.234542 0.750000
vt 0.234538 0.748362
vt 0.234622 0.717618
s 0
usemtl 
f 2725/3850/1349 2726/3851/1349 2713/3852/1349 2724/3853/1349
f 2713/3854/1350 2726/3855/1350 2727/3856/1350 2728/3857/1350
f 2724/3858/1351 2713/3852/1351 2730/3859/1351 2729/3860/1351
f 2730/3861/1352 2713/3852/1352 2731/3862/1352
f 2731/3863/1353 2713/3852/1353 2728/3864/1353 2732/3865/1353
f 2718/3866/1354 2717/3867/1354 2716/3868/1354 2714/3869/1354
f 2719/3870/1355 2718/3866/1355 2714/3869/1355 2723/3871/1355
f 2714/3869/1356 2716/3872/1356 2715/3873/1356 2721/3874/1356
f 2723/3871/1357 2714/3869/1357 2721/3874/1357 2720/3875/1357 2722/3876/1357
o Sphere_cell.125
v 0.008170 -0.006013 -0.003292
v 0.691342 -0.555570 -0.461940
v 0.768178 -0.555570 -0.318190
v 0.681741 -0.669510 -0.282494
v 0.735635 -0.627250 -0.223793
v 0.670602 -0.555570 -0.487211
v 0.675395 -0.578940 -0.451284
v 0.702011 -0.531564 -0.469068
v 0.771768 -0.466820 -0.411621
v 0.836628 -0.466903 -0.255017
v 0.791579 -0.555570 -0.241047
v 0.810270 -0.470333 -0.335625
v 0.670602 -0.555570 -0.487211
v 0.675395 -0.578940 -0.451284
v 0.681741 -0.669510 -0.282494
v 0.702011 -0.531564 -0.469068
v 0.771768 -0.466820 -0.411621
v 0.836628 -0.466903 -0.255017
v 0.791579 -0.555570 -0.241047
v 0.735635 -0.627250 -0.223793
v 0.810270 -0.470333 -0.335625
vn -0.3066 -0.6164 0.7253
vn -0.7296 -0.6137 -0.3018
vn -0.0106 0.6554 -0.7553
vn 0.2919 0.0024 0.9564
vn 0.4359 0.8818 -0.1801
vn 0.6825 -0.4696 -0.5601
vn 0.5987 -0.6326 -0.4913
vn 0.7786 -0.4696 -0.4162
vn 0.6831 -0.6326 -0.3651
vn 0.8448 -0.4696 -0.2563
vn 0.7411 -0.6326 -0.2249
vt 1.000000 0.000000
vt 0.999072 0.645501
vt 0.301877 0.000000
vt 0.000000 0.000000
vt 0.635632 0.006613
vt 0.640237 0.125142
vt 0.646351 0.646351
vt 0.732791 0.000000
vt 0.665794 0.456644
vt 0.635163 0.635163
vt 0.204484 0.000000
vt 1.000000 0.698123
vt 0.614636 0.366676
vt 1.000000 0.267209
vt 1.000000 1.000000
vt 0.204484 0.204484
vt 0.598329 0.230018
vt 0.593750 0.321178
vt 0.593750 0.312500
vt 0.600354 0.313038
vt 0.600018 0.312500
vt 0.593750 0.302861
vt 0.562500 0.343314
vt 0.562500 0.312500
vt 0.577981 0.344584
vt 0.593750 0.302861
vt 0.562521 0.265507
vt 0.547088 0.344554
vt 0.547045 0.312500
vt 0.562500 0.343314
vt 0.562500 0.265526
vt 0.547001 0.282936
s 0
usemtl 
f 2733/3877/1358 2747/3878/1358 2752/3879/1358
f 2733/3880/1359 2745/3881/1359 2746/3882/1359 2747/3883/1359
f 2733/3880/1360 2749/3884/1360 2748/3885/1360 2745/3886/1360
f 2750/3887/1361 2733/3877/1361 2752/3888/1361 2751/3889/1361
f 2749/3890/1362 2733/3891/1362 2750/3892/1362 2753/3893/1362
f 2740/3894/1363 2734/3895/1363 2738/3896/1363
f 2738/3897/1364 2734/3895/1364 2739/3898/1364
f 2744/3899/1365 2735/3900/1365 2734/3895/1365 2740/3894/1365 2741/3901/1365
f 2739/3902/1366 2734/3895/1366 2735/3900/1366 2736/3903/1366
f 2742/3904/1367 2743/3905/1367 2735/3900/1367 2744/3906/1367
f 2736/3907/1368 2735/3900/1368 2743/3905/1368 2737/3908/1368
o Sphere_cell.126
v -0.009909 0.006014 0.000307
v -0.016818 0.008424 0.001111
v -0.831469 0.555570 -0.000000
v -0.766048 0.626328 0.074651
v -0.922287 0.382660 0.016241
v -0.871023 0.465989 -0.084561
v -0.916212 0.397028 -0.000000
v -0.765790 0.626718 -0.074018
v -0.823610 0.555570 -0.079797
v -0.770073 0.630382 -0.000000
v -0.915813 0.380423 0.088863
v -0.823576 0.555570 0.080142
v -0.871023 0.465989 -0.084561
v -0.916212 0.397028 -0.000000
v -0.823610 0.555570 -0.079797
v -0.765790 0.626718 -0.074018
v -0.770073 0.630382 -0.000000
v -0.766048 0.626328 0.074651
v -0.823576 0.555570 0.080142
v -0.922287 0.382660 0.016241
v -0.915813 0.380423 0.088863
vn 0.1284 0.0377 0.9910
vn -0.3353 -0.7904 -0.5126
vn -0.2855 -0.6623 -0.6927
vn 0.0985 0.0008 -0.9951
vn 0.6347 0.7727 0.0031
vn 0.0966 -0.0013 0.9953
vn -0.3819 -0.9242 0.0056
vn -0.7708 0.6326 0.0759
vn -0.8788 0.4687 0.0893
vn -0.7708 0.6326 -0.0759
vn -0.8786 0.4696 -0.0865
vt 1.000000 0.000000
vt 1.000000 1.000000
vt 0.274533 0.000000
vt 1.000000 0.123121
vt 0.000000 0.000000
vt 0.123330 0.123126
vt 0.262620 0.128916
vt 1.000000 0.172121
vt 0.602621 0.217762
vt 1.000000 0.273402
vt 0.172121 0.172121
vt 1.000000 0.273127
vt 0.273402 0.273402
vt 0.633238 0.269062
vt 0.129692 0.000000
vt 1.000000 0.725467
vt 0.721530 0.502645
vt 1.000000 0.123937
vt 0.129692 0.129692
vt 0.000000 0.687500
vt 0.015439 0.687500
vt 0.015454 0.716906
vt 0.000000 0.718356
vt 0.015439 0.687500
vt 0.000000 0.630186
vt 0.002812 0.625000
vt 0.015396 0.625000
vt 0.984663 0.716844
vt 0.984627 0.687500
vt 1.000000 0.687500
vt 1.000000 0.718356
vt 0.984596 0.655116
vt 1.000000 0.630186
vt 1.000000 0.687500
s 0
usemtl 
f 2755/3909/1369 2754/3910/1369 2771/3911/1369
f 2773/3912/1370 2754/3910/1370 2755/3913/1370
f 2754/3910/1371 2773/3914/1371 2767/3915/1371 2766/3916/1371
f 2768/3917/1372 2769/3918/1372 2754/3910/1372 2766/3919/1372
f 2771/3920/1373 2754/3910/1373 2769/3921/1373 2770/3922/1373
f 2774/3923/1374 2755/3909/1374 2771/3924/1374 2772/3925/1374
f 2773/3926/1375 2755/3910/1375 2774/3927/1375
f 2756/3928/1376 2765/3929/1376 2757/3930/1376 2763/3931/1376
f 2765/3932/1377 2756/3928/1377 2760/3933/1377 2758/3934/1377 2764/3935/1377
f 2761/3936/1378 2762/3937/1378 2756/3938/1378 2763/3939/1378
f 2759/3940/1379 2760/3941/1379 2756/3942/1379 2762/3937/1379
o Sphere_cell.127
v 0.009128 -0.020559 -0.003604
v 0.009319 -0.030892 -0.004067
v 0.353553 -0.923880 -0.146447
v 0.336401 -0.923880 -0.178537
v 0.456717 -0.850547 -0.243079
v 0.257177 -0.951281 -0.136057
v 0.454051 -0.865737 -0.188074
v 0.449041 -0.876176 -0.137631
v 0.364104 -0.923880 -0.111667
v 0.263259 -0.953553 -0.108750
v 0.277639 -0.951435 -0.085283
v 0.336401 -0.923880 -0.178537
v 0.456717 -0.850547 -0.243079
v 0.257177 -0.951281 -0.136057
v 0.454051 -0.865737 -0.188074
v 0.449041 -0.876176 -0.137631
v 0.364104 -0.923880 -0.111667
v 0.263259 -0.953553 -0.108750
v 0.277639 -0.951435 -0.085283
vn -0.4723 -0.0008 -0.8814
vn -0.4236 0.0327 -0.9053
vn 0.8869 0.4300 0.1691
vn 0.2920 0.0003 0.9564
vn -0.8068 -0.2810 0.5197
vn -0.9416 -0.2803 0.1864
vn 0.1568 -0.0413 0.9868
vn 0.4173 -0.8810 -0.2230
vn 0.2572 -0.9566 -0.1372
vn 0.4528 -0.8810 -0.1374
vn 0.2790 -0.9565 -0.0846
vt 1.000000 0.000000
vt 1.000000 0.804213
vt 0.430853 0.307265
vt 0.096557 0.000000
vt 0.804213 0.804213
vt 0.000000 0.000000
vt 0.805721 0.805721
vt 0.831225 0.000000
vt 0.821013 0.381823
vt 0.877557 0.405785
vt 0.831225 0.831225
vt 0.904243 0.000000
vt 1.000000 0.905155
vt 0.096654 0.000000
vt 0.905155 0.905155
vt 0.903443 0.000000
vt 1.000000 1.000000
vt 0.095757 0.000000
vt 0.562500 0.164324
vt 0.562500 0.125000
vt 0.577657 0.125000
vt 0.577829 0.174916
vt 0.577448 0.094905
vt 0.562500 0.092418
vt 0.547333 0.157263
vt 0.547360 0.125000
vt 0.547430 0.094736
s 0
usemtl 
f 2776/3943/1380 2787/3944/1380 2786/3945/1380 2788/3946/1380
f 2787/3947/1381 2776/3948/1381 2775/3943/1381
f 2787/3949/1382 2775/3948/1382 2790/3950/1382 2789/3951/1382
f 2791/3952/1383 2790/3953/1383 2775/3948/1383 2793/3954/1383
f 2776/3943/1384 2792/3955/1384 2793/3956/1384
f 2792/3957/1385 2776/3948/1385 2788/3958/1385
f 2775/3943/1386 2776/3959/1386 2793/3960/1386
f 2781/3961/1387 2777/3962/1387 2778/3963/1387 2779/3964/1387
f 2780/3965/1388 2778/3963/1388 2777/3962/1388 2784/3966/1388
f 2777/3962/1389 2781/3961/1389 2782/3967/1389 2783/3968/1389
f 2785/3969/1390 2784/3966/1390 2777/3962/1390 2783/3968/1390
o Sphere_cell.128
v 0.004296 -0.003691 -0.004965
v 0.653281 -0.382683 -0.653281
v 0.587938 -0.555570 -0.587938
v 0.689761 -0.196558 -0.696032
v 0.732313 -0.287044 -0.602493
v 0.692331 -0.200632 -0.692331
v 0.641385 -0.195090 -0.736306
v 0.538401 -0.238550 -0.803850
v 0.618040 -0.195090 -0.755465
v 0.465080 -0.547264 -0.694480
v 0.514042 -0.382683 -0.767552
v 0.505000 -0.594458 -0.614916
v 0.472108 -0.555570 -0.682997
v 0.569997 -0.578379 -0.578562
v 0.575501 -0.577001 -0.575501
v 0.631327 -0.555570 -0.535067
v 0.640898 -0.551103 -0.527150
v 0.710049 -0.382683 -0.584110
v 0.732313 -0.287044 -0.602493
v 0.692331 -0.200632 -0.692331
v 0.689761 -0.196558 -0.696032
v 0.641385 -0.195090 -0.736306
v 0.538401 -0.238550 -0.803850
v 0.618040 -0.195090 -0.755465
v 0.514042 -0.382683 -0.767552
v 0.465080 -0.547264 -0.694480
v 0.472108 -0.555570 -0.682997
v 0.505000 -0.594458 -0.614916
v 0.569997 -0.578379 -0.578562
v 0.575501 -0.577001 -0.575501
v 0.631327 -0.555570 -0.535067
v 0.640898 -0.551103 -0.527150
v 0.710049 -0.382683 -0.584110
vn 0.5855 0.7155 0.3811
vn 0.5988 0.6935 0.4006
vn 0.1352 0.9810 -0.1390
vn -0.2301 0.8813 -0.4129
vn -0.8313 0.0005 -0.5559
vn -0.7631 -0.6463 -0.0005
vn -0.1554 -0.7703 0.6185
vn -0.1524 -0.7693 0.6205
vn -0.1534 -0.7696 0.6198
vn 0.6346 0.0008 0.7728
vn 0.6073 -0.2890 -0.7400
vn 0.5601 -0.4696 -0.6825
vn 0.4913 -0.6326 -0.5987
vn 0.7400 -0.2890 -0.6073
vn 0.6825 -0.4696 -0.5601
vn 0.5987 -0.6326 -0.4913
vt 0.338723 0.000000
vt 1.000000 0.000000
vt 1.000000 0.657602
vt 0.657602 0.657602
vt 0.000000 0.000000
vt 0.696030 0.000000
vt 0.717259 0.717259
vt 0.661277 0.000000
vt 0.699763 0.492294
vt 0.235214 0.000000
vt 0.988375 0.706454
vt 1.000000 1.000000
vt 0.235214 0.235214
vt 0.569741 0.270072
vt 1.000000 0.340156
vt 0.340156 0.340156
vt 0.443332 0.351115
vt 1.000000 0.416100
vt 1.000000 0.450989
vt 0.416100 0.416100
vt 0.450989 0.450989
vt 1.000000 0.452662
vt 0.914188 0.400261
vt 1.000000 0.391127
vt 0.452662 0.452662
vt 1.000000 0.303970
vt 0.391127 0.391127
vt 0.788051 0.325172
vt 0.625000 0.435654
vt 0.625000 0.375000
vt 0.656080 0.375000
vt 0.656071 0.423021
vt 0.640871 0.437500
vt 0.635962 0.437500
vt 0.625728 0.437011
vt 0.656088 0.315503
vt 0.625000 0.312500
vt 0.653728 0.312500
vt 0.640571 0.296461
vt 0.653728 0.312500
vt 0.625000 0.303661
vt 0.626219 0.303093
vt 0.609560 0.375000
vt 0.625000 0.435654
vt 0.609569 0.406864
vt 0.611887 0.312500
vt 0.609560 0.375000
vt 0.609550 0.314115
s 0
usemtl 
f 2814/3970/1391 2794/3971/1391 2813/3972/1391
f 2813/3973/1392 2794/3974/1392 2812/3975/1392
f 2817/3976/1393 2794/3974/1393 2814/3977/1393 2815/3978/1393
f 2816/3979/1394 2794/3971/1394 2817/3980/1394
f 2794/3981/1395 2816/3982/1395 2818/3983/1395 2819/3984/1395
f 2794/3981/1396 2819/3985/1396 2820/3986/1396 2821/3987/1396
f 2822/3988/1397 2794/3981/1397 2821/3989/1397
f 2822/3990/1398 2823/3991/1398 2794/3981/1398
f 2824/3992/1399 2825/3993/1399 2794/3981/1399 2823/3994/1399
f 2812/3995/1400 2794/3981/1400 2825/3996/1400 2826/3997/1400
f 2799/3998/1401 2795/3999/1401 2804/4000/1401 2801/4001/1401 2802/4002/1401 2800/4003/1401 2797/4004/1401
f 2803/4005/1402 2804/4000/1402 2795/3999/1402 2796/4006/1402 2806/4007/1402
f 2805/4008/1403 2806/4009/1403 2796/4006/1403 2808/4010/1403 2807/4011/1403
f 2811/4012/1404 2795/3999/1404 2799/4013/1404 2798/4014/1404
f 2809/4015/1405 2796/4006/1405 2795/3999/1405 2811/4016/1405 2810/4017/1405
f 2808/4010/1406 2796/4006/1406 2809/4015/1406
o Sphere_cell.129
v 0.005764 0.030173 -0.008529
v 0.005950 0.020169 -0.008174
v 0.212608 0.923880 -0.318190
v 0.222360 0.876078 -0.413892
v 0.327865 0.849994 -0.401561
v 0.273231 0.865554 -0.408919
v 0.240835 0.923880 -0.295024
v 0.183820 0.951333 -0.225299
v 0.137831 0.951281 -0.256225
v 0.160985 0.952066 -0.240932
v 0.180278 0.923880 -0.335470
v 0.327865 0.849994 -0.401561
v 0.273231 0.865554 -0.408919
v 0.222360 0.876078 -0.413892
v 0.240835 0.923880 -0.295024
v 0.137831 0.951281 -0.256225
v 0.160985 0.952066 -0.240932
v 0.183820 0.951333 -0.225299
v 0.180278 0.923880 -0.335470
vn -0.8499 -0.0344 -0.5259
vn -0.0003 -0.4283 -0.9036
vn 0.7742 -0.0003 0.6329
vn 0.6857 0.0385 0.7269
vn -0.5342 0.2901 0.7940
vn -0.8815 -0.0006 -0.4723
vn 0.1374 0.9565 -0.2571
vn 0.2230 0.8810 -0.4173
vn 0.1850 0.9565 -0.2254
vn 0.3002 0.8810 -0.3658
vt 0.000000 0.000000
vt 1.000000 0.168813
vt 1.000000 1.000000
vt 1.000000 0.194473
vt 0.168813 0.168813
vt 0.563862 0.179190
vt 1.000000 0.095466
vt 0.194473 0.194473
vt 0.693710 0.122303
vt 0.096328 0.000000
vt 1.000000 0.000000
vt 1.000000 0.096619
vt 0.096328 0.096328
vt 0.547160 0.095730
vt 1.000000 0.170111
vt 0.096619 0.096619
vt 0.529138 0.123540
vt 0.656250 0.905957
vt 0.656250 0.875000
vt 0.671520 0.875000
vt 0.671454 0.905096
vt 0.671557 0.842917
vt 0.656250 0.835552
vt 0.641060 0.905068
vt 0.641039 0.875000
vt 0.656250 0.835552
vt 0.641039 0.875000
vt 0.641019 0.825028
s 0
usemtl 
f 2827/4018/1407 2840/4019/1407 2828/4020/1407
f 2838/4021/1408 2828/4020/1408 2840/4022/1408 2839/4023/1408
f 2844/4024/1409 2828/4020/1409 2838/4025/1409 2841/4026/1409
f 2844/4027/1410 2827/4028/1410 2828/4020/1410
f 2842/4029/1411 2827/4020/1411 2844/4030/1411 2843/4031/1411
f 2840/4032/1412 2827/4020/1412 2842/4033/1412 2845/4034/1412
f 2836/4035/1413 2829/4036/1413 2837/4037/1413 2835/4038/1413
f 2830/4039/1414 2837/4037/1414 2829/4036/1414 2832/4040/1414
f 2834/4041/1415 2833/4042/1415 2829/4036/1415 2836/4035/1415
f 2832/4043/1416 2829/4036/1416 2833/4044/1416 2831/4045/1416
o Sphere_cell.130
v 0.006234 0.003995 -0.003022
v 0.691342 0.555570 -0.461940
v 0.768178 0.555570 -0.318190
v 0.837015 0.466374 -0.254711
v 0.735870 0.626676 -0.224635
v 0.791523 0.555570 -0.241229
v 0.678673 0.626817 -0.362200
v 0.711483 0.630344 -0.294706
v 0.675234 0.579176 -0.451177
v 0.670342 0.555570 -0.487528
v 0.665453 0.540775 -0.505890
v 0.732108 0.463843 -0.489179
v 0.779067 0.400564 -0.472731
v 0.811535 0.380312 -0.433683
v 0.808348 0.382683 -0.438126
v 0.845899 0.382701 -0.367854
v 0.846487 0.396994 -0.350626
v 0.735870 0.626676 -0.224635
v 0.791523 0.555570 -0.241229
v 0.837015 0.466374 -0.254711
v 0.678673 0.626817 -0.362200
v 0.711483 0.630344 -0.294706
v 0.675234 0.579176 -0.451177
v 0.670342 0.555570 -0.487528
v 0.665453 0.540775 -0.505890
v 0.732108 0.463843 -0.489179
v 0.779067 0.400564 -0.472731
v 0.808348 0.382683 -0.438126
v 0.811535 0.380312 -0.433683
v 0.845899 0.382701 -0.367854
v 0.846487 0.396994 -0.350626
vn 0.2887 0.0025 0.9574
vn -0.5855 0.7730 0.2442
vn -0.7296 0.6143 -0.3007
vn -0.2921 -0.4378 -0.8503
vn 0.1107 -0.8417 -0.5285
vn 0.3516 -0.9241 -0.1500
vn 0.5292 -0.6618 0.5310
vn 0.5987 0.6326 -0.4913
vn 0.6825 0.4696 -0.5601
vn 0.8443 0.2891 -0.4512
vn 0.6831 0.6326 -0.3651
vn 0.7786 0.4696 -0.4162
vn 0.7412 0.6326 -0.2248
vn 0.8448 0.4696 -0.2563
vt 1.000000 0.300975
vt 1.000000 1.000000
vt 0.203838 0.203838
vt 0.617121 0.247543
vt 1.000000 0.355606
vt 0.300975 0.300975
vt 0.646490 0.324255
vt 0.739458 0.359004
vt 0.907427 0.363736
vt 1.000000 0.368444
vt 0.355606 0.355606
vt 1.000000 0.259628
vt 0.368444 0.368444
vt 0.722019 0.304603
vt 0.259628 0.259628
vt 0.919325 0.231476
vt 1.000000 0.228411
vt 1.000000 0.195904
vt 0.228411 0.228411
vt 0.195904 0.195904
vt 0.322621 0.195249
vt 1.000000 0.203838
vt 0.600096 0.687500
vt 0.593750 0.697236
vt 0.593750 0.687500
vt 0.593750 0.654340
vt 0.603443 0.682152
vt 0.565403 0.625000
vt 0.578111 0.624210
vt 0.579046 0.625000
vt 0.562500 0.718340
vt 0.562500 0.687500
vt 0.593750 0.697236
vt 0.578023 0.716885
vt 0.562500 0.630173
vt 0.565403 0.625000
vt 0.586751 0.631464
vt 0.547081 0.687500
vt 0.547153 0.716827
vt 0.547081 0.687500
vt 0.547015 0.655255
vt 0.562500 0.630173
s 0
usemtl 
f 2863/4046/1417 2846/4047/1417 2865/4048/1417 2864/4049/1417
f 2866/4050/1418 2846/4047/1418 2863/4051/1418 2867/4052/1418
f 2868/4053/1419 2869/4054/1419 2870/4055/1419 2846/4047/1419 2866/4056/1419
f 2872/4057/1420 2846/4047/1420 2870/4058/1420 2871/4059/1420
f 2872/4060/1421 2873/4061/1421 2874/4062/1421 2846/4047/1421
f 2875/4063/1422 2846/4047/1422 2874/4064/1422
f 2846/4047/1423 2875/4065/1423 2876/4066/1423 2865/4067/1423
f 2855/4068/1424 2854/4069/1424 2847/4070/1424
f 2855/4068/1425 2847/4070/1425 2857/4071/1425 2856/4072/1425
f 2861/4073/1426 2859/4074/1426 2860/4075/1426
f 2853/4076/1427 2848/4077/1427 2847/4070/1427 2854/4078/1427 2852/4079/1427
f 2862/4080/1428 2861/4081/1428 2860/4075/1428 2858/4082/1428 2857/4071/1428 2847/4070/1428 2848/4077/1428
f 2851/4083/1429 2848/4077/1429 2853/4076/1429 2850/4084/1429
f 2848/4077/1430 2851/4085/1430 2849/4086/1430 2862/4087/1430
o Sphere_cell.131
v 0.008834 0.030446 0.005758
v 0.008537 0.020168 0.005420
v 0.318190 0.923880 0.212608
v 0.413977 0.876014 0.222453
v 0.335324 0.923880 0.180552
v 0.256310 0.951171 0.138439
v 0.364146 0.876020 0.297070
v 0.408571 0.865777 0.272999
v 0.225307 0.951379 0.183574
v 0.240947 0.952060 0.160996
v 0.295149 0.923880 0.240683
v 0.413977 0.876014 0.222453
v 0.335324 0.923880 0.180552
v 0.256310 0.951171 0.138439
v 0.364146 0.876020 0.297070
v 0.408571 0.865777 0.272999
v 0.225307 0.951379 0.183574
v 0.240947 0.952060 0.160996
v 0.295149 0.923880 0.240683
vn 0.4706 0.0008 -0.8824
vn 0.9028 -0.4301 0.0094
vn 0.4206 0.0176 -0.9071
vn 0.3516 -0.4296 0.8318
vn -0.6230 -0.0077 0.7822
vn -0.7882 0.2899 -0.5428
vn -0.6331 -0.0006 0.7741
vn 0.2571 0.9565 0.1374
vn 0.4173 0.8810 0.2231
vn 0.2254 0.9565 0.1850
vn 0.3658 0.8810 0.3002
vt 0.831174 0.831174
vt 0.000000 0.000000
vt 0.903944 0.000000
vt 0.877543 0.403624
vt 1.000000 0.000000
vt 1.000000 0.831174
vt 0.178994 0.000000
vt 1.000000 0.096056
vt 1.000000 1.000000
vt 1.000000 0.168893
vt 0.181456 0.178953
vt 0.170242 0.000000
vt 0.903047 0.903047
vt 0.903559 0.000000
vt 0.904036 0.453625
vt 0.593979 0.123528
vt 1.000000 0.096441
vt 0.170242 0.170242
vt 0.406250 0.875000
vt 0.421391 0.875000
vt 0.421176 0.905055
vt 0.406250 0.905951
vt 0.406294 0.835675
vt 0.421524 0.842627
vt 0.391121 0.875000
vt 0.391187 0.905203
vt 0.391089 0.842631
vt 0.406250 0.835704
s 0
usemtl 
f 2888/4088/1431 2878/4089/1431 2890/4090/1431 2889/4091/1431
f 2878/4092/1432 2888/4093/1432 2892/4094/1432
f 2877/4089/1433 2890/4095/1433 2878/4096/1433
f 2891/4097/1434 2878/4096/1434 2892/4098/1434
f 2891/4099/1435 2877/4092/1435 2878/4096/1435
f 2890/4100/1436 2877/4089/1436 2893/4101/1436 2894/4102/1436
f 2895/4103/1437 2893/4104/1437 2877/4096/1437 2891/4105/1437
f 2879/4106/1438 2881/4107/1438 2882/4108/1438 2886/4109/1438
f 2884/4110/1439 2880/4111/1439 2881/4107/1439 2879/4106/1439
f 2887/4112/1440 2879/4106/1440 2886/4109/1440 2885/4113/1440
f 2883/4114/1441 2884/4115/1441 2879/4106/1441 2887/4112/1441
o Sphere_cell.132
v -0.004778 0.001909 -0.008708
v -0.544895 0.195090 -0.815493
v -0.600784 0.285170 -0.734446
v -0.618131 0.195090 -0.755389
v -0.624287 0.097585 -0.762700
v -0.529295 0.287652 -0.792147
v -0.366484 0.282566 -0.880912
v -0.376799 0.191694 -0.905719
v -0.464644 0.097838 -0.869196
v -0.550172 0.098634 -0.823392
v -0.618131 0.195090 -0.755389
v -0.624287 0.097585 -0.762700
v -0.600784 0.285170 -0.734446
v -0.529295 0.287652 -0.792147
v -0.366484 0.282566 -0.880912
v -0.376799 0.191694 -0.905719
v -0.464644 0.097838 -0.869196
v -0.550172 0.098634 -0.823392
vn -0.7726 0.0012 0.6349
vn 0.1613 0.9570 0.2410
vn 0.5897 -0.7051 -0.3938
vn -0.0534 -0.9952 -0.0824
vn 0.9237 -0.0002 -0.3831
vn -0.6073 0.2890 -0.7400
vn -0.6314 0.0975 -0.7693
vn -0.4503 0.2857 -0.8460
vn -0.4691 0.0975 -0.8777
vt 0.275633 0.000000
vt 1.000000 0.000000
vt 1.000000 0.696695
vt 0.641657 0.358728
vt 0.752290 0.471379
vt 0.696695 0.696695
vt 0.000000 0.000000
vt 0.837906 0.000000
vt 1.000000 0.826441
vt 0.138233 0.000000
vt 0.724367 0.000000
vt 0.782555 0.414589
vt 0.826441 0.826441
vt 0.168710 0.138531
vt 1.000000 0.162094
vt 1.000000 1.000000
vt 0.843750 0.562500
vt 0.859149 0.562500
vt 0.859122 0.592512
vt 0.843750 0.593339
vt 0.859149 0.562500
vt 0.843750 0.531599
vt 0.859170 0.531263
vt 0.812748 0.591644
vt 0.812747 0.562500
vt 0.812746 0.561412
vt 0.828132 0.531344
s 0
usemtl 
f 2907/4116/1442 2896/4117/1442 2908/4118/1442 2906/4119/1442
f 2909/4120/1443 2908/4121/1443 2896/4122/1443 2910/4123/1443
f 2896/4117/1444 2912/4124/1444 2911/4125/1444
f 2896/4122/1445 2907/4126/1445 2913/4127/1445 2912/4128/1445
f 2911/4129/1446 2910/4130/1446 2896/4131/1446
f 2897/4132/1447 2899/4133/1447 2898/4134/1447 2901/4135/1447
f 2899/4136/1448 2897/4132/1448 2905/4137/1448 2900/4138/1448
f 2902/4139/1449 2903/4140/1449 2897/4132/1449 2901/4135/1449
f 2903/4141/1450 2904/4142/1450 2905/4137/1450 2897/4132/1450
o Sphere_cell.133
v 0.002663 -0.005789 -0.005372
v 0.270598 -0.707107 -0.653281
v 0.461940 -0.555570 -0.691342
v 0.392847 -0.707107 -0.587938
v 0.297962 -0.765665 -0.558138
v 0.371075 -0.739269 -0.555353
v 0.441230 -0.707107 -0.548231
v 0.447653 -0.703279 -0.547004
v 0.497128 -0.607848 -0.607229
v 0.503137 -0.595544 -0.615297
v 0.463789 -0.549342 -0.694110
v 0.469092 -0.555570 -0.685472
v 0.223850 -0.628316 -0.734708
v 0.310043 -0.581509 -0.748510
v 0.350190 -0.555570 -0.751073
v 0.209456 -0.687894 -0.688226
v 0.204988 -0.707107 -0.673184
v 0.184594 -0.765981 -0.604765
v 0.241838 -0.768785 -0.583848
v 0.297962 -0.765665 -0.558138
v 0.371075 -0.739269 -0.555353
v 0.441230 -0.707107 -0.548231
v 0.447653 -0.703279 -0.547004
v 0.497128 -0.607848 -0.607229
v 0.503137 -0.595544 -0.615297
v 0.463789 -0.549342 -0.694110
v 0.469092 -0.555570 -0.685472
v 0.310043 -0.581509 -0.748510
v 0.350190 -0.555570 -0.751073
v 0.223850 -0.628316 -0.734708
v 0.209456 -0.687894 -0.688226
v 0.204988 -0.707107 -0.673184
v 0.184594 -0.765981 -0.604765
v 0.241838 -0.768785 -0.583848
vn 0.1628 -0.5383 0.8269
vn 0.7727 -0.0000 0.6348
vn 0.7840 0.0239 0.6203
vn 0.7620 0.6475 -0.0008
vn 0.2121 0.8312 -0.5139
vn -0.4384 0.6136 -0.6567
vn -0.9563 0.0029 -0.2925
vn -0.9578 -0.0025 -0.2876
vn -0.2926 -0.6343 0.7156
vn 0.1847 -0.7715 -0.6088
vn 0.2248 -0.6326 -0.7412
vn 0.4162 -0.4696 -0.7786
vn 0.3651 -0.6326 -0.6831
vn 0.2999 -0.7715 -0.5611
vn 0.5601 -0.4696 -0.6825
vn 0.4913 -0.6326 -0.5987
vn 0.4036 -0.7715 -0.4918
vt 1.000000 1.000000
vt 0.272462 0.272462
vt 0.617826 0.297813
vt 0.965961 0.328684
vt 1.000000 0.332357
vt 0.332357 0.332357
vt 1.000000 0.423672
vt 0.423672 0.423672
vt 1.000000 0.416375
vt 1.000000 0.340420
vt 0.416375 0.416375
vt 0.925751 0.349165
vt 1.000000 0.286048
vt 0.340420 0.340420
vt 0.290582 0.286003
vt 0.520689 0.288479
vt 1.000000 0.301740
vt 0.301740 0.301740
vt 1.000000 0.346522
vt 0.346522 0.346522
vt 0.482554 0.328232
vt 1.000000 0.272259
vt 0.632336 0.269526
vt 1.000000 0.272462
vt 0.272259 0.272259
vt 0.702851 0.220412
vt 0.702957 0.250000
vt 0.687500 0.250000
vt 0.687500 0.219003
vt 0.687500 0.301802
vt 0.702957 0.250000
vt 0.702979 0.257924
vt 0.702932 0.282497
vt 0.656250 0.314752
vt 0.656250 0.312500
vt 0.680409 0.312715
vt 0.680543 0.312500
vt 0.656250 0.250000
vt 0.656250 0.233836
vt 0.671956 0.220571
vt 0.654476 0.312500
vt 0.656250 0.314752
vt 0.642140 0.250000
vt 0.640905 0.296013
vt 0.640813 0.290938
vt 0.640844 0.251579
vt 0.642140 0.250000
s 0
usemtl 
f 2914/4143/1451 2933/4144/1451 2934/4145/1451 2935/4146/1451 2936/4147/1451
f 2914/4143/1452 2936/4148/1452 2937/4149/1452
f 2914/4143/1453 2937/4150/1453 2938/4151/1453
f 2939/4152/1454 2914/4143/1454 2938/4153/1454 2940/4154/1454
f 2942/4155/1455 2914/4143/1455 2939/4156/1455
f 2914/4143/1456 2942/4157/1456 2941/4158/1456 2943/4159/1456
f 2914/4143/1457 2943/4160/1457 2944/4161/1457
f 2914/4143/1458 2944/4162/1458 2945/4163/1458 2946/4164/1458
f 2947/4165/1459 2933/4166/1459 2914/4143/1459 2946/4167/1459
f 2931/4168/1460 2930/4169/1460 2915/4170/1460 2932/4171/1460
f 2927/4172/1461 2915/4170/1461 2930/4173/1461 2929/4174/1461 2926/4175/1461
f 2924/4176/1462 2916/4177/1462 2928/4178/1462
f 2915/4170/1463 2927/4172/1463 2928/4179/1463 2916/4177/1463 2917/4180/1463
f 2915/4170/1464 2917/4180/1464 2919/4181/1464 2918/4182/1464 2932/4171/1464
f 2925/4183/1465 2916/4177/1465 2924/4184/1465
f 2920/4185/1466 2917/4180/1466 2916/4177/1466 2925/4183/1466 2923/4186/1466 2922/4187/1466 2921/4188/1466
f 2920/4189/1467 2919/4181/1467 2917/4180/1467
o Sphere_cell.134
v 0.004060 0.007456 -0.003016
v 0.011670 0.018417 -0.003687
v 0.392847 0.831470 -0.392847
v 0.461940 0.831470 -0.308658
v 0.513280 0.831470 -0.212607
v 0.559125 0.790745 -0.231597
v 0.556609 0.767248 -0.296751
v 0.557473 0.806896 -0.169576
v 0.524292 0.769926 -0.350321
v 0.370524 0.806954 -0.449627
v 0.450439 0.764628 -0.450439
v 0.441063 0.873251 -0.182694
v 0.539748 0.830598 -0.128995
v 0.389739 0.890913 -0.208957
v 0.378316 0.885227 -0.252782
v 0.331227 0.848780 -0.401723
v 0.349199 0.864464 -0.349199
v 0.351669 0.831470 -0.426642
v 0.559125 0.790745 -0.231597
v 0.557473 0.806896 -0.169576
v 0.556609 0.767248 -0.296751
v 0.370524 0.806954 -0.449627
v 0.450439 0.764628 -0.450439
v 0.539748 0.830598 -0.128995
v 0.331227 0.848780 -0.401723
v 0.349199 0.864464 -0.349199
v 0.389739 0.890913 -0.208957
v 0.378316 0.885227 -0.252782
v 0.351669 0.831470 -0.426642
v 0.524292 0.769926 -0.350321
v 0.441063 0.873251 -0.182694
vn 0.8270 -0.5383 0.1622
vn 0.8210 -0.5648 0.0833
vn 0.6411 -0.6342 -0.4321
vn -0.2194 -0.3972 -0.8911
vn -0.3279 0.3486 0.8781
vn 0.7358 -0.3934 0.5512
vn -0.5086 0.3998 0.7625
vn -0.8866 0.4280 0.1756
vn -0.7731 0.0001 -0.6343
vn 0.3002 0.8810 -0.3658
vn 0.4036 0.7715 -0.4918
vn 0.3658 0.8810 -0.3002
vn 0.4918 0.7715 -0.4036
vn 0.4173 0.8810 -0.2230
vn 0.5611 0.7715 -0.2999
vn 0.6088 0.7715 -0.1847
vn 0.4539 0.8808 -0.1345
vt 0.235297 0.000000
vt 1.000000 0.000000
vt 1.000000 0.725928
vt 0.601551 0.350435
vt 0.725928 0.725928
vt 0.000000 0.000000
vt 0.731362 0.488453
vt 0.728551 0.728551
vt 0.725538 0.000000
vt 0.725538 0.725538
vt 0.767070 0.000000
vt 0.154218 0.000000
vt 0.991350 0.779154
vt 0.433578 0.262187
vt 0.786954 0.786954
vt 0.764704 0.000000
vt 1.000000 1.000000
vt 0.152496 0.000000
vt 1.000000 0.193164
vt 0.152496 0.152496
vt 0.337826 0.158006
vt 0.761140 0.178050
vt 0.584743 0.209596
vt 1.000000 0.232930
vt 0.193164 0.193164
vt 0.625000 0.834815
vt 0.625000 0.812500
vt 0.640285 0.812500
vt 0.640267 0.824208
vt 0.640299 0.800179
vt 0.625000 0.778908
vt 0.593750 0.848858
vt 0.593750 0.812500
vt 0.593750 0.781571
vt 0.578161 0.852633
vt 0.562500 0.840758
vt 0.562500 0.812500
vt 0.593750 0.781571
vt 0.562500 0.792034
vt 0.578162 0.780089
vt 0.537343 0.812062
vt 0.546999 0.800150
vt 0.537686 0.812500
vt 0.562500 0.840758
s 0
usemtl 
f 2967/4190/1468 2949/4191/1468 2968/4192/1468 2966/4193/1468
f 2968/4194/1469 2949/4195/1469 2948/4191/1469
f 2956/4196/1470 2968/4197/1470 2948/4195/1470 2970/4198/1470
f 2970/4199/1471 2948/4195/1471 2969/4200/1471
f 2974/4201/1472 2949/4191/1472 2971/4202/1472 2959/4203/1472
f 2971/4204/1473 2949/4195/1473 2967/4205/1473
f 2948/4191/1474 2949/4206/1474 2974/4207/1474
f 2972/4208/1475 2948/4206/1475 2974/4209/1475 2975/4210/1475 2973/4211/1475
f 2976/4212/1476 2969/4213/1476 2948/4206/1476 2972/4214/1476
f 2964/4215/1477 2950/4216/1477 2965/4217/1477 2963/4218/1477
f 2957/4219/1478 2965/4217/1478 2950/4216/1478 2958/4220/1478
f 2962/4221/1479 2951/4222/1479 2950/4216/1479 2964/4215/1479
f 2958/4220/1480 2950/4216/1480 2951/4222/1480 2977/4223/1480
f 2961/4224/1481 2978/4225/1481 2952/4226/1481 2951/4222/1481 2962/4221/1481
f 2977/4227/1482 2951/4222/1482 2952/4226/1482 2953/4228/1482 2954/4229/1482
f 2960/4230/1483 2955/4231/1483 2953/4228/1483 2952/4226/1483
f 2960/4232/1484 2952/4226/1484 2978/4233/1484
o Sphere_cell.135
v 0.003478 -0.019957 0.004220
v 0.137950 -0.980785 0.137950
v 0.108386 -0.980785 0.162212
v 0.183187 -0.951910 0.223372
v 0.157107 -0.954183 0.235127
v 0.132371 -0.954866 0.245809
v 0.092268 -0.980785 0.170827
v 0.004588 -0.999187 0.006866
v 0.222662 -0.951933 0.183935
v 0.203452 -0.952685 0.203453
v 0.009280 -0.998707 0.009280
v 0.149412 -0.980785 0.123983
v 0.157107 -0.954183 0.235127
v 0.132371 -0.954866 0.245809
v 0.183187 -0.951910 0.223372
v 0.092268 -0.980785 0.170827
v 0.004588 -0.999187 0.006866
v 0.203452 -0.952685 0.203453
v 0.222662 -0.951933 0.183935
v 0.149412 -0.980785 0.123983
v 0.009280 -0.998707 0.009280
vn 0.3741 0.2800 0.8841
vn -0.8818 0.0003 0.4715
vn 0.6765 0.2897 0.6770
vn 0.6304 -0.0003 -0.7763
vn 0.0761 -0.9951 0.0625
vn 0.2254 -0.9565 0.1850
vn 0.1850 -0.9565 0.2254
vn 0.0625 -0.9951 0.0761
vn 0.1374 -0.9565 0.2571
vn 0.0464 -0.9951 0.0869
vt 0.561518 0.468402
vt 0.095409 0.000000
vt 1.000000 0.000000
vt 1.000000 0.907627
vt 0.907627 0.907627
vt 0.000000 0.000000
vt 0.950848 0.009537
vt 0.932853 0.625795
vt 1.000000 0.904591
vt 0.538720 0.444312
vt 0.094898 0.000000
vt 0.397025 0.066927
vt 0.975047 0.049612
vt 1.000000 0.048879
vt 1.000000 1.000000
vt 0.094898 0.094898
vt 0.375000 0.062500
vt 0.389574 0.004205
vt 0.389763 0.062500
vt 0.390115 0.094189
vt 0.375000 0.093363
vt 0.343750 0.091717
vt 0.343750 0.062500
vt 0.359320 0.094214
vt 0.360426 0.004205
vt 0.359172 0.001737
vt 0.328816 0.062500
vt 0.343750 0.091717
vt 0.328619 0.090967
vt 0.328786 0.002645
s 0
usemtl 
f 2991/4234/1485 2993/4235/1485 2979/4236/1485 2992/4237/1485
f 2992/4238/1486 2979/4239/1486 2995/4240/1486 2994/4241/1486
f 2979/4236/1487 2993/4242/1487 2996/4243/1487 2997/4244/1487
f 2998/4245/1488 2999/4246/1488 2995/4247/1488 2979/4248/1488 2997/4249/1488
f 2980/4250/1489 2989/4251/1489 2990/4252/1489
f 2987/4253/1490 2988/4254/1490 2980/4250/1490 2990/4252/1490
f 2983/4255/1491 2981/4256/1491 2980/4250/1491 2988/4254/1491 2982/4257/1491
f 2989/4258/1492 2980/4250/1492 2981/4256/1492 2986/4259/1492
f 2985/4260/1493 2981/4256/1493 2983/4261/1493 2984/4262/1493
f 2985/4260/1494 2986/4263/1494 2981/4256/1494
o Sphere_cell.136
v 0.000755 -0.011571 -0.004492
v -0.001501 -0.018761 -0.007186
v 0.074658 -0.923880 -0.375330
v -0.074658 -0.923880 -0.375330
v 0.000000 -0.923880 -0.382683
v -0.084299 -0.897464 -0.423801
v 0.046528 -0.876441 -0.466852
v 0.000000 -0.886395 -0.452812
v -0.122753 -0.899159 -0.408837
v -0.000046 -0.950563 -0.294716
v 0.083138 -0.951366 -0.278525
v 0.056496 -0.952120 -0.284023
v 0.109380 -0.923880 -0.364797
v 0.135117 -0.876412 -0.449344
v 0.091303 -0.878275 -0.459011
v -0.109429 -0.923880 -0.364782
v -0.105939 -0.927555 -0.353241
v -0.065933 -0.937446 -0.331467
v 0.046528 -0.876441 -0.466852
v 0.000000 -0.886395 -0.452812
v -0.084299 -0.897464 -0.423801
v 0.083138 -0.951366 -0.278525
v 0.056496 -0.952120 -0.284023
v 0.109380 -0.923880 -0.364797
v 0.135117 -0.876412 -0.449344
v 0.091303 -0.878275 -0.459011
v -0.122753 -0.899159 -0.408837
v -0.109429 -0.923880 -0.364782
v -0.105939 -0.927555 -0.353241
v -0.065933 -0.937446 -0.331467
v -0.000046 -0.950563 -0.294716
vn -0.3439 0.4285 -0.8356
vn -0.3800 0.4267 -0.8207
vn -0.1965 -0.2894 0.9368
vn -0.1856 -0.2900 0.9389
vn 0.9568 -0.0009 0.2908
vn 0.1708 0.4715 -0.8651
vn -0.9572 -0.0002 0.2894
vn -0.5096 -0.2544 0.8220
vn 0.0464 -0.8810 -0.4709
vn 0.0286 -0.9566 -0.2902
vn 0.1374 -0.8810 -0.4528
vn 0.0846 -0.9565 -0.2790
vn -0.1374 -0.8810 -0.4528
vn -0.0846 -0.9565 -0.2790
vn -0.0286 -0.9565 -0.2902
vn -0.0464 -0.8810 -0.4709
vt 1.000000 0.145405
vt 1.000000 1.000000
vt 0.167096 0.167096
vt 0.393690 0.157558
vt 0.809093 0.146986
vt 0.146407 0.000000
vt 1.000000 0.000000
vt 1.000000 0.095925
vt 0.000000 0.000000
vt 0.709479 0.094373
vt 1.000000 0.095074
vt 0.096423 0.095921
vt 1.000000 0.167366
vt 0.095074 0.095074
vt 0.529058 0.121599
vt 0.167366 0.167366
vt 0.580087 0.165452
vt 1.000000 0.167096
vt 1.000000 0.853593
vt 0.288714 0.166336
vt 0.118800 0.000000
vt 0.118800 0.118800
vt 0.452389 0.109248
vt 1.000000 0.096612
vt 0.718750 0.125000
vt 0.750000 0.125000
vt 0.750000 0.150352
vt 0.734191 0.157084
vt 0.718750 0.155844
vt 0.750000 0.095690
vt 0.718750 0.093983
vt 0.703635 0.125000
vt 0.703510 0.157104
vt 0.703831 0.094811
vt 0.703635 0.125000
vt 0.796343 0.141727
vt 0.781250 0.142866
vt 0.781250 0.125000
vt 0.796386 0.125000
vt 0.781250 0.110100
vt 0.796383 0.120963
vt 0.750143 0.095714
vt 0.781250 0.110100
s 0
usemtl 
f 3026/4264/1495 3000/4265/1495 3018/4266/1495 3019/4267/1495 3020/4268/1495
f 3026/4269/1496 3001/4270/1496 3000/4265/1496
f 3030/4271/1497 3000/4265/1497 3001/4272/1497
f 3022/4273/1498 3021/4274/1498 3000/4265/1498 3030/4275/1498
f 3024/4276/1499 3000/4265/1499 3021/4277/1499 3023/4278/1499
f 3000/4265/1500 3024/4279/1500 3025/4280/1500 3018/4281/1500
f 3001/4270/1501 3026/4282/1501 3027/4283/1501 3028/4284/1501
f 3001/4265/1502 3028/4285/1502 3029/4286/1502 3030/4287/1502
f 3002/4288/1503 3004/4289/1503 3007/4290/1503 3006/4291/1503 3014/4292/1503
f 3009/4293/1504 3004/4289/1504 3002/4288/1504 3011/4294/1504
f 3012/4295/1505 3002/4288/1505 3014/4292/1505 3013/4296/1505
f 3010/4297/1506 3011/4294/1506 3002/4288/1506 3012/4298/1506
f 3008/4299/1507 3005/4300/1507 3003/4301/1507 3015/4302/1507
f 3015/4302/1508 3003/4301/1508 3017/4303/1508 3016/4304/1508
f 3009/4305/1509 3017/4306/1509 3003/4301/1509 3004/4289/1509
f 3004/4289/1510 3003/4301/1510 3005/4300/1510 3007/4290/1510
o Sphere_cell.137
v -0.009841 -0.000119 -0.003596
v -0.017976 0.002798 -0.006207
v -0.923878 0.000000 -0.382683
v -0.908834 0.220876 -0.339589
v -0.907801 0.195090 -0.369811
v -0.870119 0.096140 -0.463271
v -0.906621 0.189658 -0.375535
v -0.878318 0.000000 -0.467920
v -0.870085 -0.095435 -0.463481
v -0.952087 0.000000 -0.289693
v -0.934084 0.192415 -0.284073
v -0.943058 -0.096045 -0.287028
v -0.932309 0.195090 -0.289019
v -0.915084 -0.096657 -0.379040
v -0.907801 0.195090 -0.369811
v -0.906621 0.189658 -0.375535
v -0.908834 0.220876 -0.339589
v -0.870119 0.096140 -0.463271
v -0.878318 0.000000 -0.467920
v -0.870085 -0.095435 -0.463481
v -0.952087 0.000000 -0.289693
v -0.943058 -0.096045 -0.287028
v -0.934084 0.192415 -0.284073
v -0.932309 0.195090 -0.289019
v -0.915084 -0.096657 -0.379040
vn 0.3932 0.7060 -0.5890
vn 0.4308 0.5902 -0.6827
vn 0.4715 0.0010 -0.8819
vn -0.2905 -0.0008 0.9569
vn -0.2672 0.1118 0.9571
vn 0.0400 0.8817 0.4702
vn 0.0918 -0.9952 0.0345
vn -0.9161 0.2890 -0.2779
vn -0.9524 0.0975 -0.2889
vn -0.9524 -0.0975 -0.2889
vn -0.8777 0.0975 -0.4691
vn -0.8777 -0.0975 -0.4691
vt 0.320693 0.182912
vt 0.136774 0.000000
vt 1.000000 0.000000
vt 1.000000 0.825685
vt 0.358681 0.219756
vt 0.825685 0.825685
vt 0.000000 0.000000
vt 0.827087 0.000000
vt 0.834967 0.416696
vt 0.826957 0.826957
vt 0.102445 0.000000
vt 1.000000 0.888214
vt 0.393553 0.299553
vt 0.888214 0.888214
vt 0.863226 0.000000
vt 0.885644 0.810902
vt 0.887316 0.887316
vt 1.000000 1.000000
vt 0.102445 0.102445
vt 0.548039 0.129494
vt 1.000000 0.172913
vt 0.943129 0.571091
vt 0.938437 0.562500
vt 0.952160 0.562500
vt 0.937500 0.560760
vt 0.937500 0.500000
vt 0.952991 0.500000
vt 0.953010 0.561686
vt 0.952978 0.469231
vt 0.937500 0.469035
vt 0.922093 0.500000
vt 0.937500 0.560760
vt 0.922090 0.530684
vt 0.922101 0.469426
s 0
usemtl 
f 3045/4307/1511 3047/4308/1511 3032/4309/1511 3048/4310/1511 3046/4311/1511
f 3048/4312/1512 3032/4313/1512 3031/4309/1512
f 3031/4313/1513 3050/4314/1513 3049/4315/1513 3048/4316/1513
f 3052/4317/1514 3031/4309/1514 3053/4318/1514 3051/4319/1514
f 3031/4313/1515 3032/4309/1515 3053/4320/1515
f 3032/4313/1516 3047/4321/1516 3054/4322/1516 3053/4323/1516
f 3031/4324/1517 3052/4325/1517 3055/4326/1517 3050/4327/1517
f 3034/4328/1518 3035/4329/1518 3043/4330/1518
f 3037/4331/1519 3033/4332/1519 3040/4333/1519 3041/4334/1519 3043/4330/1519 3035/4329/1519
f 3042/4335/1520 3040/4333/1520 3033/4332/1520 3044/4336/1520
f 3038/4337/1521 3033/4332/1521 3037/4338/1521 3036/4339/1521
f 3033/4332/1522 3038/4337/1522 3039/4340/1522 3044/4336/1522
o Sphere_cell.138
v -0.002333 0.004857 -0.006578
v -0.006647 0.009063 -0.011425
v -0.318189 0.555570 -0.768177
v -0.162211 0.555570 -0.815493
v -0.450385 0.579736 -0.675138
v -0.362429 0.626724 -0.678637
v -0.294664 0.630477 -0.711383
v -0.223779 0.626810 -0.736015
v -0.158398 0.579386 -0.796323
v -0.127202 0.554103 -0.819725
v -0.468436 0.530385 -0.703059
v -0.461170 0.555570 -0.691753
v -0.350647 0.397261 -0.846314
v -0.164769 0.531048 -0.828348
v -0.450385 0.579736 -0.675138
v -0.362429 0.626724 -0.678637
v -0.294664 0.630477 -0.711383
v -0.223779 0.626810 -0.736015
v -0.158398 0.579386 -0.796323
v -0.468436 0.530385 -0.703059
v -0.461170 0.555570 -0.691753
v -0.127202 0.554103 -0.819725
v -0.164769 0.531048 -0.828348
v -0.350647 0.397261 -0.846314
vn -0.2996 0.6152 0.7292
vn -0.1136 0.6981 0.7069
vn 0.2420 0.7733 0.5860
vn 0.7270 0.6156 0.3041
vn -0.7488 -0.6628 0.0003
vn -0.8341 -0.0070 0.5516
vn -0.6417 -0.7617 -0.0897
vn 0.5287 -0.6635 -0.5294
vn -0.3651 0.6326 -0.6831
vn -0.4162 0.4696 -0.7786
vn -0.2248 0.6326 -0.7412
vn -0.2563 0.4696 -0.8449
vn -0.0668 0.6321 -0.7720
vn -0.0865 0.4696 -0.8786
vt 1.000000 0.000000
vt 1.000000 0.642431
vt 0.360815 0.000000
vt 0.000000 0.000000
vt 0.642431 0.642431
vt 0.698821 0.000000
vt 0.675344 0.324684
vt 0.644197 0.644197
vt 0.778548 0.011383
vt 0.756902 0.222165
vt 0.698821 0.698821
vt 0.196388 0.000000
vt 1.000000 0.665986
vt 0.665986 0.665986
vt 0.639185 0.000000
vt 0.655139 0.349080
vt 0.195175 0.000000
vt 1.000000 1.000000
vt 0.195512 0.195172
vt 0.867030 0.212293
vt 1.000000 0.220539
vt 0.843628 0.697467
vt 0.827957 0.716930
vt 0.812500 0.718395
vt 0.812500 0.687500
vt 0.843583 0.687500
vt 0.812590 0.630355
vt 0.843544 0.678396
vt 0.843583 0.687500
vt 0.781250 0.687500
vt 0.812500 0.718395
vt 0.796976 0.716882
vt 0.781250 0.697323
vt 0.812500 0.630297
vt 0.781250 0.678635
vt 0.774821 0.687500
vt 0.774488 0.686970
vt 0.781250 0.678635
s 0
usemtl 
f 3057/4341/1523 3071/4342/1523 3070/4343/1523
f 3057/4344/1524 3056/4341/1524 3071/4345/1524
f 3056/4344/1525 3073/4346/1525 3072/4347/1525 3071/4348/1525
f 3077/4349/1526 3074/4350/1526 3073/4351/1526 3056/4344/1526
f 3079/4352/1527 3057/4341/1527 3075/4353/1527
f 3075/4354/1528 3057/4344/1528 3070/4355/1528 3076/4356/1528
f 3079/4357/1529 3056/4341/1529 3057/4358/1529
f 3056/4358/1530 3079/4359/1530 3078/4360/1530 3077/4361/1530
f 3060/4362/1531 3061/4363/1531 3062/4364/1531 3058/4365/1531 3067/4366/1531
f 3068/4367/1532 3066/4368/1532 3067/4369/1532 3058/4365/1532
f 3059/4370/1533 3058/4365/1533 3062/4371/1533 3063/4372/1533 3064/4373/1533
f 3068/4374/1534 3058/4365/1534 3059/4370/1534 3069/4375/1534
f 3065/4376/1535 3059/4370/1535 3064/4373/1535
f 3059/4370/1536 3065/4377/1536 3069/4378/1536
o Sphere_cell.139
v 0.000463 -0.007570 0.007195
v -0.000000 -0.707107 0.707107
v -0.067919 -0.707107 0.700417
v -0.060955 -0.765828 0.629551
v -0.074196 -0.628471 0.764334
v -0.000000 -0.632079 0.768681
v 0.075251 -0.628472 0.764229
v 0.142582 -0.671375 0.722388
v 0.138149 -0.699894 0.699420
v 0.136952 -0.707107 0.693618
v 0.128986 -0.739657 0.654740
v 0.061641 -0.765767 0.629558
v -0.000000 -0.768758 0.631985
v -0.067919 -0.707107 0.700417
v -0.074196 -0.628471 0.764334
v -0.060955 -0.765828 0.629551
v -0.000000 -0.632079 0.768681
v 0.075251 -0.628472 0.764229
v 0.142582 -0.671375 0.722388
v 0.138149 -0.699894 0.699420
v 0.136952 -0.707107 0.693618
v 0.128986 -0.739657 0.654740
v 0.061641 -0.765767 0.629558
v -0.000000 -0.768758 0.631985
vn -0.9952 0.0002 -0.0980
vn 0.0004 0.7732 0.6341
vn 0.6605 0.6112 0.4361
vn 0.9813 0.0026 -0.1926
vn 0.9802 -0.0032 -0.1982
vn 0.4701 -0.5370 -0.7004
vn 0.0004 -0.6345 -0.7730
vn 0.0759 -0.6326 0.7708
vn 0.0624 -0.7715 0.6332
vn -0.0759 -0.6326 0.7708
vn -0.0624 -0.7715 0.6332
vt 1.000000 0.274017
vt 1.000000 1.000000
vt 0.272608 0.272608
vt 0.615446 0.266235
vt 0.274017 0.274017
vt 0.632333 0.269784
vt 1.000000 0.273986
vt 0.273986 0.273986
vt 1.000000 0.314213
vt 0.314213 0.314213
vt 1.000000 0.336008
vt 1.000000 0.297916
vt 0.336008 0.336008
vt 0.437304 0.329097
vt 0.297916 0.297916
vt 1.000000 0.272974
vt 1.000000 0.272608
vt 0.272974 0.272974
vt 0.637100 0.269950
vt 0.281043 0.252975
vt 0.281018 0.264737
vt 0.265621 0.282432
vt 0.250000 0.280945
vt 0.250000 0.250000
vt 0.281024 0.250000
vt 0.250000 0.219017
vt 0.265534 0.220520
vt 0.280950 0.233641
vt 0.234598 0.282433
vt 0.234614 0.250000
vt 0.250000 0.280945
vt 0.234614 0.250000
vt 0.234637 0.220489
vt 0.250000 0.219017
s 0
usemtl 
f 3094/4379/1537 3080/4380/1537 3095/4381/1537 3093/4382/1537
f 3080/4380/1538 3094/4383/1538 3096/4384/1538 3097/4385/1538
f 3097/4386/1539 3098/4387/1539 3080/4380/1539
f 3098/4388/1540 3099/4389/1540 3080/4380/1540
f 3101/4390/1541 3080/4380/1541 3099/4391/1541 3100/4392/1541
f 3080/4380/1542 3101/4393/1542 3102/4394/1542
f 3095/4395/1543 3080/4380/1543 3102/4396/1543 3103/4397/1543
f 3088/4398/1544 3087/4399/1544 3086/4400/1544 3085/4401/1544 3081/4402/1544 3089/4403/1544
f 3089/4403/1545 3081/4402/1545 3092/4404/1545 3091/4405/1545 3090/4406/1545
f 3084/4407/1546 3082/4408/1546 3081/4402/1546 3085/4409/1546
f 3081/4402/1547 3082/4410/1547 3083/4411/1547 3092/4412/1547
o Sphere_cell.140
v 0.003371 0.000043 0.006379
v 0.382683 0.000000 0.923879
v 0.195090 0.000000 0.980785
v 0.460296 -0.192237 0.861029
v 0.375375 -0.193886 0.906237
v 0.283954 -0.191863 0.934176
v 0.192301 -0.145133 0.966765
v 0.097700 -0.095973 0.980924
v 0.147525 0.000000 0.985469
v 0.193297 0.093303 0.971772
v 0.277059 0.274330 0.910940
v 0.241733 0.195090 0.946653
v 0.375519 0.190090 0.906582
v 0.370231 0.195090 0.907674
v 0.549184 -0.095092 0.824314
v 0.554445 0.000000 0.832070
v 0.515166 -0.162660 0.834987
v 0.460296 -0.192237 0.861029
v 0.375375 -0.193886 0.906237
v 0.283954 -0.191863 0.934176
v 0.192301 -0.145133 0.966765
v 0.097700 -0.095973 0.980924
v 0.147525 0.000000 0.985469
v 0.193297 0.093303 0.971772
v 0.241733 0.195090 0.946653
v 0.277059 0.274330 0.910940
v 0.370231 0.195090 0.907674
v 0.375519 0.190090 0.906582
v 0.549184 -0.095092 0.824314
v 0.554445 0.000000 0.832070
v 0.515166 -0.162660 0.834987
vn -0.0766 -0.9807 -0.1797
vn -0.4656 -0.8840 -0.0420
vn -0.8825 0.4520 0.1300
vn 0.5880 0.7073 -0.3924
vn 0.8318 -0.0007 -0.5551
vn 0.7195 -0.4463 -0.5321
vn 0.3040 -0.8817 -0.3609
vn 0.4691 -0.0975 0.8777
vn 0.4691 0.0975 0.8777
vn 0.2779 0.2890 0.9161
vn 0.2889 0.0975 0.9524
vn 0.2889 -0.0975 0.9524
vn 0.0975 0.0975 0.9904
vn 0.0975 -0.0975 0.9904
vt 1.000000 1.000000
vt 0.180918 0.180918
vt 0.587820 0.137855
vt 1.000000 0.111333
vt 0.111333 0.111333
vt 0.552952 0.080153
vt 1.000000 0.066624
vt 0.066624 0.066624
vt 0.292134 0.062181
vt 0.524467 0.075215
vt 0.785280 0.099179
vt 1.000000 0.133314
vt 0.133314 0.133314
vt 0.383718 0.136512
vt 0.399518 0.137562
vt 1.000000 0.209108
vt 0.209664 0.209103
vt 1.000000 0.216515
vt 0.216515 0.216515
vt 1.000000 0.206203
vt 0.206203 0.206203
vt 1.000000 0.180919
vt 0.343534 0.469536
vt 0.343547 0.500000
vt 0.312500 0.500000
vt 0.312500 0.437886
vt 0.328135 0.438414
vt 0.337971 0.447889
vt 0.312500 0.560898
vt 0.343547 0.500022
vt 0.311634 0.562500
vt 0.296991 0.588900
vt 0.289809 0.562500
vt 0.281250 0.529891
vt 0.281250 0.500000
vt 0.312500 0.437886
vt 0.281250 0.453505
vt 0.296964 0.438534
vt 0.273631 0.500000
vt 0.265799 0.469254
s 0
usemtl 
f 3104/4413/1548 3121/4414/1548 3122/4415/1548 3123/4416/1548
f 3104/4413/1549 3123/4417/1549 3124/4418/1549 3125/4419/1549
f 3104/4413/1550 3125/4420/1550 3126/4421/1550 3127/4422/1550 3128/4423/1550 3129/4424/1550
f 3104/4413/1551 3129/4425/1551 3130/4426/1551 3131/4427/1551 3133/4428/1551
f 3133/4429/1552 3132/4430/1552 3104/4413/1552
f 3104/4413/1553 3132/4431/1553 3134/4432/1553
f 3104/4413/1554 3134/4433/1554 3121/4434/1554
f 3118/4435/1555 3119/4436/1555 3105/4437/1555 3108/4438/1555 3107/4439/1555 3120/4440/1555
f 3116/4441/1556 3105/4437/1556 3119/4442/1556
f 3117/4443/1557 3114/4444/1557 3115/4445/1557
f 3115/4445/1558 3113/4446/1558 3106/4447/1558 3105/4437/1558 3116/4441/1558 3117/4443/1558
f 3108/4448/1559 3105/4437/1559 3106/4447/1559 3110/4449/1559 3109/4450/1559
f 3112/4451/1560 3106/4447/1560 3113/4446/1560
f 3112/4451/1561 3111/4452/1561 3110/4449/1561 3106/4447/1561
o Sphere_cell.141
v 0.006202 -0.026145 -0.003521
v 0.162212 -0.980785 -0.108386
v 0.254856 -0.951892 -0.136147
v 0.261219 -0.954067 -0.109103
v 0.179867 -0.980785 -0.075356
v 0.005858 -0.999340 -0.003181
v 0.223799 -0.951845 -0.183004
v 0.239366 -0.952637 -0.159939
v 0.010534 -0.998752 -0.007039
v 0.150565 -0.980785 -0.122578
v 0.254856 -0.951892 -0.136147
v 0.261219 -0.954067 -0.109103
v 0.179867 -0.980785 -0.075356
v 0.005858 -0.999340 -0.003181
v 0.223799 -0.951845 -0.183004
v 0.239366 -0.952637 -0.159939
v 0.150565 -0.980785 -0.122578
v 0.010534 -0.998752 -0.007039
vn 0.9391 0.2807 -0.1984
vn 0.3831 0.0002 0.9237
vn 0.7978 0.2900 -0.5285
vn -0.6364 -0.0000 -0.7713
vn 0.2254 -0.9565 -0.1850
vn 0.0761 -0.9951 -0.0625
vn 0.2571 -0.9565 -0.1374
vn 0.0869 -0.9951 -0.0464
vt 0.095861 0.000000
vt 1.000000 0.000000
vt 1.000000 0.906604
vt 0.932498 0.617797
vt 0.906604 0.906604
vt 0.000000 0.000000
vt 0.950202 0.000000
vt 0.095429 0.000000
vt 1.000000 0.904139
vt 0.542819 0.447928
vt 0.399370 0.067422
vt 0.980592 0.050356
vt 1.000000 0.049798
vt 1.000000 1.000000
vt 0.095429 0.095429
vt 0.609093 0.094286
vt 0.593750 0.093416
vt 0.593750 0.062500
vt 0.608751 0.062500
vt 0.608360 0.004059
vt 0.578088 0.094234
vt 0.562970 0.091845
vt 0.563147 0.062500
vt 0.578161 0.002146
vt 0.579140 0.004059
s 0
usemtl 
f 3145/4453/1562 3135/4454/1562 3146/4455/1562
f 3147/4456/1563 3146/4457/1563 3135/4458/1563 3148/4459/1563
f 3149/4460/1564 3135/4454/1564 3145/4461/1564 3150/4462/1564
f 3151/4463/1565 3152/4464/1565 3148/4465/1565 3135/4466/1565 3149/4467/1565
f 3141/4468/1566 3142/4469/1566 3136/4470/1566 3144/4471/1566
f 3136/4470/1567 3143/4472/1567 3144/4471/1567
f 3136/4470/1568 3142/4469/1568 3137/4473/1568 3138/4474/1568 3139/4475/1568
f 3139/4475/1569 3140/4476/1569 3143/4477/1569 3136/4470/1569
o Sphere_cell.142
v 0.003435 -0.006420 0.009297
v 0.318189 -0.555570 0.768178
v 0.335682 -0.470053 0.810408
v 0.411667 -0.466499 0.771937
v 0.254782 -0.466655 0.836837
v 0.361354 -0.627017 0.678940
v 0.389088 -0.555570 0.730281
v 0.223819 -0.626934 0.735897
v 0.294634 -0.630572 0.711311
v 0.240890 -0.555570 0.791626
v 0.335682 -0.470053 0.810408
v 0.411667 -0.466499 0.771937
v 0.254782 -0.466655 0.836837
v 0.361354 -0.627017 0.678940
v 0.389088 -0.555570 0.730281
v 0.294634 -0.630572 0.711311
v 0.223819 -0.626934 0.735897
v 0.240890 -0.555570 0.791626
vn 0.1795 0.8819 0.4360
vn 0.8811 -0.0022 -0.4729
vn -0.2432 -0.7728 -0.5862
vn -0.9566 0.0013 0.2913
vn 0.4162 -0.4696 0.7786
vn 0.3651 -0.6326 0.6831
vn 0.2563 -0.4696 0.8448
vn 0.2248 -0.6326 0.7412
vt 1.000000 0.267189
vt 1.000000 1.000000
vt 0.204774 0.204774
vt 0.599209 0.230196
vt 1.000000 0.356694
vt 0.267189 0.267189
vt 0.646440 0.307292
vt 0.356694 0.356694
vt 0.674743 0.325501
vt 1.000000 0.301786
vt 1.000000 0.204774
vt 0.301786 0.301786
vt 0.632015 0.248227
vt 0.312500 0.343415
vt 0.312500 0.312500
vt 0.327913 0.312500
vt 0.327974 0.344700
vt 0.327844 0.283032
vt 0.312500 0.281566
vt 0.297013 0.312500
vt 0.297037 0.344644
vt 0.296991 0.283067
s 0
usemtl 
f 3164/4478/1570 3153/4479/1570 3165/4480/1570 3163/4481/1570
f 3166/4482/1571 3153/4479/1571 3164/4483/1571 3167/4484/1571
f 3153/4479/1572 3166/4485/1572 3168/4486/1572 3169/4487/1572
f 3165/4488/1573 3153/4479/1573 3169/4489/1573 3170/4490/1573
f 3155/4491/1574 3154/4492/1574 3159/4493/1574 3156/4494/1574
f 3158/4495/1575 3159/4493/1575 3154/4492/1575 3161/4496/1575
f 3162/4497/1576 3154/4492/1576 3155/4491/1576 3157/4498/1576
f 3162/4497/1577 3160/4499/1577 3161/4496/1577 3154/4492/1577
o Sphere_cell.143
v -0.004922 0.009586 0.004651
v -0.392847 0.831470 0.392847
v -0.470913 0.740909 0.470831
v -0.401241 0.766764 0.487464
v -0.351581 0.831470 0.426713
v -0.299706 0.875477 0.363291
v -0.341984 0.890783 0.280747
v -0.396033 0.873473 0.265692
v -0.461434 0.831470 0.309274
v -0.502831 0.790652 0.336854
v -0.321847 0.885139 0.321847
v -0.351581 0.831470 0.426713
v -0.299706 0.875477 0.363291
v -0.401241 0.766764 0.487464
v -0.461434 0.831470 0.309274
v -0.502831 0.790652 0.336854
v -0.396033 0.873473 0.265692
v -0.470913 0.740909 0.470831
v -0.341984 0.890783 0.280747
v -0.321847 0.885139 0.321847
vn -0.0015 -0.5382 0.8428
vn 0.7737 0.0010 0.6335
vn 0.1471 0.3465 -0.9264
vn -0.5547 0.0003 -0.8321
vn -0.8430 -0.5379 0.0011
vn 0.8342 0.4280 -0.3479
vn -0.4037 0.7715 0.4918
vn -0.3002 0.8810 0.3658
vn -0.3658 0.8810 0.3002
vn -0.4918 0.7715 0.4036
vt 1.000000 0.727428
vt 0.296953 0.000000
vt 1.000000 0.000000
vt 0.832124 0.000000
vt 0.789726 0.351029
vt 0.727428 0.727428
vt 0.000000 0.000000
vt 0.153571 0.000000
vt 1.000000 0.829481
vt 0.789741 0.350650
vt 0.830080 0.830080
vt 0.750535 0.000000
vt 0.750535 0.750535
vt 0.703047 0.000000
vt 0.846429 0.000000
vt 0.840875 0.408997
vt 0.831532 0.831532
vt 0.140317 0.812500
vt 0.125000 0.812500
vt 0.125000 0.767003
vt 0.140394 0.779981
vt 0.125000 0.848799
vt 0.140318 0.812500
vt 0.140210 0.842330
vt 0.109400 0.852616
vt 0.094050 0.840908
vt 0.093979 0.812500
vt 0.125000 0.767003
vt 0.093939 0.791987
s 0
usemtl 
f 3184/4500/1578 3188/4501/1578 3171/4502/1578
f 3183/4503/1579 3182/4504/1579 3184/4505/1579 3171/4506/1579
f 3189/4507/1580 3171/4502/1580 3187/4508/1580
f 3185/4509/1581 3187/4510/1581 3171/4506/1581 3186/4511/1581
f 3186/4512/1582 3171/4506/1582 3188/4513/1582
f 3171/4506/1583 3189/4514/1583 3190/4515/1583 3183/4516/1583
f 3175/4517/1584 3172/4518/1584 3173/4519/1584 3174/4520/1584
f 3181/4521/1585 3172/4518/1585 3175/4522/1585 3176/4523/1585
f 3177/4524/1586 3178/4525/1586 3179/4526/1586 3172/4518/1586 3181/4521/1586
f 3173/4527/1587 3172/4518/1587 3179/4526/1587 3180/4528/1587
o Sphere_cell.144
v -0.000405 -0.008538 -0.005598
v -0.108386 -0.831470 -0.544895
v 0.000000 -0.831470 -0.555570
v -0.061814 -0.767077 -0.627944
v 0.061181 -0.766862 -0.628268
v 0.000000 -0.769939 -0.630545
v -0.117994 -0.791053 -0.593196
v -0.167999 -0.807191 -0.557577
v -0.123672 -0.898143 -0.410535
v -0.159508 -0.831470 -0.529387
v -0.084682 -0.896414 -0.425726
v 0.044883 -0.875643 -0.468508
v 0.000000 -0.885263 -0.454930
v 0.053212 -0.831470 -0.550329
v -0.061814 -0.767077 -0.627944
v 0.000000 -0.769939 -0.630545
v 0.061181 -0.766862 -0.628268
v -0.117994 -0.791053 -0.593196
v -0.167999 -0.807191 -0.557577
v -0.159508 -0.831470 -0.529387
v -0.123672 -0.898143 -0.410535
v -0.084682 -0.896414 -0.425726
v 0.000000 -0.885263 -0.454930
v 0.044883 -0.875643 -0.468508
v 0.053212 -0.831470 -0.550329
vn -0.0031 0.6344 -0.7730
vn -0.5975 0.5370 -0.5955
vn -0.9573 0.0010 0.2892
vn 0.3445 -0.4281 0.8355
vn 0.9949 -0.0016 0.1004
vn 0.0464 -0.8810 -0.4709
vn 0.0624 -0.7715 -0.6332
vn -0.1847 -0.7715 -0.6088
vn -0.1374 -0.8810 -0.4528
vn -0.0624 -0.7715 -0.6332
vn -0.0464 -0.8810 -0.4709
vt 1.000000 0.271844
vt 1.000000 1.000000
vt 0.271916 0.271916
vt 0.632661 0.269029
vt 0.271844 0.271844
vt 0.652790 0.248906
vt 1.000000 0.233483
vt 0.233483 0.233483
vt 0.393103 0.210138
vt 1.000000 0.145987
vt 0.145987 0.145987
vt 0.342624 0.147641
vt 0.771640 0.158334
vt 1.000000 0.167563
vt 1.000000 0.271916
vt 0.167563 0.167563
vt 0.562230 0.209932
vt 0.750000 0.187500
vt 0.734658 0.187500
vt 0.734798 0.157624
vt 0.750000 0.151118
vt 0.750000 0.187500
vt 0.750000 0.218423
vt 0.734550 0.219969
vt 0.781250 0.187500
vt 0.796579 0.187500
vt 0.796574 0.199701
vt 0.781250 0.207812
vt 0.781250 0.143576
vt 0.796566 0.142406
vt 0.781250 0.187500
vt 0.781250 0.207812
vt 0.765617 0.219861
vt 0.750000 0.151118
s 0
usemtl 
f 3205/4529/1588 3191/4530/1588 3207/4531/1588 3206/4532/1588
f 3191/4530/1589 3205/4533/1589 3208/4534/1589 3209/4535/1589
f 3191/4530/1590 3209/4536/1590 3210/4537/1590 3211/4538/1590
f 3191/4530/1591 3211/4539/1591 3212/4540/1591 3213/4541/1591 3214/4542/1591
f 3207/4543/1592 3191/4530/1592 3214/4544/1592 3215/4545/1592
f 3193/4546/1593 3204/4547/1593 3202/4548/1593 3203/4549/1593
f 3193/4550/1594 3196/4551/1594 3195/4552/1594 3204/4547/1594
f 3192/4553/1595 3200/4554/1595 3198/4555/1595 3197/4556/1595
f 3200/4554/1596 3192/4553/1596 3201/4557/1596 3199/4558/1596
f 3193/4546/1597 3192/4559/1597 3197/4560/1597 3194/4561/1597 3196/4551/1597
f 3192/4553/1598 3193/4546/1598 3203/4562/1598 3201/4557/1598
o Sphere_cell.145
v 0.000806 -0.025565 -0.006337
v 0.038060 -0.980785 -0.191342
v 0.002379 -0.998799 -0.011962
v 0.000819 -0.999318 -0.006842
v 0.055422 -0.980785 -0.186075
v 0.083081 -0.951858 -0.276856
v 0.056175 -0.952618 -0.282413
v 0.000868 -0.951095 -0.292882
v 0.000851 -0.980785 -0.195006
v 0.055422 -0.980785 -0.186075
v 0.083081 -0.951858 -0.276856
v 0.002379 -0.998799 -0.011962
v 0.000819 -0.999318 -0.006842
v 0.056175 -0.952618 -0.282413
v 0.000868 -0.951095 -0.292882
v 0.000851 -0.980785 -0.195006
vn 0.9566 -0.0001 0.2914
vn 0.1857 0.2906 -0.9387
vn -1.0000 -0.0000 -0.0002
vn 0.0286 -0.9565 -0.2902
vn 0.0097 -0.9951 -0.0980
vn 0.0846 -0.9565 -0.2790
vn 0.0286 -0.9951 -0.0942
vt 1.000000 0.096233
vt 1.000000 1.000000
vt 0.049345 0.049345
vt 0.067001 0.049862
vt 0.667697 0.067806
vt 0.096233 0.096233
vt 0.392003 0.095474
vt 1.000000 0.096923
vt 0.096923 0.096923
vt 0.405954 0.067766
vt 1.000000 0.049345
vt 0.718750 0.093436
vt 0.718750 0.062500
vt 0.749301 0.062500
vt 0.749525 0.095110
vt 0.749301 0.062500
vt 0.733398 0.003907
vt 0.734257 0.002218
vt 0.703599 0.094271
vt 0.703925 0.062500
vt 0.703925 0.062500
vt 0.704102 0.003907
s 0
usemtl 
f 3226/4563/1599 3216/4564/1599 3228/4565/1599 3227/4566/1599 3225/4567/1599
f 3216/4564/1600 3226/4568/1600 3229/4569/1600 3230/4570/1600
f 3216/4564/1601 3230/4571/1601 3231/4572/1601 3228/4573/1601
f 3222/4574/1602 3217/4575/1602 3224/4576/1602 3223/4577/1602
f 3224/4578/1603 3217/4575/1603 3218/4579/1603 3219/4580/1603
f 3222/4574/1604 3221/4581/1604 3220/4582/1604 3217/4575/1604
f 3220/4583/1605 3218/4584/1605 3217/4575/1605
o Sphere_cell.146
v -0.003776 0.013347 0.004577
v -0.212608 0.923880 0.318190
v -0.270598 0.923880 0.270598
v -0.260137 0.878151 0.389323
v -0.221986 0.876351 0.413516
v -0.297340 0.876245 0.363382
v -0.180255 0.923880 0.335482
v -0.137826 0.951309 0.256125
v -0.216782 0.954266 0.179036
v -0.197987 0.955029 0.197987
v -0.158233 0.953568 0.236813
v -0.339984 0.891880 0.279967
v -0.320347 0.886274 0.320347
v -0.293896 0.923880 0.242210
v -0.260137 0.878151 0.389323
v -0.297340 0.876245 0.363382
v -0.221986 0.876351 0.413516
v -0.180255 0.923880 0.335482
v -0.137826 0.951309 0.256125
v -0.197987 0.955029 0.197987
v -0.158233 0.953568 0.236813
v -0.216782 0.954266 0.179036
v -0.320347 0.886274 0.320347
v -0.339984 0.891880 0.279967
v -0.293896 0.923880 0.242210
vn -0.4880 -0.4715 0.7345
vn 0.8819 -0.0004 0.4714
vn 0.6761 0.2795 -0.6818
vn -0.8347 -0.4280 0.3465
vn -0.6337 -0.0000 -0.7736
vn -0.1374 0.9565 0.2571
vn -0.2231 0.8810 0.4173
vn -0.1850 0.9565 0.2254
vn -0.3002 0.8810 0.3658
vn -0.2254 0.9565 0.1850
vn -0.3658 0.8810 0.3002
vt 0.167601 0.000000
vt 1.000000 0.000000
vt 1.000000 0.832880
vt 0.583734 0.418162
vt 0.905006 0.000000
vt 0.878638 0.406897
vt 0.832880 0.832880
vt 0.000000 0.000000
vt 0.907126 0.675005
vt 0.905006 0.905006
vt 0.907623 0.000000
vt 0.908416 0.219262
vt 1.000000 0.832400
vt 0.555187 0.397156
vt 0.152718 0.000000
vt 0.481772 0.121787
vt 1.000000 0.092378
vt 1.000000 1.000000
vt 0.152718 0.152718
vt 0.156250 0.907607
vt 0.156250 0.875000
vt 0.171531 0.875000
vt 0.171430 0.905126
vt 0.156250 0.844072
vt 0.171590 0.842855
vt 0.125000 0.909212
vt 0.125000 0.875000
vt 0.156250 0.844072
vt 0.125000 0.849566
vt 0.140855 0.842784
vt 0.109702 0.875000
vt 0.125000 0.909212
vt 0.109868 0.908373
vt 0.109642 0.853357
vt 0.125000 0.849566
vt 0.109702 0.875000
s 0
usemtl 
f 3247/4585/1606 3232/4586/1606 3248/4587/1606 3246/4588/1606
f 3250/4589/1607 3249/4590/1607 3248/4591/1607 3232/4592/1607
f 3252/4593/1608 3250/4594/1608 3232/4592/1608 3253/4595/1608 3251/4596/1608
f 3232/4586/1609 3247/4597/1609 3254/4598/1609 3255/4599/1609
f 3256/4600/1610 3253/4601/1610 3232/4602/1610 3255/4603/1610
f 3242/4604/1611 3233/4605/1611 3238/4606/1611 3239/4607/1611
f 3238/4606/1612 3233/4605/1612 3235/4608/1612 3236/4609/1612
f 3241/4610/1613 3234/4611/1613 3233/4605/1613 3242/4604/1613
f 3235/4612/1614 3233/4605/1614 3234/4611/1614 3244/4613/1614 3237/4614/1614
f 3245/4615/1615 3234/4611/1615 3241/4616/1615 3240/4617/1615
f 3243/4618/1616 3244/4619/1616 3234/4611/1616 3245/4620/1616
o Sphere_cell.147
v 0.005948 -0.016986 0.008890
v 0.308658 -0.831470 0.461940
v 0.399156 -0.767451 0.488097
v 0.349995 -0.770407 0.523805
v 0.298032 -0.767495 0.555584
v 0.261543 -0.831470 0.487123
v 0.223273 -0.875159 0.415346
v 0.297738 -0.875417 0.365050
v 0.261200 -0.877128 0.390914
v 0.349770 -0.831470 0.428200
v 0.349995 -0.770407 0.523805
v 0.298032 -0.767495 0.555584
v 0.399156 -0.767451 0.488097
v 0.261543 -0.831470 0.487123
v 0.223273 -0.875159 0.415346
v 0.261200 -0.877128 0.390914
v 0.297738 -0.875417 0.365050
v 0.349770 -0.831470 0.428200
vn 0.4286 0.6350 0.6427
vn -0.8823 -0.0005 0.4707
vn -0.4948 -0.4711 -0.7302
vn 0.7722 -0.0012 -0.6354
vn 0.4036 -0.7715 0.4918
vn 0.3002 -0.8810 0.3658
vn 0.2999 -0.7715 0.5611
vn 0.2230 -0.8810 0.4173
vt 1.000000 0.726215
vt 0.635048 0.364083
vt 0.273824 0.000000
vt 1.000000 0.000000
vt 0.788294 0.351163
vt 0.726215 0.726215
vt 0.000000 0.000000
vt 0.830726 0.000000
vt 0.169274 0.000000
vt 1.000000 0.830635
vt 0.585413 0.417874
vt 0.788116 0.436006
vt 0.830635 0.830635
vt 0.726176 0.000000
vt 0.359100 0.219673
vt 0.343750 0.218188
vt 0.343750 0.187500
vt 0.359010 0.187500
vt 0.343750 0.156619
vt 0.358893 0.157777
vt 0.359010 0.187500
vt 0.328421 0.187500
vt 0.328362 0.219651
vt 0.328500 0.157952
s 0
usemtl 
f 3268/4621/1617 3267/4622/1617 3269/4623/1617 3257/4624/1617
f 3270/4625/1618 3268/4626/1618 3257/4627/1618 3271/4628/1618
f 3271/4629/1619 3257/4624/1619 3273/4630/1619 3272/4631/1619
f 3274/4632/1620 3273/4633/1620 3257/4627/1620 3269/4634/1620
f 3259/4635/1621 3260/4636/1621 3258/4637/1621 3266/4638/1621
f 3258/4637/1622 3265/4639/1622 3264/4640/1622 3266/4641/1622
f 3262/4642/1623 3258/4637/1623 3260/4636/1623 3261/4643/1623
f 3265/4639/1624 3258/4637/1624 3262/4642/1624 3263/4644/1624
o Sphere_cell.148
v -0.006587 -0.001860 0.004798
v -0.010335 -0.002743 0.009018
v -0.815493 -0.195090 0.544895
v -0.694161 -0.195090 0.692738
v -0.675301 -0.282708 0.674025
v -0.831154 -0.001185 0.555771
v -0.868889 -0.096908 0.465412
v -0.836259 -0.285374 0.448225
v -0.860349 -0.195090 0.460975
v -0.792076 -0.287931 0.529248
v -0.694161 -0.195090 0.692738
v -0.675301 -0.282708 0.674025
v -0.868889 -0.096908 0.465412
v -0.860349 -0.195090 0.460975
v -0.836259 -0.285374 0.448225
v -0.792076 -0.287931 0.529248
v -0.831154 -0.001185 0.555771
vn 0.7069 0.0011 0.7073
vn 0.3969 0.6999 0.5938
vn 0.2939 0.8491 0.4388
vn -0.3917 0.7085 -0.5870
vn -0.4711 -0.0011 -0.8821
vn 0.2413 -0.9571 -0.1607
vn 0.7287 -0.3845 0.5667
vn -0.7693 -0.0975 0.6314
vn -0.7400 -0.2890 0.6073
vn -0.8776 -0.0973 0.4694
vn -0.8443 -0.2890 0.4513
vt 0.977808 0.635284
vt 0.360378 0.000000
vt 1.000000 0.000000
vt 0.657686 0.657686
vt 0.000000 0.000000
vt 0.789575 0.000000
vt 0.789575 0.789575
vt 0.790529 0.790529
vt 0.826467 0.000000
vt 0.826467 0.826467
vt 0.795290 0.000000
vt 0.818331 0.407882
vt 0.752909 0.537724
vt 0.795290 0.795290
vt 0.640936 0.000000
vt 0.640936 0.640936
vt 0.093750 0.437500
vt 0.124836 0.438549
vt 0.093750 0.499511
vt 0.124848 0.408309
vt 0.124836 0.437500
vt 0.093750 0.406568
vt 0.078284 0.437500
vt 0.093750 0.499511
vt 0.078264 0.468954
vt 0.078307 0.407420
s 0
usemtl 
f 3285/4645/1625 3286/4646/1625 3276/4647/1625
f 3285/4648/1626 3276/4649/1626 3291/4650/1626
f 3291/4651/1627 3276/4649/1627 3275/4647/1627
f 3291/4652/1628 3275/4649/1628 3287/4653/1628
f 3287/4654/1629 3275/4649/1629 3289/4655/1629 3288/4656/1629
f 3290/4657/1630 3289/4658/1630 3275/4649/1630 3286/4659/1630
f 3276/4647/1631 3286/4660/1631 3275/4649/1631
f 3277/4661/1632 3278/4662/1632 3280/4663/1632
f 3279/4664/1633 3278/4665/1633 3277/4661/1633 3284/4666/1633
f 3283/4667/1634 3277/4661/1634 3280/4668/1634 3281/4669/1634
f 3277/4661/1635 3283/4667/1635 3282/4670/1635 3284/4666/1635
o Sphere_cell.149
v 0.004046 -0.007625 0.006211
v 0.392847 -0.707107 0.587938
v 0.401082 -0.765791 0.489122
v 0.351049 -0.768851 0.525382
v 0.298679 -0.765966 0.557340
v 0.351622 -0.656762 0.656597
v 0.332274 -0.707107 0.620315
v 0.362506 -0.628828 0.676647
v 0.437628 -0.631475 0.631096
v 0.427018 -0.632162 0.639078
v 0.486733 -0.628686 0.593744
v 0.520188 -0.670961 0.521622
v 0.499149 -0.707107 0.500699
v 0.470812 -0.739909 0.472496
v 0.401082 -0.765791 0.489122
v 0.351049 -0.768851 0.525382
v 0.298679 -0.765966 0.557340
v 0.332274 -0.707107 0.620315
v 0.351622 -0.656762 0.656597
v 0.362506 -0.628828 0.676647
v 0.427018 -0.632162 0.639078
v 0.437628 -0.631475 0.631096
v 0.486733 -0.628686 0.593744
v 0.520188 -0.670961 0.521622
v 0.499149 -0.707107 0.500699
v 0.470812 -0.739909 0.472496
vn -0.4279 -0.6342 -0.6439
vn -0.8821 -0.0004 0.4710
vn -0.8807 0.0031 0.4737
vn 0.3486 0.7731 0.5299
vn 0.3556 0.7732 0.5252
vn 0.7876 0.6161 0.0042
vn 0.7060 -0.0010 -0.7082
vn -0.0014 -0.5378 -0.8431
vn 0.4036 -0.7715 0.4918
vn 0.4913 -0.6326 0.5987
vn 0.3651 -0.6326 0.6831
vn 0.2999 -0.7715 0.5611
vt 1.000000 1.000000
vt 0.272739 0.272739
vt 0.636271 0.269896
vt 1.000000 0.272753
vt 0.272753 0.272753
vt 0.697756 0.328975
vt 1.000000 0.377102
vt 1.000000 0.357484
vt 0.377102 0.377102
vt 0.357484 0.357484
vt 0.902784 0.393670
vt 1.000000 0.401351
vt 0.401351 0.401351
vt 1.000000 0.404293
vt 0.404293 0.404293
vt 1.000000 0.363374
vt 0.363374 0.363374
vt 0.664066 0.328929
vt 1.000000 0.297715
vt 0.297715 0.297715
vt 1.000000 0.272739
vt 0.374752 0.250000
vt 0.343750 0.250000
vt 0.343750 0.218970
vt 0.359311 0.220508
vt 0.374708 0.233515
vt 0.374784 0.264908
vt 0.359289 0.282344
vt 0.346508 0.281194
vt 0.343750 0.280910
vt 0.328277 0.282285
vt 0.328251 0.270764
vt 0.328266 0.250000
vt 0.328296 0.220419
s 0
usemtl 
f 3292/4671/1636 3306/4672/1636 3307/4673/1636 3308/4674/1636
f 3308/4675/1637 3309/4676/1637 3310/4677/1637 3292/4671/1637
f 3311/4678/1638 3292/4671/1638 3310/4679/1638
f 3292/4671/1639 3311/4680/1639 3312/4681/1639 3313/4682/1639
f 3292/4671/1640 3313/4683/1640 3314/4684/1640
f 3314/4685/1641 3315/4686/1641 3292/4671/1641
f 3292/4671/1642 3315/4687/1642 3316/4688/1642 3317/4689/1642
f 3292/4671/1643 3317/4690/1643 3306/4691/1643
f 3304/4692/1644 3293/4693/1644 3295/4694/1644 3294/4695/1644 3305/4696/1644
f 3293/4693/1645 3304/4692/1645 3303/4697/1645 3302/4698/1645 3300/4699/1645 3301/4700/1645
f 3299/4701/1646 3297/4702/1646 3298/4703/1646 3293/4693/1646 3301/4700/1646
f 3298/4703/1647 3296/4704/1647 3295/4694/1647 3293/4693/1647
o Sphere_cell.150
v 0.008873 -0.004602 -0.005445
v 0.019080 -0.015197 -0.014817
v 0.768178 -0.382683 -0.513280
v 0.642064 -0.551055 -0.525771
v 0.668952 -0.552682 -0.491643
v 0.711241 -0.382683 -0.582657
v 0.732985 -0.289375 -0.600565
v 0.791518 -0.290144 -0.528876
v 0.835842 -0.287683 -0.447528
v 0.703414 -0.528406 -0.470006
v 0.770918 -0.465861 -0.414293
v 0.810460 -0.382683 -0.434175
v 0.642064 -0.551055 -0.525771
v 0.668952 -0.552682 -0.491643
v 0.711241 -0.382683 -0.582657
v 0.732985 -0.289375 -0.600565
v 0.791518 -0.290144 -0.528876
v 0.835842 -0.287683 -0.447528
v 0.703414 -0.528406 -0.470006
v 0.770918 -0.465861 -0.414293
v 0.810460 -0.382683 -0.434175
vn -0.4545 -0.8319 0.3184
vn -0.6344 -0.0005 -0.7730
vn -0.6024 0.1179 -0.7894
vn 0.2360 0.9569 -0.1692
vn -0.0012 -0.6644 0.7473
vn 0.0020 -0.6614 0.7500
vn 0.4693 -0.0063 0.8830
vn 0.7400 -0.2890 -0.6073
vn 0.6825 -0.4696 -0.5601
vn 0.8443 -0.2890 -0.4513
vn 0.7786 -0.4696 -0.4162
vt 1.000000 0.604408
vt 0.369581 0.000000
vt 1.000000 0.000000
vt 0.000000 0.000000
vt 0.692415 0.000000
vt 0.671386 0.207161
vt 0.604408 0.604408
vt 0.692415 0.692415
vt 0.695978 0.695978
vt 0.794396 0.000000
vt 0.751737 0.351675
vt 1.000000 0.630419
vt 0.775045 0.438947
vt 0.270498 0.000000
vt 1.000000 1.000000
vt 0.267095 0.000000
vt 1.000000 0.205604
vt 0.267095 0.267095
vt 0.618899 0.229921
vt 0.593750 0.405831
vt 0.593750 0.375000
vt 0.609236 0.375000
vt 0.609209 0.406690
vt 0.593750 0.322320
vt 0.600882 0.313544
vt 0.609204 0.314132
vt 0.578273 0.375000
vt 0.578237 0.406651
vt 0.578481 0.344931
vt 0.578273 0.375000
s 0
usemtl 
f 3330/4705/1648 3331/4706/1648 3319/4707/1648
f 3319/4708/1649 3333/4709/1649 3332/4710/1649 3330/4711/1649
f 3333/4712/1650 3319/4708/1650 3318/4707/1650
f 3333/4713/1651 3318/4708/1651 3335/4714/1651 3334/4715/1651
f 3319/4707/1652 3331/4716/1652 3336/4717/1652 3337/4718/1652
f 3318/4707/1653 3319/4719/1653 3337/4720/1653
f 3335/4721/1654 3318/4719/1654 3337/4722/1654 3338/4723/1654
f 3325/4724/1655 3320/4725/1655 3323/4726/1655 3324/4727/1655
f 3327/4728/1656 3322/4729/1656 3321/4730/1656 3323/4726/1656 3320/4725/1656
f 3329/4731/1657 3320/4725/1657 3325/4724/1657 3326/4732/1657
f 3328/4733/1658 3327/4728/1658 3320/4725/1658 3329/4734/1658
o Sphere_cell.151
v -0.000247 0.008342 -0.010062
v 0.000000 0.707107 -0.707107
v -0.013618 0.555570 -0.830128
v 0.013579 0.555570 -0.830132
v 0.080262 0.552335 -0.825294
v 0.000000 0.556148 -0.830996
v 0.068421 0.703164 -0.703603
v 0.060979 0.765730 -0.629668
v 0.068097 0.707107 -0.700400
v 0.000000 0.768518 -0.632277
v -0.061460 0.765385 -0.630042
v -0.068149 0.707107 -0.700395
v -0.079777 0.555570 -0.823612
v 0.013579 0.555570 -0.830132
v 0.080262 0.552335 -0.825294
v -0.013618 0.555570 -0.830128
v 0.000000 0.556148 -0.830996
v 0.060979 0.765730 -0.629668
v 0.068097 0.707107 -0.700400
v 0.068421 0.703164 -0.703603
v 0.000000 0.768518 -0.632277
v -0.061460 0.765385 -0.630042
v -0.068149 0.707107 -0.700395
v -0.079777 0.555570 -0.823612
vn -0.0226 -0.8318 -0.5547
vn 0.9952 -0.0008 0.0978
vn 0.9950 0.0009 0.0994
vn -0.0041 0.6334 0.7738
vn -0.9954 -0.0018 0.0961
vn 0.0624 0.7715 -0.6332
vn 0.0806 0.6313 -0.7713
vn -0.0624 0.7715 -0.6332
vn -0.0759 0.6326 -0.7708
vt 1.000000 0.216252
vt 1.000000 1.000000
vt 0.216254 0.216254
vt 0.538376 0.211615
vt 0.604579 0.210780
vt 0.671427 0.211608
vt 1.000000 0.332819
vt 0.230479 0.217891
vt 1.000000 0.273144
vt 0.332819 0.332819
vt 0.367099 0.329055
vt 1.000000 0.273124
vt 0.273144 0.273144
vt 0.633724 0.270293
vt 1.000000 0.216254
vt 0.273124 0.273124
vt 0.495901 0.245594
vt 0.734634 0.779462
vt 0.734574 0.750000
vt 0.750000 0.750000
vt 0.750000 0.780863
vt 0.734570 0.687500
vt 0.747384 0.687500
vt 0.750000 0.687738
vt 0.734572 0.748374
vt 0.765438 0.750000
vt 0.765477 0.779288
vt 0.750000 0.687738
vt 0.752623 0.687500
vt 0.765369 0.687500
s 0
usemtl 
f 3353/4735/1659 3339/4736/1659 3362/4737/1659 3354/4738/1659 3355/4739/1659 3352/4740/1659
f 3358/4741/1660 3339/4736/1660 3353/4742/1660
f 3356/4743/1661 3339/4736/1661 3358/4744/1661 3357/4745/1661
f 3360/4746/1662 3339/4736/1662 3356/4747/1662 3359/4748/1662
f 3362/4749/1663 3339/4736/1663 3360/4750/1663 3361/4751/1663
f 3346/4752/1664 3347/4753/1664 3340/4754/1664 3348/4755/1664
f 3343/4756/1665 3342/4757/1665 3344/4758/1665 3340/4754/1665 3347/4753/1665 3345/4759/1665
f 3350/4760/1666 3349/4761/1666 3348/4755/1666 3340/4754/1666
f 3350/4760/1667 3340/4754/1667 3344/4762/1667 3341/4763/1667 3351/4764/1667
o Sphere_cell.152
v 0.006865 0.001675 -0.005045
v 0.018837 0.008445 -0.010514
v 0.693520 0.195090 -0.693520
v 0.815493 0.195090 -0.544895
v 0.868938 0.097683 -0.465161
v 0.779619 0.398897 -0.473579
v 0.776687 0.382683 -0.497361
v 0.771891 0.367959 -0.515761
v 0.693683 0.192744 -0.693683
v 0.831315 0.001889 -0.555467
v 0.860534 0.195090 -0.460629
v 0.811741 0.378494 -0.434463
v 0.806204 0.382683 -0.442137
v 0.779619 0.398897 -0.473579
v 0.776687 0.382683 -0.497361
v 0.771891 0.367959 -0.515761
v 0.693683 0.192744 -0.693683
v 0.831315 0.001889 -0.555467
v 0.860534 0.195090 -0.460629
v 0.811741 0.378494 -0.434463
v 0.868938 0.097683 -0.465161
v 0.806204 0.382683 -0.442137
v 0.693520 0.195090 -0.693520
vn 0.4784 -0.1466 0.8658
vn -0.5642 0.7806 -0.2688
vn -0.6003 0.6900 -0.4044
vn -0.3957 -0.7038 -0.5900
vn 0.3923 -0.7078 0.5874
vn 0.4716 -0.0003 0.8818
vn -0.1099 0.8414 0.5291
vn 0.7400 0.2890 -0.6073
vn 0.7693 0.0975 -0.6314
vn 0.8443 0.2890 -0.4513
vn 0.8777 0.0975 -0.4691
vn 0.7786 0.4696 -0.4162
vt 0.175809 0.000000
vt 1.000000 0.000000
vt 1.000000 1.000000
vt 0.000000 0.000000
vt 1.000000 0.259214
vt 1.000000 0.339619
vt 0.259214 0.259214
vt 0.322993 0.261638
vt 0.378416 0.265912
vt 1.000000 0.209595
vt 0.340219 0.339441
vt 0.348219 0.337479
vt 1.000000 0.173777
vt 0.209595 0.209595
vt 0.231393 0.000000
vt 1.000000 0.824191
vt 0.736604 0.552603
vt 0.377255 0.236702
vt 1.000000 0.262132
vt 0.231393 0.231393
vt 0.593750 0.562500
vt 0.625000 0.563434
vt 0.593750 0.620094
vt 0.625000 0.561748
vt 0.625000 0.562500
vt 0.593750 0.500605
vt 0.578220 0.562500
vt 0.593750 0.620094
vt 0.590635 0.625000
vt 0.579831 0.625000
vt 0.578213 0.623604
vt 0.578248 0.530988
vt 0.578220 0.562500
vt 0.590635 0.625000
vt 0.586759 0.630937
s 0
usemtl 
f 3383/4765/1668 3364/4766/1668 3363/4767/1668
f 3363/4767/1669 3364/4768/1669 3376/4769/1669
f 3385/4770/1670 3363/4767/1670 3376/4771/1670 3377/4772/1670 3378/4773/1670
f 3380/4774/1671 3363/4767/1671 3385/4775/1671 3379/4776/1671
f 3383/4777/1672 3363/4767/1672 3380/4778/1672
f 3382/4779/1673 3364/4766/1673 3383/4780/1673 3381/4781/1673
f 3384/4782/1674 3376/4783/1674 3364/4767/1674 3382/4784/1674
f 3366/4785/1675 3365/4786/1675 3370/4787/1675
f 3371/4788/1676 3365/4789/1676 3366/4785/1676 3372/4790/1676
f 3373/4791/1677 3366/4785/1677 3370/4792/1677 3369/4793/1677 3375/4794/1677 3374/4795/1677
f 3367/4796/1678 3372/4790/1678 3366/4785/1678 3373/4797/1678
f 3369/4798/1679 3368/4799/1679 3375/4794/1679
o Sphere_cell.153
v -0.004860 0.007984 -0.003052
v -0.007623 0.016549 -0.007889
v -0.461939 0.831470 -0.308658
v -0.392847 0.831470 -0.392847
v -0.364546 0.875216 -0.298942
v -0.440447 0.873283 -0.183718
v -0.390954 0.877102 -0.261227
v -0.588889 0.764011 -0.244685
v -0.512823 0.831470 -0.213461
v -0.524357 0.769862 -0.350364
v -0.451231 0.764023 -0.450630
v -0.326205 0.830584 -0.448928
v -0.331436 0.848625 -0.401925
v -0.349367 0.864337 -0.349367
v -0.440447 0.873283 -0.183718
v -0.390954 0.877102 -0.261227
v -0.512823 0.831470 -0.213461
v -0.588889 0.764011 -0.244685
v -0.524357 0.769862 -0.350364
v -0.364546 0.875216 -0.298942
v -0.349367 0.864337 -0.349367
v -0.331436 0.848625 -0.401925
v -0.451231 0.764023 -0.450630
v -0.326205 0.830584 -0.448928
vn 0.8222 0.4569 0.3396
vn 0.7329 0.4713 0.4907
vn -0.3808 0.0014 0.9247
vn -0.6428 -0.6342 -0.4297
vn 0.0898 -0.4676 -0.8794
vn 0.2227 -0.3956 -0.8910
vn 0.9362 0.3501 -0.0302
vn 0.8868 0.4278 0.1747
vn -0.4173 0.8810 -0.2231
vn -0.5611 0.7715 -0.2999
vn -0.3658 0.8810 -0.3002
vn -0.4918 0.7715 -0.4036
vn -0.3002 0.8799 -0.3682
vn -0.4039 0.7712 -0.4921
vt 1.000000 1.000000
vt 0.000000 0.000000
vt 1.000000 0.167364
vt 0.442169 0.165615
vt 1.000000 0.169324
vt 0.167364 0.167364
vt 0.542745 0.209651
vt 1.000000 0.274630
vt 0.169324 0.169324
vt 1.000000 0.274804
vt 0.274630 0.274630
vt 0.634547 0.268984
vt 1.000000 0.000000
vt 0.276829 0.000000
vt 0.280317 0.276476
vt 1.000000 0.212606
vt 1.000000 0.194621
vt 0.241485 0.211730
vt 1.000000 0.168793
vt 0.194621 0.194621
vt 0.610870 0.179367
vt 0.937102 0.840780
vt 0.906250 0.843363
vt 0.906250 0.812500
vt 0.937222 0.812500
vt 0.937323 0.778598
vt 0.937222 0.812500
vt 0.906250 0.781538
vt 0.890686 0.842087
vt 0.875000 0.834729
vt 0.875000 0.812500
vt 0.875209 0.778473
vt 0.906250 0.781538
vt 0.859743 0.824103
vt 0.850367 0.812500
vt 0.850016 0.812055
vt 0.875000 0.778787
s 0
usemtl 
f 3386/4800/1680 3387/4801/1680 3405/4802/1680
f 3401/4803/1681 3400/4804/1681 3386/4800/1681 3405/4805/1681
f 3402/4806/1682 3403/4807/1682 3386/4800/1682 3400/4808/1682
f 3408/4809/1683 3386/4800/1683 3403/4810/1683 3404/4811/1683
f 3387/4812/1684 3386/4800/1684 3408/4813/1684
f 3387/4800/1685 3408/4814/1685 3409/4815/1685
f 3407/4816/1686 3387/4800/1686 3409/4817/1686
f 3405/4818/1687 3387/4800/1687 3407/4819/1687 3406/4820/1687
f 3391/4821/1688 3392/4822/1688 3388/4823/1688 3394/4824/1688
f 3393/4825/1689 3394/4826/1689 3388/4823/1689 3395/4827/1689
f 3390/4828/1690 3399/4829/1690 3389/4830/1690 3388/4823/1690 3392/4822/1690
f 3396/4831/1691 3395/4832/1691 3388/4823/1691 3389/4830/1691
f 3389/4830/1692 3399/4829/1692 3398/4833/1692 3397/4834/1692
f 3397/4835/1693 3396/4836/1693 3389/4830/1693
o Sphere_cell.154
v -0.008046 -0.005509 0.001919
v -0.012155 -0.008904 0.003875
v -0.815493 -0.555570 0.162211
v -0.736044 -0.627058 0.222986
v -0.755108 -0.630591 0.150200
v -0.765381 -0.626911 0.076557
v -0.749908 -0.580012 0.309647
v -0.768474 -0.555570 0.317213
v -0.780947 -0.530373 0.322267
v -0.837177 -0.466785 0.253426
v -0.823359 -0.555570 0.082343
v -0.870426 -0.466645 0.087059
v -0.860253 -0.470189 0.171115
v -0.736044 -0.627058 0.222986
v -0.755108 -0.630591 0.150200
v -0.765381 -0.626911 0.076557
v -0.768474 -0.555570 0.317213
v -0.780947 -0.530373 0.322267
v -0.749908 -0.580012 0.309647
v -0.823359 -0.555570 0.082343
v -0.870426 -0.466645 0.087059
v -0.837177 -0.466785 0.253426
v -0.860253 -0.470189 0.171115
vn 0.6219 -0.7730 -0.1254
vn 0.6653 -0.7372 0.1180
vn 0.6567 -0.6137 0.4382
vn 0.3809 0.0031 0.9246
vn 0.1192 0.3835 0.9158
vn -0.1469 0.6639 0.7333
vn -0.0986 0.0006 -0.9951
vn -0.4623 0.8818 0.0931
vn -0.8448 -0.4696 0.2563
vn -0.7412 -0.6326 0.2248
vn -0.7708 -0.6326 0.0759
vn -0.8786 -0.4696 0.0865
vt 0.632474 0.349276
vt 0.273423 0.000000
vt 1.000000 0.000000
vt 1.000000 0.698592
vt 0.698592 0.698592
vt 0.000000 0.000000
vt 0.711074 0.000000
vt 0.697380 0.697380
vt 0.661448 0.390335
vt 0.288926 0.000000
vt 1.000000 0.740836
vt 0.740836 0.740836
vt 0.795768 0.000000
vt 0.741927 0.741927
vt 0.171957 0.000000
vt 1.000000 0.726577
vt 0.600479 0.383010
vt 1.000000 0.204232
vt 1.000000 1.000000
vt 0.171957 0.171957
vt 0.580886 0.181901
vt 0.031250 0.312500
vt 0.062304 0.312500
vt 0.062281 0.321648
vt 0.046783 0.344597
vt 0.031250 0.343366
vt 0.062304 0.312500
vt 0.031250 0.281558
vt 0.046860 0.283036
vt 0.062318 0.302419
vt 0.015866 0.283076
vt 0.015863 0.312500
vt 0.015863 0.312500
vt 0.015865 0.344647
s 0
usemtl 
f 3424/4837/1694 3425/4838/1694 3410/4839/1694 3423/4840/1694
f 3411/4839/1695 3423/4841/1695 3410/4842/1695
f 3428/4843/1696 3423/4844/1696 3411/4842/1696
f 3426/4845/1697 3428/4846/1697 3411/4839/1697 3427/4847/1697
f 3427/4848/1698 3411/4842/1698 3410/4839/1698
f 3431/4849/1699 3427/4850/1699 3410/4842/1699
f 3430/4851/1700 3410/4839/1700 3425/4852/1700 3429/4853/1700
f 3431/4854/1701 3410/4855/1701 3430/4856/1701 3432/4857/1701
f 3412/4858/1702 3417/4859/1702 3418/4860/1702 3419/4861/1702 3422/4862/1702
f 3417/4863/1703 3412/4858/1703 3414/4864/1703 3413/4865/1703 3416/4866/1703
f 3415/4867/1704 3414/4864/1704 3412/4858/1704 3420/4868/1704
f 3420/4869/1705 3412/4858/1705 3422/4862/1705 3421/4870/1705
o Sphere_cell.155
v 0.002988 0.005614 -0.007729
v 0.162212 0.555570 -0.815493
v 0.318190 0.555570 -0.768178
v 0.361775 0.626975 -0.678755
v 0.389166 0.555570 -0.730240
v 0.411329 0.466755 -0.771963
v 0.223620 0.626851 -0.736029
v 0.294650 0.630524 -0.711347
v 0.127339 0.554041 -0.819745
v 0.253996 0.466241 -0.837306
v 0.164787 0.530877 -0.828438
v 0.335696 0.469987 -0.810441
v 0.158407 0.579331 -0.796368
v 0.361775 0.626975 -0.678755
v 0.389166 0.555570 -0.730240
v 0.411329 0.466755 -0.771963
v 0.223620 0.626851 -0.736029
v 0.294650 0.630524 -0.711347
v 0.253996 0.466241 -0.837306
v 0.164787 0.530877 -0.828438
v 0.127339 0.554041 -0.819745
v 0.335696 0.469987 -0.810441
v 0.158407 0.579331 -0.796368
vn 0.8822 -0.0010 0.4708
vn -0.2435 0.7731 0.5857
vn -0.5320 -0.6617 -0.5284
vn 0.1832 -0.8820 -0.4343
vn -0.7284 0.6144 0.3034
vn 0.0664 0.6321 -0.7721
vn 0.0865 0.4696 -0.8786
vn 0.2563 0.4696 -0.8448
vn 0.2248 0.6326 -0.7412
vn 0.3651 0.6326 -0.6831
vn 0.4162 0.4696 -0.7786
vt 0.643810 0.643810
vt 0.000000 0.000000
vt 0.733171 0.000000
vt 0.693174 0.339038
vt 0.301390 0.000000
vt 1.000000 0.000000
vt 1.000000 0.643810
vt 0.650021 0.325026
vt 1.000000 0.204318
vt 1.000000 1.000000
vt 0.220651 0.220651
vt 0.444269 0.212460
vt 1.000000 0.266829
vt 0.204318 0.204318
vt 0.601872 0.230003
vt 1.000000 0.220651
vt 0.301390 0.301390
vt 0.778138 0.243212
vt 0.718750 0.687500
vt 0.725141 0.687500
vt 0.718750 0.697300
vt 0.718750 0.678573
vt 0.687500 0.687500
vt 0.687500 0.656561
vt 0.703125 0.655207
vt 0.703056 0.716899
vt 0.687500 0.718414
vt 0.672062 0.716950
vt 0.672070 0.687500
vt 0.672070 0.687500
vt 0.672082 0.655393
s 0
usemtl 
f 3446/4871/1706 3433/4872/1706 3448/4873/1706 3447/4874/1706
f 3449/4875/1707 3433/4876/1707 3446/4877/1707 3450/4878/1707
f 3451/4879/1708 3433/4880/1708 3453/4881/1708 3452/4882/1708
f 3448/4883/1709 3433/4880/1709 3451/4884/1709 3454/4885/1709
f 3453/4886/1710 3433/4880/1710 3449/4887/1710 3455/4888/1710
f 3434/4889/1711 3441/4890/1711 3445/4891/1711
f 3441/4890/1712 3434/4889/1712 3443/4892/1712
f 3434/4889/1713 3435/4893/1713 3444/4894/1713 3442/4895/1713 3443/4892/1713
f 3435/4893/1714 3434/4889/1714 3445/4891/1714 3439/4896/1714 3440/4897/1714
f 3436/4898/1715 3437/4899/1715 3435/4893/1715 3440/4897/1715
f 3435/4893/1716 3437/4900/1716 3438/4901/1716 3444/4894/1716
o Sphere_cell.156
v -0.000244 -0.010964 -0.010053
v 0.000000 -0.707107 -0.707107
v 0.067878 -0.707107 -0.700421
v 0.060580 -0.765664 -0.629788
v 0.074435 -0.628670 -0.764147
v -0.073988 -0.628647 -0.764210
v 0.000000 -0.632238 -0.768550
v -0.068246 -0.707107 -0.700385
v -0.061334 -0.765438 -0.629988
v 0.000000 -0.768495 -0.632305
v 0.067878 -0.707107 -0.700421
v 0.060580 -0.765664 -0.629788
v -0.073988 -0.628647 -0.764210
v 0.000000 -0.632238 -0.768550
v 0.074435 -0.628670 -0.764147
v -0.068246 -0.707107 -0.700385
v -0.061334 -0.765438 -0.629988
v 0.000000 -0.768495 -0.632305
vn 0.9949 -0.0025 0.1007
vn 0.9950 -0.0019 0.1001
vn 0.0004 0.7736 -0.6337
vn -0.9955 0.0038 0.0942
vn -0.9952 0.0002 0.0979
vn -0.0024 -0.6347 0.7727
vn 0.0759 -0.6326 -0.7708
vn 0.0624 -0.7715 -0.6332
vn -0.0759 -0.6326 -0.7708
vn -0.0624 -0.7715 -0.6332
vt 0.273730 0.273730
vt 1.000000 0.333452
vt 1.000000 1.000000
vt 0.333452 0.333452
vt 1.000000 0.274650
vt 1.000000 0.274942
vt 0.274650 0.274650
vt 0.636326 0.270593
vt 0.274942 0.274942
vt 1.000000 0.333146
vt 0.364106 0.329753
vt 1.000000 0.273608
vt 0.273608 0.273608
vt 0.637639 0.270837
vt 1.000000 0.273730
vt 0.750000 0.250000
vt 0.750000 0.280879
vt 0.734545 0.282351
vt 0.734624 0.250000
vt 0.750000 0.250000
vt 0.734736 0.220571
vt 0.750000 0.219149
vt 0.765362 0.282360
vt 0.765460 0.251454
vt 0.765447 0.220685
vt 0.765460 0.250000
vt 0.750000 0.219149
s 0
usemtl 
f 3467/4902/1717 3466/4903/1717 3456/4904/1717
f 3456/4904/1718 3466/4905/1718 3470/4906/1718
f 3468/4907/1719 3456/4904/1719 3470/4908/1719 3469/4909/1719
f 3456/4904/1720 3468/4910/1720 3471/4911/1720
f 3456/4904/1721 3471/4912/1721 3472/4913/1721
f 3456/4904/1722 3472/4914/1722 3473/4915/1722 3467/4916/1722
f 3457/4917/1723 3462/4918/1723 3460/4919/1723 3458/4920/1723
f 3457/4921/1724 3458/4920/1724 3459/4922/1724 3465/4923/1724
f 3461/4924/1725 3462/4918/1725 3457/4917/1725 3463/4925/1725
f 3464/4926/1726 3463/4927/1726 3457/4917/1726 3465/4928/1726
o Sphere_cell.157
v 0.010424 0.093184 -0.002198
v 0.009808 0.037416 -0.002132
v 0.191342 0.980785 -0.038060
v 0.287493 0.951870 -0.029636
v 0.193122 0.980785 -0.019981
v 0.282339 0.952641 -0.056161
v 0.276752 0.951935 -0.082557
v 0.186187 0.980785 -0.055052
v 0.095595 0.990155 -0.027551
v 0.096778 0.990281 -0.019250
v 0.098348 0.990214 -0.010305
v 0.287493 0.951870 -0.029636
v 0.193122 0.980785 -0.019981
v 0.282339 0.952641 -0.056161
v 0.276752 0.951935 -0.082557
v 0.186187 0.980785 -0.055052
v 0.095595 0.990155 -0.027551
v 0.096778 0.990281 -0.019250
v 0.098348 0.990214 -0.010305
vn 0.1015 -0.0009 0.9948
vn 0.9377 -0.2905 -0.1907
vn -0.2904 0.0006 -0.9569
vn -0.9828 0.0976 0.1566
vn 0.0899 0.0002 0.9959
vn -0.3071 0.0023 -0.9517
vn 0.0942 0.9951 -0.0286
vn 0.2790 0.9565 -0.0846
vn 0.0980 0.9951 -0.0097
vn 0.2902 0.9565 -0.0286
vt 0.059444 0.000000
vt 1.000000 0.000000
vt 1.000000 0.902796
vt 0.516097 0.447406
vt 0.903553 0.451414
vt 0.902796 0.902796
vt 0.000000 0.000000
vt 0.902852 0.000000
vt 0.902852 0.902852
vt 0.940582 0.000000
vt 0.931333 0.447205
vt 0.062850 0.000000
vt 1.000000 0.937122
vt 0.511461 0.448685
vt 0.937122 0.937122
vt 1.000000 0.059418
vt 1.000000 1.000000
vt 0.538972 0.968388
vt 0.531250 0.937500
vt 0.545759 0.937500
vt 0.545739 0.968070
vt 0.531250 0.906589
vt 0.546141 0.905813
vt 0.545759 0.937500
vt 0.523528 0.968388
vt 0.516126 0.968075
vt 0.516406 0.937500
vt 0.516347 0.905742
vt 0.516406 0.937500
s 0
usemtl 
f 3492/4929/1727 3475/4930/1727 3485/4931/1727 3486/4932/1727
f 3487/4933/1728 3485/4934/1728 3475/4935/1728 3488/4936/1728
f 3488/4937/1729 3475/4935/1729 3490/4938/1729 3489/4939/1729
f 3490/4940/1730 3474/4930/1730 3492/4941/1730 3491/4942/1730
f 3492/4943/1731 3474/4935/1731 3475/4930/1731
f 3474/4935/1732 3490/4944/1732 3475/4945/1732
f 3483/4946/1733 3476/4947/1733 3481/4948/1733 3482/4949/1733
f 3476/4947/1734 3479/4950/1734 3480/4951/1734 3481/4952/1734
f 3483/4953/1735 3484/4954/1735 3478/4955/1735 3476/4947/1735
f 3477/4956/1736 3479/4950/1736 3476/4947/1736 3478/4957/1736
o Sphere_cell.158
v -0.002895 -0.016537 -0.003324
v -0.137950 -0.980785 -0.137950
v -0.108386 -0.980785 -0.162212
v -0.161689 -0.980785 -0.109023
v -0.243177 -0.951112 -0.163182
v -0.004641 -0.999354 -0.004641
v -0.092224 -0.980785 -0.170850
v -0.141592 -0.948876 -0.263164
v -0.162573 -0.951199 -0.243308
v -0.203393 -0.952710 -0.203393
v -0.161689 -0.980785 -0.109023
v -0.243177 -0.951112 -0.163182
v -0.004641 -0.999354 -0.004641
v -0.092224 -0.980785 -0.170850
v -0.141592 -0.948876 -0.263164
v -0.203393 -0.952710 -0.203393
v -0.162573 -0.951199 -0.243308
vn -0.5535 -0.0001 0.8328
vn 0.8836 -0.0005 -0.4682
vn -0.6746 0.2896 -0.6790
vn -0.2254 -0.9565 -0.1850
vn -0.0761 -0.9951 -0.0625
vn -0.1850 -0.9565 -0.2254
vn -0.1374 -0.9565 -0.2571
vn -0.0464 -0.9952 -0.0867
vn -0.0625 -0.9951 -0.0761
vt 0.000000 0.000000
vt 0.904023 0.000000
vt 0.932775 0.334993
vt 0.951045 0.951045
vt 0.098192 0.000000
vt 1.000000 0.000000
vt 0.988965 0.939669
vt 0.418556 0.351300
vt 1.000000 0.095977
vt 1.000000 1.000000
vt 0.098192 0.098192
vt 0.280176 0.095934
vt 0.641144 0.094451
vt 0.875000 0.093335
vt 0.875000 0.062500
vt 0.905577 0.062500
vt 0.905933 0.095091
vt 0.890099 0.002103
vt 0.843750 0.062500
vt 0.843750 0.094995
vt 0.828775 0.062500
vt 0.843750 0.094995
vt 0.828558 0.097547
vt 0.828750 0.002499
vt 0.859901 0.002103
s 0
usemtl 
f 3493/4958/1737 3504/4959/1737 3503/4960/1737 3505/4961/1737
f 3507/4962/1738 3493/4963/1738 3505/4964/1738 3506/4965/1738
f 3504/4966/1739 3493/4967/1739 3507/4968/1739 3509/4969/1739 3508/4970/1739
f 3502/4971/1740 3494/4972/1740 3496/4973/1740 3497/4974/1740
f 3498/4975/1741 3496/4973/1741 3494/4972/1741
f 3495/4976/1742 3494/4972/1742 3502/4971/1742 3501/4977/1742
f 3499/4978/1743 3495/4976/1743 3501/4979/1743 3500/4980/1743
f 3499/4978/1744 3498/4981/1744 3495/4976/1744
f 3498/4982/1745 3494/4972/1745 3495/4976/1745
o Sphere_cell.159
v 0.005963 0.008888 0.001234
v 0.011975 0.018010 -0.001061
v 0.555570 0.831470 0.000000
v 0.544895 0.831470 0.108386
v 0.604203 0.766868 0.182739
v 0.628079 0.766963 0.061866
v 0.618487 0.769891 0.123025
v 0.605127 0.790799 0.000000
v 0.579638 0.807124 -0.056823
v 0.477555 0.873169 0.000000
v 0.547149 0.831470 -0.085496
v 0.450916 0.875446 0.136130
v 0.529254 0.831470 0.159946
v 0.446315 0.885194 0.088778
v 0.440186 0.890842 0.043729
v 0.604203 0.766868 0.182739
v 0.618487 0.769891 0.123025
v 0.628079 0.766963 0.061866
v 0.605127 0.790799 0.000000
v 0.579638 0.807124 -0.056823
v 0.477555 0.873169 0.000000
v 0.547149 0.831470 -0.085496
v 0.450916 0.875446 0.136130
v 0.529254 0.831470 0.159946
v 0.446315 0.885194 0.088778
v 0.440186 0.890842 0.043729
vn 0.7585 -0.6344 0.1493
vn 0.7355 -0.5749 -0.3586
vn 0.7013 -0.5376 -0.4681
vn 0.4400 -0.3742 -0.8163
vn -0.6374 0.3479 -0.6875
vn -0.2907 0.0003 0.9568
vn -0.8867 0.4282 0.1743
vn -0.7959 0.4132 -0.4426
vn 0.4709 0.8810 -0.0464
vn 0.6332 0.7715 -0.0624
vn 0.6332 0.7715 0.0624
vn 0.4709 0.8810 0.0464
vn 0.4528 0.8810 0.1374
vn 0.6088 0.7715 0.1847
vt 0.271774 0.000000
vt 1.000000 0.000000
vt 1.000000 0.728193
vt 0.632969 0.364037
vt 0.000000 0.000000
vt 0.728193 0.728193
vt 0.726020 0.726020
vt 0.765010 0.000000
vt 0.749046 0.351276
vt 1.000000 0.786952
vt 0.234990 0.000000
vt 0.786952 0.786952
vt 0.845336 0.000000
vt 0.828289 0.262425
vt 0.167705 0.000000
vt 1.000000 0.728226
vt 0.561410 0.351572
vt 1.000000 1.000000
vt 0.167705 0.167705
vt 0.595028 0.158504
vt 1.000000 0.153231
vt 0.154664 0.000000
vt 0.500000 0.812500
vt 0.524650 0.812500
vt 0.500000 0.840703
vt 0.500000 0.792061
vt 0.515552 0.800265
vt 0.500000 0.792061
vt 0.468750 0.812500
vt 0.468750 0.781553
vt 0.484571 0.780201
vt 0.468750 0.848836
vt 0.500000 0.840703
vt 0.484240 0.852655
vt 0.453336 0.842243
vt 0.453290 0.812500
vt 0.453256 0.780034
s 0
usemtl 
f 3525/4983/1746 3510/4984/1746 3527/4985/1746 3526/4986/1746
f 3510/4987/1747 3511/4984/1747 3527/4988/1747
f 3527/4989/1748 3511/4987/1748 3529/4990/1748 3528/4991/1748
f 3531/4992/1749 3529/4993/1749 3511/4984/1749
f 3531/4994/1750 3511/4987/1750 3535/4995/1750 3530/4996/1750
f 3532/4997/1751 3510/4984/1751 3525/4998/1751 3533/4999/1751
f 3510/5000/1752 3532/5001/1752 3534/5002/1752 3535/5003/1752
f 3511/4984/1753 3510/5000/1753 3535/5004/1753
f 3512/5005/1754 3520/5006/1754 3519/5007/1754
f 3512/5005/1755 3517/5008/1755 3518/5009/1755 3520/5006/1755
f 3517/5010/1756 3512/5005/1756 3513/5011/1756 3516/5012/1756 3515/5013/1756
f 3523/5014/1757 3513/5011/1757 3512/5005/1757 3519/5015/1757 3524/5016/1757
f 3521/5017/1758 3522/5018/1758 3513/5011/1758 3523/5014/1758
f 3514/5019/1759 3516/5012/1759 3513/5011/1759 3522/5018/1759
o Sphere_cell.160
v -0.001506 -0.004509 0.007212
v -0.162212 -0.555570 0.815493
v -0.082214 -0.555570 0.823372
v -0.076613 -0.626905 0.765381
v -0.086765 -0.465826 0.870893
v -0.295489 -0.623288 0.717268
v -0.150215 -0.630501 0.755180
v -0.316972 -0.555570 0.768547
v -0.336311 -0.462294 0.814530
v -0.311793 -0.400734 0.856187
v -0.271629 -0.382683 0.878404
v -0.221313 -0.358803 0.901202
v -0.195926 -0.382683 0.901369
v -0.178743 -0.397042 0.898600
v -0.082214 -0.555570 0.823372
v -0.076613 -0.626905 0.765381
v -0.086765 -0.465826 0.870893
v -0.295489 -0.623288 0.717268
v -0.150215 -0.630501 0.755180
v -0.316972 -0.555570 0.768547
v -0.336311 -0.462294 0.814530
v -0.311793 -0.400734 0.856187
v -0.271629 -0.382683 0.878404
v -0.221313 -0.358803 0.901202
v -0.178743 -0.397042 0.898600
v -0.195926 -0.382683 0.901369
vn 0.9952 -0.0012 0.0976
vn 0.1240 -0.7729 -0.6222
vn -0.9233 -0.0021 -0.3841
vn -0.8911 0.4372 -0.1216
vn -0.4957 0.8422 0.2119
vn 0.6217 0.6638 0.4159
vn -0.0865 -0.4696 0.8786
vn -0.0759 -0.6326 0.7708
vn -0.2563 -0.4696 0.8448
vn -0.2248 -0.6326 0.7412
vn -0.2779 -0.2890 0.9161
vt 1.000000 0.273028
vt 1.000000 1.000000
vt 0.171522 0.171522
vt 0.602176 0.217262
vt 1.000000 0.319296
vt 0.273028 0.273028
vt 0.509952 0.282854
vt 0.624130 0.269859
vt 1.000000 0.225445
vt 0.319296 0.319296
vt 1.000000 0.186045
vt 0.225445 0.225445
vt 1.000000 0.142925
vt 0.186045 0.186045
vt 0.551760 0.164761
vt 1.000000 0.171522
vt 0.142925 0.142925
vt 0.308421 0.142673
vt 0.418593 0.145268
vt 0.218750 0.369809
vt 0.218750 0.312500
vt 0.234162 0.312500
vt 0.234196 0.344943
vt 0.218750 0.281595
vt 0.234123 0.283079
vt 0.202272 0.375000
vt 0.194469 0.368475
vt 0.187681 0.346220
vt 0.187744 0.312500
vt 0.215922 0.375000
vt 0.187809 0.284570
vt 0.211677 0.382956
vt 0.202272 0.375000
s 0
usemtl 
f 3551/5020/1760 3536/5021/1760 3552/5022/1760 3550/5023/1760
f 3553/5024/1761 3536/5021/1761 3551/5025/1761 3554/5026/1761
f 3555/5027/1762 3556/5028/1762 3536/5021/1762 3553/5029/1762
f 3557/5030/1763 3536/5021/1763 3556/5031/1763
f 3559/5032/1764 3536/5021/1764 3557/5033/1764 3558/5034/1764
f 3552/5035/1765 3536/5021/1765 3559/5036/1765 3561/5037/1765 3560/5038/1765
f 3549/5039/1766 3537/5040/1766 3538/5041/1766 3540/5042/1766
f 3538/5041/1767 3537/5040/1767 3542/5043/1767 3539/5044/1767
f 3546/5045/1768 3545/5046/1768 3544/5047/1768 3543/5048/1768 3537/5040/1768 3549/5039/1768 3548/5049/1768
f 3541/5050/1769 3542/5043/1769 3537/5040/1769 3543/5048/1769
f 3548/5049/1770 3547/5051/1770 3546/5052/1770
o Sphere_cell.161
v -0.004281 -0.001976 -0.008782
v -0.009359 -0.004592 -0.015409
v -0.544895 -0.195090 -0.815493
v -0.375330 -0.195090 -0.906127
v -0.565606 -0.222392 -0.787833
v -0.530357 -0.281354 -0.793735
v -0.464465 -0.097254 -0.869356
v -0.286943 -0.097635 -0.942921
v -0.378975 -0.098367 -0.914928
v -0.284418 -0.195090 -0.933705
v -0.277125 -0.285541 -0.907383
v -0.364543 -0.288014 -0.880085
v -0.565606 -0.222392 -0.787833
v -0.530357 -0.281354 -0.793735
v -0.464465 -0.097254 -0.869356
v -0.378975 -0.098367 -0.914928
v -0.286943 -0.097635 -0.942921
v -0.284418 -0.195090 -0.933705
v -0.277125 -0.285541 -0.907383
v -0.364543 -0.288014 -0.880085
v -0.544895 -0.195090 -0.815493
vn -0.6577 -0.4534 0.6015
vn -0.8076 0.3303 0.4885
vn -0.6552 0.7055 0.2702
vn -0.0356 0.9952 -0.0911
vn 0.9573 -0.0046 -0.2890
vn 0.1055 -0.9570 0.2703
vn 0.1633 -0.9540 0.2515
vn -0.6073 -0.2890 -0.7400
vn -0.4691 -0.0975 -0.8777
vn -0.4513 -0.2890 -0.8443
vn -0.2889 -0.0975 -0.9524
vn -0.2779 -0.2890 -0.9161
vt 0.247516 0.000000
vt 1.000000 0.000000
vt 1.000000 0.746853
vt 0.746853 0.746853
vt 0.000000 0.000000
vt 0.773390 0.580960
vt 0.748542 0.748542
vt 0.826890 0.000000
vt 0.173110 0.000000
vt 1.000000 0.897044
vt 0.584023 0.454432
vt 0.897044 0.897044
vt 0.863270 0.000000
vt 0.888313 0.444737
vt 1.000000 0.752483
vt 0.415404 0.251302
vt 0.137729 0.000000
vt 0.136730 0.000000
vt 1.000000 1.000000
vt 0.843750 0.437500
vt 0.843750 0.408760
vt 0.849130 0.428459
vt 0.812500 0.437500
vt 0.843750 0.438328
vt 0.828094 0.468843
vt 0.812500 0.468487
vt 0.843750 0.408760
vt 0.812500 0.406541
vt 0.797059 0.437500
vt 0.797015 0.468721
vt 0.797175 0.407365
s 0
usemtl 
f 3575/5053/1771 3563/5054/1771 3574/5055/1771
f 3574/5056/1772 3563/5057/1772 3562/5054/1772
f 3564/5058/1773 3574/5059/1773 3562/5057/1773 3576/5060/1773
f 3576/5061/1774 3562/5054/1774 3578/5062/1774 3577/5063/1774
f 3578/5064/1775 3562/5057/1775 3580/5065/1775 3579/5066/1775
f 3563/5054/1776 3575/5067/1776 3581/5068/1776 3580/5069/1776
f 3580/5070/1777 3562/5054/1777 3563/5071/1777
f 3582/5072/1778 3567/5073/1778 3566/5074/1778
f 3565/5075/1779 3582/5076/1779 3568/5077/1779 3570/5078/1779
f 3567/5079/1780 3582/5072/1780 3565/5075/1780 3573/5080/1780
f 3571/5081/1781 3565/5075/1781 3570/5078/1781 3569/5082/1781
f 3565/5075/1782 3571/5081/1782 3572/5083/1782 3573/5080/1782
o Sphere_cell.162
v -0.008164 -0.004672 -0.000382
v -0.831469 -0.555570 -0.000000
v -0.765127 -0.627479 0.074410
v -0.737758 -0.669758 -0.000000
v -0.795988 -0.579919 -0.157364
v -0.815593 -0.555570 -0.161195
v -0.864622 -0.462088 -0.170724
v -0.900625 -0.400659 -0.138548
v -0.914468 -0.382683 -0.095554
v -0.927114 -0.358477 -0.041709
v -0.823568 -0.555570 0.080221
v -0.871048 -0.465873 0.084933
v -0.922264 -0.382683 -0.016400
v -0.916175 -0.397097 -0.000000
v -0.765127 -0.627479 0.074410
v -0.737758 -0.669758 -0.000000
v -0.795988 -0.579919 -0.157364
v -0.815593 -0.555570 -0.161195
v -0.864622 -0.462088 -0.170724
v -0.900625 -0.400659 -0.138548
v -0.914468 -0.382683 -0.095554
v -0.823568 -0.555570 0.080221
v -0.871048 -0.465873 0.084933
v -0.916175 -0.397097 -0.000000
v -0.927114 -0.358477 -0.041709
v -0.922264 -0.382683 -0.016400
vn 0.5604 -0.6145 0.5553
vn 0.5592 -0.6138 -0.5573
vn 0.1941 0.0018 -0.9810
vn -0.0553 0.4377 -0.8974
vn -0.3034 0.8404 -0.4491
vn 0.0985 -0.0002 0.9951
vn -0.2868 0.6643 0.6903
vn -0.7708 -0.6326 0.0759
vn -0.8786 -0.4696 0.0865
vn -0.9527 -0.2890 -0.0938
vn -0.8786 -0.4696 -0.0865
vn -0.7708 -0.6326 -0.0759
vt 0.700725 0.700725
vt 0.000000 0.000000
vt 0.727180 0.000000
vt 0.243689 0.000000
vt 1.000000 0.000000
vt 1.000000 0.700725
vt 0.243689 0.243689
vt 0.414140 0.224906
vt 1.000000 0.177929
vt 1.000000 1.000000
vt 1.000000 0.143474
vt 0.177929 0.177929
vt 0.143475 0.143475
vt 0.524711 0.130113
vt 1.000000 0.117883
vt 0.782893 0.383688
vt 0.726820 0.726820
vt 0.828576 0.000000
vt 0.171424 0.000000
vt 1.000000 0.881917
vt 0.832503 0.709859
vt 0.724854 0.596427
vt 0.015434 0.282909
vt 0.015455 0.312500
vt 0.000000 0.312500
vt 0.000000 0.265404
vt 0.015455 0.312500
vt 0.015470 0.344926
vt 0.000000 0.369789
vt 0.992841 0.383059
vt 0.983433 0.375000
vt 0.997157 0.375000
vt 0.975758 0.368502
vt 0.968975 0.346294
vt 0.968946 0.312500
vt 1.000000 0.312500
vt 1.000000 0.369789
vt 0.997157 0.375000
vt 0.968942 0.302458
vt 1.000000 0.265404
vt 1.000000 0.312500
s 0
usemtl 
f 3598/5084/1783 3583/5085/1783 3597/5086/1783
f 3599/5087/1784 3583/5088/1784 3598/5089/1784
f 3599/5090/1785 3600/5091/1785 3601/5092/1785 3583/5093/1785
f 3602/5094/1786 3583/5093/1786 3601/5095/1786
f 3583/5093/1787 3602/5096/1787 3603/5097/1787 3607/5098/1787
f 3604/5099/1788 3597/5100/1788 3583/5085/1788 3605/5101/1788
f 3605/5102/1789 3583/5088/1789 3607/5103/1789 3608/5104/1789 3606/5105/1789
f 3585/5106/1790 3593/5107/1790 3584/5108/1790 3586/5109/1790
f 3584/5108/1791 3593/5110/1791 3594/5111/1791 3596/5112/1791
f 3592/5113/1792 3591/5114/1792 3595/5115/1792
f 3590/5116/1793 3589/5117/1793 3588/5118/1793 3584/5119/1793 3596/5120/1793 3595/5121/1793 3591/5114/1793
f 3587/5122/1794 3586/5123/1794 3584/5124/1794 3588/5118/1794
o Sphere_cell.163
v 0.010325 -0.017315 -0.000199
v 0.555570 -0.831470 0.000000
v 0.628015 -0.767131 0.060430
v 0.550346 -0.831470 0.053045
v 0.468735 -0.875502 0.045250
v 0.630241 -0.770189 0.000000
v 0.627653 -0.767401 -0.060764
v 0.550335 -0.831470 -0.053157
v 0.469189 -0.875263 -0.045177
v 0.455148 -0.885132 0.000277
v 0.550346 -0.831470 0.053045
v 0.468735 -0.875502 0.045250
v 0.628015 -0.767131 0.060430
v 0.630241 -0.770189 0.000000
v 0.627653 -0.767401 -0.060764
v 0.550335 -0.831470 -0.053157
v 0.469189 -0.875263 -0.045177
v 0.455148 -0.885132 0.000277
vn -0.0959 0.0015 0.9954
vn 0.7720 0.6356 -0.0037
vn -0.0978 -0.0001 -0.9952
vn -0.8335 -0.4274 -0.3503
vn -0.8356 -0.4281 0.3441
vn 0.6332 -0.7715 -0.0624
vn 0.4708 -0.8810 -0.0461
vn 0.6332 -0.7715 0.0624
vn 0.4709 -0.8810 0.0464
vt 0.830877 0.000000
vt 0.788410 0.351601
vt 0.726295 0.726295
vt 0.000000 0.000000
vt 1.000000 0.000000
vt 1.000000 0.726295
vt 0.636387 0.365562
vt 0.273605 0.000000
vt 1.000000 1.000000
vt 0.273605 0.273605
vt 0.648594 0.211476
vt 1.000000 0.168991
vt 1.000000 0.159429
vt 0.168991 0.168991
vt 0.159429 0.159429
vt 1.000000 0.169123
vt 0.515361 0.219699
vt 0.500000 0.218297
vt 0.500000 0.187500
vt 0.515326 0.187500
vt 0.515279 0.157881
vt 0.500000 0.151232
vt 0.484706 0.187500
vt 0.500000 0.187500
vt 0.484732 0.219834
vt 0.484682 0.157719
s 0
usemtl 
f 3620/5125/1795 3619/5126/1795 3621/5127/1795 3609/5128/1795
f 3609/5129/1796 3621/5130/1796 3622/5131/1796 3623/5132/1796
f 3609/5133/1797 3623/5134/1797 3624/5135/1797 3625/5136/1797
f 3626/5137/1798 3609/5133/1798 3625/5138/1798
f 3626/5139/1799 3620/5140/1799 3609/5133/1799
f 3615/5141/1800 3614/5142/1800 3610/5143/1800 3616/5144/1800
f 3617/5145/1801 3616/5144/1801 3610/5143/1801 3618/5146/1801
f 3612/5147/1802 3610/5148/1802 3614/5142/1802 3611/5149/1802
f 3613/5150/1803 3618/5146/1803 3610/5143/1803 3612/5147/1803
o Sphere_cell.164
v -0.003884 0.007200 0.009433
v -0.007889 0.010136 0.021368
v -0.318190 0.555570 0.768177
v -0.224232 0.626995 0.735720
v -0.282323 0.669774 0.681587
v -0.361465 0.627082 0.678821
v -0.389026 0.555570 0.730314
v -0.268431 0.380660 0.880013
v -0.241292 0.555570 0.791504
v -0.411172 0.465409 0.772859
v -0.316825 0.358577 0.872300
v -0.338123 0.382683 0.858234
v -0.350652 0.396868 0.846548
v -0.282323 0.669774 0.681587
v -0.361465 0.627082 0.678821
v -0.389026 0.555570 0.730314
v -0.224232 0.626995 0.735720
v -0.241292 0.555570 0.791504
v -0.316825 0.358577 0.872300
v -0.338123 0.382683 0.858234
v -0.350652 0.396868 0.846548
v -0.411172 0.465409 0.772859
v -0.268431 0.380660 0.880013
vn 0.7312 0.6123 -0.3007
vn -0.3047 0.6122 -0.7297
vn -0.8826 -0.0020 -0.4700
vn 0.9567 -0.0011 0.2912
vn -0.8602 -0.4807 -0.1704
vn 0.9233 -0.1600 0.3492
vn -0.7492 -0.6624 -0.0008
vn 0.3089 -0.8356 0.4543
vn -0.2248 0.6326 0.7412
vn -0.2541 0.4688 0.8460
vn -0.2779 0.2890 0.9161
vn -0.3651 0.6326 0.6831
vn -0.4162 0.4696 0.7786
vt 1.000000 0.645755
vt 0.302222 0.000000
vt 1.000000 0.000000
vt 0.000000 0.000000
vt 0.643192 0.000000
vt 0.645755 0.645755
vt 0.733136 0.000000
vt 0.692760 0.339552
vt 0.643192 0.643192
vt 0.163217 0.000000
vt 1.000000 0.697778
vt 0.730420 0.481914
vt 1.000000 0.266864
vt 1.000000 1.000000
vt 0.165036 0.000000
vt 0.827064 0.000000
vt 0.813441 0.147894
vt 0.802113 0.241830
vt 0.730647 0.730647
vt 0.827064 0.827064
vt 0.834964 0.000000
vt 0.187500 0.734603
vt 0.187500 0.687500
vt 0.202906 0.687500
vt 0.202917 0.716959
vt 0.187500 0.630128
vt 0.190282 0.625000
vt 0.202881 0.625000
vt 0.194549 0.616968
vt 0.172125 0.716995
vt 0.172101 0.687500
vt 0.172183 0.654906
s 0
usemtl 
f 3640/5151/1804 3643/5152/1804 3627/5153/1804
f 3627/5154/1805 3641/5155/1805 3640/5156/1805
f 3627/5154/1806 3648/5157/1806 3642/5158/1806 3641/5159/1806
f 3649/5160/1807 3627/5153/1807 3643/5161/1807 3644/5162/1807
f 3648/5163/1808 3627/5164/1808 3628/5154/1808
f 3628/5153/1809 3627/5164/1809 3649/5165/1809
f 3628/5154/1810 3645/5166/1810 3646/5167/1810 3647/5168/1810 3648/5169/1810
f 3645/5170/1811 3628/5154/1811 3649/5171/1811
f 3631/5172/1812 3629/5173/1812 3635/5174/1812 3630/5175/1812
f 3639/5176/1813 3638/5177/1813 3634/5178/1813 3635/5174/1813 3629/5173/1813
f 3634/5178/1814 3638/5177/1814 3637/5179/1814
f 3629/5173/1815 3631/5172/1815 3632/5180/1815 3633/5181/1815
f 3639/5176/1816 3629/5173/1816 3633/5181/1816 3636/5182/1816
o Sphere_cell.165
v 0.007451 0.030675 -0.007329
v 0.004460 0.011608 -0.003481
v 0.270598 0.923880 -0.270598
v 0.318190 0.923880 -0.212608
v 0.330067 0.849900 -0.399978
v 0.388042 0.891822 -0.208538
v 0.376802 0.886200 -0.251771
v 0.347857 0.865478 -0.347857
v 0.335347 0.923880 -0.180509
v 0.274966 0.944695 -0.148609
v 0.201039 0.953720 -0.201039
v 0.249744 0.948851 -0.166874
v 0.184804 0.951353 -0.224410
v 0.242238 0.923880 -0.293872
v 0.388042 0.891822 -0.208538
v 0.376802 0.886200 -0.251771
v 0.330067 0.849900 -0.399978
v 0.347857 0.865478 -0.347857
v 0.335347 0.923880 -0.180509
v 0.201039 0.953720 -0.201039
v 0.249744 0.948851 -0.166874
v 0.274966 0.944695 -0.148609
v 0.184804 0.951353 -0.224410
v 0.242238 0.923880 -0.293872
vn -0.7604 -0.0117 -0.6493
vn 0.8870 -0.4273 -0.1750
vn 0.4688 0.0014 0.8833
vn -0.3192 0.2353 0.9180
vn -0.5325 0.2794 0.7990
vn -0.8017 0.2791 0.5286
vn -0.7709 -0.0017 -0.6369
vn 0.1850 0.9565 -0.2254
vn 0.3002 0.8810 -0.3658
vn 0.3658 0.8810 -0.3002
vn 0.2254 0.9565 -0.1850
vn 0.2571 0.9565 -0.1374
vn 0.4173 0.8810 -0.2230
vt 0.000000 0.000000
vt 1.000000 0.192639
vt 1.000000 1.000000
vt 1.000000 0.152685
vt 0.192639 0.192639
vt 0.416342 0.177754
vt 0.821269 0.158008
vt 1.000000 0.101785
vt 0.152685 0.152685
vt 0.562593 0.121800
vt 0.103637 0.000000
vt 1.000000 0.000000
vt 1.000000 0.094489
vt 0.103637 0.103637
vt 0.411938 0.099460
vt 0.094489 0.094489
vt 1.000000 0.097052
vt 1.000000 0.195715
vt 0.097052 0.097052
vt 0.431411 0.123878
vt 0.640357 0.905174
vt 0.625000 0.907774
vt 0.625000 0.875000
vt 0.640283 0.875000
vt 0.640209 0.825329
vt 0.625000 0.835501
vt 0.593750 0.875000
vt 0.593750 0.849516
vt 0.593750 0.902426
vt 0.578750 0.897804
vt 0.578589 0.875000
vt 0.578486 0.853319
vt 0.578589 0.875000
s 0
usemtl 
f 3650/5183/1817 3666/5184/1817 3651/5185/1817
f 3664/5186/1818 3651/5185/1818 3666/5187/1818 3667/5188/1818 3665/5189/1818
f 3671/5190/1819 3651/5185/1819 3664/5191/1819 3668/5192/1819
f 3671/5193/1820 3650/5194/1820 3651/5185/1820
f 3669/5195/1821 3650/5185/1821 3671/5196/1821 3670/5197/1821
f 3669/5198/1822 3672/5199/1822 3650/5185/1822
f 3666/5200/1823 3650/5185/1823 3672/5201/1823 3673/5202/1823
f 3662/5203/1824 3660/5204/1824 3652/5205/1824 3663/5206/1824
f 3654/5207/1825 3663/5206/1825 3652/5205/1825 3657/5208/1825
f 3657/5208/1826 3652/5205/1826 3653/5209/1826 3656/5210/1826
f 3652/5205/1827 3660/5204/1827 3661/5211/1827 3653/5209/1827
f 3659/5212/1828 3658/5213/1828 3653/5209/1828 3661/5211/1828
f 3655/5214/1829 3656/5210/1829 3653/5209/1829 3658/5215/1829
o Sphere_cell.166
v 0.005625 0.003812 0.006431
v 0.653281 0.382683 0.653281
v 0.513280 0.382683 0.768178
v 0.402978 0.448992 0.787141
v 0.489890 0.461449 0.733172
v 0.675998 0.465048 0.556538
v 0.620846 0.468502 0.620846
v 0.709966 0.382683 0.584211
v 0.732406 0.286973 0.602414
v 0.692343 0.200198 0.692490
v 0.500055 0.382683 0.775246
v 0.515346 0.370422 0.771270
v 0.489890 0.461449 0.733172
v 0.620846 0.468502 0.620846
v 0.675998 0.465048 0.556538
v 0.402978 0.448992 0.787141
v 0.709966 0.382683 0.584211
v 0.732406 0.286973 0.602414
v 0.500055 0.382683 0.775246
v 0.515346 0.370422 0.771270
v 0.692343 0.200198 0.692490
vn -0.3333 0.8819 -0.3332
vn 0.6338 0.0015 -0.7735
vn 0.5990 -0.6930 -0.4012
vn -0.4002 -0.6934 0.5991
vn 0.6825 0.4696 0.5601
vn 0.7400 0.2889 0.6074
vn 0.5601 0.4696 0.6825
vn 0.6073 0.2890 0.7400
vn 0.4162 0.4696 0.7786
vn 0.4513 0.2890 0.8443
vt 0.819782 0.322405
vt 1.000000 0.358129
vt 1.000000 1.000000
vt 0.252181 0.252181
vt 0.458262 0.270200
vt 1.000000 0.303875
vt 0.358129 0.358129
vt 0.664859 0.325486
vt 0.303875 0.303875
vt 1.000000 0.342363
vt 0.799067 0.263427
vt 1.000000 0.252181
vt 0.342363 0.342363
vt 0.765331 0.267211
vt 0.390417 0.625000
vt 0.390378 0.654776
vt 0.375000 0.656024
vt 0.375000 0.625000
vt 0.375000 0.564236
vt 0.390451 0.593112
vt 0.390417 0.625000
vt 0.343750 0.625000
vt 0.343750 0.653474
vt 0.375000 0.564236
vt 0.343750 0.620915
vt 0.325321 0.648971
vt 0.341163 0.625000
vt 0.343750 0.653474
vt 0.341163 0.625000
s 0
usemtl 
f 3687/5216/1830 3688/5217/1830 3674/5218/1830 3689/5219/1830 3686/5220/1830
f 3691/5221/1831 3674/5218/1831 3688/5222/1831 3690/5223/1831
f 3674/5218/1832 3691/5224/1832 3694/5225/1832
f 3692/5226/1833 3689/5227/1833 3674/5218/1833 3694/5228/1833 3693/5229/1833
f 3681/5230/1834 3679/5231/1834 3680/5232/1834 3675/5233/1834
f 3675/5233/1835 3683/5234/1835 3682/5235/1835 3681/5236/1835
f 3676/5237/1836 3675/5233/1836 3680/5232/1836 3678/5238/1836
f 3683/5239/1837 3675/5233/1837 3676/5237/1837 3685/5240/1837
f 3677/5241/1838 3684/5242/1838 3676/5237/1838 3678/5243/1838
f 3685/5240/1839 3676/5237/1839 3684/5244/1839
o Sphere_cell.167
v -0.005521 0.006084 -0.003817
v -0.587938 0.707107 -0.392847
v -0.590409 0.762484 -0.245770
v -0.452671 0.762768 -0.451275
v -0.525634 0.768602 -0.351218
v -0.676209 0.676334 -0.281018
v -0.652839 0.707107 -0.271426
v -0.680117 0.671097 -0.282781
v -0.673720 0.581394 -0.450166
v -0.615655 0.615433 -0.477095
v -0.521424 0.671120 -0.520224
v -0.500570 0.707107 -0.499305
v -0.452671 0.762768 -0.451275
v -0.525634 0.768602 -0.351218
v -0.590409 0.762484 -0.245770
v -0.652839 0.707107 -0.271426
v -0.676209 0.676334 -0.281018
v -0.680117 0.671097 -0.282781
v -0.673720 0.581394 -0.450166
v -0.615655 0.615433 -0.477095
v -0.521424 0.671120 -0.520224
v -0.500570 0.707107 -0.499305
vn 0.6418 0.6342 0.4311
vn -0.3810 0.0011 0.9246
vn -0.3945 -0.0148 0.9188
vn -0.7297 -0.6139 0.3011
vn -0.0042 -0.6160 -0.7877
vn 0.0006 -0.6130 -0.7901
vn 0.7078 0.0005 -0.7064
vn -0.5611 0.7715 -0.2999
vn -0.6831 0.6326 -0.3651
vn -0.4918 0.7715 -0.4036
vn -0.5987 0.6326 -0.4913
vt 0.634788 0.269539
vt 1.000000 0.275417
vt 1.000000 1.000000
vt 0.275110 0.275110
vt 0.771835 0.328516
vt 1.000000 0.358018
vt 0.275417 0.275417
vt 0.358018 0.358018
vt 1.000000 0.354278
vt 1.000000 0.360353
vt 0.354278 0.354278
vt 1.000000 0.416094
vt 0.360353 0.360353
vt 1.000000 0.363109
vt 0.416094 0.416094
vt 0.581361 0.328565
vt 1.000000 0.275110
vt 0.363110 0.363110
vt 0.937218 0.777830
vt 0.906250 0.780905
vt 0.906250 0.750000
vt 0.937288 0.750000
vt 0.906250 0.698151
vt 0.937290 0.735148
vt 0.937318 0.737308
vt 0.875203 0.750000
vt 0.875248 0.777973
vt 0.875181 0.735158
vt 0.895048 0.712190
s 0
usemtl 
f 3708/5245/1840 3709/5246/1840 3695/5247/1840 3707/5248/1840
f 3710/5249/1841 3711/5250/1841 3695/5247/1841 3709/5251/1841
f 3711/5252/1842 3712/5253/1842 3695/5247/1842
f 3713/5254/1843 3695/5247/1843 3712/5255/1843
f 3714/5256/1844 3695/5247/1844 3713/5257/1844
f 3715/5258/1845 3695/5247/1845 3714/5259/1845
f 3716/5260/1846 3707/5261/1846 3695/5247/1846 3715/5262/1846
f 3697/5263/1847 3699/5264/1847 3696/5265/1847 3701/5266/1847
f 3701/5266/1848 3696/5265/1848 3703/5267/1848 3702/5268/1848 3700/5269/1848
f 3706/5270/1849 3696/5265/1849 3699/5264/1849 3698/5271/1849
f 3703/5267/1850 3696/5265/1850 3706/5270/1850 3705/5272/1850 3704/5273/1850
o Sphere_cell.168
v 0.002353 0.058895 -0.006787
v 0.001965 0.025591 -0.006757
v 0.002902 0.033347 -0.009099
v 0.074658 0.980785 -0.180240
v 0.135380 0.951754 -0.255779
v 0.020143 0.990068 -0.098764
v 0.038932 0.980785 -0.191077
v 0.056562 0.953975 -0.277644
v 0.083910 0.951932 -0.276353
v 0.110219 0.952597 -0.266092
v 0.090676 0.980785 -0.171678
v 0.046190 0.990158 -0.088074
v 0.037875 0.990252 -0.091437
v 0.020143 0.990068 -0.098764
v 0.038932 0.980785 -0.191077
v 0.056562 0.953975 -0.277644
v 0.083910 0.951932 -0.276353
v 0.110219 0.952597 -0.266092
v 0.090676 0.980785 -0.171678
v 0.046190 0.990158 -0.088074
v 0.037875 0.990252 -0.091437
v 0.135380 0.951754 -0.255779
vn 0.7891 -0.2629 -0.5552
vn 0.8965 -0.0100 0.4430
vn -0.9970 0.0115 -0.0761
vn -0.9799 -0.0006 -0.1994
vn -0.1560 -0.2682 -0.9506
vn 0.0243 -0.2813 -0.9593
vn 0.3544 -0.2899 -0.8890
vn 0.8829 -0.0006 0.4697
vn -0.3782 0.0981 0.9205
vn 0.0286 0.9951 -0.0942
vn 0.0846 0.9565 -0.2790
vn 0.1374 0.9565 -0.2571
vn 0.0464 0.9951 -0.0869
vt 1.000000 1.000000
vt 0.000000 0.000000
vt 1.000000 0.095538
vt 0.098473 0.000000
vt 1.000000 0.000000
vt 1.000000 0.058328
vt 0.058328 0.058328
vt 0.530733 0.067377
vt 1.000000 0.093540
vt 0.094260 0.000000
vt 1.000000 0.096095
vt 0.094259 0.094259
vt 1.000000 0.096270
vt 0.096095 0.096095
vt 0.556364 0.095439
vt 0.060476 0.000000
vt 1.000000 0.901527
vt 0.516799 0.447101
vt 1.000000 0.060270
vt 0.060476 0.060476
vt 0.360349 0.060292
vt 0.695198 0.968293
vt 0.687500 0.937500
vt 0.718005 0.937500
vt 0.710767 0.967752
vt 0.718013 0.908054
vt 0.687500 0.906540
vt 0.703083 0.905810
vt 0.672536 0.905610
vt 0.672659 0.937500
vt 0.679802 0.968293
vt 0.672513 0.967986
s 0
usemtl 
f 3718/5274/1851 3719/5275/1851 3738/5276/1851
f 3738/5277/1852 3717/5278/1852 3718/5274/1852
f 3717/5275/1853 3730/5279/1853 3718/5274/1853
f 3730/5280/1854 3731/5281/1854 3732/5282/1854 3718/5274/1854
f 3732/5283/1855 3719/5278/1855 3718/5274/1855
f 3733/5284/1856 3719/5274/1856 3732/5285/1856
f 3738/5286/1857 3719/5274/1857 3733/5287/1857 3734/5288/1857
f 3736/5289/1858 3717/5278/1858 3738/5290/1858 3735/5291/1858
f 3730/5292/1859 3717/5274/1859 3736/5293/1859 3737/5294/1859
f 3729/5295/1860 3720/5296/1860 3723/5297/1860 3722/5298/1860
f 3724/5299/1861 3723/5297/1861 3720/5296/1861 3726/5300/1861 3725/5301/1861
f 3721/5302/1862 3726/5300/1862 3720/5296/1862 3727/5303/1862
f 3727/5303/1863 3720/5296/1863 3729/5304/1863 3728/5305/1863
o Sphere_cell.169
v -0.001940 0.007531 0.007042
v -0.137950 0.707107 0.693520
v -0.169216 0.805679 0.559124
v -0.243546 0.762797 0.590916
v -0.118395 0.789367 0.595211
v -0.063204 0.765911 0.629228
v -0.070235 0.703156 0.703431
v -0.069933 0.707107 0.700219
v -0.076690 0.628562 0.764013
v -0.222758 0.628613 0.734786
v -0.149945 0.632184 0.753826
v -0.280606 0.671301 0.680805
v -0.279138 0.676528 0.676789
v -0.269527 0.707107 0.653606
v -0.169216 0.805679 0.559124
v -0.243546 0.762797 0.590916
v -0.118395 0.789367 0.595211
v -0.063204 0.765911 0.629228
v -0.069933 0.707107 0.700219
v -0.070235 0.703156 0.703431
v -0.076690 0.628562 0.764013
v -0.222758 0.628613 0.734786
v -0.149945 0.632184 0.753826
v -0.280606 0.671301 0.680805
v -0.279138 0.676528 0.676789
v -0.269527 0.707107 0.653606
vn -0.5449 0.3968 -0.7387
vn 0.5961 0.5375 -0.5965
vn 0.9954 0.0018 0.0958
vn 0.9948 -0.0038 0.1013
vn -0.1247 -0.7731 0.6219
vn -0.7317 -0.6119 0.3002
vn -0.9306 -0.0196 -0.3656
vn -0.9239 0.0003 -0.3827
vn -0.0624 0.7715 0.6332
vn -0.0759 0.6326 0.7708
vn -0.1847 0.7715 0.6088
vn -0.2248 0.6326 0.7412
vt 0.765559 0.765559
vt 0.000000 0.000000
vt 0.724567 0.000000
vt 1.000000 0.000000
vt 1.000000 0.765559
vt 0.646951 0.396904
vt 0.272504 0.000000
vt 1.000000 1.000000
vt 0.272504 0.272504
vt 0.961946 0.328629
vt 1.000000 0.332404
vt 0.332403 0.332403
vt 1.000000 0.274122
vt 1.000000 0.302308
vt 0.274122 0.274122
vt 0.631804 0.283970
vt 1.000000 0.354259
vt 0.302308 0.302308
vt 1.000000 0.358126
vt 0.354259 0.354259
vt 0.555118 0.328811
vt 1.000000 0.275433
vt 0.358126 0.358126
vt 0.218750 0.791341
vt 0.218750 0.750000
vt 0.234158 0.750000
vt 0.234068 0.779553
vt 0.218750 0.719099
vt 0.234079 0.717605
vt 0.234162 0.748371
vt 0.234158 0.750000
vt 0.203229 0.799539
vt 0.187783 0.777988
vt 0.187752 0.750000
vt 0.218750 0.791341
vt 0.187736 0.737388
vt 0.187774 0.735232
vt 0.203152 0.717626
s 0
usemtl 
f 3753/5306/1864 3739/5307/1864 3754/5308/1864
f 3739/5309/1865 3753/5310/1865 3755/5311/1865 3756/5312/1865
f 3739/5313/1866 3756/5314/1866 3757/5315/1866 3758/5316/1866
f 3739/5313/1867 3758/5317/1867 3759/5318/1867
f 3760/5319/1868 3739/5313/1868 3759/5320/1868 3761/5321/1868
f 3762/5322/1869 3739/5313/1869 3760/5323/1869
f 3763/5324/1870 3739/5313/1870 3762/5325/1870
f 3764/5326/1871 3754/5327/1871 3739/5313/1871 3763/5328/1871
f 3743/5329/1872 3740/5330/1872 3746/5331/1872 3744/5332/1872
f 3740/5330/1873 3749/5333/1873 3747/5334/1873 3745/5335/1873 3746/5336/1873
f 3741/5337/1874 3742/5338/1874 3752/5339/1874 3740/5330/1874 3743/5340/1874
f 3751/5341/1875 3750/5342/1875 3748/5343/1875 3749/5333/1875 3740/5330/1875 3752/5339/1875
o Sphere_cell.170
v -0.006817 -0.001886 -0.001146
v -0.961939 -0.195090 -0.191342
v -0.901565 -0.398755 -0.139336
v -0.907998 -0.286268 -0.274342
v -0.907899 -0.382683 -0.162252
v -0.910509 -0.367956 -0.181111
v -0.914004 -0.382683 -0.100265
v -0.927659 -0.356721 -0.041580
v -0.980677 -0.195090 -0.001100
v -0.953951 -0.283238 -0.000959
v -0.990384 -0.096373 -0.001252
v -0.971277 -0.098420 -0.193199
v -0.943572 -0.097611 -0.284804
v -0.934384 -0.195090 -0.282180
v -0.901565 -0.398755 -0.139336
v -0.907899 -0.382683 -0.162252
v -0.910509 -0.367956 -0.181111
v -0.907998 -0.286268 -0.274342
v -0.914004 -0.382683 -0.100265
v -0.927659 -0.356721 -0.041580
v -0.980677 -0.195090 -0.001100
v -0.990384 -0.096373 -0.001252
v -0.953951 -0.283238 -0.000959
v -0.971277 -0.098420 -0.193199
v -0.943572 -0.097611 -0.284804
v -0.934384 -0.195090 -0.282180
vn 0.4004 -0.6945 -0.5978
vn 0.3052 -0.8426 0.4438
vn -0.0003 0.0015 1.0000
vn -0.0956 0.9952 -0.0201
vn 0.2897 0.0015 -0.9571
vn 0.1318 -0.4430 0.8868
vn -0.9904 -0.0975 -0.0976
vn -0.9527 -0.2890 -0.0938
vn -0.8786 -0.4696 -0.0865
vn -0.9524 -0.0975 -0.2889
vn -0.9161 -0.2890 -0.2779
vt 1.000000 0.857340
vt 0.858583 0.722053
vt 0.739607 0.605631
vt 0.136119 0.000000
vt 1.000000 0.000000
vt 0.857340 0.857340
vt 0.000000 0.000000
vt 0.882902 0.000000
vt 0.869484 0.513918
vt 0.524799 0.458171
vt 0.092204 0.000000
vt 1.000000 0.942635
vt 0.897581 0.000000
vt 0.924195 0.316590
vt 0.942636 0.942636
vt 0.897581 0.897581
vt 0.863881 0.000000
vt 0.888975 0.446826
vt 1.000000 0.117098
vt 1.000000 1.000000
vt 0.092204 0.092204
vt 0.968750 0.468470
vt 0.968750 0.437500
vt 0.999820 0.437500
vt 0.999798 0.469125
vt 0.968750 0.379907
vt 0.971869 0.375000
vt 0.982616 0.375000
vt 0.992874 0.383650
vt 0.999839 0.408132
vt 0.999820 0.437500
vt 0.975646 0.369190
vt 0.968750 0.468470
vt 0.953345 0.468729
vt 0.953321 0.437500
vt 0.953321 0.437500
vt 0.953300 0.407123
s 0
usemtl 
f 3779/5344/1876 3780/5345/1876 3781/5346/1876 3782/5347/1876 3765/5348/1876
f 3779/5349/1877 3765/5350/1877 3784/5351/1877 3783/5352/1877
f 3785/5353/1878 3787/5354/1878 3765/5348/1878 3786/5355/1878
f 3765/5350/1879 3789/5356/1879 3788/5357/1879 3786/5358/1879
f 3789/5359/1880 3765/5350/1880 3782/5360/1880 3790/5361/1880
f 3784/5362/1881 3765/5363/1881 3787/5364/1881
f 3776/5365/1882 3766/5366/1882 3773/5367/1882 3775/5368/1882
f 3766/5366/1883 3770/5369/1883 3769/5370/1883 3771/5371/1883 3772/5372/1883 3774/5373/1883 3773/5374/1883
f 3767/5375/1884 3771/5371/1884 3769/5370/1884
f 3766/5366/1885 3776/5376/1885 3777/5377/1885 3778/5378/1885
f 3766/5366/1886 3778/5379/1886 3768/5380/1886 3770/5369/1886
o Sphere_cell.171
v 0.000000 0.000000 -1.000000
v -0.000462 -0.000440 -0.010628
v -0.194044 0.000000 -0.980887
v -0.096329 -0.095493 -0.981107
v -0.095976 0.096024 -0.981089
v 0.192285 0.094558 -0.971748
v 0.000000 0.096775 -0.990468
v 0.193557 0.000619 -0.980875
v 0.095970 -0.095522 -0.981140
v 0.000000 -0.096427 -0.990503
v -0.194044 0.000000 -0.980887
v -0.096329 -0.095493 -0.981107
v -0.095976 0.096024 -0.981089
v 0.000000 0.096775 -0.990468
v 0.192285 0.094558 -0.971748
v 0.000000 -0.096427 -0.990503
v 0.095970 -0.095522 -0.981140
v 0.193557 0.000619 -0.980875
vn -0.6921 -0.7085 0.1378
vn -0.6927 0.7078 0.1385
vn 0.0019 0.9951 0.0987
vn 0.6949 -0.7057 0.1382
vn -0.0001 -0.9952 0.0975
vn 0.9806 -0.0058 0.1961
vn 0.0975 0.0975 -0.9904
vn 0.0980 -0.0971 -0.9904
vn -0.0976 0.0975 -0.9904
vn -0.0976 -0.0975 -0.9904
vt 1.000000 0.000000
vt 0.999534 0.933294
vt 0.066328 0.000000
vt 0.000000 0.000000
vt 0.933835 0.000000
vt 0.933751 0.933751
vt 0.933835 0.933835
vt 0.924800 0.000000
vt 0.942845 0.630978
vt 0.066370 0.000000
vt 1.000000 0.933417
vt 0.942567 0.472078
vt 0.933417 0.933417
vt 0.933672 0.000000
vt 1.000000 0.075200
vt 1.000000 1.000000
vt 0.066370 0.066370
vt 0.718910 0.530293
vt 0.719093 0.500000
vt 0.750000 0.500000
vt 0.750000 0.531003
vt 0.734481 0.469398
vt 0.750000 0.469108
vt 0.765520 0.530763
vt 0.781090 0.500015
vt 0.765577 0.469407
vt 0.781082 0.500000
s 0
usemtl 
f 3792/5381/1887 3801/5382/1887 3802/5383/1887
f 3792/5384/1888 3803/5385/1888 3801/5386/1888
f 3803/5387/1889 3792/5384/1889 3805/5388/1889 3804/5389/1889
f 3808/5390/1890 3792/5381/1890 3807/5391/1890
f 3806/5392/1891 3807/5393/1891 3792/5384/1891 3802/5394/1891
f 3805/5395/1892 3792/5396/1892 3808/5397/1892
f 3796/5398/1893 3798/5399/1893 3791/5400/1893 3797/5401/1893
f 3791/5400/1894 3798/5399/1894 3799/5402/1894 3800/5403/1894
f 3795/5404/1895 3797/5401/1895 3791/5400/1895 3793/5405/1895
f 3794/5406/1896 3793/5407/1896 3791/5400/1896 3800/5403/1896
o Sphere_cell.172
v -0.003381 -0.007696 0.006411
v -0.392847 -0.707107 0.587938
v -0.445511 -0.707107 0.544718
v -0.400130 -0.766091 0.489431
v -0.486156 -0.628664 0.594240
v -0.437739 -0.631448 0.631034
v -0.297275 -0.624813 0.715232
v -0.427050 -0.632091 0.639126
v -0.271264 -0.707107 0.652925
v -0.256039 -0.739586 0.616405
v -0.298151 -0.765940 0.557658
v -0.350962 -0.768980 0.525251
v -0.445511 -0.707107 0.544718
v -0.486156 -0.628664 0.594240
v -0.400130 -0.766091 0.489431
v -0.437739 -0.631448 0.631034
v -0.297275 -0.624813 0.715232
v -0.427050 -0.632091 0.639126
v -0.271264 -0.707107 0.652925
v -0.256039 -0.739586 0.616405
v -0.298151 -0.765940 0.557658
v -0.350962 -0.768980 0.525251
vn -0.7729 0.0002 -0.6346
vn -0.3549 0.7733 0.5255
vn -0.3525 0.7733 0.5271
vn 0.9234 0.0012 0.3839
vn 0.7813 -0.5361 -0.3196
vn 0.4306 -0.6342 -0.6422
vn -0.3651 -0.6326 0.6831
vn -0.2999 -0.7715 0.5611
vn -0.4913 -0.6326 0.5987
vn -0.4036 -0.7715 0.4918
vt 1.000000 0.404495
vt 1.000000 1.000000
vt 0.272665 0.272665
vt 0.616739 0.329249
vt 0.404495 0.404495
vt 1.000000 0.401321
vt 1.000000 0.320801
vt 0.401321 0.401321
vt 0.449261 0.393580
vt 1.000000 0.297788
vt 0.320801 0.320801
vt 0.777923 0.300470
vt 0.297788 0.297788
vt 1.000000 0.272690
vt 0.638275 0.269835
vt 1.000000 0.272665
vt 0.272690 0.272690
vt 0.156250 0.280940
vt 0.156250 0.250000
vt 0.187330 0.250000
vt 0.187305 0.283941
vt 0.187330 0.250000
vt 0.156250 0.218905
vt 0.171858 0.220433
vt 0.187338 0.233677
vt 0.140891 0.250000
vt 0.153466 0.281205
vt 0.140868 0.282353
vt 0.140923 0.220357
s 0
usemtl 
f 3822/5408/1897 3809/5409/1897 3823/5410/1897 3821/5411/1897
f 3822/5412/1898 3824/5413/1898 3809/5409/1898
f 3825/5414/1899 3809/5409/1899 3824/5415/1899 3826/5416/1899
f 3828/5417/1900 3809/5409/1900 3825/5418/1900 3827/5419/1900
f 3828/5420/1901 3829/5421/1901 3809/5409/1901
f 3830/5422/1902 3823/5423/1902 3809/5409/1902 3829/5424/1902
f 3816/5425/1903 3810/5426/1903 3817/5427/1903 3815/5428/1903
f 3817/5429/1904 3810/5426/1904 3820/5430/1904 3819/5431/1904 3818/5432/1904
f 3811/5433/1905 3810/5426/1905 3816/5425/1905 3814/5434/1905 3813/5435/1905
f 3810/5426/1906 3811/5433/1906 3812/5436/1906 3820/5430/1906
o Sphere_cell.173
v -0.004252 -0.010698 -0.001199
v -0.013136 -0.032045 0.000518
v -0.382683 -0.923880 -0.000000
v -0.375330 -0.923880 -0.074658
v -0.353553 -0.923880 -0.146447
v -0.300501 -0.947928 -0.029510
v -0.289533 -0.950416 -0.057592
v -0.245822 -0.950484 -0.162840
v -0.267881 -0.952009 -0.110960
v -0.395743 -0.874389 -0.262986
v -0.318750 -0.923880 -0.211558
v -0.449013 -0.876439 -0.136035
v -0.432397 -0.878265 -0.179105
v -0.444287 -0.886299 -0.088374
v -0.437983 -0.892023 -0.043653
v -0.413673 -0.907315 -0.000000
v -0.391222 -0.917331 0.037695
v -0.367147 -0.927531 0.035522
v -0.379078 -0.923880 0.036603
v -0.331049 -0.939543 -0.000000
v -0.289533 -0.950416 -0.057592
v -0.267881 -0.952009 -0.110960
v -0.245822 -0.950484 -0.162840
v -0.395743 -0.874389 -0.262986
v -0.318750 -0.923880 -0.211558
v -0.432397 -0.878265 -0.179105
v -0.449013 -0.876439 -0.136035
v -0.444287 -0.886299 -0.088374
v -0.437983 -0.892023 -0.043653
v -0.413673 -0.907315 -0.000000
v -0.391222 -0.917331 0.037695
v -0.367147 -0.927531 0.035522
v -0.379078 -0.923880 0.036603
v -0.331049 -0.939543 -0.000000
v -0.300501 -0.947928 -0.029510
vn 0.7186 -0.2468 0.6501
vn 0.8834 -0.2903 0.3679
vn 0.5555 0.0002 -0.8315
vn -0.8160 0.4713 -0.3348
vn -0.8862 0.4277 0.1780
vn -0.7996 0.3708 0.4724
vn -0.7618 0.3483 0.5462
vn 0.0911 0.0029 0.9958
vn 0.6440 -0.2260 0.7309
vn -0.4709 -0.8810 0.0464
vn -0.2902 -0.9565 0.0286
vn -0.4709 -0.8810 -0.0464
vn -0.2902 -0.9565 -0.0286
vn -0.4528 -0.8810 -0.1374
vn -0.2790 -0.9565 -0.0846
vn -0.4173 -0.8810 -0.2231
vn -0.2571 -0.9565 -0.1374
vt 1.000000 1.000000
vt 0.000000 0.000000
vt 1.000000 0.098373
vt 0.645612 0.094237
vt 1.000000 0.095537
vt 0.098373 0.098373
vt 0.284758 0.095942
vt 1.000000 0.168645
vt 0.095537 0.095537
vt 0.512363 0.121082
vt 0.168645 0.168645
vt 0.720516 0.165163
vt 1.000000 0.167044
vt 0.167044 0.167044
vt 0.599546 0.157350
vt 1.000000 0.151772
vt 0.154834 0.000000
vt 1.000000 0.000000
vt 0.154834 0.154834
vt 0.607608 0.140014
vt 1.000000 0.130350
vt 1.000000 0.120248
vt 0.130350 0.130350
vt 0.586195 0.123874
vt 0.600403 0.108599
vt 1.000000 0.100488
vt 0.120248 0.120248
vt 0.000000 0.136203
vt 0.000000 0.125000
vt 0.015321 0.125000
vt 0.015283 0.129429
vt 0.000000 0.107797
vt 0.015356 0.120990
vt 0.015321 0.125000
vt 0.968750 0.150417
vt 0.968750 0.125000
vt 1.000000 0.125000
vt 1.000000 0.136203
vt 0.984043 0.146629
vt 0.984420 0.098588
vt 1.000000 0.107797
vt 0.968750 0.095855
vt 0.937500 0.125000
vt 0.953181 0.157085
vt 0.937500 0.155851
vt 0.937500 0.094105
vt 0.906655 0.158472
vt 0.906746 0.125000
vt 0.906889 0.095780
vt 0.906746 0.125000
s 0
usemtl 
f 3831/5437/1907 3832/5438/1907 3865/5439/1907
f 3852/5440/1908 3853/5441/1908 3831/5437/1908 3865/5442/1908 3851/5443/1908
f 3854/5444/1909 3831/5437/1909 3853/5445/1909 3855/5446/1909
f 3831/5437/1910 3854/5447/1910 3856/5448/1910 3857/5449/1910
f 3831/5437/1911 3857/5450/1911 3858/5451/1911 3859/5452/1911
f 3859/5453/1912 3832/5454/1912 3831/5437/1912
f 3832/5437/1913 3859/5455/1913 3860/5456/1913 3861/5457/1913
f 3862/5458/1914 3832/5437/1914 3861/5459/1914 3863/5460/1914
f 3864/5461/1915 3865/5462/1915 3832/5437/1915 3862/5463/1915
f 3846/5464/1916 3833/5465/1916 3849/5466/1916 3847/5467/1916
f 3833/5465/1917 3850/5468/1917 3848/5469/1917 3849/5470/1917
f 3844/5471/1918 3834/5472/1918 3833/5473/1918 3846/5474/1918 3845/5475/1918
f 3836/5476/1919 3850/5477/1919 3833/5473/1919 3834/5472/1919 3837/5478/1919
f 3835/5479/1920 3834/5472/1920 3844/5471/1920 3842/5480/1920 3843/5481/1920
f 3837/5478/1921 3834/5472/1921 3835/5479/1921 3839/5482/1921
f 3840/5483/1922 3841/5484/1922 3835/5479/1922 3843/5481/1922
f 3838/5485/1923 3839/5482/1923 3835/5479/1923 3841/5486/1923
o Sphere_cell.174
v 0.009894 0.092896 -0.003467
v 0.009383 0.035738 -0.003407
v 0.180240 0.980785 -0.074658
v 0.274854 0.945130 -0.145790
v 0.275941 0.949363 -0.114299
v 0.171705 0.980785 -0.090625
v 0.087947 0.990186 -0.045822
v 0.091124 0.990286 -0.037745
v 0.094724 0.990184 -0.029409
v 0.275016 0.952291 -0.084256
v 0.185581 0.980785 -0.057050
v 0.274854 0.945130 -0.145790
v 0.275941 0.949363 -0.114299
v 0.171705 0.980785 -0.090625
v 0.087947 0.990186 -0.045822
v 0.091124 0.990286 -0.037745
v 0.094724 0.990184 -0.029409
v 0.275016 0.952291 -0.084256
v 0.185581 0.980785 -0.057050
vn 0.9605 -0.2766 0.0297
vn -0.4717 -0.0004 -0.8818
vn -0.5090 0.0037 -0.8607
vn -0.9199 0.0978 0.3798
vn 0.2911 0.0001 0.9567
vn 0.2964 -0.0017 0.9551
vn 0.0869 0.9951 -0.0464
vn 0.2571 0.9565 -0.1374
vn 0.0942 0.9951 -0.0286
vn 0.2790 0.9565 -0.0846
vt 0.096377 0.000000
vt 1.000000 0.000000
vt 1.000000 0.896613
vt 0.532227 0.433232
vt 0.896613 0.896613
vt 0.000000 0.000000
vt 0.940623 0.000000
vt 0.931533 0.397621
vt 0.940623 0.940623
vt 0.937110 0.937110
vt 0.937663 0.000000
vt 0.937468 0.480328
vt 0.520258 0.448249
vt 0.062337 0.000000
vt 1.000000 0.898366
vt 0.898366 0.898366
vt 0.570225 0.968402
vt 0.562500 0.937500
vt 0.577294 0.937500
vt 0.577259 0.968176
vt 0.562500 0.902988
vt 0.577623 0.898340
vt 0.577294 0.937500
vt 0.547465 0.937500
vt 0.554775 0.968402
vt 0.547403 0.968072
vt 0.547317 0.905678
s 0
usemtl 
f 3883/5487/1924 3867/5488/1924 3877/5489/1924 3878/5490/1924
f 3877/5491/1925 3867/5492/1925 3880/5493/1925 3879/5494/1925
f 3866/5488/1926 3880/5495/1926 3867/5492/1926
f 3880/5496/1927 3866/5492/1927 3882/5497/1927 3881/5498/1927
f 3884/5499/1928 3882/5500/1928 3866/5488/1928 3883/5501/1928
f 3883/5502/1929 3866/5492/1929 3867/5488/1929
f 3873/5503/1930 3868/5504/1930 3871/5505/1930 3872/5506/1930
f 3868/5504/1931 3870/5507/1931 3869/5508/1931 3871/5509/1931
f 3876/5510/1932 3868/5504/1932 3873/5511/1932 3874/5512/1932
f 3875/5513/1933 3870/5507/1933 3868/5504/1933 3876/5510/1933
o Sphere_cell.175
v -0.010375 0.000474 0.002321
v -0.980784 0.000000 0.195090
v -0.990509 -0.094882 0.001475
v -0.999871 -0.000473 0.000830
v -0.980970 0.096078 0.097127
v -0.943535 0.095958 0.285484
v -0.971420 0.096940 0.193227
v -0.952555 0.000000 0.288150
v -0.943621 -0.095459 0.285370
v -0.971463 -0.096500 0.193236
v -0.990509 -0.094882 0.001475
v -0.999871 -0.000473 0.000830
v -0.943535 0.095958 0.285484
v -0.971420 0.096940 0.193227
v -0.980970 0.096078 0.097127
v -0.952555 0.000000 0.288150
v -0.943621 -0.095459 0.285370
v -0.971463 -0.096500 0.193236
vn 0.0015 -0.0067 -1.0000
vn 0.0004 0.7061 -0.7081
vn 0.0962 0.9952 -0.0185
vn 0.2903 -0.0007 0.9569
vn 0.0968 -0.9951 -0.0180
vn -0.9524 0.0975 0.2889
vn -0.9524 -0.0975 0.2889
vn -0.9905 0.0972 0.0972
vn -0.9904 -0.0975 0.0975
vt 0.951849 0.951849
vt 0.000000 0.000000
vt 0.942648 0.000000
vt 0.066679 0.000000
vt 1.000000 0.000000
vt 0.995431 0.947278
vt 1.000000 0.102296
vt 1.000000 1.000000
vt 0.066679 0.066679
vt 0.529319 0.075670
vt 1.000000 0.102509
vt 0.102296 0.102296
vt 0.547992 0.093768
vt 1.000000 0.057353
vt 0.102509 0.102509
vt 0.393744 0.075712
vt 0.031250 0.500000
vt 0.046752 0.500000
vt 0.046762 0.530742
vt 0.031250 0.531056
vt 0.046740 0.469418
vt 0.031250 0.469085
vt 0.015707 0.530780
vt 0.000209 0.500000
vt 0.000133 0.499849
vt 0.000239 0.469603
s 0
usemtl 
f 3896/5514/1934 3885/5515/1934 3895/5516/1934
f 3899/5517/1935 3885/5518/1935 3896/5519/1935
f 3897/5520/1936 3885/5521/1936 3899/5522/1936 3898/5523/1936
f 3901/5524/1937 3885/5521/1937 3897/5525/1937 3900/5526/1937
f 3895/5527/1938 3885/5521/1938 3901/5528/1938 3902/5529/1938
f 3886/5530/1939 3892/5531/1939 3890/5532/1939 3891/5533/1939
f 3893/5534/1940 3892/5531/1940 3886/5530/1940 3894/5535/1940
f 3889/5536/1941 3888/5537/1941 3886/5530/1941 3891/5533/1941
f 3888/5538/1942 3887/5539/1942 3894/5535/1942 3886/5530/1942
o Sphere_cell.176
v 0.001289 -0.004398 -0.009267
v 0.001265 -0.011403 -0.028283
v 0.180240 -0.382683 -0.906127
v 0.000863 -0.395496 -0.916945
v 0.086275 -0.465121 -0.871318
v 0.253287 -0.464913 -0.838260
v 0.171291 -0.468501 -0.861138
v 0.265829 -0.382683 -0.880164
v 0.274038 -0.287032 -0.907849
v 0.185739 -0.289755 -0.933775
v 0.092935 -0.287570 -0.943578
v 0.000592 -0.369359 -0.927863
v 0.000724 -0.382683 -0.923808
v 0.000863 -0.395496 -0.916945
v 0.086275 -0.465121 -0.871318
v 0.253287 -0.464913 -0.838260
v 0.171291 -0.468501 -0.861138
v 0.265829 -0.382683 -0.880164
v 0.274038 -0.287032 -0.907849
v 0.185739 -0.289755 -0.933775
v 0.092935 -0.287570 -0.943578
v 0.000592 -0.369359 -0.927863
v 0.000724 -0.382683 -0.923808
vn -0.9999 -0.0132 0.0062
vn -0.6926 -0.6624 0.2857
vn -0.0904 -0.8820 0.4625
vn 0.9570 0.0018 0.2899
vn 0.0533 0.9571 -0.2848
vn -0.5250 0.7989 -0.2936
vn -0.6631 0.6956 -0.2763
vn -1.0000 -0.0086 0.0042
vn 0.0938 -0.2890 -0.9527
vn 0.0865 -0.4696 -0.8786
vn 0.2779 -0.2890 -0.9161
vn 0.2563 -0.4696 -0.8448
vt 0.000000 0.000000
vt 1.000000 0.128189
vt 1.000000 1.000000
vt 0.128188 0.128188
vt 1.000000 0.171359
vt 1.000000 0.203346
vt 0.171359 0.171359
vt 0.583713 0.181250
vt 1.000000 0.136774
vt 0.203346 0.203346
vt 0.583828 0.163224
vt 1.000000 0.102279
vt 0.136774 0.136774
vt 0.562011 0.111790
vt 0.104200 0.000000
vt 1.000000 0.000000
vt 0.104200 0.104200
vt 1.000000 0.119721
vt 1.000000 0.130507
vt 0.119721 0.119721
vt 0.552033 0.123772
vt 0.734342 0.406730
vt 0.718750 0.405961
vt 0.718750 0.375000
vt 0.749875 0.375000
vt 0.749899 0.379439
vt 0.749846 0.370414
vt 0.749875 0.375000
vt 0.718750 0.343976
vt 0.734292 0.345198
vt 0.703318 0.375000
vt 0.703342 0.406868
vt 0.703298 0.345273
s 0
usemtl 
f 3904/5540/1943 3916/5541/1943 3903/5542/1943
f 3903/5542/1944 3916/5543/1944 3917/5544/1944
f 3918/5545/1945 3903/5542/1945 3917/5546/1945 3919/5547/1945
f 3921/5548/1946 3903/5542/1946 3918/5549/1946 3920/5550/1946
f 3923/5551/1947 3903/5542/1947 3921/5552/1947 3922/5553/1947
f 3923/5554/1948 3904/5555/1948 3903/5542/1948
f 3904/5542/1949 3923/5556/1949 3924/5557/1949
f 3916/5558/1950 3904/5542/1950 3924/5559/1950 3925/5560/1950
f 3913/5561/1951 3912/5562/1951 3905/5563/1951 3915/5564/1951 3914/5565/1951
f 3906/5566/1952 3915/5567/1952 3905/5563/1952 3909/5568/1952 3907/5569/1952
f 3910/5570/1953 3905/5563/1953 3912/5562/1953 3911/5571/1953
f 3905/5563/1954 3910/5570/1954 3908/5572/1954 3909/5568/1954
o Sphere_cell.177
v -0.001894 0.019455 -0.002265
v -0.001721 0.013766 -0.002035
v -0.162212 0.980785 -0.108386
v -0.137950 0.980785 -0.137950
v -0.108386 0.980785 -0.162212
v -0.108286 0.988407 -0.045895
v -0.236318 0.962196 -0.099116
v -0.179739 0.980785 -0.075594
v -0.215573 0.954839 -0.177543
v -0.223333 0.958486 -0.149226
v -0.182983 0.951870 -0.223708
v -0.199996 0.954167 -0.199996
v -0.137491 0.951861 -0.254250
v -0.159979 0.952615 -0.239426
v -0.092656 0.980785 -0.170620
v -0.047614 0.990218 -0.086626
v -0.088564 0.989509 -0.059176
v -0.054709 0.990301 -0.081879
v -0.070986 0.990112 -0.070986
v -0.108286 0.988407 -0.045895
v -0.179739 0.980785 -0.075594
v -0.236318 0.962196 -0.099116
v -0.215573 0.954839 -0.177543
v -0.223333 0.958486 -0.149226
v -0.182983 0.951870 -0.223708
v -0.199996 0.954167 -0.199996
v -0.159979 0.952615 -0.239426
v -0.137491 0.951861 -0.254250
v -0.092656 0.980785 -0.170620
v -0.047614 0.990218 -0.086626
v -0.088564 0.989509 -0.059176
v -0.070986 0.990112 -0.070986
v -0.054709 0.990301 -0.081879
vn -0.0579 0.0386 0.9976
vn -0.3838 -0.0004 0.9234
vn -0.9403 -0.2556 -0.2247
vn -0.7924 -0.2810 -0.5413
vn -0.5334 -0.2908 -0.7943
vn 0.8813 0.0005 -0.4726
vn 0.9415 0.0151 -0.3367
vn 0.5527 0.0979 0.8276
vn -0.2571 0.9565 -0.1374
vn -0.0869 0.9951 -0.0464
vn -0.0761 0.9951 -0.0625
vn -0.2254 0.9565 -0.1850
vn -0.0625 0.9951 -0.0761
vn -0.1850 0.9565 -0.2254
vn -0.0464 0.9951 -0.0869
vn -0.1374 0.9565 -0.2571
vt 1.000000 1.000000
vt 0.000000 0.000000
vt 1.000000 0.059428
vt 0.059428 0.059428
vt 0.572234 0.066655
vt 1.000000 0.084491
vt 1.000000 0.091798
vt 0.084491 0.084491
vt 0.667324 0.088203
vt 1.000000 0.094394
vt 0.091798 0.091798
vt 0.529984 0.092316
vt 0.094394 0.094394
vt 0.554486 0.093624
vt 1.000000 0.094302
vt 1.000000 0.057332
vt 0.094302 0.094302
vt 0.550660 0.066409
vt 0.057647 0.000000
vt 1.000000 0.000000
vt 0.693109 0.058572
vt 1.000000 0.059753
vt 0.057647 0.057647
vt 0.167471 0.057609
vt 0.419866 0.057885
vt 0.936801 0.917083
vt 0.936633 0.937500
vt 0.906250 0.937500
vt 0.906250 0.913009
vt 0.930503 0.962300
vt 0.913344 0.965876
vt 0.936633 0.937500
vt 0.899156 0.965876
vt 0.882585 0.967839
vt 0.875000 0.937500
vt 0.875000 0.908265
vt 0.890349 0.909003
vt 0.867415 0.967839
vt 0.851488 0.968452
vt 0.843750 0.937500
vt 0.843750 0.906560
vt 0.859117 0.905742
vt 0.829070 0.968181
vt 0.829175 0.937500
vt 0.836012 0.968452
vt 0.828896 0.905733
vt 0.843750 0.906560
s 0
usemtl 
f 3927/5573/1955 3926/5574/1955 3945/5575/1955
f 3927/5573/1956 3945/5576/1956 3946/5577/1956 3947/5578/1956
f 3948/5579/1957 3927/5573/1957 3947/5580/1957 3949/5581/1957
f 3950/5582/1958 3927/5573/1958 3948/5583/1958 3951/5584/1958
f 3927/5573/1959 3950/5585/1959 3952/5586/1959 3953/5587/1959
f 3955/5588/1960 3927/5573/1960 3953/5589/1960 3954/5590/1960
f 3955/5591/1961 3926/5592/1961 3927/5573/1961
f 3956/5593/1962 3945/5594/1962 3926/5573/1962 3955/5595/1962 3958/5596/1962 3957/5597/1962
f 3932/5598/1963 3933/5599/1963 3928/5600/1963 3935/5601/1963
f 3931/5602/1964 3942/5603/1964 3928/5600/1964 3933/5604/1964
f 3942/5605/1965 3944/5606/1965 3929/5607/1965 3928/5600/1965
f 3928/5600/1966 3929/5607/1966 3937/5608/1966 3934/5609/1966 3935/5601/1966
f 3944/5610/1967 3943/5611/1967 3930/5612/1967 3929/5607/1967
f 3929/5607/1968 3930/5612/1968 3939/5613/1968 3936/5614/1968 3937/5608/1968
f 3941/5615/1969 3940/5616/1969 3930/5612/1969 3943/5617/1969
f 3938/5618/1970 3939/5619/1970 3930/5612/1970 3940/5616/1970
o Sphere_cell.178
v 0.005246 0.058616 -0.003953
v 0.005756 0.025376 -0.003645
v 0.162212 0.980785 -0.108386
v 0.200672 0.954164 -0.199192
v 0.273982 0.945177 -0.147095
v 0.248167 0.949426 -0.165820
v 0.170937 0.980785 -0.092063
v 0.087143 0.990185 -0.047344
v 0.138544 0.980785 -0.137225
v 0.071289 0.990148 -0.070058
v 0.081972 0.990290 -0.054772
v 0.273982 0.945177 -0.147095
v 0.248167 0.949426 -0.165820
v 0.200672 0.954164 -0.199192
v 0.170937 0.980785 -0.092063
v 0.138544 0.980785 -0.137225
v 0.071289 0.990148 -0.070058
v 0.081972 0.990290 -0.054772
v 0.087143 0.990185 -0.047344
vn 0.5331 -0.2800 -0.7984
vn 0.4710 0.0002 0.8821
vn -0.6663 -0.0171 -0.7455
vn 0.3398 0.0139 0.9404
vn -0.7065 -0.0002 -0.7078
vn -0.8161 0.0983 0.5695
vn 0.0761 0.9951 -0.0625
vn 0.2254 0.9565 -0.1850
vn 0.0869 0.9951 -0.0464
vn 0.2571 0.9565 -0.1374
vt 0.898116 0.898116
vt 0.000000 0.000000
vt 0.906683 0.000000
vt 0.902190 0.579145
vt 0.058440 0.000000
vt 1.000000 0.000000
vt 1.000000 0.898116
vt 0.465353 0.397964
vt 1.000000 0.093317
vt 1.000000 1.000000
vt 0.060378 0.000000
vt 0.903825 0.903825
vt 0.939294 0.000000
vt 0.930135 0.467706
vt 0.939294 0.939294
vt 0.939622 0.000000
vt 0.939633 0.306960
vt 0.616672 0.967953
vt 0.601479 0.968416
vt 0.593750 0.937500
vt 0.624234 0.937500
vt 0.624234 0.937500
vt 0.593750 0.903058
vt 0.624439 0.908558
vt 0.586021 0.968416
vt 0.578651 0.968008
vt 0.578626 0.937500
vt 0.578415 0.898391
s 0
usemtl 
f 3970/5620/1971 3960/5621/1971 3972/5622/1971 3971/5623/1971
f 3977/5624/1972 3960/5625/1972 3970/5626/1972 3973/5627/1972
f 3959/5621/1973 3972/5628/1973 3960/5629/1973
f 3977/5630/1974 3959/5625/1974 3960/5629/1974
f 3972/5631/1975 3959/5621/1975 3975/5632/1975 3974/5633/1975
f 3975/5634/1976 3959/5621/1976 3977/5635/1976 3976/5636/1976
f 3968/5637/1977 3969/5638/1977 3961/5639/1977 3967/5640/1977
f 3967/5641/1978 3961/5639/1978 3964/5642/1978 3962/5643/1978
f 3969/5644/1979 3966/5645/1979 3965/5646/1979 3961/5639/1979
f 3964/5642/1980 3961/5639/1980 3965/5646/1980 3963/5647/1980
o Sphere_cell.179
v -0.004274 0.000870 0.009463
v -0.382683 0.000000 0.923879
v -0.468272 0.000000 0.878131
v -0.463588 -0.095606 0.870009
v -0.464099 0.096218 0.869668
v -0.375508 0.190375 0.906556
v -0.102934 -0.091902 0.980810
v -0.195065 -0.001337 0.980655
v -0.379047 -0.096489 0.915099
v -0.193274 -0.094533 0.971653
v -0.468272 0.000000 0.878131
v -0.463588 -0.095606 0.870009
v -0.464099 0.096218 0.869668
v -0.375508 0.190375 0.906556
v -0.102934 -0.091902 0.980810
v -0.195065 -0.001337 0.980655
v -0.379047 -0.096489 0.915099
v -0.193274 -0.094533 0.971653
vn -0.8820 -0.0032 -0.4711
vn -0.5880 0.7071 -0.3927
vn 0.6941 0.7065 0.1380
vn 0.0382 -0.9951 -0.0912
vn -0.0975 -0.0975 0.9904
vn -0.2876 0.0975 0.9528
vn -0.2889 -0.0975 0.9524
vn -0.4691 0.0975 0.8777
vn -0.4691 -0.0975 0.8777
vt 0.000000 0.000000
vt 0.826824 0.000000
vt 0.834902 0.416210
vt 0.827042 0.827042
vt 0.137837 0.000000
vt 1.000000 0.000000
vt 1.000000 0.827042
vt 1.000000 0.066883
vt 1.000000 1.000000
vt 0.137837 0.137837
vt 0.716343 0.066910
vt 0.758586 0.129896
vt 1.000000 0.173176
vt 0.066883 0.066883
vt 0.278554 0.075643
vt 0.218750 0.499572
vt 0.218750 0.469715
vt 0.233361 0.470558
vt 0.187500 0.560989
vt 0.187500 0.500000
vt 0.218536 0.500000
vt 0.187500 0.469088
vt 0.171981 0.530825
vt 0.172029 0.500000
vt 0.172080 0.469371
s 0
usemtl 
f 3978/5648/1981 3989/5649/1981 3988/5650/1981 3990/5651/1981
f 3991/5652/1982 3978/5653/1982 3990/5654/1982
f 3992/5655/1983 3978/5656/1983 3991/5657/1983 3993/5658/1983
f 3994/5659/1984 3989/5660/1984 3978/5656/1984 3992/5661/1984 3995/5662/1984
f 3985/5663/1985 3987/5664/1985 3984/5665/1985
f 3983/5666/1986 3979/5667/1986 3985/5668/1986
f 3987/5664/1987 3985/5668/1987 3979/5667/1987 3986/5669/1987
f 3979/5667/1988 3983/5666/1988 3982/5670/1988 3980/5671/1988
f 3986/5669/1989 3979/5667/1989 3980/5671/1989 3981/5672/1989
o Sphere_cell.180
v 0.005337 0.017926 0.008915
v 0.308658 0.831470 0.461940
v 0.298035 0.767462 0.555627
v 0.261374 0.831470 0.487213
v 0.209103 0.890915 0.389656
v 0.398847 0.767511 0.488256
v 0.349993 0.770411 0.523801
v 0.349771 0.831470 0.428199
v 0.297895 0.875486 0.364757
v 0.252786 0.885223 0.378322
v 0.298035 0.767462 0.555627
v 0.261374 0.831470 0.487213
v 0.209103 0.890915 0.389656
v 0.398847 0.767511 0.488256
v 0.349993 0.770411 0.523801
v 0.349771 0.831470 0.428199
v 0.297895 0.875486 0.364757
v 0.252786 0.885223 0.378322
vn -0.8815 -0.0002 0.4722
vn 0.4291 -0.6356 0.6417
vn 0.7738 -0.0011 -0.6335
vn -0.1744 0.4276 -0.8870
vn 0.3002 0.8810 0.3658
vn 0.4036 0.7715 0.4918
vn 0.2230 0.8810 0.4173
vn 0.2999 0.7715 0.5611
vt 1.000000 0.000000
vt 1.000000 0.726491
vt 0.619865 0.408118
vt 0.154469 0.000000
vt 0.726120 0.000000
vt 0.729138 0.363129
vt 0.726491 0.726491
vt 0.000000 0.000000
vt 0.831267 0.000000
vt 0.788366 0.352511
vt 0.726119 0.726119
vt 0.168733 0.000000
vt 1.000000 0.845531
vt 0.595024 0.435374
vt 0.358997 0.842269
vt 0.343750 0.848856
vt 0.343750 0.812500
vt 0.359011 0.812500
vt 0.359011 0.812500
vt 0.343750 0.781814
vt 0.359014 0.780357
vt 0.328366 0.812500
vt 0.328389 0.852705
vt 0.328366 0.812500
vt 0.328357 0.780333
s 0
usemtl 
f 3996/5673/1990 4006/5674/1990 4007/5675/1990 4008/5676/1990
f 4009/5677/1991 4010/5678/1991 4006/5679/1991 3996/5680/1991
f 4012/5681/1992 4011/5682/1992 4009/5683/1992 3996/5680/1992
f 4012/5684/1993 3996/5673/1993 4008/5685/1993 4013/5686/1993
f 4004/5687/1994 4005/5688/1994 3997/5689/1994 4003/5690/1994
f 4003/5691/1995 3997/5689/1995 4002/5692/1995 4001/5693/1995
f 3999/5694/1996 3997/5689/1996 4005/5688/1996 4000/5695/1996
f 4002/5692/1997 3997/5689/1997 3999/5696/1997 3998/5697/1997
o Sphere_cell.181
v -0.008336 -0.011401 0.005935
v -0.587938 -0.707107 0.392847
v -0.557137 -0.765867 0.299314
v -0.452516 -0.805403 0.369967
v -0.504682 -0.789282 0.337218
v -0.656070 -0.657136 0.351957
v -0.620037 -0.707107 0.332794
v -0.676109 -0.629162 0.362934
v -0.630599 -0.631748 0.437882
v -0.638874 -0.632460 0.426882
v -0.594079 -0.628816 0.486156
v -0.544657 -0.707107 0.445586
v -0.452516 -0.805403 0.369967
v -0.504682 -0.789282 0.337218
v -0.557137 -0.765867 0.299314
v -0.620037 -0.707107 0.332794
v -0.656070 -0.657136 0.351957
v -0.676109 -0.629162 0.362934
v -0.630599 -0.631748 0.437882
v -0.638874 -0.632460 0.426882
v -0.594079 -0.628816 0.486156
v -0.544657 -0.707107 0.445586
vn 0.3228 -0.5377 -0.7789
vn -0.4705 -0.0009 -0.8824
vn -0.4750 0.0050 -0.8799
vn -0.5295 0.7736 0.3482
vn -0.5271 0.7736 0.3518
vn 0.6342 -0.0003 0.7732
vn -0.5987 -0.6326 0.4913
vn -0.4918 -0.7715 0.4036
vn -0.6831 -0.6326 0.3651
vn -0.5611 -0.7715 0.2999
vt 0.749083 0.350687
vt 0.726413 0.726413
vt 0.000000 0.000000
vt 0.764721 0.000000
vt 1.000000 0.726413
vt 0.631047 0.300896
vt 0.378256 0.000000
vt 1.000000 0.000000
vt 1.000000 0.358660
vt 1.000000 1.000000
vt 0.378256 0.378256
vt 1.000000 0.402642
vt 0.358660 0.358660
vt 0.899200 0.394652
vt 1.000000 0.405275
vt 0.402642 0.402642
vt 1.000000 0.235279
vt 0.405275 0.405275
vt 0.635940 0.329902
vt 0.096610 0.281081
vt 0.093750 0.280787
vt 0.093750 0.250000
vt 0.109131 0.250000
vt 0.109153 0.282290
vt 0.093750 0.208702
vt 0.109076 0.200600
vt 0.078367 0.270610
vt 0.078399 0.250000
vt 0.078407 0.282147
vt 0.093750 0.208702
vt 0.078461 0.220469
s 0
usemtl 
f 4027/5698/1998 4028/5699/1998 4014/5700/1998 4026/5701/1998
f 4028/5702/1999 4029/5703/1999 4030/5704/1999 4014/5705/1999
f 4031/5706/2000 4014/5707/2000 4030/5708/2000
f 4032/5709/2001 4014/5707/2001 4031/5710/2001 4033/5711/2001
f 4034/5712/2002 4014/5707/2002 4032/5713/2002
f 4026/5714/2003 4014/5707/2003 4034/5715/2003 4035/5716/2003
f 4022/5717/2004 4023/5718/2004 4015/5719/2004 4025/5720/2004 4024/5721/2004
f 4015/5719/2005 4018/5722/2005 4017/5723/2005 4025/5720/2005
f 4019/5724/2006 4020/5725/2006 4015/5719/2006 4023/5718/2006 4021/5726/2006
f 4018/5727/2007 4015/5719/2007 4020/5725/2007 4016/5728/2007
o Sphere_cell.182
v -0.002149 -0.009678 -0.003080
v -0.003258 -0.017303 -0.006806
v -0.270598 -0.923880 -0.270598
v -0.212607 -0.923880 -0.318190
v -0.146446 -0.923880 -0.353553
v -0.297499 -0.876392 -0.362899
v -0.394432 -0.874467 -0.264726
v -0.330983 -0.878233 -0.330983
v -0.317633 -0.923880 -0.213286
v -0.244549 -0.950562 -0.164355
v -0.142736 -0.948082 -0.265505
v -0.163897 -0.950476 -0.245290
v -0.204858 -0.952082 -0.204858
v -0.108180 -0.927591 -0.352436
v -0.126811 -0.939444 -0.306148
v -0.124738 -0.899125 -0.408302
v -0.111645 -0.923880 -0.364110
v -0.251750 -0.886220 -0.376771
v -0.165427 -0.897369 -0.399376
v -0.394432 -0.874467 -0.264726
v -0.330983 -0.878233 -0.330983
v -0.317633 -0.923880 -0.213286
v -0.244549 -0.950562 -0.164355
v -0.163897 -0.950476 -0.245290
v -0.204858 -0.952082 -0.204858
v -0.142736 -0.948082 -0.265505
v -0.126811 -0.939444 -0.306148
v -0.108180 -0.927591 -0.352436
v -0.111645 -0.923880 -0.364110
v -0.124738 -0.899125 -0.408302
v -0.297499 -0.876392 -0.362899
v -0.251750 -0.886220 -0.376771
v -0.165427 -0.897369 -0.399376
vn -0.3137 0.4533 -0.8343
vn -0.6229 0.4715 -0.6243
vn -0.5561 0.0008 0.8311
vn 0.6780 -0.2904 0.6753
vn 0.9224 -0.2258 0.3134
vn 0.9585 -0.0022 -0.2852
vn 0.9737 -0.0315 -0.2255
vn -0.1766 0.4279 -0.8864
vn -0.3658 -0.8810 -0.3002
vn -0.2254 -0.9565 -0.1850
vn -0.3002 -0.8810 -0.3658
vn -0.1850 -0.9565 -0.2254
vn -0.2231 -0.8810 -0.4173
vn -0.1374 -0.9565 -0.2571
vn -0.1374 -0.8810 -0.4528
vn -0.0846 -0.9565 -0.2790
vt 0.000000 0.000000
vt 1.000000 0.167248
vt 1.000000 1.000000
vt 1.000000 0.168561
vt 0.167248 0.167248
vt 0.443779 0.165276
vt 1.000000 0.095904
vt 0.168561 0.168561
vt 0.607758 0.121325
vt 0.814595 0.095600
vt 1.000000 0.097801
vt 0.095904 0.095904
vt 0.451681 0.094251
vt 0.516191 0.106348
vt 1.000000 0.118024
vt 0.097801 0.097801
vt 0.118024 0.118024
vt 0.289268 0.121491
vt 1.000000 0.144868
vt 0.145953 0.000000
vt 1.000000 0.000000
vt 1.000000 0.168448
vt 0.145953 0.145953
vt 0.341227 0.147753
vt 0.767655 0.158797
vt 0.875000 0.155872
vt 0.875000 0.125000
vt 0.905884 0.125000
vt 0.905920 0.158419
vt 0.905819 0.095695
vt 0.875000 0.094025
vt 0.843750 0.125000
vt 0.859290 0.157118
vt 0.843750 0.150470
vt 0.843750 0.095789
vt 0.812500 0.125000
vt 0.843750 0.150470
vt 0.812500 0.142930
vt 0.812500 0.107905
vt 0.828505 0.098418
vt 0.797193 0.141743
vt 0.797351 0.125000
vt 0.797351 0.125000
vt 0.797389 0.120923
vt 0.812500 0.107905
s 0
usemtl 
f 4037/5729/2008 4066/5730/2008 4036/5731/2008
f 4055/5732/2009 4036/5731/2009 4066/5733/2009 4056/5734/2009
f 4058/5735/2010 4036/5731/2010 4055/5736/2010 4057/5737/2010
f 4059/5738/2011 4061/5739/2011 4036/5731/2011 4058/5740/2011 4060/5741/2011
f 4062/5742/2012 4063/5743/2012 4036/5731/2012 4061/5744/2012
f 4036/5731/2013 4063/5745/2013 4064/5746/2013 4065/5747/2013
f 4065/5748/2014 4037/5749/2014 4036/5731/2014
f 4066/5750/2015 4037/5731/2015 4065/5751/2015 4068/5752/2015 4067/5753/2015
f 4043/5754/2016 4038/5755/2016 4044/5756/2016 4042/5757/2016
f 4045/5758/2017 4044/5756/2017 4038/5755/2017 4048/5759/2017
f 4039/5760/2018 4038/5755/2018 4043/5754/2018 4041/5761/2018 4053/5762/2018
f 4048/5759/2019 4038/5755/2019 4039/5760/2019 4047/5763/2019
f 4040/5764/2020 4039/5760/2020 4053/5765/2020 4054/5766/2020
f 4039/5760/2021 4040/5764/2021 4050/5767/2021 4046/5768/2021 4047/5763/2021
f 4051/5769/2022 4052/5770/2022 4040/5764/2022 4054/5766/2022
f 4040/5764/2023 4052/5771/2023 4049/5772/2023 4050/5773/2023
o Sphere_cell.183
v -0.008892 -0.004710 -0.005420
v -0.768177 -0.382683 -0.513280
v -0.703460 -0.528769 -0.469510
v -0.677244 -0.465320 -0.554793
v -0.711332 -0.382683 -0.582546
v -0.733660 -0.287530 -0.600620
v -0.791513 -0.290165 -0.528872
v -0.835678 -0.287775 -0.447775
v -0.771625 -0.465539 -0.413332
v -0.810452 -0.382683 -0.434189
v -0.711332 -0.382683 -0.582546
v -0.733660 -0.287530 -0.600620
v -0.677244 -0.465320 -0.554793
v -0.791513 -0.290165 -0.528872
v -0.835678 -0.287775 -0.447775
v -0.771625 -0.465539 -0.413332
v -0.810452 -0.382683 -0.434189
v -0.703460 -0.528769 -0.469510
vn 0.6909 -0.6654 -0.2827
vn 0.6342 0.0019 -0.7732
vn -0.2420 0.9570 -0.1600
vn -0.4720 0.0008 0.8816
vn 0.0009 -0.6636 0.7480
vn -0.8443 -0.2890 -0.4513
vn -0.7786 -0.4696 -0.4162
vn -0.7400 -0.2890 -0.6073
vn -0.6826 -0.4699 -0.5598
vt 0.000000 0.000000
vt 0.666877 0.003293
vt 0.642208 0.642208
vt 0.303733 0.000000
vt 1.000000 0.000000
vt 1.000000 0.642208
vt 0.658955 0.333845
vt 1.000000 1.000000
vt 0.303734 0.303734
vt 0.648467 0.248224
vt 1.000000 0.205863
vt 1.000000 0.267194
vt 0.205863 0.205863
vt 0.609965 0.229993
vt 1.000000 0.333048
vt 0.267194 0.267194
vt 0.906250 0.405824
vt 0.906250 0.375000
vt 0.921724 0.375000
vt 0.921713 0.406620
vt 0.921733 0.345047
vt 0.906331 0.322189
vt 0.890789 0.375000
vt 0.906250 0.405824
vt 0.890816 0.406702
vt 0.890766 0.345126
vt 0.906250 0.322292
s 0
usemtl 
f 4069/5774/2024 4086/5775/2024 4081/5776/2024
f 4080/5777/2025 4069/5778/2025 4081/5779/2025 4079/5780/2025
f 4069/5781/2026 4080/5782/2026 4082/5783/2026 4083/5784/2026
f 4084/5785/2027 4069/5781/2027 4083/5786/2027 4085/5787/2027
f 4086/5788/2028 4069/5781/2028 4084/5789/2028
f 4075/5790/2029 4070/5791/2029 4078/5792/2029 4076/5793/2029
f 4077/5794/2030 4078/5792/2030 4070/5791/2030 4071/5795/2030
f 4073/5796/2031 4070/5791/2031 4075/5797/2031 4074/5798/2031
f 4070/5791/2032 4073/5796/2032 4072/5799/2032 4071/5800/2032
o Sphere_cell.184
v -0.009757 -0.001914 0.002427
v -0.961939 -0.195090 0.191341
v -0.953945 -0.283072 0.001531
v -0.908204 -0.285140 0.274835
v -0.934351 -0.287819 0.185854
v -0.934260 -0.195090 0.282588
v -0.943435 -0.097718 0.285219
v -0.971273 -0.098470 0.193198
v -0.990366 -0.096294 0.001516
v -0.980636 -0.195090 0.001515
v -0.953945 -0.283072 0.001531
v -0.934351 -0.287819 0.185854
v -0.908204 -0.285140 0.274835
v -0.934260 -0.195090 0.282588
v -0.943435 -0.097718 0.285219
v -0.971273 -0.098470 0.193198
v -0.990366 -0.096294 0.001516
v -0.980636 -0.195090 0.001515
vn 0.2850 -0.9569 -0.0549
vn 0.2897 0.0014 0.9571
vn -0.0958 0.9952 0.0208
vn 0.0009 0.0001 -1.0000
vn -0.9524 -0.0975 0.2889
vn -0.9161 -0.2890 0.2779
vn -0.9904 -0.0975 0.0975
vn -0.9527 -0.2890 0.0938
vt 0.092229 0.000000
vt 1.000000 0.000000
vt 1.000000 0.863529
vt 0.693664 0.582418
vt 0.888702 0.444400
vt 0.863529 0.863529
vt 0.000000 0.000000
vt 0.897651 0.000000
vt 0.897651 0.897651
vt 0.943082 0.000000
vt 0.924519 0.606527
vt 0.542213 0.475788
vt 0.056918 0.000000
vt 1.000000 0.907771
vt 0.031250 0.437500
vt 0.046748 0.437500
vt 0.046726 0.468695
vt 0.031250 0.468454
vt 0.046769 0.407498
vt 0.046748 0.437500
vt 0.031250 0.406606
vt 0.000245 0.469151
vt 0.000248 0.437500
vt 0.000248 0.437500
vt 0.000257 0.408187
s 0
usemtl 
f 4097/5801/2033 4087/5802/2033 4099/5803/2033 4098/5804/2033
f 4100/5805/2034 4099/5806/2034 4087/5807/2034 4101/5808/2034
f 4101/5809/2035 4087/5807/2035 4103/5810/2035 4102/5811/2035
f 4104/5812/2036 4103/5813/2036 4087/5802/2036 4097/5814/2036
f 4088/5815/2037 4092/5816/2037 4093/5817/2037 4094/5818/2037
f 4090/5819/2038 4092/5820/2038 4088/5815/2038 4091/5821/2038
f 4095/5822/2039 4096/5823/2039 4088/5815/2039 4094/5818/2039
f 4091/5821/2040 4088/5815/2040 4096/5824/2040 4089/5825/2040
o Sphere_cell.185
v -0.000727 0.004043 0.008941
v 0.180240 0.382683 0.906127
v 0.000000 0.382683 0.923879
v -0.180240 0.382683 0.906127
v -0.193619 0.382683 0.902069
v -0.178965 0.394907 0.899719
v -0.085387 0.464756 0.871601
v -0.092153 0.287103 0.943797
v -0.180927 0.371071 0.909582
v 0.275016 0.277191 0.910657
v 0.186043 0.284624 0.935302
v -0.000000 0.289649 0.952101
v -0.000000 0.468274 0.878130
v 0.316154 0.443318 0.831193
v 0.172044 0.461282 0.864923
v 0.302898 0.382683 0.868919
v -0.193619 0.382683 0.902069
v -0.178965 0.394907 0.899719
v -0.085387 0.464756 0.871601
v -0.092153 0.287103 0.943797
v -0.180927 0.371071 0.909582
v -0.000000 0.289649 0.952101
v 0.275016 0.277191 0.910657
v 0.186043 0.284624 0.935302
v 0.316154 0.443318 0.831193
v 0.172044 0.461282 0.864923
v -0.000000 0.468274 0.878130
v 0.302898 0.382683 0.868919
vn -0.6209 0.6645 -0.4158
vn -0.7088 -0.6914 0.1399
vn 0.0003 -0.9571 0.2898
vn -0.0003 0.8821 -0.4711
vn 0.9289 -0.3196 -0.1872
vn 0.2563 0.4696 0.8448
vn 0.2779 0.2890 0.9161
vn 0.0865 0.4696 0.8786
vn 0.0938 0.2890 0.9527
vn -0.0938 0.2890 0.9527
vn -0.0865 0.4696 0.8786
vn -0.2563 0.4696 0.8448
vn -0.2779 0.2890 0.9161
vt 0.999424 0.857353
vt 0.884164 0.739854
vt 0.171212 0.000000
vt 1.000000 0.000000
vt 0.857929 0.857929
vt 0.000000 0.000000
vt 0.897792 0.000000
vt 0.865117 0.748290
vt 0.897792 0.897792
vt 0.866105 0.000000
vt 0.889740 0.229644
vt 0.905802 0.684557
vt 0.209982 0.000000
vt 1.000000 0.828788
vt 0.829055 0.664127
vt 0.489765 0.312170
vt 0.509306 0.173836
vt 1.000000 0.133895
vt 1.000000 1.000000
vt 0.209982 0.209982
vt 0.281250 0.653414
vt 0.281250 0.625000
vt 0.303366 0.625000
vt 0.307810 0.646920
vt 0.281250 0.592330
vt 0.296679 0.589853
vt 0.250000 0.625000
vt 0.281250 0.653414
vt 0.250000 0.655942
vt 0.250000 0.594004
vt 0.218750 0.625000
vt 0.218750 0.621131
vt 0.234509 0.593156
vt 0.218750 0.629419
vt 0.250000 0.655942
vt 0.234458 0.654670
vt 0.216338 0.625000
vt 0.216326 0.624978
s 0
usemtl 
f 4121/5826/2041 4122/5827/2041 4123/5828/2041 4105/5829/2041
f 4121/5830/2042 4105/5831/2042 4124/5832/2042 4125/5833/2042
f 4124/5834/2043 4105/5831/2043 4127/5835/2043 4128/5836/2043 4126/5837/2043
f 4129/5838/2044 4105/5829/2044 4123/5839/2044 4131/5840/2044 4130/5841/2044
f 4132/5842/2045 4127/5843/2045 4105/5844/2045 4129/5845/2045
f 4119/5846/2046 4106/5847/2046 4120/5848/2046 4118/5849/2046
f 4106/5847/2047 4115/5850/2047 4114/5851/2047 4120/5848/2047
f 4107/5852/2048 4106/5847/2048 4119/5853/2048 4117/5854/2048
f 4115/5850/2049 4106/5847/2049 4107/5852/2049 4116/5855/2049
f 4116/5855/2050 4107/5852/2050 4108/5856/2050 4113/5857/2050 4112/5858/2050
f 4110/5859/2051 4108/5856/2051 4107/5852/2051 4117/5860/2051 4111/5861/2051
f 4109/5862/2052 4108/5856/2052 4110/5859/2052
f 4113/5857/2053 4108/5856/2053 4109/5863/2053
o Sphere_cell.186
v -0.006932 -0.007300 -0.001110
v -0.693520 -0.707107 -0.137950
v -0.688156 -0.688556 -0.207827
v -0.735371 -0.628276 -0.221777
v -0.605662 -0.765781 -0.182470
v -0.673676 -0.707107 -0.203366
v -0.736259 -0.671433 -0.001263
v -0.794647 -0.581469 -0.158065
v -0.707006 -0.707107 -0.001018
v -0.667311 -0.739706 -0.000747
v -0.629713 -0.765560 -0.062623
v -0.620003 -0.768623 -0.123326
v -0.688156 -0.688556 -0.207827
v -0.735371 -0.628276 -0.221777
v -0.605662 -0.765781 -0.182470
v -0.673676 -0.707107 -0.203366
v -0.736259 -0.671433 -0.001263
v -0.794647 -0.581469 -0.158065
v -0.707006 -0.707107 -0.001018
v -0.667311 -0.739706 -0.000747
v -0.629713 -0.765560 -0.062623
v -0.620003 -0.768623 -0.123326
vn 0.2873 0.0034 -0.9578
vn 0.2922 -0.0019 -0.9564
vn -0.3012 0.6129 -0.7305
vn -0.5581 0.6128 0.5594
vn -0.0037 0.0038 1.0000
vn 0.5997 -0.5404 0.5902
vn 0.7575 -0.6346 0.1532
vn -0.7708 -0.6326 -0.0759
vn -0.6332 -0.7715 -0.0624
vn -0.6088 -0.7715 -0.1847
vn -0.7412 -0.6326 -0.2248
vt 0.301739 0.000000
vt 1.000000 0.000000
vt 1.000000 0.653256
vt 0.671070 0.520635
vt 0.653256 0.653256
vt 0.000000 0.000000
vt 0.727429 0.000000
vt 0.244470 0.000000
vt 1.000000 0.698261
vt 1.000000 0.300544
vt 1.000000 1.000000
vt 0.245975 0.244551
vt 1.000000 0.297377
vt 0.300544 0.300544
vt 0.629717 0.295654
vt 1.000000 0.272744
vt 0.297377 0.297377
vt 0.636823 0.269826
vt 1.000000 0.272571
vt 0.272744 0.272744
vt 0.968750 0.301818
vt 0.968750 0.250000
vt 0.999769 0.250000
vt 0.999731 0.264713
vt 0.999817 0.233617
vt 0.999769 0.250000
vt 0.968750 0.219084
vt 0.984225 0.220624
vt 0.953339 0.250000
vt 0.953426 0.220512
vt 0.968750 0.219084
vt 0.968691 0.301905
vt 0.953381 0.282513
vt 0.953322 0.257651
s 0
usemtl 
f 4146/5864/2054 4133/5865/2054 4145/5866/2054
f 4148/5867/2055 4145/5868/2055 4133/5869/2055 4147/5870/2055
f 4150/5871/2056 4133/5865/2056 4146/5872/2056
f 4149/5873/2057 4133/5874/2057 4150/5875/2057
f 4152/5876/2058 4133/5874/2058 4149/5877/2058 4151/5878/2058
f 4153/5879/2059 4133/5874/2059 4152/5880/2059
f 4154/5881/2060 4147/5882/2060 4133/5874/2060 4153/5883/2060
f 4140/5884/2061 4134/5885/2061 4141/5886/2061 4139/5887/2061
f 4142/5888/2062 4141/5889/2062 4134/5885/2062 4144/5890/2062 4143/5891/2062
f 4138/5892/2063 4137/5893/2063 4144/5894/2063 4134/5885/2063
f 4134/5885/2064 4140/5895/2064 4136/5896/2064 4135/5897/2064 4138/5892/2064
o Sphere_cell.187
v 0.004301 -0.013414 0.004284
v 0.318190 -0.923880 0.212608
v 0.270598 -0.923880 0.270598
v 0.388393 -0.891567 0.208889
v 0.335429 -0.923880 0.180354
v 0.275778 -0.944528 0.148249
v 0.362738 -0.876336 0.297858
v 0.376929 -0.886119 0.251856
v 0.225015 -0.951262 0.184534
v 0.204889 -0.952068 0.204889
v 0.185455 -0.951346 0.223905
v 0.249941 -0.948779 0.167005
v 0.298313 -0.876267 0.362531
v 0.331067 -0.878170 0.331067
v 0.242359 -0.923880 0.293773
v 0.388393 -0.891567 0.208889
v 0.335429 -0.923880 0.180354
v 0.275778 -0.944528 0.148249
v 0.376929 -0.886119 0.251856
v 0.362738 -0.876336 0.297858
v 0.225015 -0.951262 0.184534
v 0.204889 -0.952068 0.204889
v 0.185455 -0.951346 0.223905
v 0.249941 -0.948779 0.167005
v 0.331067 -0.878170 0.331067
v 0.298313 -0.876267 0.362531
v 0.242359 -0.923880 0.293773
vn 0.4734 0.0018 -0.8808
vn 0.8847 0.4293 0.1816
vn -0.6749 -0.2893 -0.6788
vn -0.5336 -0.2790 -0.7984
vn 0.6251 0.4713 0.6222
vn -0.7750 -0.0017 0.6319
vn 0.4173 -0.8810 0.2230
vn 0.2571 -0.9565 0.1374
vn 0.3658 -0.8810 0.3002
vn 0.2254 -0.9565 0.1850
vn 0.3002 -0.8810 0.3658
vn 0.1850 -0.9565 0.2254
vt 1.000000 0.000000
vt 1.000000 0.847276
vt 0.555935 0.434511
vt 0.101375 0.000000
vt 0.847276 0.847276
vt 0.000000 0.000000
vt 0.832391 0.000000
vt 0.841929 0.443932
vt 1.000000 0.904814
vt 0.535749 0.441124
vt 0.095528 0.000000
vt 0.902568 0.464653
vt 0.904814 0.904814
vt 0.898625 0.000000
vt 1.000000 0.167609
vt 1.000000 1.000000
vt 0.167375 0.167375
vt 0.580644 0.165688
vt 1.000000 0.167375
vt 0.095528 0.095528
vt 0.528443 0.121744
vt 0.406250 0.150539
vt 0.406250 0.125000
vt 0.421484 0.125000
vt 0.421462 0.146854
vt 0.406250 0.097653
vt 0.421501 0.102321
vt 0.375000 0.155915
vt 0.375000 0.125000
vt 0.390582 0.157155
vt 0.375000 0.094040
vt 0.390680 0.094925
vt 0.359783 0.125000
vt 0.359582 0.157202
vt 0.360092 0.094834
s 0
usemtl 
f 4155/5898/2065 4170/5899/2065 4171/5900/2065 4172/5901/2065
f 4170/5902/2066 4155/5903/2066 4174/5904/2066 4173/5905/2066
f 4155/5898/2067 4175/5906/2067 4176/5907/2067 4177/5908/2067
f 4178/5909/2068 4175/5910/2068 4155/5903/2068 4172/5911/2068
f 4174/5912/2069 4155/5913/2069 4180/5914/2069 4179/5915/2069
f 4180/5916/2070 4155/5913/2070 4177/5917/2070 4181/5918/2070
f 4162/5919/2071 4156/5920/2071 4159/5921/2071 4158/5922/2071
f 4156/5920/2072 4166/5923/2072 4160/5924/2072 4159/5921/2072
f 4168/5925/2073 4157/5926/2073 4156/5920/2073 4162/5919/2073 4161/5927/2073
f 4156/5920/2074 4157/5926/2074 4164/5928/2074 4163/5929/2074 4166/5923/2074
f 4169/5930/2075 4157/5926/2075 4168/5925/2075 4167/5931/2075
f 4164/5928/2076 4157/5926/2076 4169/5930/2076 4165/5932/2076
o Sphere_cell.188
v 0.002364 -0.014045 -0.009931
v 0.108386 -0.831470 -0.544895
v 0.062725 -0.767018 -0.627926
v 0.055347 -0.831470 -0.550119
v 0.047623 -0.875236 -0.468998
v 0.091756 -0.877034 -0.461287
v 0.136068 -0.875139 -0.451534
v 0.182115 -0.766990 -0.604239
v 0.159546 -0.831470 -0.529376
v 0.123012 -0.769943 -0.618424
v 0.062725 -0.767018 -0.627926
v 0.055347 -0.831470 -0.550119
v 0.047623 -0.875236 -0.468998
v 0.091756 -0.877034 -0.461287
v 0.136068 -0.875139 -0.451534
v 0.182115 -0.766990 -0.604239
v 0.159546 -0.831470 -0.529376
v 0.123012 -0.769943 -0.618424
vn -0.9954 -0.0014 -0.0955
vn -0.1704 -0.4705 0.8658
vn 0.9573 0.0004 0.2890
vn 0.1503 0.6344 -0.7583
vn 0.0464 -0.8810 -0.4709
vn 0.0624 -0.7715 -0.6332
vn 0.1847 -0.7715 -0.6088
vn 0.1374 -0.8810 -0.4528
vt 1.000000 1.000000
vt 0.272827 0.272827
vt 0.649361 0.210986
vt 1.000000 0.169079
vt 0.581003 0.167201
vt 1.000000 0.168886
vt 0.169079 0.169079
vt 1.000000 0.273300
vt 0.168886 0.168886
vt 0.560970 0.211050
vt 0.273300 0.273300
vt 0.634479 0.270226
vt 1.000000 0.272827
vt 0.733896 0.157899
vt 0.734042 0.187500
vt 0.718750 0.187500
vt 0.718750 0.156683
vt 0.734042 0.187500
vt 0.734155 0.219891
vt 0.718750 0.218421
vt 0.703410 0.187500
vt 0.703409 0.219905
vt 0.703416 0.157965
s 0
usemtl 
f 4182/5933/2077 4192/5934/2077 4193/5935/2077 4194/5936/2077
f 4195/5937/2078 4196/5938/2078 4182/5933/2078 4194/5939/2078
f 4197/5940/2079 4182/5933/2079 4196/5941/2079 4198/5942/2079
f 4182/5933/2080 4197/5943/2080 4199/5944/2080 4192/5945/2080
f 4186/5946/2081 4185/5947/2081 4183/5948/2081 4187/5949/2081
f 4183/5948/2082 4185/5950/2082 4184/5951/2082 4191/5952/2082
f 4190/5953/2083 4183/5948/2083 4191/5952/2083 4189/5954/2083
f 4188/5955/2084 4187/5949/2084 4183/5948/2084 4190/5953/2084
o Sphere_cell.189
v -0.005453 0.008057 -0.000615
v -0.007192 0.013283 -0.002276
v -0.544895 0.831470 -0.108386
v -0.589463 0.764042 -0.243136
v -0.618463 0.769911 -0.123020
v -0.628167 0.766880 -0.061992
v -0.493368 0.864655 -0.001175
v -0.605177 0.790685 -0.000908
v -0.555468 0.831470 -0.001038
v -0.513470 0.831470 -0.211979
v -0.440356 0.873761 -0.181747
v -0.423320 0.890852 -0.128290
v -0.446446 0.885123 -0.088804
v -0.589463 0.764042 -0.243136
v -0.618463 0.769911 -0.123020
v -0.628167 0.766880 -0.061992
v -0.493368 0.864655 -0.001175
v -0.555468 0.831470 -0.001038
v -0.605177 0.790685 -0.000908
v -0.513470 0.831470 -0.211979
v -0.440356 0.873761 -0.181747
v -0.423320 0.890852 -0.128290
v -0.446446 0.885123 -0.088804
vn -0.7580 -0.6343 -0.1520
vn 0.0068 -0.3007 -0.9537
vn 0.7287 0.4154 0.5445
vn 0.0014 0.0015 1.0000
vn -0.6997 -0.5360 0.4723
vn 0.3813 -0.0010 -0.9244
vn 0.8544 0.3500 -0.3842
vn 0.7512 0.4283 0.5022
vn -0.4709 0.8810 -0.0464
vn -0.6332 0.7715 -0.0624
vn -0.4528 0.8810 -0.1374
vn -0.6088 0.7715 -0.1847
vt 1.000000 0.274538
vt 1.000000 1.000000
vt 0.271904 0.271904
vt 0.512088 0.268967
vt 1.000000 0.000000
vt 0.275636 0.000000
vt 1.000000 0.178184
vt 0.000000 0.000000
vt 0.605106 0.209931
vt 1.000000 0.248979
vt 0.178184 0.178184
vt 1.000000 0.271904
vt 0.248979 0.248979
vt 1.000000 0.724364
vt 0.546504 0.335562
vt 0.170195 0.000000
vt 1.000000 0.153550
vt 0.170195 0.170195
vt 1.000000 0.179006
vt 0.153550 0.153550
vt 0.417088 0.159159
vt 0.999516 0.834998
vt 0.968750 0.848788
vt 0.968750 0.812500
vt 0.999701 0.812500
vt 0.999764 0.792003
vt 0.999701 0.812500
vt 0.968750 0.781563
vt 0.984344 0.780040
vt 0.937704 0.841104
vt 0.937688 0.812500
vt 0.953167 0.852663
vt 0.937739 0.778614
vt 0.968750 0.781563
vt 0.937688 0.812500
s 0
usemtl 
f 4213/5956/2085 4200/5957/2085 4215/5958/2085 4214/5959/2085
f 4201/5960/2086 4200/5957/2086 4213/5961/2086
f 4216/5962/2087 4200/5957/2087 4201/5963/2087
f 4217/5964/2088 4218/5965/2088 4200/5957/2088 4216/5966/2088
f 4215/5967/2089 4200/5957/2089 4218/5968/2089
f 4201/5960/2090 4213/5969/2090 4219/5970/2090 4220/5971/2090
f 4221/5972/2091 4201/5957/2091 4220/5973/2091
f 4216/5974/2092 4201/5957/2092 4221/5975/2092 4222/5976/2092
f 4206/5977/2093 4212/5978/2093 4202/5979/2093 4208/5980/2093
f 4207/5981/2094 4208/5982/2094 4202/5979/2094 4204/5983/2094 4205/5984/2094
f 4210/5985/2095 4209/5986/2095 4202/5979/2095 4212/5978/2095 4211/5987/2095
f 4203/5988/2096 4204/5989/2096 4202/5979/2096 4209/5990/2096
o Sphere_cell.190
v 0.005430 -0.007067 0.008413
v 0.461940 -0.555570 0.691342
v 0.363385 -0.627072 0.677804
v 0.390948 -0.555570 0.729287
v 0.413377 -0.466267 0.771163
v 0.487370 -0.469936 0.729400
v 0.554308 -0.466666 0.676715
v 0.487356 -0.626913 0.595106
v 0.524316 -0.555570 0.640151
v 0.427734 -0.630591 0.640150
v 0.390948 -0.555570 0.729287
v 0.413377 -0.466267 0.771163
v 0.363385 -0.627072 0.677804
v 0.487370 -0.469936 0.729400
v 0.554308 -0.466666 0.676715
v 0.487356 -0.626913 0.595106
v 0.524316 -0.555570 0.640151
v 0.427734 -0.630591 0.640150
vn -0.8817 0.0002 0.4717
vn 0.2639 0.8822 0.3900
vn 0.7729 0.0003 -0.6346
vn -0.3513 -0.7731 -0.5282
vn 0.5601 -0.4696 0.6825
vn 0.4913 -0.6326 0.5987
vn 0.4162 -0.4696 0.7786
vn 0.3651 -0.6326 0.6831
vt 0.732106 0.732106
vt 0.000000 0.000000
vt 0.642571 0.000000
vt 0.691951 0.352875
vt 0.358326 0.000000
vt 1.000000 0.000000
vt 1.000000 0.732106
vt 0.677129 0.369262
vt 1.000000 0.405481
vt 1.000000 1.000000
vt 0.358326 0.358326
vt 0.690362 0.376987
vt 0.405481 0.405481
vt 0.701368 0.377836
vt 1.000000 0.357429
vt 0.343750 0.343458
vt 0.343750 0.312500
vt 0.359221 0.312500
vt 0.359227 0.344640
vt 0.359210 0.283075
vt 0.359221 0.312500
vt 0.343750 0.281558
vt 0.328314 0.344784
vt 0.328317 0.312500
vt 0.343750 0.281558
vt 0.328317 0.312500
vt 0.328324 0.283010
s 0
usemtl 
f 4234/5991/2097 4223/5992/2097 4235/5993/2097 4233/5994/2097
f 4237/5995/2098 4223/5996/2098 4234/5997/2098 4236/5998/2098
f 4238/5999/2099 4223/6000/2099 4237/6001/2099 4239/6002/2099
f 4223/6000/2100 4238/6003/2100 4240/6004/2100 4235/6005/2100
f 4228/6006/2101 4224/6007/2101 4231/6008/2101 4229/6009/2101
f 4230/6010/2102 4231/6011/2102 4224/6007/2102 4232/6012/2102
f 4227/6013/2103 4226/6014/2103 4224/6007/2103 4228/6006/2103
f 4232/6015/2104 4224/6007/2104 4226/6016/2104 4225/6017/2104
o Sphere_cell.191
v 0.009071 -0.004158 -0.003248
v 0.853553 -0.382683 -0.353553
v 0.906127 -0.382683 -0.180240
v 0.772740 -0.464732 -0.412158
v 0.811367 -0.468111 -0.336079
v 0.838145 -0.464500 -0.254420
v 0.811249 -0.382683 -0.432700
v 0.836658 -0.287338 -0.446223
v 0.879623 -0.289661 -0.364352
v 0.907339 -0.286942 -0.275813
v 0.909844 -0.370192 -0.180979
v 0.907428 -0.382683 -0.167030
v 0.900003 -0.394366 -0.179022
v 0.811367 -0.468111 -0.336079
v 0.838145 -0.464500 -0.254420
v 0.772740 -0.464732 -0.412158
v 0.811249 -0.382683 -0.432700
v 0.836658 -0.287338 -0.446223
v 0.879623 -0.289661 -0.364352
v 0.907339 -0.286942 -0.275813
v 0.909844 -0.370192 -0.180979
v 0.907428 -0.382683 -0.167030
v 0.900003 -0.394366 -0.179022
vn -0.4348 -0.8821 0.1816
vn -0.4717 0.0007 -0.8817
vn 0.2670 0.9570 -0.1130
vn 0.3992 0.6884 0.6056
vn -0.1451 -0.6623 0.7351
vn 0.8443 -0.2890 -0.4513
vn 0.7786 -0.4696 -0.4162
vn 0.8448 -0.4696 -0.2563
vn 0.9161 -0.2890 -0.2779
vn 0.9527 -0.2890 -0.0938
vn 0.8786 -0.4696 -0.0865
vt 0.203814 0.000000
vt 1.000000 0.000000
vt 1.000000 0.733662
vt 0.600330 0.370945
vt 0.000000 0.000000
vt 0.795417 0.000000
vt 0.770828 0.383060
vt 0.733662 0.733662
vt 0.795417 0.795417
vt 0.862910 0.000000
vt 0.836491 0.401939
vt 0.865164 0.113624
vt 0.862910 0.862910
vt 0.863164 0.000000
vt 0.136836 0.000000
vt 1.000000 0.796186
vt 0.256989 0.112665
vt 0.562500 0.405992
vt 0.562500 0.375000
vt 0.577985 0.375000
vt 0.577980 0.406766
vt 0.562500 0.344117
vt 0.577984 0.345339
vt 0.562500 0.344117
vt 0.531250 0.375000
vt 0.531250 0.370777
vt 0.546905 0.345422
vt 0.531250 0.379162
vt 0.546967 0.406898
vt 0.528960 0.375000
vt 0.531250 0.370776
s 0
usemtl 
f 4255/6018/2105 4241/6019/2105 4256/6020/2105 4254/6021/2105
f 4241/6022/2106 4258/6023/2106 4257/6024/2106 4256/6025/2106
f 4258/6026/2107 4241/6022/2107 4260/6027/2107 4259/6028/2107
f 4261/6029/2108 4260/6030/2108 4241/6022/2108 4262/6031/2108
f 4262/6032/2109 4241/6019/2109 4255/6033/2109 4263/6034/2109
f 4249/6035/2110 4242/6036/2110 4247/6037/2110 4248/6038/2110
f 4242/6036/2111 4245/6039/2111 4244/6040/2111 4247/6037/2111
f 4245/6041/2112 4242/6036/2112 4243/6042/2112 4253/6043/2112 4246/6044/2112
f 4251/6045/2113 4243/6042/2113 4242/6036/2113 4249/6035/2113 4250/6046/2113
f 4252/6047/2114 4243/6042/2114 4251/6045/2114
f 4252/6047/2115 4253/6048/2115 4243/6042/2115
o Sphere_cell.192
v 0.001939 0.030722 0.009970
v 0.001863 0.013374 0.004761
v 0.146447 0.923880 0.353553
v 0.074658 0.923880 0.375330
v 0.047033 0.876434 0.466815
v 0.038354 0.923880 0.378906
v 0.029514 0.951309 0.289352
v 0.136429 0.876116 0.449523
v 0.091407 0.877990 0.459533
v 0.206877 0.891723 0.389140
v 0.173516 0.886071 0.418904
v 0.147157 0.944362 0.276980
v 0.115209 0.948641 0.278138
v 0.055921 0.953517 0.279406
v 0.178740 0.923880 0.336292
v 0.047033 0.876434 0.466815
v 0.038354 0.923880 0.378906
v 0.029514 0.951309 0.289352
v 0.136429 0.876116 0.449523
v 0.091407 0.877990 0.459533
v 0.206877 0.891723 0.389140
v 0.173516 0.886071 0.418904
v 0.147157 0.944362 0.276980
v 0.115209 0.948641 0.278138
v 0.178740 0.923880 0.336292
v 0.055921 0.953517 0.279406
vn -0.9952 -0.0000 0.0982
vn -0.9783 -0.0556 0.1995
vn 0.1658 -0.4725 0.8656
vn 0.6409 -0.4284 0.6370
vn 0.0026 0.2803 -0.9599
vn -0.1449 0.2851 -0.9475
vn -0.3587 0.2809 -0.8902
vn 0.8826 -0.0003 -0.4701
vn 0.1374 0.9565 0.2571
vn 0.2230 0.8810 0.4173
vn 0.0846 0.9565 0.2790
vn 0.1374 0.8810 0.4528
vn 0.0464 0.8810 0.4709
vn 0.0289 0.9566 0.2900
vt 1.000000 0.000000
vt 1.000000 0.829981
vt 0.529230 0.405808
vt 0.096472 0.000000
vt 0.000000 0.000000
vt 0.829982 0.829982
vt 0.832544 0.832544
vt 0.832357 0.000000
vt 0.834248 0.422592
vt 0.842090 0.399223
vt 0.832357 0.832357
vt 0.847661 0.000000
vt 0.101721 0.000000
vt 1.000000 0.906893
vt 0.417174 0.319506
vt 0.906893 0.906893
vt 0.905312 0.905312
vt 0.903528 0.000000
vt 0.555361 0.121396
vt 1.000000 0.152339
vt 1.000000 1.000000
vt 0.101721 0.101721
vt 0.312500 0.902196
vt 0.312500 0.875000
vt 0.327753 0.875000
vt 0.327729 0.897496
vt 0.312500 0.849429
vt 0.327765 0.853251
vt 0.281250 0.875000
vt 0.312500 0.902196
vt 0.281250 0.907542
vt 0.281250 0.843964
vt 0.296897 0.842696
vt 0.266054 0.875000
vt 0.266005 0.842712
vt 0.266176 0.905127
s 0
usemtl 
f 4264/6049/2116 4279/6050/2116 4280/6051/2116 4281/6052/2116
f 4264/6053/2117 4265/6049/2117 4279/6054/2117
f 4279/6055/2118 4265/6053/2118 4282/6056/2118 4283/6057/2118
f 4285/6058/2119 4282/6059/2119 4265/6053/2119 4284/6060/2119
f 4286/6061/2120 4265/6049/2120 4289/6062/2120 4287/6063/2120
f 4264/6049/2121 4289/6064/2121 4265/6053/2121
f 4289/6065/2122 4264/6053/2122 4281/6066/2122
f 4288/6067/2123 4284/6068/2123 4265/6069/2123 4286/6070/2123
f 4276/6071/2124 4266/6072/2124 4278/6073/2124 4275/6074/2124
f 4278/6073/2125 4266/6072/2125 4274/6075/2125 4273/6076/2125
f 4267/6077/2126 4266/6072/2126 4276/6078/2126 4277/6079/2126
f 4274/6075/2127 4266/6072/2127 4267/6077/2127 4272/6080/2127 4271/6081/2127
f 4272/6080/2128 4267/6077/2128 4269/6082/2128 4268/6083/2128
f 4269/6082/2129 4267/6077/2129 4277/6079/2129 4270/6084/2129
o Sphere_cell.193
v 0.008260 0.011902 0.005779
v 0.006202 0.006897 0.004016
v 0.587938 0.707107 0.392847
v 0.616349 0.739365 0.256712
v 0.675992 0.676412 0.281289
v 0.652695 0.707107 0.271695
v 0.680015 0.671093 0.282979
v 0.676861 0.628518 0.362643
v 0.631076 0.631303 0.437875
v 0.639203 0.631979 0.427102
v 0.593915 0.629131 0.485951
v 0.489563 0.766068 0.400014
v 0.544765 0.707107 0.445454
v 0.504659 0.789262 0.337284
v 0.675992 0.676412 0.281289
v 0.652695 0.707107 0.271695
v 0.616349 0.739365 0.256712
v 0.680015 0.671093 0.282979
v 0.676861 0.628518 0.362643
v 0.639203 0.631979 0.427102
v 0.631076 0.631303 0.437875
v 0.489563 0.766068 0.400014
v 0.544765 0.707107 0.445454
v 0.593915 0.629131 0.485951
v 0.504659 0.789262 0.337284
vn -0.0161 0.3381 -0.9410
vn 0.3818 0.0009 -0.9243
vn 0.3845 -0.0024 -0.9231
vn 0.7298 -0.6146 -0.2995
vn 0.5289 -0.7729 0.3505
vn 0.5184 -0.7730 0.3658
vn -0.6207 -0.0207 0.7837
vn -0.6348 0.0012 0.7727
vn -0.8422 0.5392 -0.0033
vn -0.3218 0.5378 -0.7792
vn 0.6831 0.6326 0.3651
vn 0.5611 0.7715 0.2999
vn 0.4918 0.7715 0.4036
vn 0.5987 0.6326 0.4913
vt 0.000000 0.000000
vt 1.000000 0.297736
vt 1.000000 1.000000
vt 1.000000 0.358248
vt 0.297736 0.297736
vt 0.690711 0.328751
vt 0.358248 0.358248
vt 1.000000 0.354157
vt 0.354157 0.354157
vt 1.000000 0.357338
vt 0.357338 0.357338
vt 0.901423 0.393659
vt 1.000000 0.401489
vt 0.401489 0.401489
vt 1.000000 0.404081
vt 0.405375 0.000000
vt 1.000000 0.000000
vt 1.000000 0.273691
vt 0.405375 0.405375
vt 0.712121 0.330380
vt 1.000000 0.250830
vt 0.273692 0.273692
vt 1.000000 0.298920
vt 0.251218 0.250849
vt 0.437247 0.737340
vt 0.437220 0.750000
vt 0.406250 0.750000
vt 0.406250 0.719014
vt 0.421719 0.717587
vt 0.437243 0.735146
vt 0.437119 0.766343
vt 0.406250 0.791278
vt 0.437220 0.750000
vt 0.406232 0.791288
vt 0.390966 0.779632
vt 0.390908 0.750000
vt 0.390864 0.717560
vt 0.403448 0.718735
vt 0.390908 0.750000
s 0
usemtl 
f 4290/6085/2130 4306/6086/2130 4291/6087/2130
f 4304/6088/2131 4291/6087/2131 4306/6089/2131 4305/6090/2131
f 4304/6091/2132 4307/6092/2132 4291/6087/2132
f 4291/6087/2133 4307/6093/2133 4308/6094/2133
f 4291/6087/2134 4308/6095/2134 4309/6096/2134 4310/6097/2134
f 4291/6087/2135 4310/6098/2135 4313/6099/2135
f 4313/6100/2136 4290/6101/2136 4291/6087/2136
f 4311/6102/2137 4290/6087/2137 4313/6103/2137 4312/6104/2137
f 4314/6105/2138 4290/6087/2138 4311/6106/2138
f 4306/6107/2139 4290/6087/2139 4314/6108/2139
f 4294/6109/2140 4295/6110/2140 4292/6111/2140 4299/6112/2140 4297/6113/2140 4296/6114/2140
f 4293/6115/2141 4303/6116/2141 4292/6111/2141 4295/6117/2141
f 4303/6118/2142 4301/6119/2142 4302/6120/2142 4292/6111/2142
f 4300/6121/2143 4298/6122/2143 4299/6112/2143 4292/6111/2143 4302/6123/2143
o Sphere_cell.194
v 0.010050 -0.010951 0.002440
v 0.693520 -0.707107 0.137950
v 0.700229 -0.707107 0.069833
v 0.629795 -0.765463 0.062996
v 0.763655 -0.629008 0.076609
v 0.734941 -0.628651 0.222140
v 0.753644 -0.632410 0.149909
v 0.673594 -0.707107 0.203635
v 0.605435 -0.765821 0.183056
v 0.620030 -0.768600 0.123332
v 0.700229 -0.707107 0.069833
v 0.629795 -0.765463 0.062996
v 0.763655 -0.629008 0.076609
v 0.753644 -0.632410 0.149909
v 0.734941 -0.628651 0.222140
v 0.673594 -0.707107 0.203635
v 0.605435 -0.765821 0.183056
v 0.620030 -0.768600 0.123332
vn 0.0969 -0.0003 -0.9953
vn 0.1013 0.0041 -0.9949
vn 0.6223 0.7733 0.1209
vn -0.2895 0.0006 0.9572
vn -0.7572 -0.6344 -0.1555
vn 0.7708 -0.6326 0.0759
vn 0.6332 -0.7715 0.0624
vn 0.7412 -0.6326 0.2248
vn 0.6088 -0.7715 0.1847
vt 1.000000 0.000000
vt 0.965853 0.635592
vt 0.273633 0.000000
vt 0.000000 0.000000
vt 0.724827 0.000000
vt 0.666344 0.666344
vt 0.724827 0.724827
vt 0.697227 0.000000
vt 0.715207 0.366090
vt 0.726201 0.000000
vt 0.719313 0.335769
vt 0.697227 0.697227
vt 0.726201 0.726201
vt 0.726367 0.000000
vt 0.729131 0.363514
vt 0.468750 0.250000
vt 0.484182 0.251445
vt 0.484088 0.282211
vt 0.468750 0.280808
vt 0.484134 0.220672
vt 0.484181 0.250000
vt 0.468750 0.219096
vt 0.453275 0.250000
vt 0.468750 0.280808
vt 0.453284 0.282358
vt 0.453276 0.250000
vt 0.453269 0.220493
s 0
usemtl 
f 4315/6124/2144 4325/6125/2144 4326/6126/2144
f 4315/6127/2145 4327/6128/2145 4325/6129/2145
f 4327/6130/2146 4315/6127/2146 4329/6131/2146 4328/6132/2146
f 4331/6133/2147 4330/6134/2147 4329/6135/2147 4315/6127/2147
f 4331/6136/2148 4315/6127/2148 4326/6137/2148 4332/6138/2148
f 4316/6139/2149 4317/6140/2149 4319/6141/2149 4321/6142/2149
f 4318/6143/2150 4317/6144/2150 4316/6139/2150 4324/6145/2150
f 4322/6146/2151 4316/6139/2151 4321/6147/2151 4320/6148/2151
f 4322/6149/2152 4323/6150/2152 4324/6145/2152 4316/6139/2152
o Sphere_cell.195
v 0.007858 -0.018100 0.001062
v 0.004180 -0.010563 0.001255
v 0.375330 -0.923880 0.074658
v 0.353553 -0.923880 0.146447
v 0.467081 -0.876328 0.046351
v 0.449108 -0.876314 0.136528
v 0.459142 -0.878203 0.091329
v 0.389250 -0.891784 0.206428
v 0.418674 -0.886204 0.173420
v 0.453177 -0.886140 0.001136
v 0.382587 -0.923880 0.000980
v 0.300700 -0.948724 0.000833
v 0.268910 -0.954363 0.080967
v 0.279307 -0.953578 0.055558
v 0.276674 -0.944584 0.146188
v 0.272942 -0.950347 0.113056
v 0.336565 -0.923880 0.178230
v 0.467081 -0.876328 0.046351
v 0.459142 -0.878203 0.091329
v 0.449108 -0.876314 0.136528
v 0.389250 -0.891784 0.206428
v 0.418674 -0.886204 0.173420
v 0.453177 -0.886140 0.001136
v 0.382587 -0.923880 0.000980
v 0.268910 -0.954363 0.080967
v 0.279307 -0.953578 0.055558
v 0.300700 -0.948724 0.000833
v 0.276674 -0.944584 0.146188
v 0.272942 -0.950347 0.113056
v 0.336565 -0.923880 0.178230
vn 0.8338 0.4276 -0.3492
vn 0.8649 0.4714 0.1723
vn 0.6376 0.4278 0.6407
vn 0.0017 0.0008 -1.0000
vn 0.6725 0.3449 -0.6549
vn -0.1445 -0.0452 -0.9885
vn -0.8855 -0.2797 -0.3710
vn -0.9549 -0.2550 0.1519
vn -0.4715 -0.0007 0.8818
vn 0.4709 -0.8810 0.0464
vn 0.2902 -0.9565 0.0286
vn 0.4528 -0.8810 0.1374
vn 0.2790 -0.9565 0.0846
vn 0.4173 -0.8810 0.2231
vn 0.2571 -0.9565 0.1374
vt 0.157797 0.000000
vt 1.000000 0.000000
vt 1.000000 0.833000
vt 0.833000 0.833000
vt 0.000000 0.000000
vt 0.832941 0.000000
vt 0.834782 0.420237
vt 0.842510 0.398375
vt 0.832941 0.832941
vt 0.847926 0.000000
vt 1.000000 0.841063
vt 0.560086 0.437911
vt 0.097930 0.000000
vt 0.841063 0.841063
vt 1.000000 0.097187
vt 1.000000 1.000000
vt 1.000000 0.091708
vt 0.097187 0.097187
vt 0.712769 0.092479
vt 1.000000 0.101824
vt 0.091708 0.091708
vt 0.536914 0.095918
vt 0.558287 0.121464
vt 1.000000 0.152074
vt 0.101824 0.101824
vt 0.499592 0.150534
vt 0.484258 0.157161
vt 0.468750 0.155892
vt 0.468750 0.125000
vt 0.499590 0.125000
vt 0.499564 0.097751
vt 0.468750 0.092381
vt 0.437500 0.150481
vt 0.437500 0.125000
vt 0.453030 0.157170
vt 0.453453 0.091520
vt 0.468750 0.092381
vt 0.437500 0.095930
vt 0.437500 0.150481
vt 0.422398 0.146707
vt 0.422488 0.125000
vt 0.437500 0.095930
vt 0.422629 0.102261
s 0
usemtl 
f 4355/6151/2153 4334/6152/2153 4350/6153/2153
f 4350/6154/2154 4334/6155/2154 4352/6156/2154 4351/6157/2154
f 4354/6158/2155 4352/6159/2155 4334/6155/2155 4353/6160/2155
f 4333/6152/2156 4355/6161/2156 4356/6162/2156 4359/6163/2156
f 4355/6164/2157 4333/6155/2157 4334/6152/2157
f 4333/6155/2158 4359/6165/2158 4334/6166/2158
f 4357/6167/2159 4334/6166/2159 4359/6168/2159 4358/6169/2159
f 4360/6170/2160 4334/6166/2160 4357/6171/2160 4361/6172/2160
f 4362/6173/2161 4353/6174/2161 4334/6166/2161 4360/6175/2161
f 4342/6176/2162 4337/6177/2162 4339/6178/2162 4335/6179/2162 4343/6180/2162
f 4344/6181/2163 4343/6180/2163 4335/6179/2163 4346/6182/2163
f 4341/6183/2164 4336/6184/2164 4335/6179/2164 4339/6178/2164 4338/6185/2164
f 4345/6186/2165 4346/6187/2165 4335/6179/2165 4336/6184/2165 4348/6188/2165
f 4336/6184/2166 4341/6189/2166 4340/6190/2166 4349/6191/2166
f 4348/6192/2167 4336/6184/2167 4349/6191/2167 4347/6193/2167
o Sphere_cell.196
v 0.000096 -0.005952 -0.010307
v 0.000000 -0.555570 -0.831470
v -0.074526 -0.626638 -0.765805
v 0.000000 -0.630342 -0.770106
v 0.074658 -0.626835 -0.765631
v 0.085030 -0.465895 -0.871027
v 0.080360 -0.555570 -0.823555
v -0.084852 -0.465560 -0.871223
v 0.000000 -0.397063 -0.916193
v -0.080190 -0.555570 -0.823571
v -0.074526 -0.626638 -0.765805
v 0.000000 -0.630342 -0.770106
v 0.074658 -0.626835 -0.765631
v 0.085030 -0.465895 -0.871027
v 0.080360 -0.555570 -0.823555
v -0.084852 -0.465560 -0.871223
v 0.000000 -0.397063 -0.916193
v -0.080190 -0.555570 -0.823571
vn -0.0018 -0.7726 0.6349
vn 0.9952 0.0001 0.0981
vn 0.6902 0.6643 -0.2869
vn -0.6892 0.6652 -0.2871
vn -0.9952 0.0003 0.0980
vn 0.0865 -0.4696 -0.8786
vn 0.0759 -0.6326 -0.7708
vn -0.0865 -0.4696 -0.8786
vn -0.0759 -0.6326 -0.7708
vt 0.634253 0.269247
vt 1.000000 0.273566
vt 1.000000 1.000000
vt 0.273368 0.273368
vt 1.000000 0.172307
vt 0.273566 0.273566
vt 0.615340 0.217908
vt 0.172306 0.172306
vt 1.000000 0.128586
vt 0.131782 0.128700
vt 1.000000 0.172247
vt 1.000000 0.273368
vt 0.172247 0.172247
vt 0.603891 0.217938
vt 0.734512 0.344919
vt 0.734519 0.312500
vt 0.750000 0.312500
vt 0.749943 0.369902
vt 0.734529 0.283107
vt 0.750000 0.281661
vt 0.765453 0.345039
vt 0.750000 0.369802
vt 0.765449 0.312500
vt 0.765440 0.283189
vt 0.750000 0.281661
s 0
usemtl 
f 4374/6194/2168 4375/6195/2168 4363/6196/2168 4373/6197/2168
f 4376/6198/2169 4363/6196/2169 4375/6199/2169 4377/6200/2169
f 4363/6196/2170 4376/6201/2170 4379/6202/2170
f 4363/6196/2171 4379/6203/2171 4378/6204/2171
f 4373/6205/2172 4363/6196/2172 4378/6206/2172 4380/6207/2172
f 4368/6208/2173 4369/6209/2173 4364/6210/2173 4371/6211/2173
f 4364/6210/2174 4369/6209/2174 4367/6212/2174 4366/6213/2174
f 4370/6214/2175 4371/6215/2175 4364/6210/2175 4372/6216/2175
f 4365/6217/2176 4372/6216/2176 4364/6210/2176 4366/6218/2176
o Sphere_cell.197
v 0.003671 -0.013974 0.009437
v 0.212607 -0.831470 0.513280
v 0.183969 -0.767072 0.603572
v 0.241276 -0.769988 0.582492
v 0.296616 -0.767017 0.556998
v 0.161235 -0.831470 0.528863
v 0.137577 -0.875135 0.451083
v 0.259810 -0.831470 0.488050
v 0.221584 -0.875056 0.416465
v 0.180041 -0.876956 0.434658
v 0.241276 -0.769988 0.582492
v 0.296616 -0.767017 0.556998
v 0.183969 -0.767072 0.603572
v 0.161235 -0.831470 0.528863
v 0.137577 -0.875135 0.451083
v 0.259810 -0.831470 0.488050
v 0.221584 -0.875056 0.416465
v 0.180041 -0.876956 0.434658
vn 0.2951 0.6343 0.7145
vn -0.9568 0.0004 0.2908
vn 0.8820 0.0004 -0.4713
vn -0.3358 -0.4707 -0.8159
vn 0.2999 -0.7715 0.5611
vn 0.2230 -0.8810 0.4173
vn 0.1847 -0.7715 0.6088
vn 0.1374 -0.8810 0.4528
vt 0.273130 0.000000
vt 1.000000 0.000000
vt 1.000000 0.727129
vt 0.634765 0.364607
vt 0.789295 0.350341
vt 0.727129 0.727129
vt 0.000000 0.000000
vt 0.831445 0.000000
vt 0.168683 0.000000
vt 1.000000 0.726870
vt 0.560558 0.349727
vt 0.582646 0.166822
vt 1.000000 0.168555
vt 1.000000 1.000000
vt 0.168683 0.168683
vt 0.327880 0.219891
vt 0.312500 0.218398
vt 0.312500 0.187500
vt 0.327857 0.187500
vt 0.312500 0.156736
vt 0.327822 0.158021
vt 0.297096 0.187500
vt 0.297086 0.219864
vt 0.312500 0.156736
vt 0.297096 0.187500
vt 0.297114 0.157968
s 0
usemtl 
f 4392/6219/2177 4381/6220/2177 4393/6221/2177 4391/6222/2177
f 4394/6223/2178 4393/6224/2178 4381/6225/2178 4395/6226/2178
f 4397/6227/2179 4381/6220/2179 4392/6228/2179 4396/6229/2179
f 4398/6230/2180 4395/6231/2180 4381/6232/2180 4397/6233/2180
f 4385/6234/2181 4384/6235/2181 4382/6236/2181 4388/6237/2181
f 4388/6237/2182 4382/6236/2182 4390/6238/2182 4389/6239/2182
f 4386/6240/2183 4382/6236/2183 4384/6235/2183 4383/6241/2183
f 4390/6242/2184 4382/6236/2184 4386/6243/2184 4387/6244/2184
o Sphere_cell.198
v -0.003511 -0.007316 -0.009753
v -0.318189 -0.555570 -0.768177
v -0.282335 -0.669841 -0.681519
v -0.223851 -0.627412 -0.735479
v -0.255183 -0.466866 -0.836598
v -0.241178 -0.555570 -0.791538
v -0.411658 -0.466615 -0.771871
v -0.335651 -0.470205 -0.810333
v -0.361321 -0.627274 -0.678720
v -0.389134 -0.555570 -0.730256
v -0.255183 -0.466866 -0.836598
v -0.241178 -0.555570 -0.791538
v -0.223851 -0.627412 -0.735479
v -0.411658 -0.466615 -0.771871
v -0.335651 -0.470205 -0.810333
v -0.389134 -0.555570 -0.730256
v -0.361321 -0.627274 -0.678720
v -0.282335 -0.669841 -0.681519
vn 0.7273 -0.6150 0.3047
vn 0.9563 0.0024 -0.2924
vn -0.1789 0.8821 -0.4358
vn -0.8811 -0.0018 0.4730
vn -0.3040 -0.6122 0.7299
vn -0.4162 -0.4696 -0.7786
vn -0.3651 -0.6326 -0.6831
vn -0.2563 -0.4696 -0.8448
vn -0.2249 -0.6326 -0.7411
vt 1.000000 1.000000
vt 0.354328 0.353978
vt 1.000000 0.302365
vt 1.000000 0.204941
vt 0.302365 0.302365
vt 0.633882 0.248370
vt 1.000000 0.267147
vt 0.204941 0.204941
vt 0.598163 0.230180
vt 0.267147 0.267147
vt 0.645527 0.307415
vt 1.000000 0.357199
vt 1.000000 0.354008
vt 0.357199 0.357199
vt 0.827978 0.344658
vt 0.812500 0.343360
vt 0.812500 0.312500
vt 0.827923 0.312500
vt 0.827859 0.282926
vt 0.827923 0.312500
vt 0.812508 0.265370
vt 0.797071 0.312500
vt 0.812500 0.343360
vt 0.797119 0.344567
vt 0.797022 0.282870
vt 0.812500 0.265377
s 0
usemtl 
f 4399/6245/2185 4416/6246/2185 4411/6247/2185
f 4409/6248/2186 4399/6245/2186 4411/6249/2186 4410/6250/2186
f 4412/6251/2187 4399/6245/2187 4409/6252/2187 4413/6253/2187
f 4399/6245/2188 4412/6254/2188 4414/6255/2188 4415/6256/2188
f 4416/6257/2189 4399/6245/2189 4415/6258/2189
f 4405/6259/2190 4406/6260/2190 4400/6261/2190 4408/6262/2190
f 4407/6263/2191 4408/6264/2191 4400/6261/2191 4401/6265/2191
f 4404/6266/2192 4400/6261/2192 4406/6267/2192 4403/6268/2192
f 4400/6261/2193 4404/6266/2193 4402/6269/2193 4401/6270/2193
o Sphere_cell.199
v -0.004842 0.004030 0.008017
v -0.006001 0.005915 0.012896
v -0.353553 0.382683 0.853553
v -0.513280 0.382683 0.768178
v -0.554670 0.464863 0.677658
v -0.487867 0.468260 0.730145
v -0.582393 0.382683 0.711458
v -0.600672 0.287169 0.733758
v -0.528956 0.289664 0.791639
v -0.365653 0.284644 0.880645
v -0.318126 0.357763 0.872162
v -0.340191 0.382683 0.857606
v -0.412643 0.464532 0.772601
v -0.351045 0.394944 0.847499
v -0.554670 0.464863 0.677658
v -0.487867 0.468260 0.730145
v -0.582393 0.382683 0.711458
v -0.600672 0.287169 0.733758
v -0.528956 0.289664 0.791639
v -0.340191 0.382683 0.857606
v -0.351045 0.394944 0.847499
v -0.318126 0.357763 0.872162
v -0.412643 0.464532 0.772601
v -0.365653 0.284644 0.880645
vn 0.2633 0.8820 -0.3909
vn -0.7729 -0.0002 -0.6345
vn -0.1610 -0.9570 0.2412
vn 0.3160 -0.8573 0.4064
vn 0.7675 -0.4454 0.4611
vn 0.7486 0.6631 0.0004
vn 0.5807 0.7962 -0.1698
vn -0.2563 0.4696 0.8448
vn -0.2789 0.2877 0.9162
vn -0.4513 0.2890 0.8443
vn -0.4162 0.4696 0.7786
vn -0.5601 0.4696 0.6825
vn -0.6073 0.2890 0.7400
vt 0.266586 0.000000
vt 1.000000 0.000000
vt 1.000000 0.642545
vt 0.632846 0.325747
vt 0.000000 0.000000
vt 0.696608 0.000000
vt 0.675091 0.335516
vt 0.642545 0.642545
vt 0.303392 0.000000
vt 1.000000 0.837394
vt 0.528790 0.280901
vt 0.837394 0.837394
vt 0.836671 0.836671
vt 0.828717 0.000000
vt 0.338679 0.153292
vt 0.171283 0.000000
vt 1.000000 0.732381
vt 0.429868 0.234698
vt 0.732381 0.732381
vt 0.187500 0.629432
vt 0.187500 0.625000
vt 0.189909 0.625000
vt 0.187500 0.592837
vt 0.194331 0.616697
vt 0.187500 0.592837
vt 0.156250 0.625000
vt 0.156250 0.594009
vt 0.171864 0.654641
vt 0.156250 0.655937
vt 0.187500 0.629432
vt 0.140831 0.654709
vt 0.140823 0.625000
vt 0.140823 0.625000
vt 0.140820 0.593178
s 0
usemtl 
f 4439/6271/2194 4417/6272/2194 4431/6273/2194 4432/6274/2194
f 4417/6275/2195 4434/6276/2195 4433/6277/2195 4431/6278/2195
f 4434/6279/2196 4417/6272/2196 4440/6280/2196 4435/6281/2196
f 4418/6272/2197 4440/6282/2197 4417/6275/2197
f 4440/6283/2198 4418/6275/2198 4438/6284/2198
f 4436/6285/2199 4438/6286/2199 4418/6272/2199 4439/6287/2199 4437/6288/2199
f 4439/6289/2200 4418/6275/2200 4417/6272/2200
f 4430/6290/2201 4419/6291/2201 4428/6292/2201
f 4428/6292/2202 4419/6291/2202 4426/6293/2202 4427/6294/2202
f 4426/6295/2203 4419/6291/2203 4420/6296/2203 4425/6297/2203
f 4429/6298/2204 4422/6299/2204 4420/6296/2204 4419/6291/2204 4430/6300/2204
f 4420/6296/2205 4422/6299/2205 4421/6301/2205 4423/6302/2205
f 4425/6297/2206 4420/6296/2206 4423/6303/2206 4424/6304/2206
o Sphere_cell.200
v -0.009818 -0.004545 0.003793
v -0.853553 -0.382683 0.353553
v -0.772871 -0.464915 0.411707
v -0.781361 -0.528874 0.323650
v -0.837596 -0.465310 0.254746
v -0.811338 -0.382683 0.432532
v -0.836528 -0.287639 0.446272
v -0.879634 -0.382683 0.267576
v -0.907165 -0.287301 0.276013
v -0.879531 -0.289990 0.364314
v -0.772871 -0.464915 0.411707
v -0.781361 -0.528874 0.323650
v -0.811338 -0.382683 0.432532
v -0.836528 -0.287639 0.446272
v -0.879634 -0.382683 0.267576
v -0.907165 -0.287301 0.276013
v -0.837596 -0.465310 0.254746
v -0.879531 -0.289990 0.364314
vn 0.6227 -0.6604 0.4196
vn 0.1474 -0.6641 -0.7330
vn 0.4725 -0.0022 0.8813
vn -0.2905 0.0008 -0.9569
vn -0.2673 0.9570 0.1128
vn -0.8443 -0.2890 0.4513
vn -0.7786 -0.4696 0.4162
vn -0.9161 -0.2890 0.2779
vn -0.8448 -0.4696 0.2563
vt 0.741965 0.741965
vt 0.000000 0.000000
vt 0.733323 0.000000
vt 0.204021 0.000000
vt 1.000000 0.000000
vt 1.000000 0.741965
vt 1.000000 0.266677
vt 1.000000 1.000000
vt 0.204859 0.204859
vt 0.611283 0.229395
vt 1.000000 0.137688
vt 0.204021 0.204021
vt 0.585716 0.163874
vt 1.000000 0.204859
vt 0.137688 0.137688
vt 0.564941 0.163886
vt 0.062500 0.375000
vt 0.077952 0.375000
vt 0.077998 0.406666
vt 0.062500 0.405882
vt 0.077901 0.345273
vt 0.062500 0.322151
vt 0.046998 0.375000
vt 0.062500 0.405882
vt 0.047007 0.406778
vt 0.046998 0.375000
vt 0.046990 0.345130
s 0
usemtl 
f 4452/6305/2207 4441/6306/2207 4451/6307/2207
f 4457/6308/2208 4441/6309/2208 4452/6310/2208
f 4451/6311/2209 4441/6312/2209 4454/6313/2209 4453/6314/2209
f 4456/6315/2210 4441/6312/2210 4457/6316/2210 4455/6317/2210
f 4454/6318/2211 4441/6312/2211 4456/6319/2211 4458/6320/2211
f 4442/6321/2212 4446/6322/2212 4447/6323/2212 4450/6324/2212
f 4443/6325/2213 4446/6322/2213 4442/6321/2213 4444/6326/2213
f 4448/6327/2214 4442/6321/2214 4450/6328/2214 4449/6329/2214
f 4444/6326/2215 4442/6321/2215 4448/6330/2215 4445/6331/2215
o Sphere_cell.201
v -0.004992 -0.010369 -0.004817
v -0.392847 -0.831470 -0.392847
v -0.396310 -0.873284 -0.265909
v -0.332332 -0.877214 -0.332332
v -0.299791 -0.875450 -0.363286
v -0.401217 -0.766914 -0.487247
v -0.351654 -0.831470 -0.426653
v -0.445816 -0.769993 -0.445816
v -0.487567 -0.767158 -0.400362
v -0.502970 -0.790486 -0.337002
v -0.461410 -0.831470 -0.309303
v -0.332332 -0.877214 -0.332332
v -0.299791 -0.875450 -0.363286
v -0.396310 -0.873284 -0.265909
v -0.401217 -0.766914 -0.487247
v -0.351654 -0.831470 -0.426653
v -0.445816 -0.769993 -0.445816
v -0.487567 -0.767158 -0.400362
v -0.502970 -0.790486 -0.337002
v -0.461410 -0.831470 -0.309303
vn 0.6212 -0.4712 0.6262
vn 0.7735 -0.0010 -0.6338
vn -0.5491 0.6345 -0.5440
vn -0.8418 0.5398 -0.0059
vn -0.5547 -0.0002 0.8320
vn -0.3658 -0.8810 -0.3002
vn -0.4918 -0.7715 -0.4036
vn -0.4036 -0.7715 -0.4918
vn -0.3002 -0.8810 -0.3658
vt 1.000000 0.168198
vt 1.000000 1.000000
vt 0.170002 0.170002
vt 0.727424 0.166411
vt 1.000000 0.272483
vt 0.168198 0.168198
vt 0.561824 0.210450
vt 0.272483 0.272483
vt 0.632346 0.269500
vt 1.000000 0.272205
vt 0.272205 0.272205
vt 1.000000 0.249494
vt 0.562511 0.210135
vt 1.000000 0.170002
vt 0.249494 0.249494
vt 0.905941 0.159220
vt 0.906011 0.187500
vt 0.875000 0.187500
vt 0.875000 0.156562
vt 0.906049 0.208097
vt 0.890581 0.219821
vt 0.875000 0.218396
vt 0.859636 0.219943
vt 0.859710 0.187500
vt 0.875000 0.218396
vt 0.859805 0.157755
vt 0.875000 0.156562
s 0
usemtl 
f 4471/6332/2216 4459/6333/2216 4472/6334/2216 4470/6335/2216
f 4473/6336/2217 4459/6333/2217 4471/6337/2217 4474/6338/2217
f 4459/6333/2218 4473/6339/2218 4475/6340/2218 4476/6341/2218
f 4459/6333/2219 4476/6342/2219 4477/6343/2219
f 4478/6344/2220 4472/6345/2220 4459/6333/2220 4477/6346/2220
f 4461/6347/2221 4469/6348/2221 4460/6349/2221 4462/6350/2221
f 4460/6349/2222 4469/6348/2222 4468/6351/2222 4467/6352/2222 4466/6353/2222
f 4464/6354/2223 4465/6355/2223 4460/6349/2223 4466/6356/2223
f 4465/6355/2224 4463/6357/2224 4462/6358/2224 4460/6349/2224
o Sphere_cell.202
v -0.003508 -0.009422 0.001853
v -0.005300 -0.018007 0.004657
v -0.013841 -0.033656 0.002196
v -0.270598 -0.923880 0.270598
v -0.318190 -0.923880 0.212607
v -0.353553 -0.923880 0.146446
v -0.375330 -0.923880 0.074658
v -0.199318 -0.944502 0.241574
v -0.208699 -0.950430 0.208716
v -0.241123 -0.951996 0.161113
v -0.256846 -0.951207 0.137185
v -0.277775 -0.948760 0.115058
v -0.299866 -0.944440 0.091056
v -0.421760 -0.891629 0.128448
v -0.408950 -0.865534 0.273251
v -0.401231 -0.849617 0.329373
v -0.418971 -0.886032 0.173543
v -0.335894 -0.874521 0.335894
v -0.280483 -0.891710 0.339968
v -0.242325 -0.923880 0.293801
v -0.366746 -0.927610 0.036940
v -0.331336 -0.937486 0.065907
v -0.391353 -0.917157 0.039671
v -0.378913 -0.923880 0.038284
v -0.406168 -0.907073 0.080792
v -0.199318 -0.944502 0.241574
v -0.208699 -0.950430 0.208716
v -0.241123 -0.951996 0.161113
v -0.256846 -0.951207 0.137185
v -0.277775 -0.948760 0.115058
v -0.408950 -0.865534 0.273251
v -0.401231 -0.849617 0.329373
v -0.421760 -0.891629 0.128448
v -0.418971 -0.886032 0.173543
v -0.335894 -0.874521 0.335894
v -0.280483 -0.891710 0.339968
v -0.299866 -0.944440 0.091056
v -0.331336 -0.937486 0.065907
v -0.366746 -0.927610 0.036940
v -0.378913 -0.923880 0.038284
v -0.391353 -0.917157 0.039671
v -0.406168 -0.907073 0.080792
v -0.242325 -0.923880 0.293801
vn 0.9783 -0.2071 -0.0087
vn 0.9411 -0.2542 -0.2228
vn 0.7953 -0.2904 -0.5322
vn 0.6811 -0.2804 -0.6763
vn 0.5760 -0.2566 -0.7762
vn -0.8726 0.3675 -0.3217
vn -0.9034 0.4287 0.0027
vn 0.0387 0.3470 0.9371
vn 0.4654 0.1856 0.8654
vn 0.7717 0.0011 0.6360
vn 0.5687 -0.2549 -0.7821
vn -0.1085 0.0042 -0.9941
vn -0.8520 0.3474 -0.3917
vn -0.3002 -0.8810 0.3658
vn -0.1850 -0.9565 0.2254
vn -0.2254 -0.9566 0.1850
vn -0.3658 -0.8810 0.3002
vn -0.4173 -0.8810 0.2230
vn -0.2571 -0.9565 0.1374
vn -0.4528 -0.8810 0.1374
vn -0.2790 -0.9565 0.0846
vn -0.4709 -0.8810 0.0464
vn -0.2902 -0.9565 0.0286
vt 0.000000 0.000000
vt 1.000000 0.101489
vt 1.000000 1.000000
vt 1.000000 0.095316
vt 0.101489 0.101489
vt 1.000000 0.095292
vt 0.095442 0.095316
vt 0.699270 0.094295
vt 1.000000 0.101650
vt 0.095292 0.095292
vt 0.532750 0.097600
vt 0.104129 0.000000
vt 1.000000 0.000000
vt 1.000000 0.151905
vt 1.000000 0.192345
vt 0.151905 0.151905
vt 0.336422 0.157298
vt 0.756750 0.177029
vt 1.000000 0.152358
vt 0.192345 0.192345
vt 0.633396 0.168666
vt 0.153566 0.000000
vt 0.153566 0.153566
vt 0.564999 0.122388
vt 1.000000 0.102346
vt 0.589935 0.478970
vt 0.120675 0.000000
vt 1.000000 0.895871
vt 0.120675 0.120675
vt 0.536868 0.124164
vt 1.000000 0.130576
vt 1.000000 0.155398
vt 0.130576 0.130576
vt 0.533009 0.140421
vt 0.125000 0.158382
vt 0.125000 0.125000
vt 0.140236 0.125000
vt 0.140210 0.146757
vt 0.140231 0.102365
vt 0.125006 0.095839
vt 0.125000 0.095838
vt 0.093750 0.125000
vt 0.093750 0.094120
vt 0.093750 0.164461
vt 0.125000 0.158382
vt 0.109396 0.175227
vt 0.062500 0.150598
vt 0.062500 0.125000
vt 0.093750 0.164461
vt 0.062500 0.097673
vt 0.078076 0.094986
vt 0.046901 0.146722
vt 0.031250 0.136367
vt 0.031250 0.125000
vt 0.062500 0.097673
vt 0.031250 0.110055
vt 0.047059 0.102355
vt 0.016085 0.129547
vt 0.016025 0.125000
vt 0.031250 0.110055
vt 0.016025 0.125000
vt 0.015970 0.120902
s 0
usemtl 
f 4480/6359/2225 4504/6360/2225 4479/6361/2225
f 4505/6362/2226 4479/6361/2226 4504/6363/2226
f 4507/6364/2227 4479/6361/2227 4505/6365/2227 4506/6366/2227
f 4515/6367/2228 4479/6361/2228 4507/6368/2228 4508/6369/2228
f 4515/6370/2229 4481/6371/2229 4479/6361/2229
f 4481/6359/2230 4511/6372/2230 4479/6361/2230
f 4510/6373/2231 4479/6361/2231 4511/6374/2231 4512/6375/2231 4509/6376/2231
f 4514/6377/2232 4479/6361/2232 4510/6378/2232 4513/6379/2232
f 4514/6380/2233 4480/6371/2233 4479/6361/2233
f 4514/6381/2234 4498/6382/2234 4504/6383/2234 4480/6361/2234
f 4516/6384/2235 4517/6385/2235 4481/6371/2235 4515/6386/2235
f 4517/6387/2236 4518/6388/2236 4519/6389/2236 4481/6361/2236
f 4511/6390/2237 4481/6361/2237 4519/6391/2237 4520/6392/2237
f 4496/6393/2238 4482/6394/2238 4521/6395/2238 4497/6396/2238
f 4486/6397/2239 4521/6395/2239 4482/6394/2239 4487/6398/2239
f 4487/6399/2240 4482/6394/2240 4483/6400/2240 4488/6401/2240
f 4493/6402/2241 4483/6400/2241 4482/6394/2241 4496/6403/2241 4494/6404/2241
f 4495/6405/2242 4484/6406/2242 4483/6400/2242 4493/6407/2242
f 4488/6401/2243 4483/6400/2243 4484/6406/2243 4490/6408/2243 4489/6409/2243
f 4492/6410/2244 4503/6411/2244 4485/6412/2244 4484/6406/2244 4495/6405/2244
f 4490/6413/2245 4484/6406/2245 4485/6412/2245 4500/6414/2245 4491/6415/2245
f 4501/6416/2246 4502/6417/2246 4485/6412/2246 4503/6411/2246
f 4500/6418/2247 4485/6412/2247 4502/6419/2247 4499/6420/2247
o Sphere_cell.203
v 0.009644 -0.007282 -0.002103
v 0.016812 -0.008174 -0.002371
v 0.815493 -0.555570 -0.162212
v 0.736069 -0.627149 -0.222649
v 0.755080 -0.630626 -0.150195
v 0.765392 -0.626907 -0.076488
v 0.837320 -0.466518 -0.253445
v 0.792000 -0.555570 -0.239657
v 0.907572 -0.382989 -0.163911
v 0.898456 -0.397317 -0.178714
v 0.908604 -0.382683 -0.155090
v 0.823378 -0.555570 -0.082154
v 0.914886 -0.382683 -0.091314
v 0.755080 -0.630626 -0.150195
v 0.765392 -0.626907 -0.076488
v 0.736069 -0.627149 -0.222649
v 0.792000 -0.555570 -0.239657
v 0.837320 -0.466518 -0.253445
v 0.907572 -0.382989 -0.163911
v 0.898456 -0.397317 -0.178714
v 0.908604 -0.382683 -0.155090
v 0.823378 -0.555570 -0.082154
v 0.914886 -0.382683 -0.091314
vn -0.6215 -0.7732 0.1260
vn -0.2907 -0.0002 -0.9568
vn 0.1461 0.6636 -0.7337
vn 0.3807 0.9237 -0.0422
vn 0.0985 0.0001 0.9951
vn 0.0264 -0.0874 0.9958
vn 0.0337 0.5259 -0.8499
vn 0.8448 -0.4696 -0.2563
vn 0.7412 -0.6326 -0.2248
vn 0.8786 -0.4696 -0.0865
vn 0.7708 -0.6326 -0.0759
vt 0.273492 0.000000
vt 1.000000 0.000000
vt 1.000000 0.698503
vt 0.633493 0.350180
vt 0.698503 0.698503
vt 0.000000 0.000000
vt 0.795920 0.000000
vt 0.752313 0.367913
vt 0.871670 0.724865
vt 0.205171 0.000000
vt 1.000000 0.861927
vt 0.861927 0.861927
vt 0.869843 0.000000
vt 0.862943 0.757030
vt 0.130157 0.000000
vt 1.000000 0.725264
vt 0.722436 0.503121
vt 0.725263 0.725263
vt 1.000000 0.204080
vt 1.000000 1.000000
vt 0.531250 0.369710
vt 0.531250 0.312500
vt 0.546766 0.312500
vt 0.546711 0.344854
vt 0.531250 0.281544
vt 0.546750 0.282978
vt 0.515827 0.312500
vt 0.531250 0.369710
vt 0.528423 0.374890
vt 0.526890 0.375000
vt 0.515832 0.375000
vt 0.515851 0.283078
s 0
usemtl 
f 4536/6421/2248 4522/6422/2248 4537/6423/2248 4535/6424/2248
f 4537/6425/2249 4522/6426/2249 4539/6427/2249 4538/6428/2249
f 4541/6429/2250 4539/6430/2250 4523/6422/2250 4540/6431/2250
f 4540/6432/2251 4523/6426/2251 4544/6433/2251 4542/6434/2251
f 4544/6435/2252 4523/6422/2252 4536/6436/2252 4543/6437/2252
f 4536/6438/2253 4523/6426/2253 4522/6422/2253
f 4523/6426/2254 4539/6439/2254 4522/6440/2254
f 4531/6441/2255 4524/6442/2255 4529/6443/2255 4528/6444/2255
f 4524/6442/2256 4526/6445/2256 4525/6446/2256 4529/6443/2256
f 4533/6447/2257 4524/6442/2257 4531/6448/2257 4530/6449/2257 4532/6450/2257 4534/6451/2257
f 4527/6452/2258 4526/6445/2258 4524/6442/2258 4533/6447/2258
o Sphere_cell.204
v 0.008642 0.007410 0.005912
v 0.691341 0.555570 0.461940
v 0.595161 0.626985 0.487196
v 0.630193 0.629973 0.440663
v 0.640236 0.555570 0.524211
v 0.676821 0.466569 0.554261
v 0.770961 0.466679 0.413290
v 0.729331 0.470091 0.487323
v 0.677758 0.627165 0.363311
v 0.729295 0.555570 0.390934
v 0.640034 0.630760 0.427657
v 0.595161 0.626985 0.487196
v 0.630193 0.629973 0.440663
v 0.640236 0.555570 0.524211
v 0.676821 0.466569 0.554261
v 0.770961 0.466679 0.413290
v 0.729331 0.470091 0.487323
v 0.729295 0.555570 0.390934
v 0.677758 0.627165 0.363311
v 0.640034 0.630760 0.427657
vn -0.5298 0.7729 -0.3492
vn -0.6345 0.0002 0.7730
vn 0.3920 -0.8822 0.2611
vn 0.4716 -0.0007 -0.8818
vn -0.5276 0.7729 -0.3525
vn 0.6831 0.6326 0.3651
vn 0.7786 0.4696 0.4162
vn 0.5987 0.6326 0.4913
vn 0.6825 0.4696 0.5601
vt 1.000000 0.000000
vt 1.000000 0.594429
vt 0.403011 0.000000
vt 0.594429 0.594429
vt 0.000000 0.000000
vt 0.641777 0.000000
vt 0.623024 0.313344
vt 0.732376 0.000000
vt 0.692303 0.323038
vt 0.641777 0.641777
vt 0.732376 0.732376
vt 0.642683 0.000000
vt 0.692267 0.354090
vt 0.596989 0.000000
vt 0.606443 0.115549
vt 0.642683 0.642683
vt 0.406250 0.718511
vt 0.406250 0.687500
vt 0.421686 0.687500
vt 0.421685 0.717028
vt 0.406250 0.656599
vt 0.421683 0.655365
vt 0.421686 0.687500
vt 0.390823 0.716954
vt 0.390805 0.687500
vt 0.406250 0.718511
vt 0.402867 0.718187
vt 0.390792 0.655325
s 0
usemtl 
f 4545/6453/2259 4556/6454/2259 4557/6455/2259
f 4556/6456/2260 4545/6457/2260 4559/6458/2260 4558/6459/2260
f 4545/6457/2261 4560/6460/2261 4561/6461/2261 4559/6462/2261
f 4560/6463/2262 4545/6457/2262 4563/6464/2262 4562/6465/2262
f 4545/6457/2263 4557/6466/2263 4564/6467/2263 4563/6468/2263
f 4555/6469/2264 4546/6470/2264 4554/6471/2264 4553/6472/2264
f 4546/6470/2265 4552/6473/2265 4551/6474/2265 4554/6475/2265
f 4547/6476/2266 4549/6477/2266 4546/6470/2266 4555/6478/2266 4548/6479/2266
f 4552/6473/2267 4546/6470/2267 4549/6477/2267 4550/6480/2267
o Sphere_cell.205
v 0.009805 0.007288 0.004178
v 0.768178 0.555570 0.318190
v 0.678548 0.627158 0.361845
v 0.730110 0.555570 0.389409
v 0.771823 0.466655 0.411704
v 0.681816 0.669473 0.282417
v 0.735505 0.627223 0.224300
v 0.836757 0.466788 0.254804
v 0.791534 0.555570 0.241194
v 0.810337 0.470197 0.335653
v 0.678548 0.627158 0.361845
v 0.730110 0.555570 0.389409
v 0.771823 0.466655 0.411704
v 0.681816 0.669473 0.282417
v 0.836757 0.466788 0.254804
v 0.791534 0.555570 0.241194
v 0.735505 0.627223 0.224300
v 0.810337 0.470197 0.335653
vn -0.4715 -0.0001 0.8818
vn -0.7298 0.6154 0.2978
vn -0.3042 0.6146 -0.7278
vn 0.2896 0.0008 -0.9571
vn 0.4357 -0.8820 0.1796
vn 0.7412 0.6326 0.2248
vn 0.8448 0.4696 0.2563
vn 0.6831 0.6326 0.3651
vn 0.7786 0.4696 0.4162
vt 1.000000 0.356923
vt 1.000000 1.000000
vt 0.267282 0.267282
vt 0.645803 0.307366
vt 0.356923 0.356923
vt 1.000000 0.354105
vt 0.354105 0.354105
vt 1.000000 0.302442
vt 1.000000 0.205048
vt 0.302442 0.302442
vt 0.633314 0.248553
vt 0.205048 0.205048
vt 0.599059 0.230352
vt 1.000000 0.267282
vt 0.437500 0.734478
vt 0.437500 0.687500
vt 0.452926 0.687500
vt 0.452891 0.717053
vt 0.452955 0.655405
vt 0.437500 0.656637
vt 0.422029 0.717026
vt 0.422018 0.687500
vt 0.437500 0.656637
vt 0.422010 0.655356
s 0
usemtl 
f 4575/6481/2268 4565/6482/2268 4577/6483/2268 4576/6484/2268
f 4565/6482/2269 4575/6485/2269 4578/6486/2269
f 4578/6487/2270 4581/6488/2270 4565/6482/2270
f 4579/6489/2271 4565/6482/2271 4581/6490/2271 4580/6491/2271
f 4565/6482/2272 4579/6492/2272 4582/6493/2272 4577/6494/2272
f 4570/6495/2273 4566/6496/2273 4573/6497/2273 4571/6498/2273
f 4572/6499/2274 4573/6497/2274 4566/6496/2274 4574/6500/2274
f 4566/6496/2275 4570/6495/2275 4567/6501/2275 4568/6502/2275
f 4574/6503/2276 4566/6496/2276 4568/6502/2276 4569/6504/2276
o Sphere_cell.206
v 0.009623 0.003481 -0.001208
v 0.027952 0.011143 -0.000658
v 0.853553 0.382683 -0.353553
v 0.906127 0.382683 -0.180240
v 0.871617 0.464571 -0.086232
v 0.838362 0.464722 -0.253300
v 0.861329 0.468136 -0.171329
v 0.847180 0.381916 -0.365968
v 0.847849 0.394235 -0.351191
v 0.856981 0.370452 -0.354973
v 0.960537 0.199803 -0.191063
v 0.927746 0.369617 -0.000981
v 0.916765 0.395816 -0.000962
v 0.923784 0.382683 -0.000972
v 0.838362 0.464722 -0.253300
v 0.861329 0.468136 -0.171329
v 0.871617 0.464571 -0.086232
v 0.847849 0.394235 -0.351191
v 0.847180 0.381916 -0.365968
v 0.856981 0.370452 -0.354973
v 0.916765 0.395816 -0.000962
v 0.923784 0.382683 -0.000972
v 0.927746 0.369617 -0.000981
v 0.960537 0.199803 -0.191063
vn -0.3131 0.7030 0.6386
vn -0.4625 0.8817 0.0929
vn -0.5299 0.6630 -0.5288
vn -0.0009 -0.6930 -0.7210
vn 0.2760 -0.7070 0.6511
vn 0.2762 -0.6926 0.6664
vn 0.0006 -0.0005 1.0000
vn -0.2877 0.6654 0.6888
vn 0.8443 0.2890 -0.4513
vn 0.7735 0.4691 -0.4261
vn 0.8448 0.4696 -0.2563
vn 0.9161 0.2890 -0.2779
vn 0.8786 0.4696 -0.0865
vn 0.9527 0.2890 -0.0938
vt 1.000000 1.000000
vt 0.000000 0.000000
vt 1.000000 0.171128
vt 1.000000 0.203243
vt 0.171128 0.171128
vt 0.583853 0.181090
vt 0.889678 0.194263
vt 1.000000 0.194927
vt 0.203243 0.203243
vt 0.247738 0.185519
vt 1.000000 0.086156
vt 0.194927 0.194927
vt 1.000000 0.000000
vt 0.087745 0.000000
vt 0.087745 0.087745
vt 1.000000 0.119396
vt 1.000000 0.130021
vt 0.119395 0.119395
vt 0.539939 0.123216
vt 1.000000 0.174018
vt 0.130021 0.130021
vt 0.564773 0.625000
vt 0.562500 0.625000
vt 0.562500 0.620925
vt 0.564773 0.625000
vt 0.562500 0.629176
vt 0.531250 0.655892
vt 0.531250 0.625000
vt 0.546699 0.654658
vt 0.531265 0.564041
vt 0.515620 0.654504
vt 0.500172 0.629748
vt 0.500169 0.625000
vt 0.500167 0.620647
vt 0.531250 0.564070
s 0
usemtl 
f 4583/6505/2277 4584/6506/2277 4599/6507/2277
f 4597/6508/2278 4583/6505/2278 4599/6509/2278 4598/6510/2278
f 4600/6511/2279 4601/6512/2279 4583/6505/2279 4597/6513/2279
f 4602/6514/2280 4593/6515/2280 4583/6505/2280 4601/6516/2280
f 4584/6517/2281 4583/6505/2281 4593/6518/2281
f 4584/6505/2282 4593/6519/2282 4605/6520/2282
f 4603/6521/2283 4584/6505/2283 4605/6522/2283 4604/6523/2283
f 4599/6524/2284 4584/6505/2284 4603/6525/2284
f 4590/6526/2285 4585/6527/2285 4592/6528/2285
f 4585/6527/2286 4590/6529/2286 4591/6530/2286
f 4589/6531/2287 4586/6532/2287 4585/6527/2287 4591/6530/2287 4588/6533/2287
f 4592/6528/2288 4585/6527/2288 4586/6532/2288 4606/6534/2288
f 4587/6535/2289 4595/6536/2289 4596/6537/2289 4586/6532/2289 4589/6531/2289
f 4586/6532/2290 4596/6537/2290 4594/6538/2290 4606/6539/2290
o Sphere_cell.207
v 0.000000 0.195090 -0.980785
v 0.000758 0.001608 -0.009941
v -0.095388 0.097741 -0.980978
v -0.092078 0.285501 -0.944290
v -0.094612 0.195090 -0.971467
v 0.000000 0.288045 -0.952588
v 0.092716 0.285524 -0.944221
v 0.000000 0.098548 -0.990294
v 0.192294 0.096465 -0.971560
v 0.190407 0.198212 -0.961085
v -0.092078 0.285501 -0.944290
v -0.094612 0.195090 -0.971467
v -0.095388 0.097741 -0.980978
v 0.000000 0.288045 -0.952588
v 0.092716 0.285524 -0.944221
v 0.000000 0.098548 -0.990294
v 0.192294 0.096465 -0.971560
v 0.190407 0.198212 -0.961085
vn -0.9951 -0.0017 0.0984
vn -0.0002 0.9568 0.2907
vn -0.0012 -0.9951 -0.0984
vn 0.9808 -0.0019 0.1952
vn 0.6666 0.6925 0.2760
vn 0.0938 0.2890 -0.9527
vn 0.0991 0.1007 -0.9900
vn -0.0938 0.2890 -0.9527
vn -0.0976 0.0975 -0.9904
vt 0.536728 0.461432
vt 0.066078 0.000000
vt 1.000000 0.000000
vt 1.000000 0.898501
vt 0.906617 0.454789
vt 0.898501 0.898501
vt 0.000000 0.000000
vt 0.898707 0.000000
vt 0.075045 0.000000
vt 1.000000 0.933922
vt 0.689336 0.632248
vt 1.000000 0.085811
vt 1.000000 1.000000
vt 0.075045 0.075045
vt 1.000000 0.101293
vt 0.085811 0.085811
vt 0.734422 0.592630
vt 0.718873 0.562500
vt 0.750000 0.562500
vt 0.750000 0.593469
vt 0.718874 0.562500
vt 0.718902 0.530904
vt 0.750000 0.531571
vt 0.765452 0.562500
vt 0.765471 0.592622
vt 0.765428 0.531313
s 0
usemtl 
f 4618/6540/2291 4619/6541/2291 4608/6542/2291 4617/6543/2291
f 4620/6544/2292 4617/6545/2292 4608/6546/2292 4621/6547/2292
f 4623/6548/2293 4608/6542/2293 4619/6549/2293 4622/6550/2293
f 4624/6551/2294 4608/6552/2294 4623/6553/2294
f 4621/6554/2295 4608/6552/2295 4624/6555/2295
f 4613/6556/2296 4616/6557/2296 4607/6558/2296 4612/6559/2296
f 4607/6558/2297 4616/6560/2297 4615/6561/2297 4614/6562/2297
f 4607/6558/2298 4611/6563/2298 4610/6564/2298 4612/6559/2298
f 4611/6563/2299 4607/6558/2299 4614/6562/2299 4609/6565/2299
o Sphere_cell.208
v 0.006333 -0.000312 0.006151
v 0.009225 -0.000147 0.010997
v 0.707106 0.000000 0.707107
v 0.693661 0.189986 0.694051
v 0.761552 0.095698 0.625979
v 0.768653 0.000000 0.632112
v 0.761229 -0.096028 0.626321
v 0.700365 -0.096803 0.700365
v 0.551124 -0.094526 0.823132
v 0.556281 -0.000739 0.830792
v 0.761552 0.095698 0.625979
v 0.768653 0.000000 0.632112
v 0.761229 -0.096028 0.626321
v 0.700365 -0.096803 0.700365
v 0.551124 -0.094526 0.823132
v 0.556281 -0.000739 0.830792
v 0.693661 0.189986 0.694051
vn -0.4973 0.8249 0.2687
vn 0.3926 0.7072 -0.5880
vn 0.6346 -0.0024 -0.7728
vn -0.0706 -0.9952 -0.0678
vn -0.7917 -0.3714 0.4851
vn -0.8318 0.0004 0.5551
vn -0.5888 0.7061 0.3934
vn 0.7693 -0.0975 0.6314
vn 0.7692 0.0977 0.6315
vn 0.6308 0.0975 0.7698
vn 0.6314 -0.0975 0.7693
vt 1.000000 1.000000
vt 0.000000 0.000000
vt 1.000000 0.341236
vt 0.343092 0.341014
vt 1.000000 0.276536
vt 0.276536 0.276536
vt 0.634170 0.269552
vt 1.000000 0.276484
vt 0.276484 0.276484
vt 0.510202 0.247328
vt 1.000000 0.217324
vt 0.218288 0.000000
vt 1.000000 0.000000
vt 1.000000 0.211027
vt 0.218288 0.218288
vt 1.000000 0.342516
vt 0.213972 0.211421
vt 0.390465 0.500000
vt 0.375000 0.500000
vt 0.375000 0.468988
vt 0.390426 0.469236
vt 0.375000 0.560781
vt 0.390465 0.500000
vt 0.390502 0.530658
vt 0.374878 0.560764
vt 0.344023 0.500000
vt 0.343905 0.499763
vt 0.343911 0.469669
vt 0.375000 0.468988
s 0
usemtl 
f 4625/6566/2300 4626/6567/2300 4641/6568/2300
f 4625/6566/2301 4641/6569/2301 4635/6570/2301
f 4625/6566/2302 4635/6571/2302 4636/6572/2302 4637/6573/2302
f 4625/6566/2303 4637/6574/2303 4638/6575/2303 4639/6576/2303
f 4639/6577/2304 4626/6578/2304 4625/6566/2304
f 4640/6579/2305 4626/6566/2305 4639/6580/2305
f 4641/6581/2306 4626/6566/2306 4640/6582/2306
f 4630/6583/2307 4627/6584/2307 4632/6585/2307 4631/6586/2307
f 4628/6587/2308 4627/6584/2308 4630/6588/2308 4629/6589/2308
f 4628/6590/2309 4634/6591/2309 4627/6584/2309
f 4634/6592/2310 4633/6593/2310 4632/6594/2310 4627/6584/2310
o Sphere_cell.209
v 0.010378 0.007054 0.002179
v 0.815493 0.555570 0.162212
v 0.837514 0.466657 0.252549
v 0.860353 0.470000 0.171135
v 0.870526 0.466440 0.087157
v 0.736474 0.626650 0.222716
v 0.792136 0.555570 0.239210
v 0.755278 0.630380 0.150234
v 0.765422 0.626898 0.076256
v 0.823371 0.555570 0.082226
v 0.860353 0.470000 0.171135
v 0.870526 0.466440 0.087157
v 0.837514 0.466657 0.252549
v 0.736474 0.626650 0.222716
v 0.792136 0.555570 0.239210
v 0.755278 0.630380 0.150234
v 0.765422 0.626898 0.076256
v 0.823371 0.555570 0.082226
vn 0.4619 -0.8820 0.0933
vn -0.2880 -0.0033 0.9576
vn -0.6226 0.7730 -0.1218
vn 0.0996 -0.0024 -0.9950
vn 0.7708 0.6326 0.0759
vn 0.8786 0.4696 0.0865
vn 0.7412 0.6326 0.2248
vn 0.8448 0.4696 0.2563
vt 1.000000 1.000000
vt 0.172512 0.172512
vt 0.583259 0.182538
vt 1.000000 0.204743
vt 1.000000 0.301595
vt 0.204743 0.204743
vt 0.617001 0.248217
vt 0.649286 0.283514
vt 1.000000 0.273762
vt 0.301595 0.301595
vt 1.000000 0.172512
vt 0.273762 0.273762
vt 0.616700 0.217949
vt 0.484159 0.687500
vt 0.484197 0.716919
vt 0.468750 0.718355
vt 0.468750 0.687500
vt 0.468750 0.656566
vt 0.484119 0.655279
vt 0.484159 0.687500
vt 0.453261 0.716816
vt 0.453323 0.687500
vt 0.453387 0.655357
s 0
usemtl 
f 4642/6595/2311 4653/6596/2311 4652/6597/2311 4654/6598/2311
f 4655/6599/2312 4642/6595/2312 4654/6600/2312 4656/6601/2312
f 4657/6602/2313 4658/6603/2313 4642/6595/2313 4655/6604/2313
f 4653/6605/2314 4642/6595/2314 4658/6606/2314 4659/6607/2314
f 4651/6608/2315 4650/6609/2315 4649/6610/2315 4643/6611/2315
f 4643/6611/2316 4645/6612/2316 4646/6613/2316 4651/6614/2316
f 4647/6615/2317 4648/6616/2317 4643/6611/2317 4649/6610/2317
f 4645/6612/2318 4643/6611/2318 4648/6616/2318 4644/6617/2318
o Sphere_cell.210
v 0.004213 -0.020889 0.009444
v 0.003903 -0.031098 0.009882
v 0.146447 -0.923880 0.353553
v 0.220465 -0.876267 0.414506
v 0.179135 -0.878222 0.432470
v 0.136943 -0.876858 0.447923
v 0.111448 -0.923880 0.364170
v 0.085159 -0.951402 0.277790
v 0.178537 -0.923880 0.336400
v 0.131377 -0.954260 0.248594
v 0.108946 -0.953605 0.263019
v 0.220465 -0.876267 0.414506
v 0.179135 -0.878222 0.432470
v 0.111448 -0.923880 0.364170
v 0.085159 -0.951402 0.277790
v 0.136943 -0.876858 0.447923
v 0.178537 -0.923880 0.336400
v 0.131377 -0.954260 0.248594
v 0.108946 -0.953605 0.263019
vn 0.3248 0.4710 0.8202
vn -0.9292 0.0439 0.3670
vn -0.9567 0.0003 0.2911
vn 0.8812 -0.0010 -0.4727
vn 0.7872 -0.0502 -0.6146
vn -0.5250 -0.2803 -0.8036
vn 0.2231 -0.8810 0.4173
vn 0.1374 -0.9565 0.2571
vn 0.1374 -0.8810 0.4528
vn 0.0846 -0.9565 0.2790
vt 0.584357 0.417242
vt 0.168943 0.000000
vt 1.000000 0.000000
vt 1.000000 0.831136
vt 0.831136 0.831136
vt 0.000000 0.000000
vt 0.875950 0.408306
vt 0.829803 0.829803
vt 0.902965 0.000000
vt 0.092898 0.000000
vt 1.000000 0.831056
vt 0.549406 0.426890
vt 0.093759 0.000000
vt 1.000000 1.000000
vt 0.534861 0.094631
vt 1.000000 0.097035
vt 0.093759 0.093759
vt 0.327799 0.157202
vt 0.312500 0.155880
vt 0.312500 0.125000
vt 0.327658 0.125000
vt 0.327403 0.091711
vt 0.327658 0.125000
vt 0.312500 0.092352
vt 0.297265 0.125000
vt 0.297221 0.156802
vt 0.297341 0.094772
s 0
usemtl 
f 4672/6618/2319 4671/6619/2319 4660/6620/2319 4675/6621/2319
f 4661/6620/2320 4675/6622/2320 4660/6623/2320
f 4673/6624/2321 4675/6625/2321 4661/6623/2321 4674/6626/2321
f 4677/6627/2322 4660/6620/2322 4671/6628/2322 4676/6629/2322
f 4677/6630/2323 4661/6620/2323 4660/6631/2323
f 4678/6632/2324 4674/6633/2324 4661/6631/2324 4677/6634/2324
f 4663/6635/2325 4664/6636/2325 4662/6637/2325 4668/6638/2325
f 4669/6639/2326 4668/6640/2326 4662/6637/2326 4670/6641/2326
f 4666/6642/2327 4662/6637/2327 4664/6636/2327 4665/6643/2327
f 4662/6637/2328 4666/6642/2328 4667/6644/2328 4670/6641/2328
o Sphere_cell.211
v -0.009338 -0.001918 -0.003839
v -0.906127 -0.195090 -0.375330
v -0.880026 -0.288222 -0.364519
v -0.836956 -0.285688 -0.446720
v -0.907559 -0.285705 -0.276375
v -0.861149 -0.195090 -0.459478
v -0.869670 -0.097415 -0.463845
v -0.914909 -0.098570 -0.378968
v -0.942903 -0.097884 -0.286919
v -0.933760 -0.195090 -0.284235
v -0.880026 -0.288222 -0.364519
v -0.907559 -0.285705 -0.276375
v -0.836956 -0.285688 -0.446720
v -0.861149 -0.195090 -0.459478
v -0.869670 -0.097415 -0.463845
v -0.914909 -0.098570 -0.378968
v -0.942903 -0.097884 -0.286919
v -0.933760 -0.195090 -0.284235
vn 0.2686 -0.9568 0.1112
vn 0.4714 0.0017 -0.8819
vn -0.0916 0.9952 -0.0353
vn -0.2901 -0.0009 0.9570
vn -0.9524 -0.0975 -0.2889
vn -0.9161 -0.2890 -0.2779
vn -0.8443 -0.2890 -0.4513
vn -0.8777 -0.0975 -0.4691
vt 0.000000 0.000000
vt 0.863405 0.000000
vt 0.836949 0.400326
vt 0.795557 0.795557
vt 0.173117 0.000000
vt 1.000000 0.000000
vt 1.000000 0.795557
vt 0.590090 0.408843
vt 1.000000 1.000000
vt 0.173117 0.173117
vt 0.582524 0.129579
vt 1.000000 0.102618
vt 0.554019 0.111407
vt 1.000000 0.136595
vt 0.102618 0.102618
vt 0.937500 0.437500
vt 0.952972 0.437500
vt 0.952988 0.468641
vt 0.937500 0.468422
vt 0.937500 0.406471
vt 0.952954 0.407310
vt 0.921992 0.437500
vt 0.921970 0.407316
vt 0.922017 0.468792
s 0
usemtl 
f 4679/6645/2329 4690/6646/2329 4689/6647/2329 4691/6648/2329
f 4693/6649/2330 4679/6650/2330 4691/6651/2330 4692/6652/2330
f 4679/6653/2331 4693/6654/2331 4694/6655/2331 4695/6656/2331
f 4696/6657/2332 4690/6658/2332 4679/6653/2332 4695/6659/2332
f 4680/6660/2333 4688/6661/2333 4687/6662/2333 4686/6663/2333
f 4688/6661/2334 4680/6660/2334 4681/6664/2334 4683/6665/2334
f 4680/6660/2335 4684/6666/2335 4682/6667/2335 4681/6664/2335
f 4684/6666/2336 4680/6660/2336 4686/6663/2336 4685/6668/2336
o Sphere_cell.212
v -0.005894 -0.017617 0.000748
v -0.191342 -0.980785 0.038060
v -0.195090 -0.980785 -0.000000
v -0.193294 -0.980785 -0.018237
v -0.298637 -0.948524 -0.028484
v -0.005038 -0.999503 0.000104
v -0.186082 -0.980785 0.055400
v -0.298888 -0.944831 0.089864
v -0.013471 -0.998647 0.002680
v -0.364955 -0.928191 0.035683
v -0.329042 -0.938196 0.065450
v -0.328376 -0.940353 -0.000000
v -0.193294 -0.980785 -0.018237
v -0.298637 -0.948524 -0.028484
v -0.186082 -0.980785 0.055400
v -0.298888 -0.944831 0.089864
v -0.013471 -0.998647 0.002680
v -0.005038 -0.999503 0.000104
v -0.329042 -0.938196 0.065450
v -0.364955 -0.928191 0.035683
v -0.328376 -0.940353 -0.000000
vn 0.0970 0.0007 -0.9953
vn 0.2921 -0.0004 0.9564
vn -0.5736 0.2560 0.7781
vn -0.6411 0.2247 -0.7338
vn -0.0942 -0.9951 0.0286
vn -0.2790 -0.9565 0.0846
vn -0.2902 -0.9565 0.0286
vn -0.0980 -0.9951 0.0097
vn -0.0980 -0.9951 -0.0097
vn -0.2902 -0.9565 -0.0286
vt 0.098307 0.000000
vt 1.000000 0.000000
vt 0.996727 0.948020
vt 0.421796 0.354858
vt 0.000000 0.000000
vt 0.898525 0.000000
vt 0.933322 0.379692
vt 0.950568 0.924779
vt 0.951394 0.951394
vt 0.101475 0.000000
vt 1.000000 0.881642
vt 0.506896 0.398648
vt 0.881642 0.881642
vt 0.901693 0.000000
vt 0.893621 0.391742
vt 0.031250 0.062500
vt 0.045775 0.004400
vt 0.046056 0.062500
vt 0.046487 0.101988
vt 0.031250 0.109276
vt 0.046056 0.062500
vt 0.000000 0.062500
vt 0.031250 0.109276
vt 0.015514 0.120264
vt 0.000000 0.106907
vt 0.015306 0.001617
vt 0.016725 0.004400
vt 0.985026 0.062500
vt 0.984864 0.001955
vt 1.000000 0.062500
vt 1.000000 0.106907
vt 0.984863 0.097933
s 0
usemtl 
f 4710/6669/2337 4697/6670/2337 4714/6671/2337 4709/6672/2337
f 4697/6673/2338 4712/6674/2338 4711/6675/2338 4713/6676/2338 4714/6677/2338
f 4712/6678/2339 4697/6670/2339 4716/6679/2339 4715/6680/2339
f 4716/6681/2340 4697/6673/2340 4710/6682/2340 4717/6683/2340
f 4698/6684/2341 4705/6685/2341 4703/6686/2341
f 4704/6687/2342 4707/6688/2342 4698/6684/2342 4703/6689/2342
f 4699/6690/2343 4698/6684/2343 4707/6691/2343 4706/6692/2343 4708/6693/2343
f 4699/6690/2344 4702/6694/2344 4705/6695/2344 4698/6684/2344
f 4700/6696/2345 4702/6697/2345 4699/6698/2345
f 4699/6698/2346 4708/6699/2346 4701/6700/2346 4700/6696/2346
o Sphere_cell.213
v 0.004019 0.021535 -0.009429
v 0.004084 0.029738 -0.009051
v 0.146447 0.923880 -0.353553
v 0.220093 0.876726 -0.413736
v 0.178859 0.923880 -0.336228
v 0.136735 0.951211 -0.257072
v 0.085791 0.951220 -0.278223
v 0.111010 0.951970 -0.268001
v 0.137234 0.876123 -0.449264
v 0.111625 0.923880 -0.364116
v 0.179219 0.878104 -0.432674
v 0.178859 0.923880 -0.336228
v 0.136735 0.951211 -0.257072
v 0.220093 0.876726 -0.413736
v 0.085791 0.951220 -0.278223
v 0.111010 0.951970 -0.268001
v 0.137234 0.876123 -0.449264
v 0.111625 0.923880 -0.364116
v 0.179219 0.878104 -0.432674
vn 0.9041 -0.0267 0.4266
vn 0.8827 -0.0006 0.4699
vn -0.3669 0.2907 0.8837
vn -0.9725 0.0183 -0.2324
vn -0.9575 0.0008 -0.2884
vn 0.3504 -0.4715 -0.8092
vn 0.0846 0.9565 -0.2790
vn 0.1374 0.8810 -0.4528
vn 0.1374 0.9565 -0.2571
vn 0.2230 0.8810 -0.4173
vt 1.000000 0.169562
vt 1.000000 1.000000
vt 0.000000 0.000000
vt 1.000000 0.096550
vt 0.169562 0.169562
vt 0.593442 0.123339
vt 1.000000 0.096602
vt 0.096550 0.096550
vt 0.553955 0.095837
vt 0.095905 0.000000
vt 1.000000 0.000000
vt 1.000000 0.168680
vt 0.095905 0.095905
vt 0.526269 0.122330
vt 1.000000 0.168533
vt 0.168680 0.168680
vt 0.583940 0.166811
vt 0.687500 0.905852
vt 0.687500 0.875000
vt 0.702658 0.875000
vt 0.702399 0.905028
vt 0.702817 0.842701
vt 0.687500 0.844041
vt 0.672198 0.905019
vt 0.672190 0.875000
vt 0.672203 0.842884
s 0
usemtl 
f 4731/6701/2347 4719/6702/2347 4718/6703/2347
f 4730/6704/2348 4719/6702/2348 4731/6705/2348 4729/6706/2348
f 4732/6707/2349 4719/6702/2349 4730/6708/2349 4733/6709/2349
f 4719/6702/2350 4732/6710/2350 4718/6711/2350
f 4734/6712/2351 4718/6702/2351 4732/6713/2351 4735/6714/2351
f 4731/6715/2352 4718/6702/2352 4734/6716/2352 4736/6717/2352
f 4725/6718/2353 4720/6719/2353 4727/6720/2353 4724/6721/2353
f 4726/6722/2354 4727/6720/2354 4720/6719/2354 4728/6723/2354
f 4723/6724/2355 4722/6725/2355 4720/6719/2355 4725/6718/2355
f 4728/6723/2356 4720/6719/2356 4722/6725/2356 4721/6726/2356
o Sphere_cell.214
v 0.006558 -0.007591 -0.001320
v 0.693520 -0.707107 -0.137950
v 0.763992 -0.628661 -0.076081
v 0.700250 -0.707107 -0.069622
v 0.629662 -0.765600 -0.062652
v 0.590778 -0.762799 -0.243994
v 0.619985 -0.768638 -0.123323
v 0.680847 -0.671104 -0.281020
v 0.653523 -0.707107 -0.269803
v 0.734823 -0.628769 -0.222196
v 0.753723 -0.632312 -0.149925
v 0.700250 -0.707107 -0.069622
v 0.629662 -0.765600 -0.062652
v 0.590778 -0.762799 -0.243994
v 0.619985 -0.768638 -0.123323
v 0.653523 -0.707107 -0.269803
v 0.680847 -0.671104 -0.281020
v 0.734823 -0.628769 -0.222196
v 0.753723 -0.632312 -0.149925
v 0.763992 -0.628661 -0.076081
vn 0.0993 0.0013 0.9951
vn 0.0981 0.0002 0.9952
vn -0.7574 -0.6349 0.1526
vn -0.3817 0.0017 -0.9243
vn 0.3063 0.6169 -0.7250
vn 0.6217 0.7732 -0.1247
vn 0.7412 -0.6326 -0.2248
vn 0.6088 -0.7715 -0.1847
vn 0.7708 -0.6326 -0.0759
vn 0.6332 -0.7715 -0.0624
vt 1.000000 0.000000
vt 1.000000 0.667539
vt 0.274126 0.000000
vt 0.727425 0.000000
vt 0.667539 0.667539
vt 0.000000 0.000000
vt 0.724759 0.000000
vt 0.730348 0.489153
vt 0.727425 0.727425
vt 0.724759 0.724759
vt 0.646153 0.000000
vt 0.677485 0.252767
vt 0.697889 0.000000
vt 0.646153 0.646153
vt 0.697889 0.697889
vt 0.725874 0.000000
vt 0.716017 0.350633
vt 0.531250 0.280849
vt 0.531250 0.250000
vt 0.562313 0.250000
vt 0.562304 0.264849
vt 0.546734 0.282310
vt 0.531250 0.219077
vt 0.562334 0.222011
vt 0.515797 0.282354
vt 0.515772 0.250000
vt 0.515783 0.220604
s 0
usemtl 
f 4737/6727/2357 4748/6728/2357 4756/6729/2357
f 4749/6730/2358 4748/6731/2358 4737/6732/2358
f 4737/6732/2359 4750/6733/2359 4751/6734/2359 4749/6735/2359
f 4750/6736/2360 4737/6732/2360 4753/6737/2360 4752/6738/2360
f 4737/6732/2361 4754/6739/2361 4753/6740/2361
f 4754/6741/2362 4737/6732/2362 4756/6742/2362 4755/6743/2362
f 4747/6744/2363 4738/6745/2363 4745/6746/2363 4744/6747/2363 4746/6748/2363
f 4738/6745/2364 4743/6749/2364 4742/6750/2364 4745/6746/2364
f 4738/6745/2365 4747/6744/2365 4739/6751/2365 4740/6752/2365
f 4740/6752/2366 4741/6753/2366 4743/6749/2366 4738/6745/2366
o Sphere_cell.215
v 0.000006 0.000119 0.007871
v -0.028451 -0.029105 0.301701
v 0.191341 0.195090 0.961939
v -0.000000 0.195090 0.980785
v -0.000000 0.000000 0.999999
v 0.145258 0.000000 0.985693
v 0.095616 -0.096061 0.981121
v 0.193202 0.098260 0.971293
v 0.274552 0.275329 0.911385
v 0.239017 0.195090 0.947477
v -0.000000 0.287639 0.952711
v -0.091874 0.285037 0.944451
v 0.186157 0.282696 0.935875
v -0.094466 -0.095664 0.981273
v -0.095621 0.000000 0.990581
v -0.094272 0.195090 0.971500
v 0.090436 -0.096128 0.981625
v -0.000000 -0.096800 0.990466
v 0.274552 0.275329 0.911385
v 0.239017 0.195090 0.947477
v 0.193202 0.098260 0.971293
v 0.145258 0.000000 0.985693
v 0.095616 -0.096061 0.981121
v -0.000000 0.287639 0.952711
v 0.186157 0.282696 0.935875
v -0.091874 0.285037 0.944451
v -0.094466 -0.095664 0.981273
v -0.095621 0.000000 0.990581
v -0.094272 0.195090 0.971500
v 0.090436 -0.096128 0.981625
v -0.000000 -0.096800 0.990466
vn 0.8832 -0.4502 -0.1313
vn -0.0009 0.9567 -0.2911
vn -0.9953 -0.0026 -0.0969
vn -0.9753 -0.1894 -0.1133
vn -0.0023 -0.9952 -0.0977
vn 0.0032 -0.9951 -0.0987
vn 0.2779 0.2890 0.9161
vn 0.2889 0.0975 0.9524
vn 0.0938 0.2890 0.9527
vn 0.0975 0.0975 0.9904
vn 0.0975 -0.0975 0.9904
vn -0.0938 0.2890 0.9527
vn -0.0976 0.0975 0.9904
vn -0.0976 -0.0975 0.9904
vt 1.000000 0.866711
vt 0.782972 0.684399
vt 0.535372 0.459751
vt 0.291193 0.229490
vt 0.065992 0.000000
vt 1.000000 0.000000
vt 0.890336 0.661496
vt 0.866711 0.866711
vt 0.000000 0.000000
vt 0.898951 0.000000
vt 0.906750 0.221185
vt 1.000000 0.934063
vt 0.769754 0.712805
vt 0.309136 0.233991
vt 0.101049 0.000000
vt 0.934063 0.934063
vt 0.908764 0.000000
vt 0.920519 0.451946
vt 0.908168 0.908168
vt 1.000000 0.934008
vt 0.908764 0.908764
vt 0.281250 0.591688
vt 0.281250 0.562500
vt 0.289348 0.562500
vt 0.296570 0.589233
vt 0.281250 0.531479
vt 0.289348 0.562500
vt 0.250000 0.593334
vt 0.250000 0.562500
vt 0.281250 0.562500
vt 0.250000 0.500000
vt 0.273268 0.500000
vt 0.265462 0.469225
vt 0.250000 0.468989
vt 0.264625 0.469204
vt 0.250000 0.562500
vt 0.234566 0.592467
vt 0.234603 0.562500
vt 0.234683 0.500000
vt 0.250000 0.500000
vt 0.234725 0.469343
s 0
usemtl 
f 4775/6754/2367 4776/6755/2367 4777/6756/2367 4778/6757/2367 4779/6758/2367 4757/6759/2367
f 4781/6760/2368 4775/6761/2368 4757/6762/2368 4782/6763/2368 4780/6764/2368
f 4757/6759/2369 4783/6765/2369 4784/6766/2369 4785/6767/2369 4782/6768/2369
f 4758/6759/2370 4783/6769/2370 4757/6762/2370
f 4758/6762/2371 4786/6770/2371 4787/6771/2371 4783/6772/2371
f 4758/6762/2372 4757/6759/2372 4779/6773/2372 4786/6774/2372
f 4769/6775/2373 4759/6776/2373 4766/6777/2373 4765/6778/2373
f 4759/6776/2374 4764/6779/2374 4766/6780/2374
f 4767/6781/2375 4760/6782/2375 4759/6783/2375 4769/6775/2375
f 4764/6779/2376 4759/6776/2376 4760/6782/2376 4761/6784/2376 4762/6785/2376
f 4763/6786/2377 4762/6785/2377 4761/6784/2377 4774/6787/2377 4773/6788/2377
f 4760/6789/2378 4767/6781/2378 4768/6790/2378 4772/6791/2378
f 4771/6792/2379 4761/6793/2379 4760/6782/2379 4772/6791/2379
f 4774/6787/2380 4761/6784/2380 4771/6792/2380 4770/6794/2380
o Sphere_cell.216
v -0.001668 -0.006349 -0.010036
v -0.162211 -0.555570 -0.815493
v -0.222522 -0.626823 -0.736385
v -0.076483 -0.626661 -0.765594
v -0.150240 -0.630340 -0.755310
v -0.086520 -0.466310 -0.870658
v -0.082030 -0.555570 -0.823390
v -0.252930 -0.466329 -0.837580
v -0.171156 -0.469793 -0.860461
v -0.239292 -0.555570 -0.792110
v -0.222522 -0.626823 -0.736385
v -0.150240 -0.630340 -0.755310
v -0.076483 -0.626661 -0.765594
v -0.086520 -0.466310 -0.870658
v -0.082030 -0.555570 -0.823390
v -0.252930 -0.466329 -0.837580
v -0.171156 -0.469793 -0.860461
v -0.239292 -0.555570 -0.792110
vn 0.1253 -0.7728 0.6221
vn 0.9953 -0.0015 -0.0973
vn -0.0920 0.8819 -0.4623
vn -0.9571 0.0014 0.2898
vn -0.2563 -0.4696 -0.8448
vn -0.2248 -0.6326 -0.7412
vn -0.0865 -0.4696 -0.8786
vn -0.0759 -0.6326 -0.7708
vt 1.000000 1.000000
vt 0.301484 0.301484
vt 0.649288 0.283496
vt 1.000000 0.273814
vt 1.000000 0.172680
vt 0.273814 0.273814
vt 0.615872 0.218191
vt 1.000000 0.204503
vt 0.172680 0.172680
vt 0.584022 0.182495
vt 1.000000 0.301484
vt 0.204503 0.204503
vt 0.617114 0.248056
vt 0.796676 0.344761
vt 0.781250 0.343509
vt 0.781250 0.312500
vt 0.796693 0.312500
vt 0.796706 0.283112
vt 0.781250 0.281662
vt 0.765803 0.312500
vt 0.765764 0.344768
vt 0.765846 0.283179
vt 0.781250 0.281662
s 0
usemtl 
f 4788/6795/2381 4798/6796/2381 4799/6797/2381 4800/6798/2381
f 4801/6799/2382 4788/6795/2382 4800/6800/2382 4802/6801/2382
f 4803/6802/2383 4788/6795/2383 4801/6803/2383 4804/6804/2383
f 4798/6805/2384 4788/6795/2384 4803/6806/2384 4805/6807/2384
f 4795/6808/2385 4796/6809/2385 4789/6810/2385 4797/6811/2385
f 4790/6812/2386 4797/6811/2386 4789/6810/2386 4792/6813/2386
f 4794/6814/2387 4789/6810/2387 4796/6809/2387 4793/6815/2387
f 4791/6816/2388 4792/6817/2388 4789/6810/2388 4794/6814/2388
o Sphere_cell.217
v -0.001300 -0.015823 -0.004688
v -0.074658 -0.980785 -0.180240
v -0.038060 -0.980785 -0.191342
v -0.000811 -0.999625 -0.003712
v -0.004029 -0.998963 -0.009727
v -0.090679 -0.980785 -0.171676
v -0.140892 -0.948341 -0.265526
v -0.001226 -0.950973 -0.293249
v -0.001078 -0.980785 -0.194984
v -0.065364 -0.938330 -0.328609
v -0.106552 -0.928239 -0.350708
v -0.125763 -0.940275 -0.303618
v -0.004029 -0.998963 -0.009727
v -0.090679 -0.980785 -0.171676
v -0.000811 -0.999625 -0.003712
v -0.140892 -0.948341 -0.265526
v -0.001226 -0.950973 -0.293249
v -0.001078 -0.980785 -0.194984
v -0.065364 -0.938330 -0.328609
v -0.106552 -0.928239 -0.350708
v -0.125763 -0.940275 -0.303618
vn -0.8817 -0.0000 0.4718
vn 1.0000 0.0005 -0.0013
vn 0.5049 0.2545 -0.8248
vn -0.9207 0.2267 -0.3177
vn -0.1374 -0.9565 -0.2571
vn -0.0464 -0.9951 -0.0869
vn -0.0846 -0.9565 -0.2790
vn -0.0286 -0.9951 -0.0942
vn -0.0286 -0.9565 -0.2902
vn -0.0097 -0.9951 -0.0980
vt 0.950383 0.929672
vt 0.951022 0.951022
vt 0.000000 0.000000
vt 0.901459 0.000000
vt 0.932818 0.354447
vt 1.000000 0.000000
vt 0.998854 0.949842
vt 0.402829 0.335580
vt 0.096099 0.000000
vt 1.000000 0.118061
vt 1.000000 1.000000
vt 0.096099 0.096099
vt 0.645373 0.108312
vt 0.118062 0.118062
vt 0.608119 0.106378
vt 1.000000 0.098541
vt 0.827645 0.098133
vt 0.812500 0.106992
vt 0.812500 0.062500
vt 0.827344 0.062500
vt 0.827282 0.003373
vt 0.827344 0.062500
vt 0.796943 0.120211
vt 0.781250 0.109129
vt 0.781250 0.062500
vt 0.796629 0.001219
vt 0.797718 0.003373
vt 0.750670 0.095243
vt 0.750885 0.062500
vt 0.765958 0.001332
s 0
usemtl 
f 4818/6818/2389 4820/6819/2389 4806/6820/2389 4821/6821/2389 4819/6822/2389
f 4806/6823/2390 4820/6824/2390 4823/6825/2390 4822/6826/2390
f 4825/6827/2391 4806/6828/2391 4822/6829/2391 4824/6830/2391
f 4806/6828/2392 4825/6831/2392 4826/6832/2392 4821/6833/2392
f 4812/6834/2393 4817/6835/2393 4807/6836/2393 4811/6837/2393
f 4810/6838/2394 4811/6839/2394 4807/6836/2394
f 4816/6840/2395 4815/6841/2395 4808/6842/2395 4807/6836/2395 4817/6835/2395
f 4809/6843/2396 4810/6844/2396 4807/6836/2396 4808/6842/2396
f 4813/6845/2397 4814/6846/2397 4808/6842/2397 4815/6841/2397
f 4814/6846/2398 4809/6847/2398 4808/6842/2398
o Sphere_cell.218
v 0.001610 -0.007811 0.009888
v 0.162212 -0.555570 0.815493
v 0.239457 -0.555570 0.792061
v 0.222369 -0.627301 0.736024
v 0.253220 -0.466950 0.837147
v 0.143443 -0.670036 0.723402
v 0.075973 -0.627522 0.764938
v 0.081919 -0.555570 0.823401
v 0.086740 -0.466890 0.870327
v 0.171094 -0.470391 0.860147
v 0.239457 -0.555570 0.792061
v 0.222369 -0.627301 0.736024
v 0.253220 -0.466950 0.837147
v 0.143443 -0.670036 0.723402
v 0.075973 -0.627522 0.764938
v 0.081919 -0.555570 0.823401
v 0.086740 -0.466890 0.870327
v 0.171094 -0.470391 0.860147
vn 0.9567 -0.0004 -0.2912
vn 0.4375 -0.6141 -0.6569
vn -0.6567 -0.6134 -0.4388
vn -0.9951 0.0016 0.0993
vn 0.0923 0.8823 0.4616
vn 0.2563 -0.4696 0.8448
vn 0.2245 -0.6328 0.7411
vn 0.0865 -0.4696 0.8786
vn 0.0759 -0.6326 0.7708
vt 1.000000 0.301770
vt 1.000000 1.000000
vt 0.204527 0.204527
vt 0.614437 0.247884
vt 0.301770 0.301770
vt 1.000000 0.313998
vt 1.000000 0.274111
vt 0.313998 0.313998
vt 1.000000 0.172742
vt 0.274111 0.274111
vt 0.619361 0.217881
vt 1.000000 0.204527
vt 0.172742 0.172742
vt 0.582456 0.182471
vt 0.281250 0.343293
vt 0.281250 0.312500
vt 0.296726 0.312500
vt 0.296749 0.344537
vt 0.281250 0.265375
vt 0.296697 0.282915
vt 0.265809 0.344558
vt 0.265782 0.312500
vt 0.265755 0.282824
s 0
usemtl 
f 4838/6848/2399 4827/6849/2399 4839/6850/2399 4837/6851/2399
f 4827/6849/2400 4838/6852/2400 4840/6853/2400
f 4841/6854/2401 4827/6849/2401 4840/6855/2401
f 4843/6856/2402 4827/6849/2402 4841/6857/2402 4842/6858/2402
f 4839/6859/2403 4827/6849/2403 4843/6860/2403 4844/6861/2403
f 4836/6862/2404 4828/6863/2404 4829/6864/2404 4831/6865/2404
f 4828/6863/2405 4832/6866/2405 4830/6867/2405 4829/6864/2405
f 4835/6868/2406 4834/6869/2406 4828/6863/2406 4836/6862/2406
f 4832/6866/2407 4828/6863/2407 4834/6869/2407 4833/6870/2407
o Sphere_cell.219
v -0.007065 -0.007232 0.000725
v -0.693520 -0.707107 0.137950
v -0.629618 -0.765661 0.062345
v -0.667526 -0.739541 0.000608
v -0.605738 -0.765733 0.182423
v -0.619966 -0.768653 0.123319
v -0.673717 -0.707107 0.203229
v -0.735008 -0.628616 0.222019
v -0.706914 -0.707216 0.000602
v -0.736582 -0.671075 0.000970
v -0.764282 -0.628354 0.075690
v -0.753903 -0.632088 0.149960
v -0.629618 -0.765661 0.062345
v -0.667526 -0.739541 0.000608
v -0.619966 -0.768653 0.123319
v -0.605738 -0.765733 0.182423
v -0.673717 -0.707107 0.203229
v -0.735008 -0.628616 0.222019
v -0.706914 -0.707216 0.000602
v -0.736582 -0.671075 0.000970
v -0.764282 -0.628354 0.075690
v -0.753903 -0.632088 0.149960
vn 0.5972 -0.5385 -0.5945
vn 0.7580 -0.6345 -0.1511
vn 0.2918 -0.0012 0.9565
vn -0.0055 0.0057 -1.0000
vn 0.0002 -0.0000 -1.0000
vn -0.5586 0.6137 -0.5580
vn -0.6217 0.7731 0.1258
vn -0.7412 -0.6326 0.2248
vn -0.6088 -0.7715 0.1847
vn -0.7707 -0.6327 0.0758
vn -0.6332 -0.7715 0.0624
vt 0.297402 0.000000
vt 1.000000 0.000000
vt 1.000000 0.727024
vt 0.727024 0.727024
vt 0.000000 0.000000
vt 0.727209 0.000000
vt 0.729951 0.362138
vt 0.720252 0.384403
vt 0.727209 0.727209
vt 0.698125 0.000000
vt 0.997424 0.668719
vt 0.300848 0.000000
vt 0.671169 0.671169
vt 0.702598 0.000000
vt 1.000000 1.000000
vt 0.300848 0.300848
vt 1.000000 0.273939
vt 1.000000 0.301875
vt 0.273939 0.273939
vt 0.636088 0.283824
vt 0.031250 0.250000
vt 0.046629 0.250000
vt 0.046688 0.282373
vt 0.031250 0.280941
vt 0.031250 0.219069
vt 0.046557 0.220537
vt 0.046629 0.250000
vt 0.000207 0.264861
vt 0.000137 0.250000
vt 0.015710 0.282481
vt 0.000149 0.233700
vt 0.015708 0.220573
vt 0.000138 0.249945
s 0
usemtl 
f 4858/6871/2408 4845/6872/2408 4857/6873/2408
f 4857/6874/2409 4845/6875/2409 4860/6876/2409 4859/6877/2409
f 4861/6878/2410 4860/6879/2410 4845/6875/2410 4862/6880/2410
f 4863/6881/2411 4864/6882/2411 4845/6872/2411
f 4863/6883/2412 4845/6875/2412 4858/6884/2412
f 4845/6885/2413 4864/6886/2413 4865/6887/2413
f 4862/6888/2414 4845/6885/2414 4865/6889/2414 4866/6890/2414
f 4846/6891/2415 4851/6892/2415 4852/6893/2415 4856/6894/2415
f 4846/6891/2416 4850/6895/2416 4849/6896/2416 4851/6897/2416
f 4854/6898/2417 4853/6899/2417 4846/6891/2417 4856/6894/2417 4855/6900/2417
f 4848/6901/2418 4847/6902/2418 4850/6895/2418 4846/6891/2418 4853/6903/2418
o Sphere_cell.220
v -0.007246 0.002692 -0.001840
v -0.923879 0.382683 -0.000000
v -0.906127 0.382683 -0.180240
v -0.853553 0.382683 -0.353553
v -0.908270 0.222842 -0.339405
v -0.934069 0.194425 -0.283443
v -0.841614 0.357442 -0.392054
v -0.880770 0.285567 -0.364827
v -0.847540 0.394859 -0.351063
v -0.838120 0.464848 -0.253865
v -0.847008 0.382683 -0.365798
v -0.861281 0.468228 -0.171320
v -0.871609 0.464602 -0.086134
v -0.922609 0.382223 0.014311
v -0.917380 0.394842 -0.000000
v -0.960360 0.200398 -0.191028
v -0.960357 0.196369 -0.195229
v -0.927581 0.370481 -0.000000
v -0.942918 0.195090 -0.254047
v -0.841614 0.357442 -0.392054
v -0.880770 0.285567 -0.364827
v -0.908270 0.222842 -0.339405
v -0.847540 0.394859 -0.351063
v -0.838120 0.464848 -0.253865
v -0.847008 0.382683 -0.365798
v -0.861281 0.468228 -0.171320
v -0.871609 0.464602 -0.086134
v -0.917380 0.394842 -0.000000
v -0.960360 0.200398 -0.191028
v -0.927581 0.370481 -0.000000
v -0.960357 0.196369 -0.195229
v -0.922609 0.382223 0.014311
v -0.934069 0.194425 -0.283443
v -0.942918 0.195090 -0.254047
vn -0.0407 -0.8832 -0.4672
vn 0.2161 -0.4466 -0.8682
vn 0.5294 0.6633 -0.5289
vn 0.4621 0.8819 0.0936
vn 0.2874 0.6639 0.6904
vn -0.2760 -0.6939 0.6651
vn -0.1921 -0.9807 -0.0356
vn -0.8781 0.4694 0.0930
vn -0.9527 0.2890 0.0938
vn -0.8786 0.4696 -0.0865
vn -0.9527 0.2890 -0.0938
vn -0.8448 0.4696 -0.2563
vn -0.9161 0.2888 -0.2780
vn -0.7786 0.4696 -0.4162
vn -0.8443 0.2890 -0.4513
vt 1.000000 0.136176
vt 1.000000 1.000000
vt 0.130681 0.111215
vt 1.000000 0.199923
vt 0.136176 0.136176
vt 0.530698 0.162468
vt 1.000000 0.203465
vt 0.199924 0.199924
vt 0.362656 0.194792
vt 0.449574 0.194302
vt 0.203465 0.203465
vt 0.598498 0.181040
vt 1.000000 0.170922
vt 1.000000 0.121915
vt 0.170922 0.170922
vt 0.881575 0.126943
vt 0.981723 0.086169
vt 1.000000 0.086182
vt 0.121915 0.121915
vt 0.179775 0.117179
vt 1.000000 0.110757
vt 0.086182 0.086182
vt 0.695225 0.102483
vt 0.000000 0.625000
vt 0.002398 0.625000
vt 0.000000 0.629396
vt 0.000000 0.620935
vt 0.968750 0.625000
vt 1.000000 0.625000
vt 1.000000 0.629396
vt 0.984323 0.654614
vt 0.968750 0.655925
vt 0.968750 0.564268
vt 1.000000 0.620935
vt 0.937500 0.625000
vt 0.968750 0.655925
vt 0.953190 0.654703
vt 0.937500 0.629402
vt 0.968074 0.562926
vt 0.968750 0.564268
vt 0.937500 0.592644
vt 0.943125 0.571746
vt 0.952887 0.562500
vt 0.958100 0.562500
vt 0.935104 0.625000
vt 0.930621 0.616590
vt 0.937500 0.592644
s 0
usemtl 
f 4888/6904/2419 4867/6905/2419 4899/6906/2419
f 4886/6907/2420 4867/6905/2420 4888/6908/2420 4887/6909/2420
f 4890/6910/2421 4867/6905/2421 4886/6911/2421 4891/6912/2421 4889/6913/2421
f 4867/6905/2422 4890/6914/2422 4892/6915/2422 4893/6916/2422
f 4898/6917/2423 4867/6905/2423 4893/6918/2423 4894/6919/2423
f 4895/6920/2424 4897/6921/2424 4867/6905/2424 4898/6922/2424 4896/6923/2424
f 4899/6924/2425 4867/6905/2425 4897/6925/2425 4900/6926/2425
f 4868/6927/2426 4880/6928/2426 4881/6929/2426
f 4880/6928/2427 4868/6927/2427 4884/6930/2427
f 4869/6931/2428 4868/6932/2428 4881/6933/2428 4879/6934/2428 4878/6935/2428
f 4868/6932/2429 4869/6931/2429 4882/6936/2429 4884/6937/2429
f 4870/6938/2430 4869/6931/2430 4878/6939/2430 4876/6940/2430 4875/6941/2430
f 4883/6942/2431 4882/6943/2431 4869/6931/2431 4870/6938/2431 4874/6944/2431 4871/6945/2431 4872/6946/2431 4885/6947/2431
f 4877/6948/2432 4870/6938/2432 4875/6941/2432
f 4870/6938/2433 4877/6948/2433 4873/6949/2433 4874/6950/2433
o Sphere_cell.221
v -0.009431 -0.009358 0.004319
v -0.653281 -0.707107 0.270598
v -0.656885 -0.657262 0.350215
v -0.558438 -0.765584 0.297608
v -0.620981 -0.707107 0.331028
v -0.584209 -0.768463 0.241987
v -0.605445 -0.765430 0.184652
v -0.673056 -0.707107 0.205410
v -0.734577 -0.628291 0.224351
v -0.678114 -0.627755 0.361622
v -0.748778 -0.581157 0.310154
v -0.558438 -0.765584 0.297608
v -0.620981 -0.707107 0.331028
v -0.656885 -0.657262 0.350215
v -0.584209 -0.768463 0.241987
v -0.605445 -0.765430 0.184652
v -0.673056 -0.707107 0.205410
v -0.734577 -0.628291 0.224351
v -0.678114 -0.627755 0.361622
v -0.748778 -0.581157 0.310154
vn 0.4713 -0.0001 0.8820
vn 0.7138 -0.6338 -0.2979
vn -0.2919 0.0020 -0.9564
vn -0.6558 0.6106 -0.4439
vn -0.1566 0.6156 0.7723
vn 0.4721 -0.0012 0.8815
vn -0.6831 -0.6326 0.3651
vn -0.5611 -0.7715 0.2999
vn -0.7412 -0.6326 0.2248
vn -0.6088 -0.7715 0.1847
vt 0.726566 0.726566
vt 0.000000 0.000000
vt 0.622499 0.000000
vt 0.670387 0.301302
vt 0.273490 0.000000
vt 1.000000 0.000000
vt 1.000000 0.726566
vt 0.634880 0.364259
vt 1.000000 0.303060
vt 1.000000 1.000000
vt 0.273490 0.273490
vt 0.614285 0.280597
vt 1.000000 0.289574
vt 0.303060 0.303060
vt 1.000000 0.357661
vt 0.289986 0.289609
vt 1.000000 0.377501
vt 0.357661 0.357661
vt 0.077973 0.282728
vt 0.062500 0.301947
vt 0.062500 0.250000
vt 0.077947 0.250000
vt 0.077955 0.270558
vt 0.077930 0.220612
vt 0.062500 0.219164
vt 0.062491 0.301960
vt 0.047175 0.282507
vt 0.047143 0.250000
vt 0.047113 0.220689
s 0
usemtl 
f 4912/6951/2434 4901/6952/2434 4914/6953/2434 4913/6954/2434
f 4916/6955/2435 4901/6956/2435 4912/6957/2435 4915/6958/2435
f 4918/6959/2436 4901/6960/2436 4916/6961/2436 4917/6962/2436
f 4920/6963/2437 4901/6960/2437 4918/6964/2437
f 4919/6965/2438 4901/6960/2438 4920/6966/2438
f 4914/6967/2439 4901/6960/2439 4919/6968/2439
f 4910/6969/2440 4911/6970/2440 4902/6971/2440 4905/6972/2440 4903/6973/2440
f 4904/6974/2441 4905/6972/2441 4902/6971/2441 4906/6975/2441
f 4911/6976/2442 4909/6977/2442 4908/6978/2442 4902/6971/2442
f 4906/6975/2443 4902/6971/2443 4908/6978/2443 4907/6979/2443
o Sphere_cell.222
v -0.005753 -0.026298 0.003665
v -0.162212 -0.980785 0.108386
v -0.207693 -0.951122 0.206365
v -0.239511 -0.952584 0.160036
v -0.254482 -0.951806 0.137441
v -0.138564 -0.980785 0.137200
v -0.170660 -0.980785 0.092581
v -0.009183 -0.998912 0.006136
v -0.239511 -0.952584 0.160036
v -0.254482 -0.951806 0.137441
v -0.207693 -0.951122 0.206365
v -0.138564 -0.980785 0.137200
v -0.170660 -0.980785 0.092581
v -0.009183 -0.998912 0.006136
vn -0.7930 0.2905 0.5355
vn 0.7101 -0.0003 0.7041
vn -0.4720 -0.0006 -0.8816
vn -0.2254 -0.9565 0.1850
vn -0.0761 -0.9951 0.0625
vn -0.2571 -0.9565 0.1374
vn -0.0869 -0.9951 0.0464
vt 0.389144 0.094950
vt 1.000000 0.096799
vt 1.000000 1.000000
vt 0.095507 0.095507
vt 1.000000 0.049706
vt 0.096799 0.096799
vt 0.405999 0.067811
vt 1.000000 0.095506
vt 0.062509 0.050066
vt 0.667064 0.067397
vt 0.093750 0.093473
vt 0.093750 0.062500
vt 0.124208 0.062500
vt 0.124486 0.095079
vt 0.109107 0.002313
vt 0.124208 0.062500
vt 0.078811 0.094328
vt 0.079106 0.062500
vt 0.079106 0.062500
vt 0.079010 0.003538
s 0
usemtl 
f 4929/6980/2444 4931/6981/2444 4921/6982/2444 4930/6983/2444
f 4934/6984/2445 4921/6982/2445 4931/6985/2445 4932/6986/2445
f 4930/6987/2446 4921/6982/2446 4934/6988/2446 4933/6989/2446
f 4924/6990/2447 4922/6991/2447 4926/6992/2447 4923/6993/2447
f 4928/6994/2448 4926/6995/2448 4922/6991/2448
f 4922/6991/2449 4924/6990/2449 4925/6996/2449 4927/6997/2449
f 4922/6991/2450 4927/6998/2450 4928/6999/2450
o Sphere_cell.223
v -0.003006 0.009127 0.005622
v -0.212608 0.831470 0.513280
v -0.308658 0.831470 0.461939
v -0.244453 0.763903 0.589161
v -0.399183 0.767082 0.488654
v -0.350293 0.769967 0.524251
v -0.170441 0.806725 0.557427
v -0.152291 0.848612 0.498224
v -0.222392 0.875270 0.415581
v -0.189051 0.864372 0.456409
v -0.261078 0.877246 0.390731
v -0.297932 0.875490 0.364715
v -0.349794 0.831470 0.428180
v -0.161640 0.831470 0.528740
v -0.399183 0.767082 0.488654
v -0.350293 0.769967 0.524251
v -0.244453 0.763903 0.589161
v -0.222392 0.875270 0.415581
v -0.189051 0.864372 0.456409
v -0.152291 0.848612 0.498224
v -0.261078 0.877246 0.390731
v -0.297932 0.875490 0.364715
v -0.349794 0.831470 0.428180
v -0.161640 0.831470 0.528740
v -0.170441 0.806725 0.557427
vn -0.4303 -0.6342 0.6423
vn 0.5458 -0.3962 0.7383
vn 0.7527 0.4276 -0.5006
vn 0.4936 0.4711 -0.7310
vn -0.7740 -0.0010 -0.6332
vn 0.9564 -0.0014 0.2922
vn -0.1374 0.8810 0.4528
vn -0.1850 0.7713 0.6090
vn -0.2231 0.8810 0.4173
vn -0.2999 0.7715 0.5611
vn -0.4036 0.7715 0.4918
vn -0.3002 0.8810 0.3658
vt 0.272036 0.000000
vt 1.000000 0.000000
vt 1.000000 0.725226
vt 0.507939 0.238777
vt 0.725226 0.725226
vt 0.000000 0.000000
vt 0.766627 0.000000
vt 0.610504 0.432224
vt 0.193149 0.000000
vt 1.000000 0.831936
vt 0.831936 0.831936
vt 0.832147 0.000000
vt 0.833833 0.412867
vt 0.167853 0.000000
vt 1.000000 0.727964
vt 0.562395 0.352233
vt 0.193149 0.193149
vt 0.580880 0.209608
vt 1.000000 0.233373
vt 1.000000 1.000000
vt 0.187500 0.834753
vt 0.187500 0.812500
vt 0.202782 0.812500
vt 0.202793 0.824094
vt 0.187500 0.778709
vt 0.202769 0.800065
vt 0.156250 0.843460
vt 0.156250 0.812500
vt 0.187500 0.834753
vt 0.171798 0.842124
vt 0.187500 0.778709
vt 0.156250 0.781591
vt 0.140981 0.812500
vt 0.140984 0.780141
vt 0.156250 0.843460
vt 0.140985 0.842273
s 0
usemtl 
f 4949/7000/2451 4935/7001/2451 4951/7002/2451 4950/7003/2451
f 4951/7004/2452 4935/7005/2452 4959/7006/2452
f 4953/7007/2453 4954/7008/2453 4935/7001/2453 4952/7009/2453
f 4952/7010/2454 4935/7005/2454 4956/7011/2454 4955/7012/2454
f 4956/7013/2455 4935/7001/2455 4949/7014/2455 4957/7015/2455
f 4954/7016/2456 4958/7017/2456 4959/7018/2456 4935/7019/2456
f 4944/7020/2457 4936/7021/2457 4948/7022/2457 4942/7023/2457
f 4936/7021/2458 4938/7024/2458 4941/7025/2458 4948/7022/2458
f 4945/7026/2459 4937/7027/2459 4936/7021/2459 4944/7028/2459 4943/7029/2459
f 4938/7030/2460 4936/7021/2460 4937/7027/2460 4940/7031/2460
f 4940/7031/2461 4937/7027/2461 4947/7032/2461 4939/7033/2461
f 4947/7032/2462 4937/7027/2462 4945/7034/2462 4946/7035/2462
o Sphere_cell.224
v -0.008286 -0.004146 0.005648
v -0.768177 -0.382683 0.513280
v -0.677641 -0.464562 0.554943
v -0.730177 -0.468186 0.487889
v -0.771989 -0.464847 0.413434
v -0.649477 -0.395418 0.647238
v -0.654266 -0.382683 0.652082
v -0.675090 -0.284790 0.673291
v -0.810551 -0.382683 0.434004
v -0.835919 -0.287458 0.447528
v -0.791570 -0.289938 0.528910
v -0.677641 -0.464562 0.554943
v -0.730177 -0.468186 0.487889
v -0.771989 -0.464847 0.413434
v -0.649477 -0.395418 0.647238
v -0.654266 -0.382683 0.652082
v -0.675090 -0.284790 0.673291
v -0.810551 -0.382683 0.434004
v -0.835919 -0.287458 0.447528
v -0.791570 -0.289938 0.528910
vn 0.3930 -0.8819 -0.2603
vn 0.6912 -0.6635 0.2862
vn 0.7080 -0.0024 0.7062
vn -0.4709 -0.0002 -0.8822
vn -0.2417 0.9569 0.1609
vn -0.7400 -0.2890 0.6073
vn -0.6825 -0.4696 0.5601
vn -0.8443 -0.2890 0.4513
vn -0.7786 -0.4696 0.4162
vt 0.631206 0.323936
vt 0.267099 0.000000
vt 1.000000 0.000000
vt 1.000000 0.642268
vt 0.615282 0.000000
vt 0.642268 0.642268
vt 0.000000 0.000000
vt 0.619900 0.540529
vt 0.615282 0.615282
vt 0.640049 0.000000
vt 0.794262 0.794262
vt 0.732901 0.000000
vt 0.769913 0.387747
vt 0.359951 0.000000
vt 1.000000 0.794262
vt 0.784220 0.535966
vt 0.093750 0.375000
vt 0.124732 0.375000
vt 0.124786 0.407615
vt 0.093750 0.405900
vt 0.124732 0.375000
vt 0.093750 0.344090
vt 0.109209 0.345400
vt 0.124717 0.370396
vt 0.078240 0.375000
vt 0.093750 0.405900
vt 0.078231 0.406726
vt 0.078252 0.345297
vt 0.093750 0.344090
vt 0.078240 0.375000
s 0
usemtl 
f 4972/7036/2463 4973/7037/2463 4960/7038/2463 4971/7039/2463
f 4974/7040/2464 4971/7041/2464 4960/7042/2464
f 4975/7043/2465 4974/7044/2465 4960/7042/2465 4976/7045/2465
f 4978/7046/2466 4960/7042/2466 4973/7047/2466 4977/7048/2466
f 4976/7049/2467 4960/7038/2467 4978/7050/2467 4979/7051/2467
f 4961/7052/2468 4966/7053/2468 4967/7054/2468 4970/7055/2468
f 4966/7056/2469 4961/7052/2469 4963/7057/2469 4962/7058/2469 4965/7059/2469
f 4968/7060/2470 4961/7052/2470 4970/7061/2470 4969/7062/2470
f 4964/7063/2471 4963/7064/2471 4961/7052/2471 4968/7065/2471
o Sphere_cell.225
v 0.009954 0.009579 -0.000291
v 0.707107 0.707107 -0.000000
v 0.764028 0.628805 -0.074510
v 0.581366 0.805740 -0.056416
v 0.700380 0.707107 -0.068302
v 0.629409 0.765966 0.060694
v 0.606731 0.789483 0.000000
v 0.700401 0.707107 0.068084
v 0.764199 0.628671 0.073902
v 0.768480 0.632323 0.000000
v 0.581366 0.805740 -0.056416
v 0.700380 0.707107 -0.068302
v 0.606731 0.789483 0.000000
v 0.629409 0.765966 0.060694
v 0.700401 0.707107 0.068084
v 0.764028 0.628805 -0.074510
v 0.768480 0.632323 0.000000
v 0.764199 0.628671 0.073902
vn -0.0976 -0.0004 -0.9952
vn -0.0988 0.0007 -0.9951
vn -0.7012 0.5363 0.4698
vn -0.1013 0.0027 0.9949
vn -0.0951 -0.0035 0.9955
vn 0.6345 -0.7729 -0.0014
vn 0.6332 0.7715 -0.0624
vn 0.7708 0.6326 -0.0759
vn 0.6332 0.7715 0.0624
vn 0.7708 0.6326 0.0759
vt 0.274725 0.000000
vt 1.000000 0.000000
vt 1.000000 0.666529
vt 0.666529 0.666529
vt 0.000000 0.000000
vt 0.765096 0.000000
vt 0.234903 0.000000
vt 1.000000 0.726847
vt 0.601990 0.351451
vt 0.670658 0.036849
vt 0.726847 0.726847
vt 0.667001 0.667001
vt 0.725393 0.000000
vt 0.725275 0.000000
vt 0.729534 0.366283
vt 0.725393 0.725393
vt 0.500000 0.750000
vt 0.515473 0.750000
vt 0.515394 0.799569
vt 0.500000 0.791399
vt 0.500000 0.719156
vt 0.515473 0.717705
vt 0.484577 0.750000
vt 0.500000 0.791399
vt 0.484699 0.779580
vt 0.500000 0.719156
vt 0.484572 0.748422
vt 0.484656 0.717650
s 0
usemtl 
f 4995/7066/2472 4980/7067/2472 4991/7068/2472
f 4991/7069/2473 4980/7070/2473 4990/7071/2473
f 4990/7072/2474 4980/7067/2474 4993/7073/2474 4992/7074/2474
f 4994/7075/2475 4993/7076/2475 4980/7070/2475
f 4994/7077/2476 4980/7070/2476 4997/7078/2476
f 4980/7070/2477 4995/7079/2477 4996/7080/2477 4997/7081/2477
f 4981/7082/2478 4984/7083/2478 4983/7084/2478 4986/7085/2478
f 4984/7083/2479 4981/7082/2479 4989/7086/2479 4982/7087/2479
f 4987/7088/2480 4981/7082/2480 4986/7089/2480 4985/7090/2480
f 4989/7091/2481 4981/7082/2481 4987/7092/2481 4988/7093/2481
o Sphere_cell.226
v 0.010453 -0.005777 0.000135
v 0.022254 -0.010200 -0.001557
v 0.831469 -0.555570 0.000000
v 0.769995 -0.630477 0.000000
v 0.765553 -0.626918 0.074753
v 0.765675 -0.626831 -0.074239
v 0.870969 -0.466010 0.084999
v 0.823551 -0.555570 0.080402
v 0.926939 -0.359113 -0.041530
v 0.922223 -0.382683 -0.016814
v 0.916004 -0.397417 0.000000
v 0.823575 -0.555570 -0.080150
v 0.915083 -0.382683 -0.089311
v 0.769995 -0.630477 0.000000
v 0.765675 -0.626831 -0.074239
v 0.765553 -0.626918 0.074753
v 0.870969 -0.466010 0.084999
v 0.823551 -0.555570 0.080402
v 0.922223 -0.382683 -0.016814
v 0.916004 -0.397417 0.000000
v 0.926939 -0.359113 -0.041530
v 0.823575 -0.555570 -0.080150
v 0.915083 -0.382683 -0.089311
vn -0.6352 -0.7723 -0.0010
vn -0.0978 0.0007 0.9952
vn 0.2877 0.6651 0.6891
vn 0.3619 0.9267 0.1013
vn -0.1772 -0.0982 -0.9793
vn -0.0984 -0.0012 -0.9951
vn 0.2970 0.8251 -0.4807
vn 0.9527 -0.2890 -0.0938
vn 0.8786 -0.4696 -0.0865
vn 0.7708 -0.6326 -0.0759
vn 0.7708 -0.6326 0.0759
vn 0.8786 -0.4696 0.0865
vt 0.000000 0.000000
vt 0.726708 0.000000
vt 0.730927 0.364209
vt 0.726715 0.726715
vt 0.172443 0.000000
vt 1.000000 0.000000
vt 1.000000 0.726715
vt 0.602114 0.384352
vt 0.836464 0.122639
vt 1.000000 0.117984
vt 1.000000 1.000000
vt 0.172443 0.172443
vt 0.726119 0.128704
vt 0.119347 0.000000
vt 1.000000 0.273292
vt 0.868862 0.006221
vt 0.779883 0.502684
vt 0.724252 0.724252
vt 0.130453 0.000000
vt 1.000000 0.880653
vt 0.507123 0.382853
vt 0.502915 0.375000
vt 0.515485 0.375783
vt 0.515485 0.375000
vt 0.502915 0.375000
vt 0.500000 0.369674
vt 0.500000 0.312500
vt 0.515441 0.312500
vt 0.500000 0.281605
vt 0.515414 0.283472
vt 0.484511 0.312500
vt 0.484508 0.283073
vt 0.500000 0.312500
vt 0.484517 0.344877
s 0
usemtl 
f 4998/7094/2482 5012/7095/2482 5011/7096/2482 5013/7097/2482
f 5014/7098/2483 4998/7099/2483 5013/7100/2483 5015/7101/2483
f 5016/7102/2484 5018/7103/2484 4998/7104/2484 5014/7105/2484 5017/7106/2484
f 5018/7107/2485 4999/7099/2485 4998/7104/2485
f 4999/7094/2486 5012/7108/2486 4998/7104/2486
f 5020/7109/2487 5019/7110/2487 5012/7111/2487 4999/7094/2487
f 5020/7112/2488 4999/7099/2488 5018/7113/2488
f 5006/7114/2489 5007/7115/2489 5010/7116/2489
f 5010/7117/2490 5007/7118/2490 5008/7119/2490 5000/7120/2490 5009/7121/2490
f 5000/7120/2491 5001/7122/2491 5003/7123/2491 5009/7121/2491
f 5001/7122/2492 5000/7120/2492 5005/7124/2492 5002/7125/2492
f 5005/7124/2493 5000/7126/2493 5008/7119/2493 5004/7127/2493
o Sphere_cell.227
v -0.003822 -0.006136 0.007269
v -0.461940 -0.555570 0.691341
v -0.553825 -0.466523 0.677209
v -0.487299 -0.470172 0.729295
v -0.337640 -0.463580 0.813266
v -0.486885 -0.627231 0.595156
v -0.523903 -0.555570 0.640490
v -0.297839 -0.623281 0.716349
v -0.427675 -0.630722 0.640060
v -0.318978 -0.555570 0.767756
v -0.487299 -0.470172 0.729295
v -0.337640 -0.463580 0.813266
v -0.553825 -0.466523 0.677209
v -0.523903 -0.555570 0.640490
v -0.486885 -0.627231 0.595156
v -0.297839 -0.623281 0.716349
v -0.427675 -0.630722 0.640060
v -0.318978 -0.555570 0.767756
vn -0.2595 0.8821 0.3932
vn -0.7734 0.0015 -0.6339
vn 0.3536 -0.7732 -0.5264
vn 0.9242 -0.0015 0.3819
vn -0.4162 -0.4696 0.7786
vn -0.3651 -0.6326 0.6831
vn -0.5601 -0.4696 0.6825
vn -0.4913 -0.6326 0.5987
vt 0.226737 0.000000
vt 1.000000 0.000000
vt 1.000000 0.642197
vt 0.742265 0.434605
vt 0.642197 0.642197
vt 0.000000 0.000000
vt 0.594780 0.000000
vt 0.623442 0.310345
vt 0.598668 0.226460
vt 0.405220 0.000000
vt 1.000000 0.680097
vt 0.729500 0.373200
vt 0.680097 0.680097
vt 0.773263 0.000000
vt 0.156250 0.343372
vt 0.156250 0.312500
vt 0.187329 0.312500
vt 0.187370 0.345755
vt 0.156250 0.281504
vt 0.187286 0.284573
vt 0.187329 0.312500
vt 0.140882 0.312500
vt 0.140898 0.344691
vt 0.140872 0.282944
s 0
usemtl 
f 5032/7128/2494 5021/7129/2494 5033/7130/2494 5031/7131/2494
f 5033/7132/2495 5021/7133/2495 5035/7134/2495 5034/7135/2495
f 5037/7136/2496 5035/7137/2496 5021/7129/2496 5036/7138/2496
f 5038/7139/2497 5036/7140/2497 5021/7133/2497 5032/7141/2497
f 5024/7142/2498 5022/7143/2498 5030/7144/2498 5025/7145/2498
f 5022/7143/2499 5029/7146/2499 5028/7147/2499 5030/7148/2499
f 5027/7149/2500 5022/7143/2500 5024/7142/2500 5023/7150/2500
f 5022/7143/2501 5027/7149/2501 5026/7151/2501 5029/7146/2501
o Sphere_cell.228
v -0.007197 0.004521 -0.003081
v -0.768177 0.555570 -0.318190
v -0.691913 0.555570 -0.460871
v -0.675571 0.579494 -0.449996
v -0.733411 0.462335 -0.488442
v -0.735648 0.627194 -0.223906
v -0.681908 0.669351 -0.282456
v -0.791550 0.555570 -0.241140
v -0.837136 0.465852 -0.255270
v -0.846464 0.397039 -0.350617
v -0.840685 0.358355 -0.393207
v -0.845855 0.382683 -0.367955
v -0.779023 0.400764 -0.472588
v -0.808344 0.382683 -0.438133
v -0.691913 0.555570 -0.460871
v -0.675571 0.579494 -0.449996
v -0.733411 0.462335 -0.488442
v -0.735648 0.627194 -0.223906
v -0.681908 0.669351 -0.282456
v -0.791550 0.555570 -0.241140
v -0.837136 0.465852 -0.255270
v -0.846464 0.397039 -0.350617
v -0.845855 0.382683 -0.367955
v -0.840685 0.358355 -0.393207
v -0.779023 0.400764 -0.472588
v -0.808344 0.382683 -0.438133
vn 0.5552 -0.0011 -0.8317
vn 0.7296 0.6137 -0.3016
vn 0.3069 0.6162 0.7253
vn -0.2919 -0.0023 0.9564
vn -0.5293 -0.6625 0.5300
vn -0.1074 -0.8398 -0.5321
vn 0.2934 -0.4364 -0.8506
vn -0.8448 0.4696 -0.2563
vn -0.7412 0.6326 -0.2248
vn -0.6831 0.6326 -0.3651
vn -0.7786 0.4696 -0.4162
vn -0.8443 0.2890 -0.4513
vt 1.000000 0.359146
vt 1.000000 1.000000
vt 0.303481 0.303481
vt 0.841508 0.343430
vt 1.000000 0.353363
vt 0.359146 0.359146
vt 0.354656 0.353243
vt 1.000000 0.301453
vt 0.301453 0.301453
vt 0.630901 0.247941
vt 1.000000 0.204329
vt 0.204329 0.204329
vt 0.735537 0.195224
vt 0.838434 0.195778
vt 1.000000 0.200687
vt 1.000000 0.260203
vt 0.200687 0.200687
vt 0.642424 0.231914
vt 1.000000 0.303481
vt 0.260203 0.260203
vt 0.952937 0.687500
vt 0.937500 0.687500
vt 0.937500 0.630190
vt 0.952895 0.655066
vt 0.952977 0.717041
vt 0.937500 0.734428
vt 0.937468 0.734457
vt 0.906486 0.697367
vt 0.906482 0.687500
vt 0.934682 0.625000
vt 0.937500 0.630190
vt 0.906482 0.687500
vt 0.906493 0.653795
vt 0.913266 0.631536
vt 0.920952 0.625000
vt 0.930374 0.616895
vt 0.920952 0.625000
s 0
usemtl 
f 5054/7152/2502 5039/7153/2502 5055/7154/2502 5053/7155/2502
f 5057/7156/2503 5039/7153/2503 5054/7157/2503
f 5039/7153/2504 5057/7158/2504 5056/7159/2504
f 5039/7153/2505 5056/7160/2505 5058/7161/2505 5059/7162/2505
f 5059/7163/2506 5060/7164/2506 5061/7165/2506 5062/7166/2506 5039/7153/2506
f 5063/7167/2507 5039/7153/2507 5062/7168/2507 5064/7169/2507
f 5055/7170/2508 5039/7153/2508 5063/7171/2508
f 5046/7172/2509 5040/7173/2509 5048/7174/2509 5047/7175/2509
f 5040/7173/2510 5046/7172/2510 5044/7176/2510 5045/7177/2510
f 5045/7178/2511 5042/7179/2511 5041/7180/2511 5040/7173/2511
f 5050/7181/2512 5048/7182/2512 5040/7173/2512 5041/7183/2512 5043/7184/2512 5051/7185/2512 5052/7186/2512
f 5049/7187/2513 5050/7181/2513 5052/7188/2513
o Sphere_cell.229
v 0.008021 0.002287 0.006340
v 0.179599 0.018991 0.055041
v 0.204502 0.021060 0.062568
v 0.078626 0.021575 0.077187
v 0.906127 0.195090 0.375330
v 0.815493 0.195090 0.544895
v 0.778651 0.097749 0.604827
v 0.760019 0.100438 0.627115
v 0.693433 0.198769 0.691875
v 0.733621 0.285653 0.601561
v 0.836374 0.285640 0.447842
v 0.792015 0.288176 0.529207
v 0.842698 0.277801 0.441029
v 0.942667 0.100403 0.286847
v 0.942327 0.093899 0.290163
v 0.823410 0.098417 0.550185
v 0.915094 0.096541 0.379045
v 0.694537 0.191507 0.692834
v 0.693433 0.198769 0.691875
v 0.733621 0.285653 0.601561
v 0.792015 0.288176 0.529207
v 0.836374 0.285640 0.447842
v 0.842698 0.277801 0.441029
v 0.942667 0.100403 0.286847
v 0.942327 0.093899 0.290163
v 0.915094 0.096541 0.379045
v 0.823410 0.098417 0.550185
v 0.778651 0.097749 0.604827
v 0.760019 0.100438 0.627115
v 0.694537 0.191507 0.692834
v 0.906127 0.195090 0.375330
vn 0.2431 -0.7674 -0.5933
vn 0.0619 -0.9950 0.0789
vn -0.3830 -0.7207 0.5779
vn -0.7207 0.1626 0.6740
vn -0.5992 0.6933 0.4004
vn -0.2413 0.9569 -0.1614
vn 0.1284 0.7075 -0.6949
vn 0.1429 0.6939 -0.7057
vn 0.2842 0.0611 -0.9568
vn 0.3038 -0.4453 -0.8423
vn 0.0814 -0.9952 0.0545
vn -0.3929 -0.7069 0.5882
vn -0.7050 -0.0135 0.7090
vn 0.9524 0.0975 0.2889
vn 0.8443 0.2890 0.4513
vn 0.8777 0.0975 0.4691
vn 0.7410 0.2845 0.6083
vn 0.7693 0.0975 0.6314
vt 0.000000 0.000000
vt 1.000000 0.000000
vt 1.000000 1.000000
vt 0.678815 0.000000
vt 1.000000 0.276492
vt 0.298752 0.000000
vt 1.000000 0.342331
vt 0.342331 0.342331
vt 1.000000 0.303621
vt 0.649252 0.247607
vt 1.000000 0.205063
vt 0.303621 0.303621
vt 0.205063 0.205063
vt 0.238217 0.000000
vt 0.601170 0.164344
vt 1.000000 0.123259
vt 0.238217 0.238217
vt 0.126880 0.000000
vt 0.126880 0.126880
vt 1.000000 0.126952
vt 0.126952 0.126952
vt 0.340171 0.159324
vt 0.819687 0.268118
vt 1.000000 0.321185
vt 1.000000 0.701248
vt 0.366158 0.000000
vt 0.687915 0.366425
vt 1.000000 0.367172
vt 0.452987 0.532189
vt 0.437500 0.562500
vt 0.437500 0.530928
vt 0.452461 0.530082
vt 0.423257 0.590057
vt 0.421758 0.592668
vt 0.406250 0.593513
vt 0.406250 0.562500
vt 0.437500 0.563419
vt 0.437500 0.530928
vt 0.406250 0.531529
vt 0.375173 0.563613
vt 0.375183 0.562500
vt 0.390690 0.592673
vt 0.390685 0.531270
vt 0.394880 0.531316
vt 0.375196 0.561352
s 0
usemtl 
f 5066/7189/2514 5067/7190/2514 5065/7191/2514
f 5067/7189/2515 5092/7192/2515 5093/7193/2515 5065/7191/2515
f 5093/7194/2516 5068/7190/2516 5065/7191/2516
f 5083/7195/2517 5065/7191/2517 5068/7189/2517
f 5065/7191/2518 5083/7196/2518 5084/7197/2518
f 5085/7198/2519 5086/7199/2519 5065/7191/2519 5084/7200/2519
f 5086/7201/2520 5087/7202/2520 5066/7190/2520 5065/7191/2520
f 5069/7203/2521 5088/7204/2521 5066/7191/2521 5087/7205/2521
f 5088/7206/2522 5067/7190/2522 5066/7191/2522
f 5067/7191/2523 5088/7207/2523 5089/7208/2523
f 5067/7191/2524 5089/7209/2524 5090/7210/2524 5091/7211/2524 5092/7212/2524
f 5068/7190/2525 5093/7213/2525 5094/7214/2525
f 5094/7215/2526 5083/7216/2526 5068/7191/2526
f 5078/7217/2527 5095/7218/2527 5081/7219/2527 5079/7220/2527
f 5077/7221/2528 5075/7222/2528 5076/7223/2528 5070/7224/2528 5095/7225/2528
f 5081/7226/2529 5095/7218/2529 5070/7224/2529 5080/7227/2529
f 5073/7228/2530 5082/7229/2530 5070/7224/2530 5076/7223/2530 5074/7230/2530
f 5072/7231/2531 5071/7232/2531 5080/7227/2531 5070/7224/2531 5082/7233/2531
o Sphere_cell.230
v 0.008292 0.001558 0.000314
v 0.179335 0.019166 0.053880
v 0.309587 0.031486 0.092672
v 0.107944 0.022208 -0.020461
v 0.980785 0.195090 0.000000
v 0.961940 0.195090 0.191342
v 0.962406 0.191367 -0.190330
v 0.961036 0.198475 -0.190093
v 0.980769 0.098401 -0.096856
v 0.928426 0.367682 -0.000040
v 0.929670 0.361200 0.007376
v 0.943269 0.099724 0.285090
v 0.990297 0.098510 0.000000
v 0.971456 0.096577 0.193235
v 0.944233 0.093885 0.283886
v 0.962406 0.191367 -0.190330
v 0.980769 0.098401 -0.096856
v 0.990297 0.098510 0.000000
v 0.971456 0.096577 0.193235
v 0.961036 0.198475 -0.190093
v 0.928426 0.367682 -0.000040
v 0.929670 0.361200 0.007376
v 0.961940 0.195090 0.191342
v 0.943269 0.099724 0.285090
v 0.944233 0.093885 0.283886
vn -0.1941 -0.0046 -0.9810
vn -0.2756 0.6940 -0.6651
vn 0.0002 -0.7090 -0.7052
vn -0.2817 0.7074 -0.6482
vn 0.0004 -0.7101 -0.7041
vn -0.2781 0.6996 0.6581
vn -0.2730 0.6937 0.6665
vn -0.2586 -0.2359 0.9367
vn 0.0982 -0.9952 -0.0024
vn 0.0395 -0.9812 0.1891
vn -0.0593 -0.8767 0.4774
vn -0.1519 -0.6730 0.7239
vn 0.9904 0.0975 -0.0975
vn 0.9538 0.2853 -0.0940
vn 0.9527 0.2890 0.0938
vn 0.9904 0.0975 0.0975
vn 0.9524 0.0975 0.2889
vt 0.093203 0.000000
vt 1.000000 0.000000
vt 1.000000 0.905159
vt 0.000000 0.000000
vt 0.871323 0.000000
vt 0.905159 0.905159
vt 1.000000 0.906797
vt 0.073521 0.000000
vt 1.000000 0.128677
vt 1.000000 1.000000
vt 0.066340 0.000000
vt 1.000000 0.861710
vt 0.883221 0.883221
vt 0.861710 0.861710
vt 0.877558 0.000000
vt 0.898241 0.312868
vt 0.877558 0.877558
vt 0.878991 0.000000
vt 0.101066 0.000000
vt 1.000000 0.933660
vt 0.768206 0.710981
vt 0.310906 0.235823
vt 0.142283 0.000000
vt 1.000000 0.121009
vt 0.515666 0.531524
vt 0.531076 0.562500
vt 0.500000 0.562500
vt 0.500000 0.531559
vt 0.500000 0.619991
vt 0.531076 0.563628
vt 0.468750 0.562500
vt 0.498743 0.617842
vt 0.468750 0.530940
vt 0.468417 0.562500
vt 0.453286 0.531948
vt 0.453541 0.530069
s 0
usemtl 
f 5111/7234/2532 5099/7235/2532 5115/7236/2532
f 5099/7237/2533 5116/7238/2533 5115/7239/2533
f 5111/7240/2534 5112/7241/2534 5099/7235/2534
f 5116/7242/2535 5099/7243/2535 5096/7237/2535
f 5099/7243/2536 5112/7244/2536 5096/7235/2536
f 5117/7245/2537 5116/7246/2537 5096/7237/2537 5097/7235/2537
f 5117/7247/2538 5097/7237/2538 5119/7248/2538 5101/7249/2538
f 5119/7250/2539 5097/7237/2539 5120/7251/2539
f 5120/7252/2540 5096/7235/2540 5112/7253/2540 5113/7254/2540 5114/7255/2540
f 5120/7256/2541 5098/7235/2541 5096/7243/2541
f 5098/7237/2542 5097/7235/2542 5096/7243/2542
f 5097/7243/2543 5098/7237/2543 5120/7257/2543
f 5104/7258/2544 5102/7259/2544 5100/7260/2544 5108/7261/2544
f 5105/7262/2545 5100/7260/2545 5102/7259/2545 5103/7263/2545
f 5118/7264/2546 5100/7260/2546 5105/7262/2546 5106/7265/2546
f 5108/7261/2547 5100/7260/2547 5118/7264/2547 5109/7266/2547
f 5109/7266/2548 5118/7267/2548 5107/7268/2548 5110/7269/2548
o Sphere_cell.231
v 0.003290 -0.017420 -0.007055
v 0.146447 -0.923880 -0.353553
v 0.111445 -0.923880 -0.364171
v 0.137078 -0.876313 -0.448942
v 0.085388 -0.951318 -0.278006
v 0.162825 -0.950578 -0.245482
v 0.110860 -0.952089 -0.267639
v 0.251300 -0.886153 -0.377155
v 0.211921 -0.923880 -0.318557
v 0.220824 -0.876476 -0.413872
v 0.179113 -0.878253 -0.432417
v 0.111445 -0.923880 -0.364171
v 0.137078 -0.876313 -0.448942
v 0.085388 -0.951318 -0.278006
v 0.162825 -0.950578 -0.245482
v 0.110860 -0.952089 -0.267639
v 0.211921 -0.923880 -0.318557
v 0.251300 -0.886153 -0.377155
v 0.220824 -0.876476 -0.413872
v 0.179113 -0.878253 -0.432417
vn -0.9572 -0.0001 -0.2895
vn -0.3684 -0.2888 0.8837
vn 0.8301 -0.0005 0.5575
vn 0.7473 0.4294 -0.5071
vn 0.3414 0.4715 -0.8131
vn 0.1374 -0.8810 -0.4528
vn 0.0846 -0.9565 -0.2790
vn 0.2230 -0.8810 -0.4173
vn 0.1374 -0.9565 -0.2571
vt 1.000000 1.000000
vt 0.167941 0.167941
vt 0.593569 0.122172
vt 1.000000 0.095875
vt 1.000000 0.096083
vt 0.095875 0.095875
vt 0.391252 0.094963
vt 0.575817 0.122188
vt 1.000000 0.158940
vt 0.096083 0.096083
vt 0.158940 0.158940
vt 1.000000 0.168197
vt 0.168197 0.168197
vt 0.585368 0.166268
vt 1.000000 0.167941
vt 0.687500 0.125000
vt 0.702736 0.125000
vt 0.702836 0.157171
vt 0.687500 0.155859
vt 0.702574 0.094864
vt 0.687500 0.094018
vt 0.656456 0.150516
vt 0.656574 0.125000
vt 0.687500 0.155859
vt 0.671993 0.157060
vt 0.656793 0.095677
vt 0.656574 0.125000
s 0
usemtl 
f 5121/7270/2549 5133/7271/2549 5132/7272/2549 5134/7273/2549
f 5135/7274/2550 5121/7270/2550 5134/7275/2550 5136/7276/2550
f 5137/7277/2551 5138/7278/2551 5121/7270/2551 5135/7279/2551
f 5121/7270/2552 5138/7280/2552 5139/7281/2552
f 5121/7270/2553 5139/7282/2553 5140/7283/2553 5133/7284/2553
f 5122/7285/2554 5123/7286/2554 5124/7287/2554 5131/7288/2554
f 5125/7289/2555 5123/7286/2555 5122/7285/2555 5127/7290/2555
f 5128/7291/2556 5129/7292/2556 5122/7285/2556 5131/7293/2556 5130/7294/2556
f 5126/7295/2557 5127/7290/2557 5122/7285/2557 5129/7296/2557
o Sphere_cell.232
v -0.002437 0.009373 -0.010424
v -0.003641 0.018571 -0.026038
v -0.137950 0.707107 -0.693520
v -0.125978 0.554879 -0.819431
v -0.062994 0.764425 -0.631060
v -0.168397 0.805409 -0.559714
v -0.118424 0.789245 -0.595357
v -0.203205 0.707107 -0.673725
v -0.222101 0.628007 -0.735502
v -0.158124 0.581099 -0.794944
v -0.082433 0.552157 -0.825175
v -0.070196 0.701813 -0.704537
v -0.069774 0.707107 -0.700234
v -0.168397 0.805409 -0.559714
v -0.118424 0.789245 -0.595357
v -0.203205 0.707107 -0.673725
v -0.222101 0.628007 -0.735502
v -0.158124 0.581099 -0.794944
v -0.070196 0.701813 -0.704537
v -0.069774 0.707107 -0.700234
v -0.062994 0.764425 -0.631060
v -0.125978 0.554879 -0.819431
v -0.082433 0.552157 -0.825175
vn -0.7097 -0.6296 -0.3162
vn 0.9978 0.0325 -0.0578
vn 0.6066 0.5328 0.5901
vn -0.9567 0.0013 0.2910
vn -0.7300 -0.6131 -0.3019
vn -0.1235 -0.8309 -0.5426
vn 0.9951 -0.0015 -0.0991
vn 0.9952 -0.0000 -0.0976
vn -0.1847 0.7715 -0.6088
vn -0.2248 0.6326 -0.7412
vn -0.0624 0.7715 -0.6332
vn -0.0712 0.6313 -0.7723
vt 0.225151 0.000000
vt 1.000000 0.000000
vt 1.000000 1.000000
vt 0.000000 0.000000
vt 1.000000 0.273214
vt 1.000000 0.235209
vt 0.273214 0.273214
vt 0.651284 0.250588
vt 1.000000 0.302783
vt 0.235209 0.235209
vt 0.692088 0.266926
vt 1.000000 0.221900
vt 0.302783 0.302783
vt 0.770332 0.245504
vt 1.000000 0.774849
vt 0.219882 0.000000
vt 1.000000 0.337272
vt 0.234935 0.221637
vt 0.383120 0.332149
vt 1.000000 0.276717
vt 0.337272 0.337272
vt 0.796509 0.799403
vt 0.781250 0.791280
vt 0.781250 0.750000
vt 0.796623 0.750000
vt 0.781250 0.698029
vt 0.796675 0.717376
vt 0.765834 0.778806
vt 0.765806 0.750000
vt 0.781250 0.791280
vt 0.765845 0.687500
vt 0.774417 0.687500
vt 0.781250 0.698029
vt 0.765806 0.750000
vt 0.765805 0.747817
s 0
usemtl 
f 5162/7297/2558 5142/7298/2558 5141/7299/2558
f 5141/7299/2559 5142/7300/2559 5161/7301/2559
f 5154/7302/2560 5141/7299/2560 5161/7303/2560 5155/7304/2560
f 5157/7305/2561 5141/7299/2561 5154/7306/2561 5156/7307/2561
f 5162/7308/2562 5141/7299/2562 5157/7309/2562 5158/7310/2562
f 5142/7298/2563 5162/7311/2563 5163/7312/2563
f 5159/7313/2564 5142/7299/2564 5163/7314/2564
f 5160/7315/2565 5161/7316/2565 5142/7299/2565 5159/7317/2565
f 5146/7318/2566 5147/7319/2566 5143/7320/2566 5148/7321/2566
f 5148/7321/2567 5143/7320/2567 5150/7322/2567 5149/7323/2567
f 5145/7324/2568 5153/7325/2568 5143/7320/2568 5147/7326/2568
f 5151/7327/2569 5144/7328/2569 5150/7329/2569 5143/7320/2569 5153/7330/2569 5152/7331/2569
o Sphere_cell.233
v 0.004930 -0.015167 -0.004553
v 0.270598 -0.923880 -0.270598
v 0.293801 -0.923880 -0.242325
v 0.400166 -0.849857 -0.329965
v 0.224494 -0.951252 -0.185225
v 0.347834 -0.865496 -0.347834
v 0.253008 -0.885946 -0.376401
v 0.213578 -0.923880 -0.317393
v 0.164994 -0.950408 -0.244676
v 0.205069 -0.951991 -0.205069
v 0.293801 -0.923880 -0.242325
v 0.224494 -0.951252 -0.185225
v 0.400166 -0.849857 -0.329965
v 0.347834 -0.865496 -0.347834
v 0.253008 -0.885946 -0.376401
v 0.213578 -0.923880 -0.317393
v 0.164994 -0.950408 -0.244676
v 0.205069 -0.951991 -0.205069
vn 0.6358 0.0002 0.7718
vn 0.1747 0.4284 -0.8866
vn -0.8315 0.0003 -0.5555
vn -0.6786 -0.2895 0.6751
vn 0.3002 -0.8810 -0.3658
vn 0.1850 -0.9565 -0.2254
vn 0.3658 -0.8810 -0.3002
vn 0.2254 -0.9565 -0.1850
vt 0.877869 0.306233
vt 0.806575 0.806575
vt 0.000000 0.000000
vt 0.904181 0.000000
vt 1.000000 0.000000
vt 1.000000 0.806575
vt 0.693990 0.515648
vt 0.158633 0.000000
vt 1.000000 1.000000
vt 0.158633 0.158633
vt 0.548728 0.122050
vt 1.000000 0.096496
vt 0.701405 0.095059
vt 1.000000 0.095819
vt 0.096496 0.096496
vt 0.625000 0.164487
vt 0.625000 0.125000
vt 0.655727 0.125000
vt 0.655813 0.150656
vt 0.655569 0.095863
vt 0.655727 0.125000
vt 0.625000 0.094125
vt 0.609738 0.175064
vt 0.609764 0.125000
vt 0.609791 0.094937
s 0
usemtl 
f 5174/7332/2570 5176/7333/2570 5164/7334/2570 5175/7335/2570
f 5164/7336/2571 5176/7337/2571 5177/7338/2571 5178/7339/2571
f 5164/7340/2572 5178/7341/2572 5179/7342/2572 5180/7343/2572
f 5181/7344/2573 5175/7345/2573 5164/7340/2573 5180/7346/2573
f 5169/7347/2574 5165/7348/2574 5171/7349/2574 5170/7350/2574
f 5172/7351/2575 5171/7352/2575 5165/7348/2575 5173/7353/2575
f 5169/7347/2576 5167/7354/2576 5166/7355/2576 5165/7348/2576
f 5166/7355/2577 5168/7356/2577 5173/7353/2577 5165/7348/2577
o Sphere_cell.234
v 0.007056 0.058515 0.000179
v 0.006950 0.025085 0.000183
v 0.009407 0.031628 0.000934
v 0.195090 0.980785 0.000000
v 0.309728 0.945112 0.030068
v 0.288155 0.950879 0.056085
v 0.287965 0.951806 -0.026995
v 0.298505 0.949415 0.000000
v 0.191429 0.980785 0.037177
v 0.098771 0.990087 0.019051
v 0.193315 0.980785 -0.018024
v 0.098523 0.990210 -0.008937
v 0.098397 0.990309 0.000000
v 0.309728 0.945112 0.030068
v 0.288155 0.950879 0.056085
v 0.287965 0.951806 -0.026995
v 0.298505 0.949415 0.000000
v 0.191429 0.980785 0.037177
v 0.098771 0.990087 0.019051
v 0.193315 0.980785 -0.018024
v 0.098523 0.990210 -0.008937
v 0.098397 0.990309 0.000000
vn 0.7155 -0.2560 0.6500
vn 0.8858 -0.2794 -0.3706
vn -0.1920 -0.0006 0.9814
vn 0.8595 -0.2733 -0.4319
vn -0.2516 0.0052 0.9678
vn -0.2947 0.0011 0.9556
vn -0.0950 -0.0004 -0.9955
vn -0.9952 0.0976 0.0093
vn -0.1012 0.0002 -0.9949
vn 0.0980 0.9951 -0.0097
vn 0.2902 0.9565 -0.0286
vn 0.0980 0.9951 0.0097
vn 0.2902 0.9565 0.0286
vt 1.000000 0.000000
vt 1.000000 0.896857
vt 0.097350 0.000000
vt 0.903281 0.000000
vt 0.901004 0.424650
vt 0.896857 0.896857
vt 0.000000 0.000000
vt 0.058538 0.000000
vt 1.000000 0.902650
vt 0.505140 0.437320
vt 1.000000 0.096719
vt 1.000000 1.000000
vt 0.060097 0.000000
vt 0.903908 0.903908
vt 0.941886 0.000000
vt 0.932437 0.448047
vt 0.060055 0.000000
vt 1.000000 0.939903
vt 0.360501 0.300550
vt 1.000000 0.058114
vt 0.500000 0.937500
vt 0.514799 0.937500
vt 0.515001 0.968214
vt 0.507744 0.968477
vt 0.500000 0.903046
vt 0.514931 0.905683
vt 0.492256 0.968477
vt 0.476794 0.967756
vt 0.469475 0.937500
vt 0.469410 0.904653
vt 0.484596 0.898320
s 0
usemtl 
f 5184/7357/2578 5195/7358/2578 5196/7359/2578
f 5197/7360/2579 5198/7361/2579 5195/7362/2579 5184/7363/2579
f 5200/7364/2580 5184/7357/2580 5196/7365/2580 5199/7366/2580
f 5197/7367/2581 5184/7368/2581 5183/7363/2581
f 5200/7369/2582 5182/7357/2582 5184/7368/2582
f 5182/7363/2583 5183/7357/2583 5184/7368/2583
f 5197/7370/2584 5183/7363/2584 5202/7371/2584 5201/7372/2584
f 5202/7373/2585 5182/7357/2585 5200/7374/2585 5194/7375/2585
f 5182/7363/2586 5202/7376/2586 5183/7368/2586
f 5185/7377/2587 5192/7378/2587 5193/7379/2587 5203/7380/2587
f 5185/7377/2588 5189/7381/2588 5188/7382/2588 5192/7378/2588
f 5203/7383/2589 5191/7384/2589 5190/7385/2589 5185/7377/2589
f 5187/7386/2590 5186/7387/2590 5189/7381/2590 5185/7377/2590 5190/7385/2590
o Sphere_cell.235
v -0.008900 -0.003857 0.001736
v -0.014247 -0.005392 0.000826
v -0.906127 -0.382683 0.180240
v -0.923879 -0.382683 -0.000000
v -0.838251 -0.464953 0.253239
v -0.861224 -0.468337 0.171308
v -0.871503 -0.464755 0.086386
v -0.880084 -0.382683 0.266093
v -0.907599 -0.287269 0.274615
v -0.922578 -0.382683 -0.013206
v -0.927696 -0.357222 -0.039666
v -0.917637 -0.394361 -0.000000
v -0.953482 -0.285027 0.000215
v -0.933732 -0.289899 0.185731
v -0.838251 -0.464953 0.253239
v -0.861224 -0.468337 0.171308
v -0.871503 -0.464755 0.086386
v -0.880084 -0.382683 0.266093
v -0.907599 -0.287269 0.274615
v -0.922578 -0.382683 -0.013206
v -0.927696 -0.357222 -0.039666
v -0.917637 -0.394361 -0.000000
v -0.933732 -0.289899 0.185731
v -0.953482 -0.285027 0.000215
vn 0.4621 -0.8819 -0.0931
vn 0.2910 -0.0015 0.9567
vn 0.2858 -0.6624 -0.6925
vn 0.3103 -0.6991 -0.6442
vn -0.2849 0.9567 0.0601
vn -0.2849 0.9569 0.0555
vn -0.1313 0.4430 -0.8869
vn -0.9161 -0.2890 0.2779
vn -0.8448 -0.4696 0.2563
vn -0.9527 -0.2890 0.0938
vn -0.8786 -0.4696 0.0865
vn -0.9528 -0.2887 -0.0936
vn -0.8786 -0.4696 -0.0865
vt 0.583876 0.402297
vt 0.171768 0.000000
vt 1.000000 0.000000
vt 1.000000 0.796420
vt 0.796420 0.796420
vt 0.000000 0.000000
vt 0.863137 0.000000
vt 0.836652 0.415430
vt 0.117774 0.000000
vt 1.000000 0.827455
vt 0.390824 0.263142
vt 0.298853 0.176008
vt 0.827455 0.827455
vt 1.000000 0.092910
vt 1.000000 1.000000
vt 1.000000 0.136863
vt 0.092910 0.092910
vt 0.695316 0.111799
vt 0.906619 0.906619
vt 0.882226 0.000000
vt 0.031250 0.375000
vt 0.046730 0.375000
vt 0.046763 0.406789
vt 0.031250 0.405913
vt 0.046694 0.345259
vt 0.031250 0.344035
vt 0.000000 0.375000
vt 0.031250 0.405913
vt 0.000000 0.407403
vt 0.000000 0.370779
vt 0.015724 0.345331
vt 0.993203 0.383483
vt 0.997710 0.375000
vt 1.000000 0.375000
vt 1.000000 0.407403
vt 1.000000 0.370779
s 0
usemtl 
f 5219/7388/2591 5220/7389/2591 5204/7390/2591 5218/7391/2591
f 5218/7392/2592 5204/7393/2592 5222/7394/2592 5221/7395/2592
f 5224/7396/2593 5205/7390/2593 5220/7397/2593 5225/7398/2593 5223/7399/2593
f 5220/7400/2594 5205/7393/2594 5204/7390/2594
f 5205/7393/2595 5227/7401/2595 5204/7402/2595
f 5222/7403/2596 5204/7402/2596 5227/7404/2596 5226/7405/2596
f 5227/7406/2597 5205/7393/2597 5224/7407/2597
f 5206/7408/2598 5211/7409/2598 5212/7410/2598 5217/7411/2598
f 5208/7412/2599 5211/7409/2599 5206/7408/2599 5209/7413/2599
f 5207/7414/2600 5206/7408/2600 5217/7415/2600 5216/7416/2600
f 5206/7408/2601 5207/7414/2601 5215/7417/2601 5210/7418/2601 5209/7413/2601
f 5214/7419/2602 5213/7420/2602 5207/7421/2602 5216/7422/2602
f 5207/7421/2603 5213/7420/2603 5215/7423/2603
o Sphere_cell.236
v 0.009238 -0.009578 0.003601
v 0.653281 -0.707107 0.270598
v 0.677543 -0.628726 0.361008
v 0.621118 -0.707107 0.330771
v 0.558560 -0.765631 0.297259
v 0.605113 -0.765691 0.184655
v 0.584050 -0.768605 0.241921
v 0.688086 -0.688102 0.209334
v 0.673204 -0.707107 0.204922
v 0.734421 -0.628694 0.223735
v 0.710001 -0.632299 0.294092
v 0.621118 -0.707107 0.330771
v 0.558560 -0.765631 0.297259
v 0.677543 -0.628726 0.361008
v 0.605113 -0.765691 0.184655
v 0.584050 -0.768605 0.241921
v 0.673204 -0.707107 0.204922
v 0.688086 -0.688102 0.209334
v 0.734421 -0.628694 0.223735
v 0.710001 -0.632299 0.294092
vn -0.4719 -0.0004 0.8817
vn -0.7148 -0.6340 -0.2952
vn 0.2875 -0.0028 -0.9578
vn 0.2930 0.0032 -0.9561
vn 0.5861 0.7729 0.2430
vn 0.7412 -0.6326 0.2248
vn 0.6088 -0.7715 0.1847
vn 0.6831 -0.6326 0.3651
vn 0.5611 -0.7715 0.2999
vt 1.000000 0.726397
vt 0.691009 0.384028
vt 0.357633 0.000000
vt 1.000000 0.000000
vt 0.729258 0.364870
vt 0.726397 0.726397
vt 0.000000 0.000000
vt 0.726462 0.000000
vt 0.726462 0.726462
vt 0.652010 0.000000
vt 0.670250 0.153325
vt 0.696702 0.000000
vt 0.652010 0.652010
vt 0.303298 0.000000
vt 1.000000 0.642367
vt 0.649866 0.323263
vt 0.437500 0.250000
vt 0.452972 0.250000
vt 0.452996 0.257838
vt 0.452937 0.282341
vt 0.437500 0.280854
vt 0.437500 0.219093
vt 0.452862 0.220558
vt 0.422084 0.282327
vt 0.422118 0.250000
vt 0.422162 0.220588
vt 0.437500 0.219093
s 0
usemtl 
f 5240/7424/2604 5239/7425/2604 5241/7426/2604 5228/7427/2604
f 5243/7428/2605 5240/7429/2605 5228/7430/2605 5242/7431/2605
f 5242/7432/2606 5228/7430/2606 5245/7433/2606 5244/7434/2606
f 5228/7430/2607 5246/7435/2607 5245/7436/2607
f 5246/7437/2608 5228/7427/2608 5241/7438/2608 5247/7439/2608
f 5229/7440/2609 5236/7441/2609 5235/7442/2609 5237/7443/2609 5238/7444/2609
f 5229/7440/2610 5234/7445/2610 5233/7446/2610 5236/7441/2610
f 5230/7447/2611 5231/7448/2611 5229/7440/2611 5238/7444/2611
f 5231/7448/2612 5232/7449/2612 5234/7450/2612 5229/7440/2612
o Sphere_cell.237
v -0.005669 0.006067 0.004278
v -0.008718 0.009417 0.007472
v -0.587938 0.707107 0.392847
v -0.616167 0.562564 0.544537
v -0.634661 0.555570 0.531005
v -0.640740 0.552778 0.525938
v -0.668480 0.554410 0.490769
v -0.673958 0.581045 0.450324
v -0.677032 0.628033 0.363164
v -0.557476 0.765806 0.298837
v -0.620169 0.707107 0.332547
v -0.504513 0.789327 0.337337
v -0.472743 0.739286 0.471702
v -0.548636 0.624291 0.547354
v -0.500504 0.707107 0.499386
v -0.587916 0.588197 0.545960
v -0.616167 0.562564 0.544537
v -0.634661 0.555570 0.531005
v -0.640740 0.552778 0.525938
v -0.668480 0.554410 0.490769
v -0.673958 0.581045 0.450324
v -0.677032 0.628033 0.363164
v -0.620169 0.707107 0.332547
v -0.557476 0.765806 0.298837
v -0.472743 0.739286 0.471702
v -0.500504 0.707107 0.499386
v -0.548636 0.624291 0.547354
v -0.587916 0.588197 0.545960
v -0.504513 0.789327 0.337337
vn 0.0692 -0.6548 0.7526
vn -0.1587 -0.7718 0.6157
vn -0.4538 -0.8319 0.3193
vn -0.7298 -0.6122 -0.3043
vn -0.4725 -0.0015 -0.8813
vn 0.3260 0.5381 -0.7773
vn 0.8436 0.5370 0.0005
vn 0.7548 0.0646 0.6528
vn 0.7066 -0.0008 0.7076
vn 0.3563 -0.4200 0.8347
vn 0.3470 -0.4288 0.8341
vn -0.4918 0.7715 0.4036
vn -0.5990 0.6322 0.4914
vn -0.6825 0.4696 0.5601
vn -0.5609 0.7716 0.3000
vn -0.6831 0.6326 0.3651
vt 1.000000 1.000000
vt 0.000000 0.000000
vt 1.000000 0.415170
vt 0.415170 0.415170
vt 0.848287 0.397448
vt 1.000000 0.391621
vt 1.000000 0.365521
vt 0.391622 0.391622
vt 0.373357 0.365157
vt 0.573722 0.360172
vt 1.000000 0.357021
vt 0.691638 0.305766
vt 1.000000 0.272109
vt 0.357021 0.357021
vt 1.000000 0.249382
vt 0.272109 0.272109
vt 0.249382 0.249382
vt 1.000000 0.297724
vt 1.000000 0.000000
vt 0.298870 0.000000
vt 0.520929 0.329769
vt 1.000000 0.409293
vt 0.298870 0.298870
vt 0.409293 0.409293
vt 1.000000 0.443567
vt 0.443567 0.443567
vt 1.000000 0.416537
vt 0.124812 0.766271
vt 0.093750 0.791293
vt 0.093750 0.750000
vt 0.124821 0.750000
vt 0.119043 0.700957
vt 0.124812 0.715843
vt 0.093750 0.698007
vt 0.100545 0.687500
vt 0.110880 0.687500
vt 0.115184 0.690424
vt 0.109389 0.686491
vt 0.110880 0.687500
vt 0.100806 0.687081
vt 0.078315 0.779500
vt 0.078336 0.750000
vt 0.093750 0.791293
vt 0.078336 0.750000
vt 0.078359 0.717387
s 0
usemtl 
f 5248/7451/2613 5249/7452/2613 5264/7453/2613
f 5264/7454/2614 5265/7455/2614 5266/7456/2614 5248/7451/2614
f 5267/7457/2615 5248/7451/2615 5266/7458/2615
f 5248/7451/2616 5267/7459/2616 5268/7460/2616 5269/7461/2616
f 5270/7462/2617 5271/7463/2617 5248/7451/2617 5269/7464/2617
f 5276/7465/2618 5248/7451/2618 5271/7466/2618
f 5248/7451/2619 5276/7467/2619 5272/7468/2619
f 5249/7469/2620 5248/7451/2620 5272/7470/2620
f 5273/7471/2621 5274/7472/2621 5249/7451/2621 5272/7473/2621
f 5274/7474/2622 5275/7475/2622 5249/7451/2622
f 5249/7451/2623 5275/7476/2623 5264/7477/2623
f 5260/7478/2624 5259/7479/2624 5250/7480/2624 5262/7481/2624
f 5263/7482/2625 5261/7483/2625 5262/7481/2625 5250/7480/2625 5255/7484/2625 5254/7485/2625 5252/7486/2625 5251/7487/2625
f 5253/7488/2626 5252/7489/2626 5254/7490/2626
f 5257/7491/2627 5258/7492/2627 5250/7480/2627 5259/7493/2627
f 5255/7484/2628 5250/7480/2628 5258/7494/2628 5256/7495/2628
o Sphere_cell.238
v 0.010346 -0.011038 0.000088
v 0.707107 -0.707107 -0.000000
v 0.700385 -0.707107 0.068247
v 0.629643 -0.765767 0.060782
v 0.632060 -0.768696 0.000000
v 0.629654 -0.765746 -0.060922
v 0.764159 -0.628646 -0.074515
v 0.700404 -0.707107 -0.068057
v 0.764205 -0.628656 0.073964
v 0.768554 -0.632233 0.000000
v 0.700385 -0.707107 0.068247
v 0.629643 -0.765767 0.060782
v 0.632060 -0.768696 0.000000
v 0.629654 -0.765746 -0.060922
v 0.700404 -0.707107 -0.068057
v 0.764159 -0.628646 -0.074515
v 0.768554 -0.632233 0.000000
v 0.764205 -0.628656 0.073964
vn -0.1020 -0.0037 0.9948
vn -0.7731 -0.6343 -0.0002
vn -0.0994 -0.0011 -0.9950
vn -0.0942 0.0041 0.9955
vn 0.6338 0.7735 -0.0001
vn 0.7708 -0.6326 -0.0759
vn 0.6332 -0.7715 -0.0624
vn 0.7708 -0.6326 0.0759
vn 0.6332 -0.7715 0.0624
vt 1.000000 0.726283
vt 0.333381 0.000000
vt 1.000000 0.000000
vt 0.000000 0.000000
vt 0.726242 0.000000
vt 0.729091 0.364980
vt 0.726283 0.726283
vt 0.726242 0.726242
vt 0.724890 0.000000
vt 0.732652 0.383811
vt 1.000000 0.666619
vt 0.275001 0.000000
vt 1.000000 0.275110
vt 1.000000 1.000000
vt 0.275001 0.275001
vt 0.634042 0.270851
vt 0.500000 0.280881
vt 0.500000 0.250000
vt 0.515417 0.250000
vt 0.515471 0.282360
vt 0.500000 0.219048
vt 0.515352 0.220530
vt 0.515417 0.250000
vt 0.484540 0.250000
vt 0.500000 0.280881
vt 0.484643 0.282356
vt 0.484540 0.250000
vt 0.484683 0.220520
s 0
usemtl 
f 5288/7496/2629 5287/7497/2629 5277/7498/2629
f 5277/7499/2630 5290/7500/2630 5289/7501/2630 5288/7502/2630
f 5290/7503/2631 5277/7499/2631 5292/7504/2631 5291/7505/2631
f 5277/7498/2632 5287/7506/2632 5294/7507/2632
f 5292/7508/2633 5277/7509/2633 5294/7510/2633 5293/7511/2633
f 5286/7512/2634 5278/7513/2634 5284/7514/2634 5283/7515/2634
f 5278/7513/2635 5281/7516/2635 5282/7517/2635 5284/7518/2635
f 5279/7519/2636 5278/7513/2636 5286/7520/2636 5285/7521/2636
f 5279/7522/2637 5280/7523/2637 5281/7516/2637 5278/7513/2637
o Sphere_cell.239
v 0.003653 -0.005017 -0.003198
v 0.008233 -0.007813 -0.006614
v 0.010041 -0.015587 -0.006741
v 0.500000 -0.707107 -0.500000
v 0.587938 -0.707107 -0.392847
v 0.504865 -0.595808 -0.613600
v 0.498860 -0.607061 -0.606639
v 0.449346 -0.703286 -0.545608
v 0.451095 -0.829815 -0.325035
v 0.449930 -0.707107 -0.541091
v 0.452542 -0.762187 -0.452542
v 0.462678 -0.830741 -0.309152
v 0.473175 -0.829610 -0.292424
v 0.589548 -0.763258 -0.245390
v 0.676088 -0.676356 -0.281209
v 0.652804 -0.707107 -0.271491
v 0.680101 -0.670913 -0.283132
v 0.668645 -0.555570 -0.489596
v 0.673905 -0.581123 -0.450289
v 0.640963 -0.552627 -0.525794
v 0.634583 -0.555570 -0.531100
v 0.565300 -0.580602 -0.580069
v 0.574757 -0.578283 -0.574757
v 0.504865 -0.595808 -0.613600
v 0.498860 -0.607061 -0.606639
v 0.449346 -0.703286 -0.545608
v 0.449930 -0.707107 -0.541091
v 0.452542 -0.762187 -0.452542
v 0.451095 -0.829815 -0.325035
v 0.462678 -0.830741 -0.309152
v 0.473175 -0.829610 -0.292424
v 0.676088 -0.676356 -0.281209
v 0.652804 -0.707107 -0.271491
v 0.680101 -0.670913 -0.283132
v 0.668645 -0.555570 -0.489596
v 0.673905 -0.581123 -0.450289
v 0.565300 -0.580602 -0.580069
v 0.574757 -0.578283 -0.574757
v 0.640963 -0.552627 -0.525794
v 0.634583 -0.555570 -0.531100
v 0.589548 -0.763258 -0.245390
vn -0.1806 0.6285 -0.7566
vn -0.7669 0.0123 -0.6417
vn -0.7744 -0.0028 -0.6327
vn -0.8908 -0.3971 -0.2207
vn -0.6869 -0.5555 0.4686
vn -0.3572 -0.4837 0.7990
vn -0.0867 -0.3633 0.9276
vn 0.3822 0.0003 0.9241
vn 0.4036 0.0255 0.9146
vn 0.6937 0.4783 0.5386
vn 0.7297 0.6134 0.3022
vn 0.4733 0.8302 -0.2944
vn 0.1576 0.7710 -0.6170
vn 0.1512 0.7689 -0.6212
vn -0.1397 -0.3977 0.9068
vn 0.4913 -0.6326 -0.5987
vn 0.4036 -0.7715 -0.4918
vn 0.6825 -0.4696 -0.5601
vn 0.5987 -0.6326 -0.4913
vn 0.4918 -0.7715 -0.4036
vn 0.6831 -0.6326 -0.3651
vn 0.5611 -0.7715 -0.2999
vt 0.000000 0.000000
vt 1.000000 0.416895
vt 1.000000 1.000000
vt 0.416895 0.416895
vt 1.000000 0.423735
vt 0.423735 0.423735
vt 1.000000 0.331780
vt 0.331780 0.331780
vt 0.346652 0.328120
vt 0.619047 0.275356
vt 1.000000 0.210564
vt 0.210564 0.210564
vt 0.603786 0.209611
vt 1.000000 0.210626
vt 0.212806 0.000000
vt 1.000000 0.000000
vt 1.000000 0.274632
vt 0.773283 0.328046
vt 1.000000 0.357417
vt 0.274632 0.274632
vt 0.357417 0.357417
vt 1.000000 0.353765
vt 0.355196 0.000000
vt 1.000000 0.366440
vt 0.355196 0.355196
vt 0.866244 0.361087
vt 1.000000 0.392422
vt 0.366440 0.366440
vt 1.000000 0.450553
vt 0.392422 0.392422
vt 0.447006 0.397232
vt 0.930823 0.443103
vt 1.000000 0.418397
vt 0.450553 0.450553
vt 1.000000 0.787194
vt 0.277242 0.000000
vt 0.640313 0.296049
vt 0.627101 0.302176
vt 0.625000 0.303132
vt 0.625000 0.250000
vt 0.639602 0.250000
vt 0.640351 0.251576
vt 0.640469 0.291263
vt 0.625000 0.222319
vt 0.600609 0.312500
vt 0.610903 0.312500
vt 0.609341 0.313564
vt 0.600609 0.312500
vt 0.593750 0.301961
vt 0.593750 0.250000
vt 0.625000 0.303132
vt 0.625000 0.222319
vt 0.593750 0.187866
vt 0.599368 0.188331
vt 0.562780 0.264928
vt 0.562730 0.262683
vt 0.562728 0.250000
vt 0.593750 0.301961
vt 0.588109 0.188435
vt 0.562777 0.221781
s 0
usemtl 
f 5296/7524/2638 5318/7525/2638 5295/7526/2638
f 5295/7526/2639 5318/7527/2639 5319/7528/2639
f 5295/7526/2640 5319/7529/2640 5320/7530/2640
f 5295/7526/2641 5320/7531/2641 5321/7532/2641 5322/7533/2641 5323/7534/2641
f 5295/7526/2642 5323/7535/2642 5324/7536/2642 5325/7537/2642
f 5325/7538/2643 5297/7539/2643 5295/7526/2643
f 5295/7526/2644 5297/7524/2644 5335/7540/2644
f 5327/7541/2645 5326/7542/2645 5295/7526/2645 5335/7543/2645
f 5295/7526/2646 5326/7544/2646 5328/7545/2646
f 5328/7546/2647 5296/7539/2647 5295/7526/2647
f 5329/7547/2648 5296/7526/2648 5328/7548/2648 5330/7549/2648
f 5333/7550/2649 5296/7526/2649 5329/7551/2649
f 5331/7552/2650 5296/7526/2650 5333/7553/2650 5334/7554/2650 5332/7555/2650
f 5318/7556/2651 5296/7526/2651 5331/7557/2651
f 5297/7539/2652 5325/7558/2652 5335/7559/2652
f 5300/7560/2653 5316/7561/2653 5317/7562/2653 5298/7563/2653 5304/7564/2653 5302/7565/2653 5301/7566/2653
f 5304/7564/2654 5298/7563/2654 5305/7567/2654
f 5312/7568/2655 5315/7569/2655 5314/7570/2655
f 5312/7571/2656 5313/7572/2656 5299/7573/2656 5298/7563/2656 5317/7574/2656 5315/7569/2656
f 5305/7575/2657 5298/7563/2657 5299/7573/2657 5306/7576/2657 5303/7577/2657
f 5311/7578/2658 5309/7579/2658 5310/7580/2658 5299/7573/2658 5313/7581/2658
f 5307/7582/2659 5306/7576/2659 5299/7573/2659 5310/7580/2659 5308/7583/2659
o Sphere_cell.240
v -0.009745 0.007445 0.002050
v -0.017187 0.008488 0.002505
v -0.815493 0.555570 0.162211
v -0.765093 0.627284 0.076375
v -0.723535 0.669816 0.143920
v -0.736052 0.627314 0.222241
v -0.792145 0.555570 0.239179
v -0.838156 0.465426 0.252686
v -0.898554 0.397129 0.178734
v -0.907337 0.383325 0.164471
v -0.909420 0.382683 0.146802
v -0.915559 0.380496 0.091214
v -0.823386 0.555570 0.082072
v -0.765093 0.627284 0.076375
v -0.723535 0.669816 0.143920
v -0.736052 0.627314 0.222241
v -0.792145 0.555570 0.239179
v -0.838156 0.465426 0.252686
v -0.898554 0.397129 0.178734
v -0.907337 0.383325 0.164471
v -0.909420 0.382683 0.146802
v -0.915559 0.380496 0.091214
v -0.823386 0.555570 0.082072
vn -0.0533 0.0547 -0.9971
vn 0.4389 0.6136 -0.6564
vn 0.6567 0.6139 0.4381
vn 0.2887 -0.0021 0.9574
vn -0.0180 -0.5049 0.8630
vn -0.1464 -0.6643 0.7330
vn -0.3749 -0.9238 0.0778
vn -0.0982 -0.0000 -0.9952
vn -0.7412 0.6326 0.2248
vn -0.8448 0.4696 0.2563
vn -0.7708 0.6326 0.0759
vn -0.8792 0.4690 0.0840
vt 1.000000 0.273813
vt 1.000000 1.000000
vt 0.000000 0.000000
vt 1.000000 0.313750
vt 0.273813 0.273813
vt 0.313750 0.313750
vt 1.000000 0.301536
vt 0.301536 0.301536
vt 0.631224 0.247881
vt 1.000000 0.204261
vt 1.000000 0.000000
vt 0.205412 0.000000
vt 0.205412 0.205412
vt 0.874976 0.146781
vt 1.000000 0.138249
vt 0.346211 0.136243
vt 1.000000 0.130335
vt 0.138249 0.138249
vt 0.721317 0.219420
vt 1.000000 0.275124
vt 0.136759 0.130969
vt 0.031250 0.734620
vt 0.031250 0.687500
vt 0.046670 0.687500
vt 0.046670 0.717090
vt 0.046668 0.655074
vt 0.031250 0.630222
vt 0.015818 0.716735
vt 0.015811 0.687500
vt 0.031250 0.734620
vt 0.028524 0.625232
vt 0.015811 0.687500
vt 0.015803 0.625000
vt 0.025453 0.625000
s 0
usemtl 
f 5349/7584/2660 5336/7585/2660 5337/7586/2660
f 5350/7587/2661 5336/7585/2661 5349/7588/2661
f 5336/7585/2662 5350/7589/2662 5351/7590/2662
f 5336/7585/2663 5351/7591/2663 5352/7592/2663 5353/7593/2663
f 5337/7594/2664 5336/7585/2664 5353/7595/2664
f 5337/7585/2665 5353/7596/2665 5354/7597/2665 5355/7598/2665
f 5356/7599/2666 5357/7600/2666 5337/7585/2666 5355/7601/2666
f 5348/7602/2667 5349/7603/2667 5337/7585/2667 5357/7604/2667
f 5340/7605/2668 5338/7606/2668 5342/7607/2668 5341/7608/2668
f 5343/7609/2669 5342/7607/2669 5338/7606/2669 5344/7610/2669
f 5339/7611/2670 5358/7612/2670 5338/7606/2670 5340/7613/2670
f 5345/7614/2671 5344/7610/2671 5338/7606/2671 5358/7615/2671 5347/7616/2671 5346/7617/2671
o Sphere_cell.241
v 0.007042 0.007341 0.002184
v 0.693520 0.707107 0.137950
v 0.605726 0.765481 0.183514
v 0.629283 0.765843 0.063485
v 0.620009 0.768617 0.123328
v 0.703489 0.703056 0.070488
v 0.700195 0.707107 0.070179
v 0.764047 0.628517 0.076729
v 0.735052 0.628361 0.222592
v 0.753950 0.632030 0.149970
v 0.680662 0.671339 0.280971
v 0.617058 0.739474 0.254798
v 0.653521 0.707107 0.269810
v 0.605726 0.765481 0.183514
v 0.620009 0.768617 0.123328
v 0.629283 0.765843 0.063485
v 0.700195 0.707107 0.070179
v 0.703489 0.703056 0.070488
v 0.764047 0.628517 0.076729
v 0.753950 0.632030 0.149970
v 0.735052 0.628361 0.222592
v 0.680662 0.671339 0.280971
v 0.617058 0.739474 0.254798
v 0.653521 0.707107 0.269810
vn -0.7589 0.6344 -0.1470
vn 0.0956 0.0020 -0.9954
vn 0.0998 -0.0022 -0.9950
vn 0.6223 -0.7731 0.1229
vn 0.3009 -0.6123 0.7311
vn -0.3815 -0.0011 0.9244
vn -0.7792 0.5387 0.3204
vn 0.6332 0.7715 0.0624
vn 0.7708 0.6326 0.0759
vn 0.6088 0.7715 0.1847
vn 0.7412 0.6326 0.2248
vt 1.000000 1.000000
vt 0.272618 0.272618
vt 0.638799 0.269777
vt 1.000000 0.272602
vt 0.272602 0.272602
vt 0.960995 0.328671
vt 1.000000 0.332542
vt 1.000000 0.273949
vt 0.332542 0.332542
vt 0.273948 0.273948
vt 0.632173 0.283783
vt 1.000000 0.302060
vt 1.000000 0.354043
vt 0.302060 0.302060
vt 1.000000 0.297589
vt 0.354043 0.354043
vt 0.659616 0.323944
vt 0.297589 0.297589
vt 1.000000 0.272618
vt 0.483999 0.779519
vt 0.468750 0.780913
vt 0.468750 0.750000
vt 0.484102 0.750000
vt 0.468750 0.719035
vt 0.484071 0.717586
vt 0.484106 0.748329
vt 0.484102 0.750000
vt 0.437686 0.750000
vt 0.453180 0.779337
vt 0.437680 0.766267
vt 0.437691 0.735248
vt 0.453201 0.717522
s 0
usemtl 
f 5359/7618/2672 5372/7619/2672 5373/7620/2672 5374/7621/2672
f 5374/7622/2673 5375/7623/2673 5376/7624/2673 5359/7618/2673
f 5377/7625/2674 5359/7618/2674 5376/7626/2674
f 5359/7618/2675 5377/7627/2675 5378/7628/2675 5379/7629/2675
f 5380/7630/2676 5359/7618/2676 5379/7631/2676
f 5381/7632/2677 5359/7618/2677 5380/7633/2677 5382/7634/2677
f 5359/7618/2678 5381/7635/2678 5372/7636/2678
f 5362/7637/2679 5363/7638/2679 5360/7639/2679 5365/7640/2679
f 5360/7639/2680 5368/7641/2680 5366/7642/2680 5364/7643/2680 5365/7644/2680
f 5371/7645/2681 5360/7639/2681 5363/7638/2681 5361/7646/2681 5370/7647/2681
f 5368/7641/2682 5360/7639/2682 5371/7645/2682 5369/7648/2682 5367/7649/2682
o Sphere_cell.242
v 0.007192 -0.001389 0.002804
v 0.222615 0.020968 0.068367
v 0.316913 0.030190 0.096133
v 0.961940 -0.195090 0.191342
v 0.906127 -0.195090 0.375330
v 0.874976 -0.088100 0.455856
v 0.869816 -0.097339 0.463589
v 0.968800 -0.153845 0.162929
v 0.968373 -0.163048 0.158060
v 0.907908 -0.285061 0.275893
v 0.837495 -0.285132 0.446070
v 0.880197 -0.287612 0.364590
v 0.861419 -0.195090 0.458973
v 0.923696 -0.002015 0.382608
v 0.943360 0.093837 0.286777
v 0.966217 0.000000 0.243113
v 0.971374 -0.097424 0.193218
v 0.874976 -0.088100 0.455856
v 0.869816 -0.097339 0.463589
v 0.968800 -0.153845 0.162929
v 0.968373 -0.163048 0.158060
v 0.907908 -0.285061 0.275893
v 0.880197 -0.287612 0.364590
v 0.837495 -0.285132 0.446070
v 0.861419 -0.195090 0.458973
v 0.923696 -0.002015 0.382608
v 0.971374 -0.097424 0.193218
v 0.966217 0.000000 0.243113
v 0.961940 -0.195090 0.191342
v 0.943360 0.093837 0.286777
vn -0.2729 0.7025 0.6573
vn 0.0686 0.8535 -0.5166
vn 0.2156 0.4488 -0.8672
vn 0.0010 -0.6949 -0.7191
vn -0.2677 -0.9571 -0.1112
vn -0.4713 -0.0012 0.8820
vn -0.2694 0.7080 0.6528
vn 0.0147 0.9329 -0.3598
vn 0.2167 0.4543 -0.8641
vn 0.9904 -0.0975 0.0976
vn 0.9517 0.0962 0.2915
vn 0.9524 -0.0975 0.2889
vn 0.9161 -0.2890 0.2779
vn 0.8777 -0.0975 0.4691
vn 0.8443 -0.2890 0.4513
vt 0.173061 0.173061
vt 0.211867 0.000000
vt 1.000000 0.000000
vt 1.000000 1.000000
vt 0.000000 0.000000
vt 0.889143 0.000000
vt 1.000000 0.078344
vt 0.078344 0.078344
vt 0.317300 0.085244
vt 1.000000 0.136613
vt 0.136613 0.136613
vt 0.566672 0.163125
vt 1.000000 0.204008
vt 1.000000 0.173061
vt 0.204008 0.204008
vt 0.589563 0.181091
vt 1.000000 0.788133
vt 0.565893 0.413950
vt 0.128987 0.000000
vt 0.145527 0.000000
vt 1.000000 0.110857
vt 0.145527 0.145527
vt 0.455925 0.114393
vt 0.796936 0.107352
vt 0.473493 0.450714
vt 0.468750 0.468789
vt 0.469133 0.437500
vt 0.474261 0.447765
vt 0.453031 0.530062
vt 0.437823 0.500000
vt 0.460750 0.500000
vt 0.437500 0.499355
vt 0.437500 0.437500
vt 0.468750 0.437500
vt 0.437500 0.406675
vt 0.453048 0.407525
vt 0.422085 0.437500
vt 0.423552 0.471776
vt 0.422065 0.468816
vt 0.437500 0.406675
vt 0.422085 0.437500
vt 0.422108 0.407501
s 0
usemtl 
f 5401/7650/2683 5400/7651/2683 5384/7652/2683 5383/7653/2683
f 5384/7654/2684 5385/7652/2684 5383/7653/2684
f 5385/7654/2685 5402/7655/2685 5403/7656/2685 5383/7653/2685
f 5383/7653/2686 5403/7657/2686 5386/7658/2686 5404/7659/2686
f 5383/7653/2687 5404/7660/2687 5405/7661/2687 5406/7662/2687
f 5401/7663/2688 5383/7653/2688 5406/7664/2688 5407/7665/2688
f 5384/7652/2689 5400/7666/2689 5408/7667/2689 5412/7668/2689
f 5412/7669/2690 5385/7652/2690 5384/7653/2690
f 5402/7670/2691 5385/7653/2691 5412/7671/2691 5410/7672/2691 5409/7673/2691
f 5390/7674/2692 5399/7675/2692 5411/7676/2692 5391/7677/2692
f 5397/7678/2693 5396/7679/2693 5398/7680/2693
f 5396/7681/2694 5387/7682/2694 5411/7683/2694 5399/7675/2694 5398/7680/2694
f 5411/7683/2695 5387/7682/2695 5394/7684/2695 5392/7685/2695
f 5395/7686/2696 5387/7682/2696 5396/7681/2696 5388/7687/2696 5389/7688/2696
f 5394/7689/2697 5387/7682/2697 5395/7690/2697 5393/7691/2697
o Sphere_cell.243
v -0.005992 -0.002205 0.008736
v -0.544895 -0.195090 0.815493
v -0.461018 -0.195090 0.860326
v -0.447911 -0.285210 0.836483
v -0.465826 -0.097426 0.868610
v -0.673611 -0.282909 0.675562
v -0.529269 -0.287810 0.792107
v -0.692810 -0.191839 0.694514
v -0.624839 -0.097394 0.762272
v -0.550190 -0.098326 0.823417
v -0.461018 -0.195090 0.860326
v -0.465826 -0.097426 0.868610
v -0.447911 -0.285210 0.836483
v -0.673611 -0.282909 0.675562
v -0.529269 -0.287810 0.792107
v -0.692810 -0.191839 0.694514
v -0.624839 -0.097394 0.762272
v -0.550190 -0.098326 0.823417
vn 0.8817 0.0034 0.4719
vn 0.1619 -0.9570 -0.2408
vn -0.7063 -0.0016 -0.7079
vn -0.5884 0.7061 -0.3940
vn -0.0541 0.9952 0.0813
vn -0.4691 -0.0975 0.8777
vn -0.4513 -0.2890 0.8443
vn -0.6314 -0.0975 0.7693
vn -0.6092 -0.2858 0.7397
vt 0.591744 0.182206
vt 1.000000 0.205107
vt 1.000000 1.000000
vt 0.174246 0.174246
vt 1.000000 0.359380
vt 0.205107 0.205107
vt 0.463596 0.247634
vt 1.000000 0.341517
vt 0.359380 0.359380
vt 1.000000 0.276450
vt 0.341518 0.341518
vt 0.636241 0.217689
vt 1.000000 0.174246
vt 0.276450 0.276450
vt 0.156250 0.468500
vt 0.156250 0.437500
vt 0.171708 0.437500
vt 0.171656 0.468788
vt 0.171708 0.437500
vt 0.156250 0.406609
vt 0.171757 0.407475
vt 0.140717 0.468798
vt 0.125198 0.437500
vt 0.156250 0.468500
vt 0.125232 0.408241
s 0
usemtl 
f 5423/7692/2698 5425/7693/2698 5413/7694/2698 5424/7695/2698
f 5426/7696/2699 5413/7694/2699 5425/7697/2699 5427/7698/2699
f 5428/7699/2700 5413/7694/2700 5426/7700/2700
f 5429/7701/2701 5413/7694/2701 5428/7702/2701
f 5430/7703/2702 5424/7704/2702 5413/7694/2702 5429/7705/2702
f 5422/7706/2703 5414/7707/2703 5415/7708/2703 5417/7709/2703
f 5415/7710/2704 5414/7707/2704 5419/7711/2704 5416/7712/2704
f 5421/7713/2705 5420/7714/2705 5414/7707/2705 5422/7715/2705
f 5418/7716/2706 5419/7711/2706 5414/7707/2706 5420/7714/2706
o Sphere_cell.244
v 0.000162 0.005238 0.008732
v 0.032617 0.047330 0.086778
v 0.162211 0.555570 0.815493
v -0.000000 0.555570 0.831469
v -0.074300 0.627083 0.765462
v 0.074683 0.626791 0.765664
v -0.000000 0.630538 0.769945
v -0.080256 0.555570 0.823565
v -0.085159 0.466315 0.870790
v 0.082201 0.622581 0.768379
v 0.322854 0.453501 0.823500
v 0.193378 0.555570 0.806039
v 0.158478 0.578888 0.796724
v 0.317192 0.444557 0.830189
v -0.000000 0.469797 0.877316
v 0.171892 0.462741 0.864158
v -0.074300 0.627083 0.765462
v -0.000000 0.630538 0.769945
v 0.074683 0.626791 0.765664
v -0.080256 0.555570 0.823565
v -0.085159 0.466315 0.870790
v 0.193378 0.555570 0.806039
v 0.158478 0.578888 0.796724
v 0.322854 0.453501 0.823500
v 0.082201 0.622581 0.768379
v -0.000000 0.469797 0.877316
v 0.317192 0.444557 0.830189
v 0.171892 0.462741 0.864158
vn 0.0024 0.7727 -0.6347
vn -0.9950 0.0020 -0.0995
vn 0.5588 0.6133 -0.5583
vn 0.5492 0.6185 -0.5620
vn 0.1349 -0.8945 0.4263
vn -0.0001 -0.8818 0.4716
vn 0.8355 -0.5488 -0.0266
vn 0.2563 0.4696 0.8448
vn 0.2248 0.6326 0.7412
vn 0.0759 0.6326 0.7708
vn 0.0865 0.4696 0.8786
vn -0.0759 0.6326 0.7708
vn -0.0865 0.4696 0.8786
vt 1.000000 0.000000
vt 1.000000 0.726806
vt 0.635520 0.366441
vt 0.273380 0.000000
vt 0.782693 0.383362
vt 0.726806 0.726806
vt 0.000000 0.000000
vt 0.828139 0.000000
vt 0.649544 0.396060
vt 0.235198 0.000000
vt 1.000000 0.707296
vt 0.760145 0.496951
vt 1.000000 0.726619
vt 0.707295 0.707295
vt 1.000000 0.211077
vt 1.000000 1.000000
vt 1.000000 0.171861
vt 0.211077 0.211077
vt 0.492195 0.178369
vt 0.830058 0.165637
vt 1.000000 0.764802
vt 0.228332 0.000000
vt 0.308138 0.647369
vt 0.309443 0.650601
vt 0.287494 0.687500
vt 0.281250 0.687500
vt 0.281250 0.653942
vt 0.281250 0.697117
vt 0.250000 0.718420
vt 0.250000 0.687500
vt 0.281250 0.687500
vt 0.281250 0.697117
vt 0.266956 0.715138
vt 0.265475 0.716874
vt 0.250000 0.656492
vt 0.250000 0.687500
vt 0.234599 0.716995
vt 0.234539 0.687500
vt 0.234484 0.655234
s 0
usemtl 
f 5431/7717/2707 5447/7718/2707 5448/7719/2707 5449/7720/2707
f 5450/7721/2708 5447/7722/2708 5431/7723/2708 5451/7724/2708
f 5452/7725/2709 5454/7726/2709 5432/7717/2709 5455/7727/2709 5453/7728/2709
f 5449/7729/2710 5455/7730/2710 5432/7723/2710 5431/7717/2710
f 5432/7723/2711 5457/7731/2711 5431/7732/2711
f 5451/7733/2712 5431/7732/2712 5457/7734/2712 5458/7735/2712 5456/7736/2712
f 5454/7737/2713 5457/7738/2713 5432/7717/2713
f 5444/7739/2714 5441/7740/2714 5442/7741/2714 5433/7742/2714 5446/7743/2714
f 5433/7742/2715 5442/7741/2715 5443/7744/2715
f 5437/7745/2716 5434/7746/2716 5433/7747/2716 5443/7748/2716 5440/7749/2716 5436/7750/2716
f 5446/7743/2717 5433/7742/2717 5434/7746/2717 5445/7751/2717
f 5434/7752/2718 5437/7745/2718 5435/7753/2718 5438/7754/2718
f 5445/7751/2719 5434/7746/2719 5438/7754/2719 5439/7755/2719
o Sphere_cell.245
v -0.001842 0.009625 0.000546
v -0.006053 0.025994 -0.001096
v -0.162212 0.980785 0.108386
v -0.180240 0.980785 0.074658
v -0.191342 0.980785 0.038060
v -0.195090 0.980785 -0.000000
v -0.191342 0.980785 -0.038060
v -0.236942 0.962274 -0.096945
v -0.180479 0.980785 -0.073871
v -0.108647 0.988432 -0.044483
v -0.086718 0.988986 0.069756
v -0.088776 0.989484 0.059318
v -0.092852 0.990101 0.038461
v -0.096577 0.990302 0.019210
v -0.104185 0.989538 -0.020724
v -0.100256 0.990126 -0.000000
v -0.216135 0.954991 0.176071
v -0.150750 0.980785 0.122353
v -0.230955 0.955706 0.154319
v -0.293026 0.949334 0.058301
v -0.261286 0.954174 0.108228
v -0.267203 0.954927 -0.080222
v -0.272581 0.955659 -0.054220
v -0.282891 0.954151 -0.000000
v -0.180479 0.980785 -0.073871
v -0.108647 0.988432 -0.044483
v -0.088776 0.989484 0.059318
v -0.092852 0.990101 0.038461
v -0.086718 0.988986 0.069756
v -0.104185 0.989538 -0.020724
v -0.100256 0.990126 -0.000000
v -0.096577 0.990302 0.019210
v -0.150750 0.980785 0.122353
v -0.216135 0.954991 0.176071
v -0.230955 0.955706 0.154319
v -0.261286 0.954174 0.108228
v -0.293026 0.949334 0.058301
v -0.267203 0.954927 -0.080222
v -0.272581 0.955659 -0.054220
v -0.282891 0.954151 -0.000000
v -0.236942 0.962274 -0.096945
vn -0.1887 -0.1460 -0.9711
vn 0.3787 -0.0013 -0.9255
vn 0.9773 0.0980 -0.1881
vn 0.6347 0.0004 0.7728
vn -0.7976 -0.2800 0.5342
vn -0.9416 -0.2803 -0.1868
vn -0.5229 -0.2172 -0.8243
vn -0.4370 -0.1976 -0.8775
vn -0.0761 0.9951 0.0625
vn -0.2254 0.9565 0.1850
vn -0.0869 0.9951 0.0464
vn -0.2571 0.9565 0.1374
vn -0.0942 0.9951 0.0286
vn -0.2790 0.9565 0.0846
vn -0.0980 0.9951 0.0097
vn -0.2902 0.9565 0.0286
vn -0.2902 0.9565 -0.0286
vn -0.0980 0.9951 -0.0097
vn -0.0942 0.9951 -0.0286
vn -0.2790 0.9565 -0.0846
vt 1.000000 0.084288
vt 1.000000 1.000000
vt 0.000000 0.000000
vt 0.084288 0.084288
vt 0.492577 0.066598
vt 1.000000 0.059369
vt 0.913743 0.057870
vt 1.000000 0.058300
vt 0.059370 0.059370
vt 0.254428 0.058195
vt 0.424781 0.057533
vt 0.582908 0.057273
vt 0.741584 0.057375
vt 0.058300 0.058300
vt 0.510807 0.066478
vt 1.000000 0.091585
vt 0.091585 0.091585
vt 0.260206 0.090846
vt 0.616048 0.092208
vt 1.000000 0.096742
vt 1.000000 0.090988
vt 0.096836 0.096740
vt 0.475523 0.091952
vt 0.829451 0.090355
vt 1.000000 0.000000
vt 0.092436 0.000000
vt 0.092436 0.092436
vt 1.000000 0.085639
vt 0.108483 0.964175
vt 0.100824 0.965795
vt 0.093750 0.937500
vt 0.108513 0.937500
vt 0.108799 0.909170
vt 0.093750 0.909955
vt 0.086676 0.965795
vt 0.070076 0.967803
vt 0.062500 0.937500
vt 0.093750 0.909955
vt 0.062500 0.908273
vt 0.054924 0.967803
vt 0.038989 0.968454
vt 0.031250 0.937500
vt 0.031257 0.902957
vt 0.000000 0.937500
vt 0.023511 0.968454
vt 0.007595 0.967882
vt 0.000000 0.908248
vt 0.031250 0.902959
vt 1.000000 0.937500
vt 0.968750 0.937500
vt 0.968750 0.909904
vt 1.000000 0.908248
vt 0.992405 0.967882
vt 0.975867 0.965969
vt 0.938172 0.937500
vt 0.961633 0.965969
vt 0.944113 0.962374
vt 0.953580 0.909100
vt 0.938183 0.917169
s 0
usemtl 
f 5499/7756/2720 5459/7757/2720 5460/7758/2720
f 5459/7757/2721 5499/7759/2721 5483/7760/2721 5484/7761/2721
f 5485/7762/2722 5487/7763/2722 5459/7757/2722 5484/7764/2722 5488/7765/2722 5489/7766/2722 5490/7767/2722 5486/7768/2722
f 5459/7757/2723 5487/7769/2723 5491/7770/2723 5492/7771/2723
f 5459/7757/2724 5492/7772/2724 5493/7773/2724 5494/7774/2724 5495/7775/2724
f 5496/7776/2725 5459/7757/2725 5495/7777/2725 5498/7778/2725 5497/7779/2725
f 5460/7780/2726 5459/7757/2726 5496/7781/2726
f 5460/7757/2727 5496/7782/2727 5499/7783/2727
f 5469/7784/2728 5470/7785/2728 5461/7786/2728 5476/7787/2728
f 5475/7788/2729 5476/7787/2729 5461/7786/2729 5477/7789/2729
f 5470/7790/2730 5471/7791/2730 5462/7792/2730 5461/7786/2730
f 5477/7793/2731 5461/7786/2731 5462/7792/2731 5479/7794/2731
f 5471/7795/2732 5472/7796/2732 5463/7797/2732 5462/7792/2732
f 5479/7794/2733 5462/7792/2733 5463/7797/2733 5478/7798/2733
f 5464/7799/2734 5463/7797/2734 5472/7800/2734 5474/7801/2734
f 5463/7797/2735 5464/7799/2735 5482/7802/2735 5478/7803/2735
f 5464/7804/2736 5465/7805/2736 5481/7806/2736 5482/7807/2736
f 5465/7805/2737 5464/7804/2737 5474/7808/2737 5473/7809/2737
f 5467/7810/2738 5465/7805/2738 5473/7811/2738 5468/7812/2738
f 5480/7813/2739 5481/7806/2739 5465/7805/2739 5467/7810/2739 5466/7814/2739
o Sphere_cell.246
v 0.006719 0.059302 0.002483
v 0.006419 0.026155 0.002270
v 0.180240 0.980785 0.074658
v 0.191040 0.980785 0.039056
v 0.286797 0.951157 0.058235
v 0.098658 0.990066 0.020557
v 0.255132 0.951969 0.135094
v 0.265764 0.952704 0.110083
v 0.087243 0.990243 0.045919
v 0.090914 0.990308 0.037658
v 0.171637 0.980785 0.090754
v 0.191040 0.980785 0.039056
v 0.286797 0.951157 0.058235
v 0.098658 0.990066 0.020557
v 0.265764 0.952704 0.110083
v 0.255132 0.951969 0.135094
v 0.087243 0.990243 0.045919
v 0.090914 0.990308 0.037658
v 0.171637 0.980785 0.090754
vn 0.1963 -0.0002 -0.9805
vn 0.8838 -0.2901 0.3672
vn 0.1434 0.0051 -0.9897
vn -0.4669 -0.0014 0.8843
vn -0.9073 0.0975 -0.4090
vn -0.4692 -0.0006 0.8831
vn 0.0942 0.9951 0.0286
vn 0.2790 0.9565 0.0846
vn 0.0869 0.9951 0.0464
vn 0.2571 0.9565 0.1374
vt 0.903665 0.903665
vt 0.000000 0.000000
vt 0.941334 0.000000
vt 0.932431 0.439298
vt 0.390757 0.295752
vt 0.095811 0.000000
vt 1.000000 0.000000
vt 1.000000 0.903665
vt 1.000000 0.058666
vt 1.000000 1.000000
vt 0.098746 0.000000
vt 0.939405 0.000000
vt 0.939518 0.305898
vt 0.939389 0.939389
vt 0.929962 0.479270
vt 0.939405 0.939405
vt 0.901254 0.000000
vt 0.437500 0.937500
vt 0.467900 0.937500
vt 0.460431 0.967743
vt 0.445244 0.968475
vt 0.468112 0.904959
vt 0.437500 0.906658
vt 0.422587 0.937500
vt 0.429756 0.968475
vt 0.422389 0.968263
vt 0.422494 0.905850
vt 0.422587 0.937500
s 0
usemtl 
f 5512/7815/2740 5501/7816/2740 5513/7817/2740 5511/7818/2740
f 5514/7819/2741 5515/7820/2741 5501/7821/2741 5512/7822/2741
f 5500/7816/2742 5513/7823/2742 5501/7824/2742
f 5515/7825/2743 5500/7821/2743 5501/7824/2743
f 5500/7816/2744 5516/7826/2744 5517/7827/2744 5513/7828/2744
f 5518/7829/2745 5516/7830/2745 5500/7816/2745 5515/7831/2745
f 5502/7832/2746 5503/7833/2746 5505/7834/2746 5509/7835/2746
f 5504/7836/2747 5503/7833/2747 5502/7832/2747 5507/7837/2747
f 5510/7838/2748 5502/7832/2748 5509/7839/2748 5508/7840/2748
f 5506/7841/2749 5507/7837/2749 5502/7832/2749 5510/7842/2749
o Sphere_cell.247
v 0.001681 -0.010880 -0.009680
v 0.137950 -0.707107 -0.693520
v 0.207887 -0.688409 -0.688262
v 0.203448 -0.707107 -0.673651
v 0.182711 -0.765932 -0.605398
v 0.221863 -0.629016 -0.734713
v 0.075832 -0.628721 -0.763967
v 0.149901 -0.632463 -0.753602
v 0.069582 -0.707107 -0.700253
v 0.063150 -0.765499 -0.629736
v 0.123317 -0.768661 -0.619957
v 0.203448 -0.707107 -0.673651
v 0.182711 -0.765932 -0.605398
v 0.207887 -0.688409 -0.688262
v 0.221863 -0.629016 -0.734713
v 0.075832 -0.628721 -0.763967
v 0.149901 -0.632463 -0.753602
v 0.069582 -0.707107 -0.700253
v 0.063150 -0.765499 -0.629736
v 0.123317 -0.768661 -0.619957
vn 0.9568 -0.0000 0.2907
vn 0.9571 0.0013 0.2896
vn 0.1260 0.7735 -0.6212
vn -0.9952 -0.0001 -0.0978
vn -0.9956 -0.0039 -0.0940
vn -0.1564 -0.6346 0.7568
vn 0.0759 -0.6326 -0.7708
vn 0.0624 -0.7715 -0.6332
vn 0.1847 -0.7715 -0.6088
vn 0.2248 -0.6326 -0.7412
vt 0.273621 0.273621
vt 0.849130 0.330017
vt 1.000000 0.347954
vt 1.000000 1.000000
vt 0.347954 0.347954
vt 1.000000 0.302805
vt 1.000000 0.274828
vt 0.302805 0.302805
vt 0.648433 0.284719
vt 0.274828 0.274828
vt 1.000000 0.333511
vt 0.366841 0.329830
vt 1.000000 0.273453
vt 0.634780 0.270702
vt 1.000000 0.273621
vt 0.273453 0.273453
vt 0.718750 0.280786
vt 0.718750 0.250000
vt 0.734244 0.251573
vt 0.734254 0.282329
vt 0.734094 0.220654
vt 0.734238 0.250000
vt 0.718750 0.219065
vt 0.703320 0.250000
vt 0.703349 0.220436
vt 0.703325 0.282208
vt 0.703316 0.257712
s 0
usemtl 
f 5531/7843/2750 5530/7844/2750 5532/7845/2750 5519/7846/2750
f 5519/7846/2751 5532/7847/2751 5533/7848/2751
f 5534/7849/2752 5519/7846/2752 5533/7850/2752 5535/7851/2752
f 5519/7846/2753 5534/7852/2753 5536/7853/2753
f 5519/7846/2754 5536/7854/2754 5537/7855/2754
f 5538/7856/2755 5531/7857/2755 5519/7846/2755 5537/7858/2755
f 5526/7859/2756 5520/7860/2756 5527/7861/2756 5525/7862/2756
f 5528/7863/2757 5527/7864/2757 5520/7860/2757 5529/7865/2757
f 5520/7860/2758 5522/7866/2758 5523/7867/2758 5529/7865/2758
f 5520/7860/2759 5526/7859/2759 5524/7868/2759 5521/7869/2759 5522/7866/2759
o Sphere_cell.248
v -0.007690 -0.004292 0.009102
v -0.006476 -0.006732 0.013512
v -0.353553 -0.382683 0.853553
v -0.513280 -0.382683 0.768178
v -0.554253 -0.464634 0.678158
v -0.647515 -0.395408 0.649257
v -0.652339 -0.382683 0.654054
v -0.673549 -0.284325 0.675060
v -0.448020 -0.287119 0.835772
v -0.528976 -0.289550 0.791668
v -0.355007 -0.370164 0.857062
v -0.338802 -0.382683 0.858028
v -0.313343 -0.399893 0.856184
v -0.337729 -0.460045 0.815350
v -0.487942 -0.468006 0.730258
v -0.647515 -0.395408 0.649257
v -0.652339 -0.382683 0.654054
v -0.673549 -0.284325 0.675060
v -0.448020 -0.287119 0.835772
v -0.528976 -0.289550 0.791668
v -0.338802 -0.382683 0.858028
v -0.313343 -0.399893 0.856184
v -0.355007 -0.370164 0.857062
v -0.337729 -0.460045 0.815350
v -0.554253 -0.464634 0.678158
v -0.487942 -0.468006 0.730258
vn 0.1058 -0.8575 -0.5035
vn -0.2818 -0.6674 -0.6894
vn -0.7069 -0.0014 -0.7073
vn -0.1605 0.9569 0.2419
vn 0.2292 0.8771 0.4222
vn 0.5059 0.6963 0.5090
vn 0.8897 -0.4410 0.1183
vn 0.2654 -0.8820 -0.3894
vn -0.2563 -0.4696 0.8448
vn -0.2779 -0.2890 0.9161
vn -0.4513 -0.2890 0.8443
vn -0.4162 -0.4696 0.7786
vn -0.5601 -0.4696 0.6825
vn -0.6073 -0.2890 0.7400
vt 0.000000 0.000000
vt 1.000000 0.358056
vt 1.000000 1.000000
vt 1.000000 0.385037
vt 0.358056 0.358056
vt 0.459386 0.380459
vt 1.000000 0.360491
vt 0.385037 0.385037
vt 1.000000 0.205809
vt 0.360491 0.360491
vt 0.785316 0.248275
vt 0.206459 0.000000
vt 1.000000 0.000000
vt 1.000000 0.187230
vt 0.206459 0.206459
vt 0.768001 0.186315
vt 0.860907 0.185411
vt 1.000000 0.227344
vt 0.187230 0.187230
vt 1.000000 0.358874
vt 0.227344 0.227344
vt 0.743236 0.308679
vt 0.190160 0.375000
vt 0.187500 0.375000
vt 0.187500 0.347033
vt 0.194214 0.368779
vt 0.190160 0.375000
vt 0.187500 0.379171
vt 0.171685 0.406839
vt 0.156250 0.406029
vt 0.156250 0.375000
vt 0.156250 0.344155
vt 0.125220 0.370400
vt 0.140947 0.345374
vt 0.125210 0.375000
vt 0.125179 0.407770
s 0
usemtl 
f 5540/7870/2760 5563/7871/2760 5539/7872/2760
f 5554/7873/2761 5539/7872/2761 5563/7874/2761
f 5555/7875/2762 5556/7876/2762 5539/7872/2762 5554/7877/2762
f 5557/7878/2763 5539/7872/2763 5556/7879/2763 5558/7880/2763
f 5557/7881/2764 5540/7882/2764 5539/7872/2764
f 5560/7883/2765 5540/7872/2765 5557/7884/2765 5561/7885/2765 5559/7886/2765
f 5562/7887/2766 5540/7872/2766 5560/7888/2766
f 5563/7889/2767 5540/7872/2767 5562/7890/2767 5564/7891/2767
f 5550/7892/2768 5541/7893/2768 5552/7894/2768 5551/7895/2768
f 5541/7893/2769 5550/7896/2769 5549/7897/2769
f 5547/7898/2770 5548/7899/2770 5542/7900/2770 5541/7893/2770 5549/7897/2770
f 5552/7894/2771 5541/7893/2771 5542/7900/2771 5553/7901/2771
f 5544/7902/2772 5543/7903/2772 5553/7901/2772 5542/7900/2772 5545/7904/2772
f 5545/7904/2773 5542/7900/2773 5548/7899/2773 5546/7905/2773
o Sphere_cell.249
v -0.000296 -0.006671 0.010156
v -0.000000 -0.555570 0.831469
v -0.000000 -0.630527 0.769954
v 0.074065 -0.627078 0.765489
v -0.074687 -0.626788 0.765667
v -0.080375 -0.555570 0.823553
v -0.085020 -0.466235 0.870846
v -0.000000 -0.469761 0.877335
v 0.084275 -0.466360 0.870853
v 0.079709 -0.555570 0.823619
v -0.000000 -0.630527 0.769954
v 0.074065 -0.627078 0.765489
v -0.074687 -0.626788 0.765667
v -0.080375 -0.555570 0.823553
v -0.085020 -0.466235 0.870846
v -0.000000 -0.469761 0.877335
v 0.084275 -0.466360 0.870853
v 0.079709 -0.555570 0.823619
vn -0.0023 -0.7729 -0.6346
vn -0.9952 0.0001 -0.0979
vn 0.0006 0.8821 0.4711
vn 0.9952 0.0007 -0.0974
vn 0.0865 -0.4696 0.8786
vn 0.0759 -0.6326 0.7708
vn -0.0865 -0.4696 0.8786
vn -0.0759 -0.6326 0.7708
vt 1.000000 1.000000
vt 0.273406 0.273406
vt 0.633080 0.269173
vt 1.000000 0.273357
vt 1.000000 0.172313
vt 0.273358 0.273358
vt 0.615787 0.217739
vt 1.000000 0.172678
vt 0.172313 0.172313
vt 0.584861 0.166261
vt 0.600982 0.217791
vt 1.000000 0.273406
vt 0.172678 0.172678
vt 0.250000 0.343521
vt 0.250000 0.312500
vt 0.265356 0.312500
vt 0.265355 0.344750
vt 0.250000 0.281585
vt 0.265352 0.283007
vt 0.234511 0.344795
vt 0.234516 0.312500
vt 0.250000 0.312500
vt 0.250000 0.343521
vt 0.250000 0.281585
vt 0.234516 0.312500
vt 0.234524 0.283127
s 0
usemtl 
f 5565/7906/2774 5576/7907/2774 5575/7908/2774 5577/7909/2774
f 5579/7910/2775 5565/7906/2775 5577/7911/2775 5578/7912/2775
f 5581/7913/2776 5565/7906/2776 5579/7914/2776 5580/7915/2776
f 5582/7916/2777 5576/7917/2777 5565/7906/2777 5581/7918/2777
f 5572/7919/2778 5566/7920/2778 5574/7921/2778 5573/7922/2778
f 5566/7920/2779 5567/7923/2779 5568/7924/2779 5574/7921/2779
f 5571/7925/2780 5570/7926/2780 5566/7927/2780 5572/7928/2780
f 5567/7929/2781 5566/7920/2781 5570/7930/2781 5569/7931/2781
o Sphere_cell.250
v 0.005797 0.005230 0.006619
v 0.015628 0.019293 0.031224
v 0.587938 0.555570 0.587938
v 0.461940 0.555570 0.691342
v 0.675598 0.466523 0.555789
v 0.607058 0.606335 0.499285
v 0.639061 0.555570 0.525644
v 0.594068 0.626541 0.489099
v 0.544600 0.630251 0.544600
v 0.486595 0.625123 0.597620
v 0.361240 0.463938 0.800435
v 0.451059 0.579434 0.675058
v 0.432500 0.555570 0.707077
v 0.489459 0.462898 0.732528
v 0.620288 0.469978 0.620288
v 0.400930 0.450397 0.787387
v 0.607058 0.606335 0.499285
v 0.639061 0.555570 0.525644
v 0.675598 0.466523 0.555789
v 0.594068 0.626541 0.489099
v 0.544600 0.630251 0.544600
v 0.486595 0.625123 0.597620
v 0.451059 0.579434 0.675058
v 0.361240 0.463938 0.800435
v 0.432500 0.555570 0.707077
v 0.620288 0.469978 0.620288
v 0.489459 0.462898 0.732528
v 0.400930 0.450397 0.787387
vn 0.6346 -0.0013 -0.7729
vn 0.6273 0.0107 -0.7787
vn -0.4559 0.7729 -0.4414
vn -0.7535 0.6535 -0.0724
vn -0.7894 0.6138 -0.0001
vn 0.3333 -0.8817 0.3339
vn -0.0110 -0.8663 0.4995
vn -0.1104 -0.8382 0.5341
vn 0.5987 0.6326 0.4913
vn 0.6825 0.4696 0.5601
vn 0.4913 0.6326 0.5987
vn 0.5601 0.4696 0.6825
vn 0.3651 0.6326 0.6831
vn 0.4162 0.4696 0.7786
vt 0.745239 0.351501
vt 0.358679 0.000000
vt 1.000000 0.000000
vt 1.000000 0.575573
vt 0.594866 0.000000
vt 0.575573 0.575573
vt 0.000000 0.000000
vt 0.598234 0.300876
vt 0.594865 0.594865
vt 0.594698 0.000000
vt 0.594698 0.594698
vt 0.587592 0.587592
vt 0.755296 0.000000
vt 0.680069 0.307274
vt 0.653414 0.396698
vt 1.000000 0.641321
vt 0.819911 0.497116
vt 0.460041 0.189512
vt 0.252231 0.000000
vt 0.258102 0.000000
vt 1.000000 1.000000
vt 0.258102 0.258102
vt 1.000000 0.244704
vt 0.375000 0.718302
vt 0.375000 0.687500
vt 0.390450 0.687500
vt 0.390457 0.708438
vt 0.390377 0.716772
vt 0.390437 0.655309
vt 0.375000 0.656558
vt 0.343750 0.697342
vt 0.343750 0.687500
vt 0.358761 0.716187
vt 0.343750 0.653998
vt 0.337350 0.687500
vt 0.317492 0.654374
vt 0.325083 0.649430
s 0
usemtl 
f 5600/7932/2782 5601/7933/2782 5583/7934/2782 5599/7935/2782
f 5602/7936/2783 5599/7937/2783 5583/7938/2783
f 5603/7939/2784 5602/7940/2784 5583/7938/2784 5604/7941/2784
f 5604/7942/2785 5583/7938/2785 5584/7934/2785
f 5604/7943/2786 5584/7938/2786 5606/7944/2786 5607/7945/2786 5605/7946/2786
f 5583/7934/2787 5601/7947/2787 5608/7948/2787 5609/7949/2787 5610/7950/2787
f 5610/7951/2788 5584/7934/2788 5583/7952/2788
f 5584/7952/2789 5610/7953/2789 5606/7954/2789
f 5591/7955/2790 5585/7956/2790 5589/7957/2790 5588/7958/2790 5590/7959/2790
f 5587/7960/2791 5589/7957/2791 5585/7956/2791 5597/7961/2791
f 5594/7962/2792 5586/7963/2792 5585/7956/2792 5591/7955/2792 5592/7964/2792
f 5597/7961/2793 5585/7956/2793 5586/7963/2793 5596/7965/2793
f 5595/7966/2794 5586/7963/2794 5594/7962/2794
f 5596/7965/2795 5586/7963/2795 5595/7966/2795 5593/7967/2795 5598/7968/2795
o Sphere_cell.251
v 0.003360 0.001605 -0.009522
v 0.375330 0.195090 -0.906127
v 0.192475 0.195090 -0.961596
v 0.194329 0.096212 -0.971161
v 0.463886 0.097953 -0.869589
v 0.378967 0.098608 -0.914907
v 0.546568 0.195090 -0.814120
v 0.446519 0.285473 -0.837138
v 0.364540 0.288045 -0.880076
v 0.276115 0.285563 -0.907683
v 0.192475 0.195090 -0.961596
v 0.194329 0.096212 -0.971161
v 0.463886 0.097953 -0.869589
v 0.378967 0.098608 -0.914907
v 0.364540 0.288045 -0.880076
v 0.276115 0.285563 -0.907683
v 0.446519 0.285473 -0.837138
v 0.546568 0.195090 -0.814120
vn -0.9809 0.0004 -0.1947
vn 0.0403 -0.9951 -0.0899
vn 0.6518 -0.7088 0.2696
vn 0.5089 0.6933 0.5103
vn -0.1108 0.9568 0.2688
vn -0.7322 0.6811 -0.0070
vn 0.2779 0.2890 -0.9161
vn 0.2889 0.0975 -0.9524
vn 0.4527 0.2877 -0.8440
vn 0.4704 0.0990 -0.8769
vt 1.000000 0.075908
vt 1.000000 1.000000
vt 0.117891 0.084704
vt 1.000000 0.173234
vt 0.075907 0.075907
vt 0.688538 0.129777
vt 1.000000 0.226660
vt 0.173234 0.173234
vt 1.000000 0.204859
vt 0.245879 0.225711
vt 1.000000 0.136739
vt 0.204859 0.204859
vt 0.598722 0.163432
vt 1.000000 0.085701
vt 0.136739 0.136739
vt 0.687500 0.562500
vt 0.718554 0.563679
vt 0.703001 0.592643
vt 0.687500 0.593470
vt 0.718558 0.562500
vt 0.687500 0.531590
vt 0.718567 0.530823
vt 0.656250 0.562500
vt 0.672014 0.592613
vt 0.672006 0.531381
vt 0.656250 0.561677
s 0
usemtl 
f 5622/7969/2796 5611/7970/2796 5621/7971/2796
f 5623/7972/2797 5611/7970/2797 5622/7973/2797 5624/7974/2797
f 5628/7975/2798 5611/7970/2798 5623/7976/2798
f 5627/7977/2799 5611/7970/2799 5628/7978/2799
f 5626/7979/2800 5611/7970/2800 5627/7980/2800 5625/7981/2800
f 5621/7982/2801 5611/7970/2801 5626/7983/2801
f 5612/7984/2802 5613/7985/2802 5620/7986/2802 5619/7987/2802
f 5613/7988/2803 5612/7984/2803 5616/7989/2803 5614/7990/2803
f 5617/7991/2804 5612/7984/2804 5619/7987/2804 5618/7992/2804
f 5615/7993/2805 5616/7989/2805 5612/7984/2805 5617/7994/2805
o Sphere_cell.252
v 0.001049 -0.019097 0.004720
v 0.074658 -0.980785 0.180240
v 0.038060 -0.980785 0.191342
v 0.000744 -0.951100 0.292875
v 0.056130 -0.952688 0.282187
v 0.084146 -0.951927 0.276298
v 0.000879 -0.980785 0.195004
v 0.001136 -0.999427 0.005709
v 0.090506 -0.980785 0.171769
v 0.130217 -0.954980 0.246535
v 0.108134 -0.954249 0.261058
v 0.056130 -0.952688 0.282187
v 0.084146 -0.951927 0.276298
v 0.000744 -0.951100 0.292875
v 0.000879 -0.980785 0.195004
v 0.001136 -0.999427 0.005709
v 0.090506 -0.980785 0.171769
v 0.130217 -0.954980 0.246535
v 0.108134 -0.954249 0.261058
vn 0.1893 0.2900 0.9381
vn -1.0000 -0.0001 -0.0013
vn 0.8814 -0.0001 -0.4724
vn 0.5340 0.2798 0.7979
vn 0.1374 -0.9565 0.2571
vn 0.0464 -0.9951 0.0868
vn 0.0846 -0.9565 0.2790
vn 0.0286 -0.9951 0.0942
vn 0.0286 -0.9565 0.2902
vn 0.0097 -0.9951 0.0980
vt 0.095083 0.000000
vt 1.000000 0.000000
vt 1.000000 0.903771
vt 0.399048 0.304588
vt 0.903771 0.903771
vt 0.000000 0.000000
vt 0.951129 0.006699
vt 0.932732 0.598082
vt 1.000000 0.907429
vt 0.695606 0.628250
vt 0.048671 0.000000
vt 0.907429 0.907429
vt 0.904917 0.000000
vt 0.906937 0.471184
vt 0.312500 0.062500
vt 0.327183 0.062500
vt 0.327340 0.090842
vt 0.312500 0.091644
vt 0.327566 0.002237
vt 0.281250 0.062500
vt 0.312500 0.091644
vt 0.297049 0.094195
vt 0.281250 0.093360
vt 0.297434 0.002237
vt 0.250722 0.062500
vt 0.250407 0.095103
vt 0.266091 0.001865
s 0
usemtl 
f 5641/7995/2806 5629/7996/2806 5642/7997/2806 5640/7998/2806
f 5642/7999/2807 5629/8000/2807 5644/8001/2807 5643/8002/2807
f 5629/7996/2808 5646/8003/2808 5645/8004/2808 5644/8005/2808
f 5646/8006/2809 5629/8000/2809 5641/8007/2809 5647/8008/2809
f 5630/8009/2810 5637/8010/2810 5638/8011/2810 5639/8012/2810
f 5630/8009/2811 5636/8013/2811 5637/8010/2811
f 5631/8014/2812 5630/8009/2812 5639/8015/2812 5634/8016/2812 5633/8017/2812
f 5636/8018/2813 5630/8009/2813 5631/8014/2813
f 5635/8019/2814 5631/8014/2814 5633/8017/2814 5632/8020/2814
f 5636/8021/2815 5631/8014/2815 5635/8019/2815
o Sphere_cell.253
v -0.004247 -0.009322 0.005115
v -0.308658 -0.831470 0.461939
v -0.392847 -0.831470 0.392847
v -0.298193 -0.767002 0.556176
v -0.261616 -0.831470 0.487084
v -0.223300 -0.875419 0.414782
v -0.400432 -0.766881 0.487945
v -0.350332 -0.769910 0.524308
v -0.449488 -0.807174 0.370272
v -0.427761 -0.790948 0.427761
v -0.401609 -0.848799 0.331311
v -0.426630 -0.831470 0.351682
v -0.280593 -0.890800 0.342070
v -0.252956 -0.885060 0.378576
v -0.337779 -0.873096 0.337779
v -0.261616 -0.831470 0.487084
v -0.223300 -0.875419 0.414782
v -0.298193 -0.767002 0.556176
v -0.350332 -0.769910 0.524308
v -0.400432 -0.766881 0.487945
v -0.449488 -0.807174 0.370272
v -0.427761 -0.790948 0.427761
v -0.401609 -0.848799 0.331311
v -0.426630 -0.831470 0.351682
v -0.280593 -0.890800 0.342070
v -0.252956 -0.885060 0.378576
v -0.337779 -0.873096 0.337779
vn 0.8832 -0.0015 0.4690
vn -0.4286 0.6343 0.6434
vn -0.8284 0.5363 0.1617
vn -0.6321 -0.0019 -0.7749
vn 0.7518 -0.4276 -0.5019
vn -0.0370 -0.3467 -0.9373
vn -0.2999 -0.7715 0.5611
vn -0.2231 -0.8810 0.4173
vn -0.4036 -0.7715 0.4918
vn -0.3002 -0.8810 0.3658
vn -0.4918 -0.7715 0.4036
vn -0.3658 -0.8810 0.3002
vt 0.168054 0.000000
vt 1.000000 0.000000
vt 1.000000 0.727912
vt 0.561904 0.351685
vt 0.727912 0.727912
vt 0.000000 0.000000
vt 0.728235 0.000000
vt 0.730925 0.367755
vt 0.652690 0.403804
vt 0.271765 0.000000
vt 1.000000 0.766481
vt 0.790045 0.376812
vt 0.766481 0.766481
vt 0.806907 0.000000
vt 0.153118 0.000000
vt 1.000000 0.831946
vt 0.568369 0.409658
vt 1.000000 0.193093
vt 1.000000 1.000000
vt 0.153118 0.153118
vt 0.547213 0.169950
vt 0.156250 0.187500
vt 0.171555 0.187500
vt 0.171673 0.219899
vt 0.156250 0.218437
vt 0.171402 0.157776
vt 0.156250 0.151255
vt 0.125000 0.207865
vt 0.125000 0.187500
vt 0.140628 0.219960
vt 0.140663 0.147373
vt 0.125000 0.159346
vt 0.109720 0.187500
vt 0.109671 0.199710
vt 0.109720 0.187500
vt 0.109774 0.175779
s 0
usemtl 
f 5664/8022/2816 5648/8023/2816 5665/8024/2816 5663/8025/2816
f 5665/8026/2817 5648/8027/2817 5667/8028/2817 5666/8029/2817
f 5669/8030/2818 5667/8031/2818 5648/8023/2818 5668/8032/2818
f 5671/8033/2819 5668/8034/2819 5648/8027/2819 5670/8035/2819
f 5672/8036/2820 5648/8023/2820 5664/8037/2820 5673/8038/2820
f 5670/8039/2821 5648/8040/2821 5672/8041/2821 5674/8042/2821
f 5649/8043/2822 5652/8044/2822 5651/8045/2822 5655/8046/2822
f 5653/8047/2823 5652/8044/2823 5649/8043/2823 5661/8048/2823
f 5657/8049/2824 5650/8050/2824 5649/8043/2824 5655/8046/2824 5654/8051/2824
f 5660/8052/2825 5661/8048/2825 5649/8043/2825 5650/8050/2825 5662/8053/2825
f 5659/8054/2826 5650/8050/2826 5657/8049/2826 5656/8055/2826
f 5650/8050/2827 5659/8056/2827 5658/8057/2827 5662/8053/2827
o Sphere_cell.254
v 0.001717 -0.006084 -0.007924
v 0.162212 -0.555570 -0.815493
v 0.318190 -0.555570 -0.768178
v 0.253344 -0.466980 -0.837093
v 0.323209 -0.531032 -0.780295
v 0.086973 -0.466319 -0.870609
v 0.171122 -0.470120 -0.860290
v 0.076078 -0.627030 -0.765331
v 0.082047 -0.555570 -0.823389
v 0.222665 -0.627082 -0.736121
v 0.150189 -0.630664 -0.755050
v 0.310738 -0.579298 -0.750187
v 0.347491 -0.555570 -0.752516
v 0.253344 -0.466980 -0.837093
v 0.323209 -0.531032 -0.780295
v 0.086973 -0.466319 -0.870609
v 0.171122 -0.470120 -0.860290
v 0.082047 -0.555570 -0.823389
v 0.076078 -0.627030 -0.765331
v 0.222665 -0.627082 -0.736121
v 0.150189 -0.630664 -0.755050
v 0.310738 -0.579298 -0.750187
v 0.347491 -0.555570 -0.752516
vn 0.7415 0.6566 -0.1376
vn 0.0964 0.8821 -0.4611
vn -0.9950 0.0023 -0.0995
vn -0.1242 -0.7733 0.6218
vn 0.4380 -0.6141 0.6566
vn 0.0865 -0.4696 -0.8786
vn 0.0759 -0.6326 -0.7708
vn 0.2563 -0.4696 -0.8448
vn 0.2248 -0.6326 -0.7412
vn 0.4162 -0.4696 -0.7786
vn 0.3651 -0.6326 -0.6831
vt 0.489949 0.258592
vt 1.000000 0.204101
vt 1.000000 1.000000
vt 0.285378 0.285378
vt 1.000000 0.172514
vt 0.204101 0.204101
vt 0.600514 0.182131
vt 0.172514 0.172514
vt 0.601176 0.217753
vt 1.000000 0.273392
vt 1.000000 0.301146
vt 0.273392 0.273392
vt 0.634384 0.283121
vt 1.000000 0.285378
vt 0.301146 0.301146
vt 0.778128 0.287532
vt 0.718750 0.343391
vt 0.718750 0.312500
vt 0.734194 0.312500
vt 0.734154 0.344765
vt 0.734231 0.283027
vt 0.734194 0.312500
vt 0.718750 0.281528
vt 0.687500 0.321371
vt 0.687500 0.312500
vt 0.703227 0.344526
vt 0.687500 0.302714
vt 0.703250 0.283006
vt 0.681130 0.312500
vt 0.687500 0.321371
vt 0.687500 0.302714
s 0
usemtl 
f 5689/8058/2828 5688/8059/2828 5675/8060/2828 5697/8061/2828
f 5690/8062/2829 5675/8060/2829 5688/8063/2829 5691/8064/2829
f 5675/8060/2830 5690/8065/2830 5692/8066/2830 5693/8067/2830
f 5694/8068/2831 5675/8060/2831 5693/8069/2831 5695/8070/2831
f 5697/8071/2832 5675/8060/2832 5694/8072/2832 5696/8073/2832
f 5681/8074/2833 5676/8075/2833 5683/8076/2833 5680/8077/2833
f 5682/8078/2834 5683/8079/2834 5676/8075/2834 5685/8080/2834
f 5679/8081/2835 5677/8082/2835 5676/8075/2835 5681/8074/2835 5678/8083/2835
f 5676/8075/2836 5677/8082/2836 5686/8084/2836 5684/8085/2836 5685/8080/2836
f 5687/8086/2837 5677/8082/2837 5679/8087/2837
f 5687/8086/2838 5686/8088/2838 5677/8082/2838
o Sphere_cell.255
v 0.002853 -0.026206 -0.006444
v 0.074658 -0.980785 -0.180240
v 0.162024 -0.951031 -0.244227
v 0.107720 -0.980785 -0.162568
v 0.003366 -0.999345 -0.005707
v 0.005991 -0.998458 -0.014464
v 0.057266 -0.980785 -0.185516
v 0.084579 -0.951776 -0.276682
v 0.110282 -0.952546 -0.266245
v 0.107720 -0.980785 -0.162568
v 0.003366 -0.999345 -0.005707
v 0.162024 -0.951031 -0.244227
v 0.005991 -0.998458 -0.014464
v 0.057266 -0.980785 -0.185516
v 0.084579 -0.951776 -0.276682
v 0.110282 -0.952546 -0.266245
vn 0.8325 0.0009 0.5540
vn -0.9579 -0.0007 -0.2872
vn 0.3675 0.2904 -0.8835
vn 0.0846 -0.9565 -0.2790
vn 0.0286 -0.9951 -0.0942
vn 0.1374 -0.9565 -0.2571
vn 0.0464 -0.9951 -0.0869
vt 0.405669 0.338365
vt 0.096330 0.000000
vt 1.000000 0.000000
vt 1.000000 0.950745
vt 0.949874 0.920653
vt 0.950745 0.950745
vt 0.000000 0.000000
vt 0.904138 0.000000
vt 0.932524 0.332540
vt 0.904977 0.606108
vt 0.904138 0.904138
vt 0.903670 0.000000
vt 0.687500 0.093515
vt 0.687500 0.062500
vt 0.702351 0.062500
vt 0.702785 0.094361
vt 0.701871 0.005015
vt 0.702351 0.062500
vt 0.656779 0.095180
vt 0.656867 0.062500
vt 0.656867 0.062500
vt 0.671647 0.002131
vt 0.673129 0.005015
s 0
usemtl 
f 5707/8089/2839 5709/8090/2839 5698/8091/2839 5708/8092/2839
f 5710/8093/2840 5708/8094/2840 5698/8095/2840 5712/8096/2840 5711/8097/2840
f 5713/8098/2841 5712/8099/2841 5698/8095/2841 5709/8100/2841
f 5706/8101/2842 5699/8102/2842 5704/8103/2842 5705/8104/2842
f 5699/8102/2843 5703/8105/2843 5704/8106/2843
f 5700/8107/2844 5701/8108/2844 5699/8102/2844 5706/8101/2844
f 5701/8109/2845 5702/8110/2845 5703/8111/2845 5699/8102/2845
o Sphere_cell.256
v -0.008360 0.000440 -0.005280
v -0.011184 -0.000641 -0.009683
v -0.831468 0.000000 -0.555570
v -0.868988 -0.095467 -0.465525
v -0.877421 0.000000 -0.469599
v -0.869133 0.095516 -0.465245
v -0.823574 -0.096403 -0.550295
v -0.701002 -0.094600 -0.699928
v -0.707939 -0.000194 -0.706061
v -0.762465 0.096012 -0.624816
v -0.823551 0.096683 -0.550280
v -0.877421 0.000000 -0.469599
v -0.869133 0.095516 -0.465245
v -0.868988 -0.095467 -0.465525
v -0.823574 -0.096403 -0.550295
v -0.701002 -0.094600 -0.699928
v -0.762465 0.096012 -0.624816
v -0.823551 0.096683 -0.550280
v -0.707939 -0.000194 -0.706061
vn -0.0293 -0.9662 0.2562
vn -0.4712 -0.0017 0.8820
vn 0.0811 -0.9952 0.0544
vn 0.7069 0.0060 -0.7073
vn 0.4924 0.7179 -0.4922
vn 0.5006 0.7063 -0.5004
vn 0.0798 0.9952 0.0564
vn -0.8777 0.0975 -0.4691
vn -0.8777 -0.0975 -0.4691
vn -0.7693 0.0974 -0.6315
vn -0.7693 -0.0975 -0.6314
vt 0.000000 0.000000
vt 1.000000 0.000000
vt 0.825390 0.825390
vt 0.826074 0.826074
vt 0.826083 0.000000
vt 0.833996 0.417322
vt 1.000000 0.825390
vt 0.776472 0.558364
vt 0.335652 0.000000
vt 1.000000 1.000000
vt 0.335652 0.335652
vt 1.000000 0.329262
vt 0.328121 0.000000
vt 0.329451 0.327990
vt 1.000000 0.276113
vt 0.276113 0.276113
vt 0.634356 0.217575
vt 1.000000 0.173917
vt 0.906250 0.500000
vt 0.921790 0.500000
vt 0.921778 0.530600
vt 0.906250 0.530974
vt 0.921799 0.469451
vt 0.921790 0.500000
vt 0.906250 0.469116
vt 0.890740 0.530759
vt 0.875244 0.500000
vt 0.875123 0.469694
vt 0.875154 0.499824
s 0
usemtl 
f 5715/8112/2846 5714/8113/2846 5727/8114/2846
f 5727/8115/2847 5714/8112/2847 5726/8116/2847 5725/8117/2847
f 5715/8113/2848 5727/8118/2848 5728/8119/2848 5729/8120/2848
f 5715/8121/2849 5729/8122/2849 5732/8123/2849
f 5714/8113/2850 5715/8121/2850 5732/8124/2850
f 5714/8121/2851 5732/8125/2851 5730/8126/2851
f 5714/8121/2852 5730/8127/2852 5731/8128/2852 5726/8129/2852
f 5716/8130/2853 5718/8131/2853 5719/8132/2853 5724/8133/2853
f 5717/8134/2854 5718/8135/2854 5716/8130/2854 5720/8136/2854
f 5723/8137/2855 5722/8138/2855 5716/8130/2855 5724/8133/2855
f 5721/8139/2856 5720/8136/2856 5716/8130/2856 5722/8140/2856
o Sphere_cell.257
v 0.008101 0.004220 0.005630
v 0.768178 0.382683 0.513280
v 0.677420 0.464650 0.555139
v 0.771684 0.464802 0.414055
v 0.730172 0.468199 0.487885
v 0.810262 0.382683 0.434546
v 0.835767 0.287107 0.448037
v 0.733742 0.287145 0.600704
v 0.791647 0.289634 0.528961
v 0.711280 0.382683 0.582610
v 0.677420 0.464650 0.555139
v 0.730172 0.468199 0.487885
v 0.771684 0.464802 0.414055
v 0.810262 0.382683 0.434546
v 0.835767 0.287107 0.448037
v 0.791647 0.289634 0.528961
v 0.733742 0.287145 0.600704
v 0.711280 0.382683 0.582610
vn -0.3923 0.8820 -0.2612
vn 0.4711 0.0012 -0.8821
vn 0.2409 -0.9571 0.1612
vn -0.6335 -0.0024 0.7737
vn 0.7786 0.4696 0.4162
vn 0.8443 0.2890 0.4513
vn 0.6825 0.4696 0.5601
vn 0.7400 0.2890 0.6073
vt 0.677709 0.306661
vt 1.000000 0.266802
vt 1.000000 1.000000
vt 0.357312 0.357312
vt 1.000000 0.205285
vt 0.266802 0.266802
vt 0.616889 0.229768
vt 0.205286 0.205286
vt 0.599075 0.247780
vt 1.000000 0.303509
vt 1.000000 0.357312
vt 0.303509 0.303509
vt 0.660984 0.324934
vt 0.421654 0.625000
vt 0.421622 0.654687
vt 0.406250 0.655915
vt 0.406250 0.625000
vt 0.421682 0.593157
vt 0.406250 0.593999
vt 0.390738 0.654632
vt 0.390775 0.625000
vt 0.390775 0.625000
vt 0.390814 0.593170
s 0
usemtl 
f 5744/8141/2857 5745/8142/2857 5733/8143/2857 5743/8144/2857
f 5747/8145/2858 5733/8143/2858 5745/8146/2858 5746/8147/2858
f 5733/8143/2859 5747/8148/2859 5748/8149/2859 5749/8150/2859
f 5743/8151/2860 5733/8143/2860 5749/8152/2860 5750/8153/2860
f 5738/8154/2861 5736/8155/2861 5737/8156/2861 5734/8157/2861
f 5739/8158/2862 5738/8154/2862 5734/8157/2862 5741/8159/2862
f 5734/8157/2863 5737/8156/2863 5735/8160/2863 5742/8161/2863
f 5741/8159/2864 5734/8157/2864 5742/8162/2864 5740/8163/2864
o Sphere_cell.258
v 0.005228 0.002944 -0.004298
v 0.009229 0.006161 -0.007368
v 0.653281 0.382683 -0.653281
v 0.768178 0.382683 -0.513280
v 0.664609 0.540125 -0.507464
v 0.616858 0.560869 -0.545876
v 0.630903 0.555570 -0.535584
v 0.598211 0.528928 -0.597760
v 0.614081 0.555570 -0.556082
v 0.556194 0.465062 -0.676272
v 0.583991 0.382683 -0.710147
v 0.619926 0.195090 -0.753917
v 0.642961 0.195090 -0.735012
v 0.690397 0.195964 -0.695742
v 0.692537 0.199673 -0.692537
v 0.775220 0.382683 -0.500105
v 0.771266 0.370437 -0.515344
v 0.778358 0.400327 -0.474325
v 0.733504 0.460701 -0.490112
v 0.616858 0.560869 -0.545876
v 0.630903 0.555570 -0.535584
v 0.664609 0.540125 -0.507464
v 0.614081 0.555570 -0.556082
v 0.598211 0.528928 -0.597760
v 0.583991 0.382683 -0.710147
v 0.619926 0.195090 -0.753917
v 0.556194 0.465062 -0.676272
v 0.642961 0.195090 -0.735012
v 0.690397 0.195964 -0.695742
v 0.692537 0.199673 -0.692537
v 0.771266 0.370437 -0.515344
v 0.775220 0.382683 -0.500105
v 0.778358 0.400327 -0.474325
v 0.733504 0.460701 -0.490112
vn 0.7114 -0.2628 0.6518
vn -0.1595 0.7721 0.6152
vn -0.7338 0.6638 -0.1449
vn -0.7343 0.6629 -0.1462
vn -0.7732 -0.0002 -0.6341
vn 0.1308 -0.9809 -0.1438
vn 0.5997 -0.6925 0.4009
vn 0.2744 0.4630 0.8428
vn 0.2914 0.4386 0.8501
vn 0.5602 0.4698 -0.6822
vn 0.6073 0.2890 -0.7400
vn 0.5987 0.6326 -0.4913
vn 0.6825 0.4696 -0.5601
vn 0.7400 0.2890 -0.6073
vn 0.8443 0.2890 -0.4513
vn 0.7786 0.4696 -0.4162
vt 1.000000 1.000000
vt 0.000000 0.000000
vt 1.000000 0.368924
vt 1.000000 0.414687
vt 0.368924 0.368924
vt 0.822259 0.401228
vt 0.414687 0.414687
vt 0.522436 0.417343
vt 1.000000 0.432519
vt 0.434611 0.432207
vt 1.000000 0.357676
vt 1.000000 0.283051
vt 0.357676 0.357676
vt 0.559132 0.325174
vt 0.516806 0.301097
vt 1.000000 0.338518
vt 0.283051 0.283051
vt 0.890920 0.265701
vt 0.933374 0.262270
vt 1.000000 0.259821
vt 0.338518 0.338518
vt 0.349360 0.336560
vt 0.260980 0.000000
vt 1.000000 0.000000
vt 1.000000 0.370339
vt 0.260980 0.260980
vt 0.568443 0.304012
vt 0.625000 0.625000
vt 0.640466 0.625000
vt 0.640458 0.654781
vt 0.625000 0.677793
vt 0.625620 0.562791
vt 0.635630 0.562500
vt 0.640474 0.562500
vt 0.640466 0.625000
vt 0.625000 0.564027
vt 0.615263 0.689686
vt 0.612015 0.687500
vt 0.617099 0.687500
vt 0.603780 0.681912
vt 0.593750 0.653204
vt 0.593750 0.625000
vt 0.624941 0.677868
vt 0.617099 0.687500
vt 0.593750 0.620920
vt 0.591172 0.625000
vt 0.591172 0.625000
vt 0.587053 0.631378
s 0
usemtl 
f 5751/8164/2865 5752/8165/2865 5772/8166/2865
f 5770/8167/2866 5751/8164/2866 5772/8168/2866 5771/8169/2866
f 5770/8170/2867 5773/8171/2867 5774/8172/2867 5751/8164/2867
f 5774/8173/2868 5777/8174/2868 5751/8164/2868
f 5776/8175/2869 5751/8164/2869 5777/8176/2869 5775/8177/2869
f 5778/8178/2870 5779/8179/2870 5751/8164/2870 5776/8180/2870
f 5781/8181/2871 5782/8182/2871 5783/8183/2871 5751/8164/2871 5779/8184/2871 5780/8185/2871
f 5783/8186/2872 5752/8187/2872 5751/8164/2872
f 5772/8188/2873 5752/8164/2873 5783/8189/2873 5769/8190/2873
f 5753/8191/2874 5761/8192/2874 5760/8193/2874 5758/8194/2874
f 5764/8195/2875 5763/8196/2875 5762/8197/2875 5761/8198/2875 5753/8191/2875 5765/8199/2875
f 5756/8200/2876 5757/8201/2876 5759/8202/2876
f 5755/8203/2877 5784/8204/2877 5754/8205/2877 5753/8191/2877 5758/8206/2877 5759/8207/2877 5757/8201/2877
f 5765/8199/2878 5753/8191/2878 5754/8205/2878 5767/8208/2878
f 5767/8208/2879 5754/8205/2879 5766/8209/2879
f 5766/8210/2880 5754/8205/2880 5784/8204/2880 5768/8211/2880
o Sphere_cell.259
v 0.009528 0.000152 -0.002215
v 0.980785 0.000000 -0.195090
v 0.943618 -0.095501 -0.285368
v 0.971460 -0.096536 -0.193235
v 0.980922 -0.095733 -0.097966
v 0.952638 0.000000 -0.287880
v 0.943645 0.096523 -0.284934
v 0.962489 0.189400 -0.191451
v 0.980890 0.096191 -0.097833
v 0.990267 0.000000 -0.098822
v 0.943618 -0.095501 -0.285368
v 0.971460 -0.096536 -0.193235
v 0.980922 -0.095733 -0.097966
v 0.952638 0.000000 -0.287880
v 0.943645 0.096523 -0.284934
v 0.962489 0.189400 -0.191451
v 0.980890 0.096191 -0.097833
v 0.990267 0.000000 -0.098822
vn -0.0965 -0.9952 0.0180
vn -0.2899 0.0022 -0.9571
vn -0.2701 0.7097 -0.6506
vn -0.0006 0.7086 0.7056
vn 0.0980 -0.0007 0.9952
vn 0.9524 0.0975 -0.2889
vn 0.9524 -0.0975 -0.2889
vn 0.9904 0.0975 -0.0975
vn 0.9904 -0.0975 -0.0975
vt 0.527434 0.451903
vt 0.066308 0.000000
vt 1.000000 0.000000
vt 1.000000 0.897583
vt 0.000000 0.000000
vt 0.898195 0.000000
vt 0.906545 0.455524
vt 0.897583 0.897583
vt 0.997827 0.913654
vt 0.101805 0.000000
vt 0.915828 0.915828
vt 0.933436 0.000000
vt 0.933437 0.933437
vt 0.933692 0.000000
vt 0.942561 0.470100
vt 0.531250 0.560677
vt 0.531250 0.500000
vt 0.546707 0.500000
vt 0.546672 0.530922
vt 0.531250 0.469073
vt 0.546740 0.469405
vt 0.515821 0.530816
vt 0.515830 0.500000
vt 0.531212 0.560746
vt 0.515842 0.469330
vt 0.531250 0.469073
s 0
usemtl 
f 5796/8212/2881 5797/8213/2881 5785/8214/2881 5795/8215/2881
f 5785/8216/2882 5799/8217/2882 5798/8218/2882 5795/8219/2882
f 5800/8220/2883 5799/8221/2883 5785/8214/2883
f 5800/8222/2884 5785/8216/2884 5801/8223/2884
f 5801/8224/2885 5785/8216/2885 5797/8225/2885 5802/8226/2885
f 5792/8227/2886 5786/8228/2886 5790/8229/2886 5791/8230/2886
f 5786/8228/2887 5788/8231/2887 5787/8232/2887 5790/8229/2887
f 5793/8233/2888 5794/8234/2888 5786/8228/2888 5792/8235/2888
f 5794/8234/2889 5789/8236/2889 5788/8237/2889 5786/8228/2889
o Sphere_cell.260
v -0.000284 -0.017189 0.010628
v -0.000000 -0.831470 0.555570
v 0.060933 -0.767445 0.627583
v 0.053436 -0.831470 0.550307
v 0.045513 -0.875400 0.468898
v -0.000000 -0.770294 0.630112
v -0.060982 -0.767261 0.627802
v -0.000000 -0.885008 0.455407
v -0.044954 -0.875555 0.468664
v -0.053165 -0.831470 0.550334
v 0.053436 -0.831470 0.550307
v 0.045513 -0.875400 0.468898
v 0.060933 -0.767445 0.627583
v -0.000000 -0.770294 0.630112
v -0.060982 -0.767261 0.627802
v -0.000000 -0.885008 0.455407
v -0.044954 -0.875555 0.468664
v -0.053165 -0.831470 0.550334
vn 0.9952 0.0011 -0.0974
vn 0.0023 0.6353 0.7723
vn 0.3388 -0.4291 -0.8373
vn -0.3373 -0.4295 -0.8377
vn -0.9950 -0.0012 -0.0994
vn 0.0624 -0.7715 0.6332
vn 0.0464 -0.8810 0.4709
vn -0.0464 -0.8810 0.4709
vn -0.0624 -0.7715 0.6332
vt 0.169071 0.000000
vt 1.000000 0.000000
vt 1.000000 0.726159
vt 0.563731 0.352006
vt 0.726159 0.726159
vt 0.000000 0.000000
vt 0.726560 0.000000
vt 0.729207 0.364642
vt 1.000000 0.830929
vt 0.159564 0.000000
vt 1.000000 1.000000
vt 0.162017 0.159581
vt 1.000000 0.169181
vt 1.000000 0.273440
vt 0.169181 0.169181
vt 0.563913 0.211581
vt 0.250000 0.187500
vt 0.265407 0.187500
vt 0.265405 0.219677
vt 0.250000 0.218244
vt 0.265401 0.157788
vt 0.250046 0.151279
vt 0.234671 0.187500
vt 0.234779 0.157683
vt 0.250000 0.151290
vt 0.250000 0.187500
vt 0.250000 0.218244
vt 0.234588 0.219769
s 0
usemtl 
f 5814/8238/2890 5803/8239/2890 5815/8240/2890 5813/8241/2890
f 5815/8242/2891 5803/8243/2891 5817/8244/2891 5816/8245/2891
f 5803/8239/2892 5814/8246/2892 5818/8247/2892
f 5803/8248/2893 5818/8249/2893 5819/8250/2893
f 5817/8251/2894 5803/8248/2894 5819/8252/2894 5820/8253/2894
f 5804/8254/2895 5806/8255/2895 5805/8256/2895 5808/8257/2895
f 5807/8258/2896 5806/8255/2896 5804/8254/2896 5810/8259/2896
f 5804/8254/2897 5812/8260/2897 5811/8261/2897 5810/8262/2897
f 5812/8260/2898 5804/8263/2898 5808/8264/2898 5809/8265/2898
o Sphere_cell.261
v 0.005166 0.006402 -0.004323
v 0.009342 0.009685 -0.007809
v 0.587938 0.707107 -0.392847
v 0.663989 0.542057 -0.506599
v 0.673681 0.581452 -0.450139
v 0.676867 0.628086 -0.363382
v 0.668417 0.555570 -0.489873
v 0.656459 0.656665 -0.352047
v 0.557404 0.765657 -0.299356
v 0.620083 0.707107 -0.332707
v 0.452868 0.762604 -0.451348
v 0.525649 0.768588 -0.351227
v 0.500671 0.707107 -0.499182
v 0.548899 0.624177 -0.547182
v 0.587925 0.588206 -0.545938
v 0.616096 0.562622 -0.544548
v 0.634679 0.555570 -0.530984
v 0.673681 0.581452 -0.450139
v 0.676867 0.628086 -0.363382
v 0.668417 0.555570 -0.489873
v 0.656459 0.656665 -0.352047
v 0.557404 0.765657 -0.299356
v 0.620083 0.707107 -0.332707
v 0.452868 0.762604 -0.451348
v 0.525649 0.768588 -0.351227
v 0.500671 0.707107 -0.499182
v 0.548899 0.624177 -0.547182
v 0.587925 0.588206 -0.545938
v 0.616096 0.562622 -0.544548
v 0.634679 0.555570 -0.530984
v 0.663989 0.542057 -0.506599
vn 0.7165 -0.6541 0.2422
vn 0.7295 -0.6133 0.3028
vn 0.4771 -0.0079 0.8788
vn 0.4703 0.0008 0.8825
vn -0.6428 0.6344 0.4294
vn -0.7065 -0.0002 -0.7077
vn -0.3899 -0.3899 -0.8342
vn -0.3586 -0.4179 -0.8348
vn -0.3477 -0.4282 -0.8341
vn 0.1574 -0.7713 -0.6167
vn 0.4918 0.7715 -0.4036
vn 0.5987 0.6326 -0.4913
vn 0.6825 0.4696 -0.5601
vn 0.5611 0.7715 -0.2999
vn 0.6831 0.6326 -0.3651
vt 1.000000 1.000000
vt 0.000000 0.000000
vt 1.000000 0.369508
vt 1.000000 0.357156
vt 0.369509 0.369509
vt 0.449319 0.365291
vt 0.628164 0.360239
vt 1.000000 0.376637
vt 0.357156 0.357156
vt 1.000000 0.272228
vt 0.376637 0.376637
vt 0.632036 0.328313
vt 1.000000 0.275340
vt 0.272228 0.272228
vt 0.509489 0.269481
vt 0.597606 0.328572
vt 1.000000 0.407840
vt 0.275340 0.275340
vt 0.409392 0.000000
vt 1.000000 0.000000
vt 0.409391 0.409391
vt 1.000000 0.443928
vt 1.000000 0.416712
vt 0.443928 0.443928
vt 0.633940 0.398978
vt 1.000000 0.371019
vt 0.416712 0.416712
vt 0.593750 0.780898
vt 0.593750 0.750000
vt 0.624762 0.750000
vt 0.624730 0.777891
vt 0.615165 0.690409
vt 0.619038 0.700960
vt 0.624790 0.715910
vt 0.593750 0.698175
vt 0.600678 0.687500
vt 0.610874 0.687500
vt 0.600678 0.687500
vt 0.603722 0.682615
vt 0.578438 0.779425
vt 0.578377 0.750000
vt 0.578414 0.717408
vt 0.593750 0.698175
vt 0.578377 0.750000
vt 0.578345 0.729196
s 0
usemtl 
f 5821/8266/2899 5822/8267/2899 5851/8268/2899
f 5839/8269/2900 5821/8266/2900 5851/8270/2900 5840/8271/2900 5838/8272/2900
f 5841/8273/2901 5821/8266/2901 5839/8274/2901
f 5842/8275/2902 5821/8266/2902 5841/8276/2902 5843/8277/2902
f 5844/8278/2903 5821/8266/2903 5842/8279/2903 5845/8280/2903
f 5846/8281/2904 5847/8282/2904 5821/8266/2904 5844/8283/2904
f 5847/8284/2905 5822/8285/2905 5821/8266/2905
f 5847/8286/2906 5848/8287/2906 5822/8266/2906
f 5849/8288/2907 5822/8266/2907 5848/8289/2907
f 5850/8290/2908 5851/8291/2908 5822/8266/2908 5849/8292/2908
f 5832/8293/2909 5823/8294/2909 5833/8295/2909 5831/8296/2909
f 5836/8297/2910 5835/8298/2910 5834/8299/2910 5833/8295/2910 5823/8294/2910 5825/8300/2910 5827/8301/2910 5837/8302/2910
f 5827/8303/2911 5824/8304/2911 5837/8302/2911
f 5829/8305/2912 5830/8306/2912 5823/8294/2912 5832/8293/2912
f 5826/8307/2913 5825/8308/2913 5823/8294/2913 5830/8309/2913 5828/8310/2913
o Sphere_cell.262
v -0.003544 -0.013360 0.009409
v -0.212608 -0.831470 0.513280
v -0.254801 -0.740984 0.615144
v -0.184222 -0.766644 0.604037
v -0.296907 -0.766536 0.557504
v -0.259717 -0.831470 0.488099
v -0.221193 -0.875283 0.416194
v -0.137920 -0.875448 0.450371
v -0.179860 -0.877210 0.434219
v -0.161556 -0.831470 0.528766
v -0.254801 -0.740984 0.615144
v -0.184222 -0.766644 0.604037
v -0.259717 -0.831470 0.488099
v -0.221193 -0.875283 0.416194
v -0.296907 -0.766536 0.557504
v -0.179860 -0.877210 0.434219
v -0.137920 -0.875448 0.450371
v -0.161556 -0.831470 0.528766
vn 0.3187 0.5390 0.7797
vn -0.7755 0.5401 0.3271
vn -0.8815 -0.0002 -0.4721
vn 0.3344 -0.4700 -0.8169
vn 0.9572 -0.0012 0.2893
vn -0.1847 -0.7715 0.6088
vn -0.1374 -0.8810 0.4528
vn -0.2999 -0.7715 0.5611
vn -0.2231 -0.8810 0.4173
vt 0.273119 0.000000
vt 1.000000 0.000000
vt 0.998712 0.700282
vt 0.701515 0.701515
vt 0.000000 0.000000
vt 0.726451 0.000000
vt 0.789268 0.349145
vt 0.726451 0.726451
vt 0.831693 0.000000
vt 0.168307 0.000000
vt 1.000000 0.831244
vt 0.583995 0.417242
vt 0.789104 0.438755
vt 0.831244 0.831244
vt 0.726881 0.000000
vt 0.187500 0.232975
vt 0.187500 0.187500
vt 0.202807 0.187500
vt 0.202887 0.220079
vt 0.187500 0.156564
vt 0.202706 0.157756
vt 0.172173 0.187500
vt 0.187473 0.233002
vt 0.172115 0.220133
vt 0.172251 0.157867
vt 0.187500 0.156564
s 0
usemtl 
f 5863/8311/2914 5852/8312/2914 5862/8313/2914
f 5862/8314/2915 5852/8315/2915 5866/8316/2915
f 5864/8317/2916 5866/8318/2916 5852/8315/2916 5865/8319/2916
f 5865/8320/2917 5852/8312/2917 5868/8321/2917 5867/8322/2917
f 5869/8323/2918 5868/8324/2918 5852/8315/2918 5863/8325/2918
f 5854/8326/2919 5853/8327/2919 5861/8328/2919 5855/8329/2919
f 5853/8327/2920 5860/8330/2920 5859/8331/2920 5861/8328/2920
f 5857/8332/2921 5853/8327/2921 5854/8333/2921 5856/8334/2921
f 5853/8327/2922 5857/8332/2922 5858/8335/2922 5860/8336/2922
o Sphere_cell.263
v -0.001213 -0.017568 0.007891
v -0.074658 -0.923880 0.375330
v -0.000974 -0.885877 0.453686
v -0.046031 -0.876453 0.466878
v -0.135273 -0.876496 0.449134
v -0.091280 -0.878338 0.458896
v -0.109678 -0.923880 0.364707
v -0.083544 -0.951332 0.278518
v -0.056526 -0.952072 0.284177
v -0.001123 -0.950497 0.294828
v -0.001042 -0.923880 0.382581
v -0.000974 -0.885877 0.453686
v -0.046031 -0.876453 0.466878
v -0.091280 -0.878338 0.458896
v -0.135273 -0.876496 0.449134
v -0.109678 -0.923880 0.364707
v -0.083544 -0.951332 0.278518
v -0.056526 -0.952072 0.284177
v -0.001123 -0.950497 0.294828
v -0.001042 -0.923880 0.382581
vn 0.3354 0.4304 0.8380
vn -0.1722 0.4713 0.8650
vn -0.9569 0.0003 -0.2903
vn 0.1887 -0.2887 -0.9387
vn 1.0000 -0.0002 -0.0009
vn -0.0464 -0.8810 0.4709
vn -0.0286 -0.9565 0.2902
vn -0.1374 -0.8810 0.4528
vn -0.0846 -0.9565 0.2790
vt 0.158780 0.000000
vt 1.000000 0.000000
vt 1.000000 0.831709
vt 0.831709 0.831709
vt 0.000000 0.000000
vt 0.831691 0.000000
vt 0.833504 0.412710
vt 0.592837 0.470523
vt 0.168309 0.000000
vt 1.000000 0.904373
vt 0.904373 0.904373
vt 0.903916 0.000000
vt 0.905206 0.607921
vt 0.878080 0.426535
vt 0.903916 0.903916
vt 0.841220 0.000000
vt 0.218750 0.125000
vt 0.249564 0.125000
vt 0.249660 0.150703
vt 0.234359 0.157076
vt 0.218750 0.155802
vt 0.249389 0.095766
vt 0.218750 0.094036
vt 0.203505 0.125000
vt 0.203439 0.157047
vt 0.203618 0.094848
s 0
usemtl 
f 5881/8337/2923 5870/8338/2923 5882/8339/2923
f 5882/8340/2924 5870/8341/2924 5884/8342/2924 5883/8343/2924
f 5885/8344/2925 5884/8345/2925 5870/8338/2925 5886/8346/2925
f 5886/8347/2926 5870/8341/2926 5888/8348/2926 5887/8349/2926
f 5889/8350/2927 5888/8351/2927 5870/8341/2927 5881/8352/2927
f 5871/8353/2928 5880/8354/2928 5872/8355/2928 5873/8356/2928 5875/8357/2928
f 5879/8358/2929 5880/8354/2929 5871/8353/2929 5878/8359/2929
f 5876/8360/2930 5871/8353/2930 5875/8357/2930 5874/8361/2930
f 5871/8353/2931 5876/8360/2931 5877/8362/2931 5878/8359/2931
o Sphere_cell.264
v 0.001725 -0.013601 0.010092
v 0.108386 -0.831470 0.544895
v 0.062646 -0.766602 0.628441
v 0.182097 -0.766836 0.604439
v 0.129921 -0.740878 0.653160
v 0.159381 -0.831470 0.529426
v 0.135710 -0.875324 0.451282
v 0.091713 -0.877151 0.461073
v 0.046885 -0.875267 0.469014
v 0.054905 -0.831470 0.550162
v 0.182097 -0.766836 0.604439
v 0.129921 -0.740878 0.653160
v 0.159381 -0.831470 0.529426
v 0.135710 -0.875324 0.451282
v 0.091713 -0.877151 0.461073
v 0.046885 -0.875267 0.469014
v 0.062646 -0.766602 0.628441
v 0.054905 -0.831470 0.550162
vn -0.4643 0.5393 0.7025
vn 0.7029 0.5367 0.4668
vn 0.9570 0.0003 -0.2901
vn -0.1731 -0.4700 -0.8655
vn -0.9952 0.0002 0.0983
vn 0.1847 -0.7715 0.6088
vn 0.1374 -0.8810 0.4528
vn 0.0624 -0.7715 0.6332
vn 0.0464 -0.8810 0.4709
vt 0.000000 0.000000
vt 0.726786 0.000000
vt 0.701661 0.701661
vt 0.273180 0.000000
vt 1.000000 0.000000
vt 0.996172 0.697995
vt 1.000000 0.168511
vt 1.000000 1.000000
vt 0.273180 0.273180
vt 0.649664 0.210821
vt 0.168511 0.168511
vt 0.581278 0.166819
vt 1.000000 0.168709
vt 1.000000 0.273214
vt 0.168709 0.168709
vt 0.560229 0.210804
vt 0.296573 0.219982
vt 0.281250 0.233028
vt 0.281250 0.187500
vt 0.296541 0.187500
vt 0.296494 0.157840
vt 0.281250 0.156604
vt 0.281171 0.233112
vt 0.265812 0.220100
vt 0.265830 0.187500
vt 0.265856 0.157878
vt 0.281250 0.156604
s 0
usemtl 
f 5890/8363/2932 5906/8364/2932 5901/8365/2932
f 5900/8366/2933 5890/8367/2933 5901/8368/2933
f 5903/8369/2934 5890/8370/2934 5900/8371/2934 5902/8372/2934
f 5890/8370/2935 5903/8373/2935 5904/8374/2935 5905/8375/2935
f 5906/8376/2936 5890/8370/2936 5905/8377/2936 5907/8378/2936
f 5893/8379/2937 5894/8380/2937 5891/8381/2937 5895/8382/2937
f 5896/8383/2938 5895/8382/2938 5891/8381/2938 5897/8384/2938
f 5894/8385/2939 5892/8386/2939 5899/8387/2939 5891/8381/2939
f 5898/8388/2940 5897/8389/2940 5891/8381/2940 5899/8387/2940
o Sphere_cell.265
v 0.006693 0.011609 0.003392
v 0.513280 0.831470 0.212608
v 0.504045 0.790543 0.335167
v 0.615208 0.740837 0.255060
v 0.603922 0.766715 0.184308
v 0.450486 0.875424 0.137691
v 0.528790 0.831470 0.161476
v 0.415938 0.875286 0.221660
v 0.434212 0.877214 0.179857
v 0.410704 0.864662 0.273412
v 0.462465 0.831470 0.307676
v 0.504045 0.790543 0.335167
v 0.615208 0.740837 0.255060
v 0.450486 0.875424 0.137691
v 0.528790 0.831470 0.161476
v 0.603922 0.766715 0.184308
v 0.434212 0.877214 0.179857
v 0.415938 0.875286 0.221660
v 0.410704 0.864662 0.273412
v 0.462465 0.831470 0.307676
vn 0.3215 -0.5374 0.7796
vn 0.7787 -0.5389 -0.3213
vn 0.2904 -0.0004 -0.9569
vn -0.8159 0.4713 -0.3349
vn -0.9034 0.4289 -0.0033
vn -0.5528 -0.0019 0.8333
vn 0.4528 0.8810 0.1374
vn 0.6088 0.7714 0.1849
vn 0.4173 0.8810 0.2231
vn 0.5611 0.7715 0.2999
vt 0.249914 0.000000
vt 1.000000 0.000000
vt 1.000000 0.702106
vt 0.702106 0.702106
vt 0.000000 0.000000
vt 0.727419 0.000000
vt 0.789819 0.350651
vt 0.727419 0.727419
vt 0.832179 0.000000
vt 0.832179 0.832179
vt 0.832028 0.000000
vt 0.833895 0.418950
vt 0.821776 0.000000
vt 0.832028 0.832028
vt 0.604424 0.394073
vt 0.178224 0.000000
vt 1.000000 0.750086
vt 0.437500 0.812500
vt 0.452831 0.812500
vt 0.452791 0.842228
vt 0.437500 0.843439
vt 0.452831 0.812500
vt 0.437500 0.767007
vt 0.452858 0.779957
vt 0.406570 0.812500
vt 0.422072 0.842134
vt 0.406526 0.834949
vt 0.406570 0.812500
vt 0.406601 0.791932
s 0
usemtl 
f 5919/8390/2941 5908/8391/2941 5920/8392/2941
f 5920/8393/2942 5908/8394/2942 5923/8395/2942
f 5922/8396/2943 5923/8397/2943 5908/8394/2943 5921/8398/2943
f 5921/8399/2944 5908/8394/2944 5925/8400/2944 5924/8401/2944
f 5908/8394/2945 5926/8402/2945 5925/8403/2945
f 5927/8404/2946 5926/8405/2946 5908/8391/2946 5919/8406/2946
f 5909/8407/2947 5914/8408/2947 5913/8409/2947 5916/8410/2947
f 5914/8411/2948 5909/8407/2948 5911/8412/2948 5912/8413/2948
f 5918/8414/2949 5909/8407/2949 5916/8410/2949 5915/8415/2949 5917/8416/2949
f 5911/8412/2950 5909/8407/2950 5918/8417/2950 5910/8418/2950
o Sphere_cell.266
v 0.001526 0.016803 0.010283
v 0.108386 0.831470 0.544895
v 0.063021 0.767380 0.627457
v 0.055265 0.831470 0.550127
v 0.047089 0.875511 0.468536
v 0.122952 0.770198 0.618120
v 0.182226 0.767154 0.603996
v 0.159532 0.831470 0.529380
v 0.135819 0.875236 0.451419
v 0.091686 0.877224 0.460939
v 0.063021 0.767380 0.627457
v 0.055265 0.831470 0.550127
v 0.047089 0.875511 0.468536
v 0.122952 0.770198 0.618120
v 0.182226 0.767154 0.603996
v 0.159532 0.831470 0.529380
v 0.135819 0.875236 0.451419
v 0.091686 0.877224 0.460939
vn -0.9950 -0.0003 0.0995
vn 0.1480 -0.6353 0.7579
vn 0.9567 -0.0001 -0.2911
vn -0.1657 0.4711 -0.8664
vn 0.1374 0.8810 0.4528
vn 0.1847 0.7715 0.6088
vn 0.0464 0.8810 0.4709
vn 0.0624 0.7715 0.6332
vt 1.000000 0.000000
vt 1.000000 0.726225
vt 0.564017 0.352321
vt 0.169021 0.000000
vt 0.726225 0.726225
vt 0.000000 0.000000
vt 0.726065 0.000000
vt 0.728981 0.365411
vt 0.830967 0.000000
vt 0.788466 0.350446
vt 0.726065 0.726065
vt 0.169033 0.000000
vt 1.000000 0.830979
vt 0.583258 0.416022
vt 0.281250 0.843445
vt 0.281250 0.812500
vt 0.296586 0.812500
vt 0.296515 0.842101
vt 0.281250 0.781707
vt 0.296636 0.780178
vt 0.265934 0.812500
vt 0.265941 0.842287
vt 0.265931 0.780291
s 0
usemtl 
f 5928/8419/2951 5938/8420/2951 5939/8421/2951 5940/8422/2951
f 5938/8423/2952 5928/8424/2952 5942/8425/2952 5941/8426/2952
f 5944/8427/2953 5943/8428/2953 5942/8429/2953 5928/8424/2953
f 5944/8430/2954 5928/8419/2954 5940/8431/2954 5945/8432/2954
f 5937/8433/2955 5929/8434/2955 5935/8435/2955 5936/8436/2955
f 5935/8435/2956 5929/8434/2956 5933/8437/2956 5934/8438/2956
f 5931/8439/2957 5929/8434/2957 5937/8433/2957 5932/8440/2957
f 5933/8437/2958 5929/8434/2958 5931/8439/2958 5930/8441/2958
o Sphere_cell.267
v 0.000153 -0.002995 -0.010077
v 0.000000 -0.195090 -0.980785
v -0.000024 -0.368352 -0.928224
v 0.091926 -0.285659 -0.944257
v 0.094731 -0.195090 -0.971455
v 0.095793 -0.098063 -0.980907
v -0.095341 -0.097444 -0.981012
v 0.000000 -0.098663 -0.990283
v -0.092237 -0.286075 -0.944101
v -0.094672 -0.195090 -0.971461
v 0.094731 -0.195090 -0.971455
v 0.095793 -0.098063 -0.980907
v 0.091926 -0.285659 -0.944257
v 0.000000 -0.098663 -0.990283
v -0.095341 -0.097444 -0.981012
v -0.094672 -0.195090 -0.971461
v -0.092237 -0.286075 -0.944101
v -0.000024 -0.368352 -0.928224
vn 0.6690 -0.6906 0.2747
vn 0.9952 -0.0013 0.0982
vn 0.0033 0.9953 -0.0971
vn -0.9952 0.0027 0.0976
vn -0.6659 -0.6931 0.2759
vn 0.0975 -0.0975 -0.9904
vn 0.0938 -0.2890 -0.9527
vn -0.0976 -0.0975 -0.9904
vn -0.0938 -0.2890 -0.9527
vt 1.000000 1.000000
vt 0.117235 0.116998
vt 1.000000 0.102094
vt 1.000000 0.066817
vt 0.102094 0.102094
vt 0.539960 0.075927
vt 0.530034 0.057688
vt 1.000000 0.066486
vt 0.066817 0.066817
vt 0.066486 0.066486
vt 0.536197 0.075593
vt 1.000000 0.101826
vt 0.101826 0.101826
vt 1.000000 0.117006
vt 0.734529 0.437500
vt 0.750000 0.437500
vt 0.750000 0.468392
vt 0.734506 0.468584
vt 0.734554 0.407325
vt 0.750000 0.379781
vt 0.765420 0.468782
vt 0.765462 0.437500
vt 0.765500 0.407187
vt 0.750004 0.379775
s 0
usemtl 
f 5946/8442/2959 5963/8443/2959 5958/8444/2959
f 5957/8445/2960 5946/8442/2960 5958/8446/2960 5956/8447/2960
f 5959/8448/2961 5960/8449/2961 5946/8442/2961 5957/8450/2961
f 5946/8442/2962 5960/8451/2962 5961/8452/2962 5962/8453/2962
f 5946/8442/2963 5962/8454/2963 5963/8455/2963
f 5950/8456/2964 5947/8457/2964 5953/8458/2964 5951/8459/2964
f 5947/8457/2965 5950/8456/2965 5949/8460/2965 5948/8461/2965
f 5952/8462/2966 5953/8458/2966 5947/8457/2966 5955/8463/2966
f 5954/8464/2967 5955/8463/2967 5947/8457/2967 5948/8465/2967
o Sphere_cell.268
v -0.007487 0.003782 -0.006036
v -0.012487 0.007346 -0.008981
v -0.768177 0.382683 -0.513280
v -0.653281 0.382683 -0.653281
v -0.673635 0.289814 -0.672673
v -0.602500 0.287571 -0.732100
v -0.732855 0.287338 -0.601691
v -0.778341 0.400139 -0.474568
v -0.775219 0.382683 -0.500106
v -0.771261 0.370458 -0.515340
v -0.733542 0.460615 -0.490137
v -0.620866 0.468447 -0.620866
v -0.556926 0.465071 -0.675664
v -0.584221 0.382683 -0.709957
v -0.673635 0.289814 -0.672673
v -0.732855 0.287338 -0.601691
v -0.771261 0.370458 -0.515340
v -0.778341 0.400139 -0.474568
v -0.775219 0.382683 -0.500106
v -0.620866 0.468447 -0.620866
v -0.556926 0.465071 -0.675664
v -0.602500 0.287571 -0.732100
v -0.584221 0.382683 -0.709957
v -0.733542 0.460615 -0.490137
vn -0.2034 -0.9569 -0.2073
vn -0.2057 -0.9569 -0.2050
vn -0.5996 -0.6930 0.4003
vn -0.5470 -0.0786 0.8334
vn -0.2934 0.4363 0.8506
vn 0.3306 0.8820 0.3359
vn 0.7742 0.0025 -0.6330
vn 0.5036 0.8470 0.1703
vn -0.7786 0.4696 -0.4162
vn -0.8443 0.2890 -0.4513
vn -0.6825 0.4696 -0.5601
vn -0.7400 0.2890 -0.6073
vn -0.5601 0.4696 -0.6825
vn -0.6080 0.2884 -0.7397
vt 1.000000 0.000000
vt 0.994873 0.634119
vt 0.304318 0.000000
vt 0.638744 0.638744
vt 0.000000 0.000000
vt 0.695774 0.000000
vt 0.695774 0.695774
vt 0.739244 0.000000
vt 0.736276 0.123338
vt 0.732498 0.202637
vt 0.739244 0.739244
vt 0.694778 0.008708
vt 0.737903 0.737903
vt 0.694208 0.694208
vt 0.640435 0.000000
vt 0.664762 0.230455
vt 0.358040 0.000000
vt 1.000000 0.695682
vt 0.665529 0.339912
vt 1.000000 1.000000
vt 0.359565 0.000000
vt 0.906250 0.625000
vt 0.908827 0.625000
vt 0.912913 0.631388
vt 0.906250 0.653173
vt 0.906250 0.620927
vt 0.875000 0.625000
vt 0.906168 0.653420
vt 0.875000 0.656004
vt 0.875114 0.594059
vt 0.890592 0.593234
vt 0.859584 0.654717
vt 0.859585 0.625000
vt 0.875000 0.594066
vt 0.859593 0.593312
s 0
usemtl 
f 5964/8466/2968 5978/8467/2968 5985/8468/2968
f 5978/8469/2969 5964/8470/2969 5979/8471/2969
f 5979/8472/2970 5964/8470/2970 5981/8473/2970 5982/8474/2970 5980/8475/2970
f 5964/8470/2971 5965/8466/2971 5981/8476/2971
f 5965/8470/2972 5974/8477/2972 5981/8478/2972
f 5974/8479/2973 5965/8470/2973 5984/8480/2973 5983/8481/2973
f 5984/8482/2974 5964/8466/2974 5985/8483/2974 5986/8484/2974
f 5965/8466/2975 5964/8485/2975 5984/8486/2975
f 5966/8487/2976 5972/8488/2976 5971/8489/2976 5987/8490/2976
f 5972/8488/2977 5966/8487/2977 5973/8491/2977
f 5967/8492/2978 5966/8487/2978 5987/8493/2978 5975/8494/2978
f 5966/8487/2979 5967/8492/2979 5968/8495/2979 5970/8496/2979 5973/8491/2979
f 5967/8492/2980 5975/8494/2980 5976/8497/2980 5977/8498/2980
f 5968/8499/2981 5967/8492/2981 5977/8498/2981 5969/8500/2981
o Sphere_cell.269
v -0.003223 0.009702 0.002131
v -0.005903 0.014908 0.003999
v -0.318190 0.923880 0.212607
v -0.353553 0.923880 0.146447
v -0.449377 0.876175 0.136530
v -0.444499 0.886049 0.089280
v -0.375004 0.923880 0.075733
v -0.293926 0.948929 0.059909
v -0.232731 0.955057 0.155506
v -0.217952 0.954304 0.177413
v -0.263058 0.953593 0.108962
v -0.295108 0.923880 0.240733
v -0.341516 0.891647 0.278782
v -0.395413 0.874241 0.264185
v -0.432804 0.878029 0.179273
v -0.449377 0.876175 0.136530
v -0.444499 0.886049 0.089280
v -0.375004 0.923880 0.075733
v -0.293926 0.948929 0.059909
v -0.263058 0.953593 0.108962
v -0.232731 0.955057 0.155506
v -0.217952 0.954304 0.177413
v -0.295108 0.923880 0.240733
v -0.395413 0.874241 0.264185
v -0.432804 0.878029 0.179273
v -0.341516 0.891647 0.278782
vn -0.8890 -0.4579 0.0011
vn -0.8855 -0.4279 -0.1808
vn -0.1918 0.0010 -0.9814
vn 0.8002 0.2803 -0.5302
vn 0.6341 0.0006 0.7733
vn 0.3209 -0.1692 0.9319
vn -0.1401 -0.3446 0.9282
vn -0.8148 -0.4715 0.3373
vn -0.2254 0.9565 0.1850
vn -0.3658 0.8810 0.3002
vn -0.2571 0.9565 0.1374
vn -0.4173 0.8810 0.2230
vn -0.2790 0.9565 0.0846
vn -0.4528 0.8810 0.1374
vt 1.000000 0.166772
vt 1.000000 1.000000
vt 0.000000 0.000000
vt 0.166772 0.166772
vt 1.000000 0.157514
vt 0.157514 0.157514
vt 0.559860 0.121130
vt 1.000000 0.097032
vt 0.470502 0.092503
vt 0.829130 0.091052
vt 1.000000 0.091757
vt 0.097031 0.097031
vt 0.091757 0.091757
vt 0.638737 0.121083
vt 1.000000 0.152079
vt 1.000000 0.000000
vt 0.152887 0.000000
vt 1.000000 0.169621
vt 0.152887 0.152887
vt 0.169622 0.169622
vt 0.725233 0.165867
vt 1.000000 0.167632
vt 0.108738 0.908415
vt 0.093750 0.909243
vt 0.093750 0.875000
vt 0.108906 0.875000
vt 0.108970 0.853230
vt 0.093750 0.841434
vt 0.062500 0.907634
vt 0.062500 0.875000
vt 0.093750 0.909243
vt 0.062500 0.843989
vt 0.031718 0.875000
vt 0.032009 0.902512
vt 0.062500 0.843990
vt 0.031546 0.849414
vt 0.047001 0.842721
s 0
usemtl 
f 6003/8501/2982 5988/8502/2982 5989/8503/2982
f 5988/8502/2983 6003/8504/2983 6004/8505/2983
f 5988/8502/2984 6004/8506/2984 6005/8507/2984 6006/8508/2984
f 6007/8509/2985 6008/8510/2985 6009/8511/2985 5988/8502/2985 6006/8512/2985
f 5988/8502/2986 6009/8513/2986 6010/8514/2986 6013/8515/2986
f 5989/8516/2987 5988/8502/2987 6013/8517/2987
f 6011/8518/2988 5989/8502/2988 6013/8519/2988
f 5989/8502/2989 6011/8520/2989 6012/8521/2989 6003/8522/2989
f 5997/8523/2990 5996/8524/2990 5990/8525/2990 5999/8526/2990
f 6000/8527/2991 5999/8526/2991 5990/8525/2991 6001/8528/2991
f 5998/8529/2992 5991/8530/2992 5990/8525/2992 5996/8531/2992
f 6001/8528/2993 5990/8525/2993 5991/8530/2993 6002/8532/2993
f 5994/8533/2994 5991/8530/2994 5998/8529/2994 5995/8534/2994
f 6002/8535/2995 5991/8530/2995 5994/8533/2995 5993/8536/2995 5992/8537/2995
o Sphere_cell.270
v 0.009858 -0.006591 0.004337
v 0.768178 -0.555570 0.318190
v 0.678897 -0.626731 0.361932
v 0.711539 -0.630270 0.294729
v 0.736031 -0.626609 0.224290
v 0.730131 -0.555570 0.389370
v 0.771949 -0.466378 0.411781
v 0.810443 -0.469982 0.335697
v 0.836876 -0.466624 0.254714
v 0.791576 -0.555570 0.241056
v 0.711539 -0.630270 0.294729
v 0.736031 -0.626609 0.224290
v 0.678897 -0.626731 0.361932
v 0.730131 -0.555570 0.389370
v 0.771949 -0.466378 0.411781
v 0.810443 -0.469982 0.335697
v 0.836876 -0.466624 0.254714
v 0.791576 -0.555570 0.241056
vn -0.5859 -0.7728 -0.2439
vn -0.4717 -0.0004 0.8818
vn 0.4363 0.8818 0.1790
vn 0.2895 -0.0005 -0.9572
vn 0.8448 -0.4696 0.2563
vn 0.7412 -0.6326 0.2248
vn 0.6831 -0.6326 0.3651
vn 0.7786 -0.4696 0.4162
vt 0.000000 0.000000
vt 0.698107 0.000000
vt 0.674665 0.323286
vt 0.643386 0.643386
vt 0.267287 0.000000
vt 1.000000 0.000000
vt 1.000000 0.643386
vt 0.647467 0.340046
vt 1.000000 0.205176
vt 1.000000 1.000000
vt 0.267287 0.267287
vt 0.631059 0.230435
vt 1.000000 0.301893
vt 0.205176 0.205176
vt 0.617382 0.248606
vt 0.452977 0.344655
vt 0.437500 0.343441
vt 0.437500 0.312500
vt 0.452954 0.312500
vt 0.437500 0.281690
vt 0.452924 0.283201
vt 0.437500 0.281690
vt 0.422026 0.312500
vt 0.422047 0.283150
vt 0.422009 0.344744
s 0
usemtl 
f 6014/8538/2996 6025/8539/2996 6024/8540/2996 6026/8541/2996
f 6028/8542/2997 6014/8543/2997 6026/8544/2997 6027/8545/2997
f 6030/8546/2998 6014/8547/2998 6028/8548/2998 6029/8549/2998
f 6025/8550/2999 6014/8547/2999 6030/8551/2999 6031/8552/2999
f 6022/8553/3000 6021/8554/3000 6015/8555/3000 6023/8556/3000
f 6023/8556/3001 6015/8555/3001 6017/8557/3001 6018/8558/3001
f 6017/8559/3002 6015/8555/3002 6019/8560/3002 6016/8561/3002
f 6020/8562/3003 6019/8560/3003 6015/8555/3003 6021/8554/3003
o Sphere_cell.271
v -0.002372 0.093056 -0.009765
v -0.001831 0.035751 -0.009598
v -0.038060 0.980785 -0.191342
v -0.082965 0.952155 -0.275873
v -0.058308 0.949303 -0.293132
v -0.031040 0.945111 -0.309635
v -0.019831 0.980785 -0.193137
v -0.010719 0.990226 -0.098182
v -0.028000 0.990206 -0.094922
v -0.019213 0.990300 -0.096588
v -0.055663 0.980785 -0.186002
v -0.058308 0.949303 -0.293132
v -0.031040 0.945111 -0.309635
v -0.019831 0.980785 -0.193137
v -0.010719 0.990226 -0.098182
v -0.019213 0.990300 -0.096588
v -0.028000 0.990206 -0.094922
v -0.082965 0.952155 -0.275873
v -0.055663 0.980785 -0.186002
vn -0.9642 -0.0083 0.2651
vn -0.5498 -0.2784 -0.7875
vn 0.9954 0.0004 -0.0957
vn 1.0000 0.0094 0.0014
vn 0.1844 0.0981 0.9779
vn -0.9568 0.0002 0.2906
vn -0.0286 0.9951 -0.0942
vn -0.0846 0.9565 -0.2790
vn -0.0097 0.9951 -0.0980
vn -0.0286 0.9565 -0.2902
vt 0.000000 0.000000
vt 1.000000 0.097076
vt 1.000000 1.000000
vt 0.097076 0.097076
vt 0.530109 0.099193
vt 1.000000 0.103096
vt 1.000000 0.059293
vt 0.103096 0.103096
vt 0.602180 0.068287
vt 0.062809 0.000000
vt 1.000000 0.000000
vt 0.062809 0.062809
vt 0.523306 0.062454
vt 1.000000 0.062266
vt 1.000000 0.102376
vt 0.062266 0.062266
vt 0.519598 0.072281
vt 0.796254 0.968143
vt 0.788988 0.968450
vt 0.781250 0.937500
vt 0.796281 0.937500
vt 0.796495 0.906055
vt 0.781250 0.902922
vt 0.766452 0.968105
vt 0.766282 0.937500
vt 0.773512 0.968450
vt 0.765899 0.898319
vt 0.766282 0.937500
s 0
usemtl 
f 6032/8563/3004 6049/8564/3004 6033/8565/3004
f 6033/8565/3005 6049/8566/3005 6043/8567/3005 6044/8568/3005
f 6046/8569/3006 6033/8565/3006 6044/8570/3006 6045/8571/3006
f 6046/8572/3007 6032/8573/3007 6033/8565/3007
f 6032/8565/3008 6046/8574/3008 6047/8575/3008 6048/8576/3008
f 6049/8577/3009 6032/8565/3009 6048/8578/3009 6050/8579/3009
f 6040/8580/3010 6041/8581/3010 6034/8582/3010 6042/8583/3010
f 6035/8584/3011 6042/8583/3011 6034/8582/3011 6036/8585/3011
f 6039/8586/3012 6038/8587/3012 6034/8582/3012 6041/8588/3012
f 6037/8589/3013 6036/8585/3013 6034/8582/3013 6038/8590/3013
o Sphere_cell.272
v 0.010087 0.006271 0.000127
v 0.831469 0.555570 0.000000
v 0.870821 0.466332 0.084753
v 0.916145 0.397096 0.000310
v 0.765827 0.626618 0.074473
v 0.823577 0.555570 0.080130
v 0.770164 0.630271 0.000000
v 0.765756 0.626744 -0.074150
v 0.870682 0.466524 -0.085117
v 0.823576 0.555570 -0.080148
v 0.870821 0.466332 0.084753
v 0.916145 0.397096 0.000310
v 0.765827 0.626618 0.074473
v 0.823577 0.555570 0.080130
v 0.770164 0.630271 0.000000
v 0.765756 0.626744 -0.074150
v 0.870682 0.466524 -0.085117
v 0.823576 0.555570 -0.080148
vn 0.2848 -0.6606 0.6946
vn -0.0977 -0.0002 0.9952
vn -0.6345 0.7729 0.0010
vn -0.1000 0.0026 -0.9950
vn 0.2863 -0.6633 -0.6914
vn 0.7708 0.6326 -0.0759
vn 0.8787 0.4695 -0.0863
vn 0.7708 0.6326 0.0759
vn 0.8786 0.4696 0.0865
vt 1.000000 0.172441
vt 1.000000 1.000000
vt 0.128510 0.128510
vt 1.000000 0.273349
vt 0.172441 0.172441
vt 0.602280 0.217843
vt 1.000000 0.273227
vt 0.273349 0.273349
vt 0.635361 0.269082
vt 1.000000 0.172060
vt 0.273226 0.273226
vt 0.616217 0.217496
vt 1.000000 0.128510
vt 0.172060 0.172060
vt 0.500000 0.718310
vt 0.500000 0.687500
vt 0.515440 0.687500
vt 0.515364 0.716855
vt 0.515440 0.687500
vt 0.500000 0.630309
vt 0.515510 0.655309
vt 0.484571 0.716803
vt 0.484563 0.687500
vt 0.500000 0.687500
vt 0.500000 0.718310
vt 0.500000 0.630309
vt 0.484558 0.655240
s 0
usemtl 
f 6061/8591/3014 6051/8592/3014 6062/8593/3014
f 6063/8594/3015 6051/8592/3015 6061/8595/3015 6064/8596/3015
f 6066/8597/3016 6051/8592/3016 6063/8598/3016 6065/8599/3016
f 6067/8600/3017 6051/8592/3017 6066/8601/3017 6068/8602/3017
f 6062/8603/3018 6051/8592/3018 6067/8604/3018
f 6057/8605/3019 6052/8606/3019 6060/8607/3019 6058/8608/3019
f 6060/8609/3020 6052/8606/3020 6054/8610/3020 6059/8611/3020
f 6055/8612/3021 6056/8613/3021 6052/8614/3021 6057/8615/3021
f 6054/8616/3022 6052/8606/3022 6056/8613/3022 6053/8617/3022
o Sphere_cell.273
v -0.000794 0.009932 0.006824
v -0.000000 0.831470 0.555570
v -0.108387 0.831470 0.544895
v -0.061549 0.766989 0.628078
v -0.168219 0.807217 0.557478
v -0.117997 0.791042 0.593209
v -0.000000 0.769893 0.630601
v 0.060420 0.766908 0.628288
v -0.150063 0.848887 0.498365
v -0.046127 0.875184 0.469244
v -0.096341 0.864473 0.484336
v -0.159579 0.831470 0.529366
v -0.000000 0.877115 0.470173
v 0.044825 0.875322 0.469114
v 0.052789 0.831470 0.550371
v -0.061549 0.766989 0.628078
v -0.117997 0.791042 0.593209
v -0.168219 0.807217 0.557478
v -0.000000 0.769893 0.630601
v 0.060420 0.766908 0.628288
v -0.150063 0.848887 0.498365
v -0.096341 0.864473 0.484336
v -0.046127 0.875184 0.469244
v -0.159579 0.831470 0.529366
v -0.000000 0.877115 0.470173
v 0.044825 0.875322 0.469114
v 0.052789 0.831470 0.550371
vn -0.5970 -0.5370 0.5960
vn -0.0018 -0.6344 0.7730
vn -0.3427 0.4288 -0.8359
vn -0.9562 0.0014 -0.2927
vn -0.0020 0.4713 -0.8820
vn 0.9952 -0.0003 -0.0977
vn 0.0464 0.8810 0.4709
vn 0.0624 0.7715 0.6332
vn -0.0464 0.8810 0.4709
vn -0.0624 0.7715 0.6332
vn -0.1374 0.8810 0.4528
vn -0.1847 0.7715 0.6088
vt 1.000000 0.000000
vt 1.000000 0.727550
vt 0.596074 0.346846
vt 0.233589 0.000000
vt 0.727550 0.727550
vt 0.000000 0.000000
vt 0.728030 0.000000
vt 0.730624 0.361828
vt 1.000000 0.806382
vt 0.567246 0.388779
vt 0.168016 0.000000
vt 0.766411 0.000000
vt 0.789681 0.411594
vt 0.806382 0.806382
vt 0.589063 0.166183
vt 1.000000 0.167931
vt 1.000000 1.000000
vt 0.168016 0.168016
vt 1.000000 0.271970
vt 0.167931 0.167931
vt 0.561062 0.209998
vt 0.265220 0.812500
vt 0.265163 0.842159
vt 0.250000 0.843372
vt 0.250000 0.812500
vt 0.250000 0.781554
vt 0.265260 0.780054
vt 0.218750 0.834822
vt 0.218750 0.812500
vt 0.250000 0.812500
vt 0.234405 0.842065
vt 0.218750 0.792183
vt 0.234453 0.780094
vt 0.203445 0.824280
vt 0.203400 0.812500
vt 0.218750 0.812500
vt 0.218750 0.792183
vt 0.203400 0.812500
vt 0.203360 0.800312
s 0
usemtl 
f 6069/8618/3023 6084/8619/3023 6085/8620/3023 6086/8621/3023
f 6084/8622/3024 6069/8623/3024 6088/8624/3024 6087/8625/3024
f 6069/8618/3025 6089/8626/3025 6090/8627/3025 6091/8628/3025
f 6069/8623/3026 6086/8629/3026 6092/8630/3026 6089/8631/3026
f 6093/8632/3027 6094/8633/3027 6069/8634/3027 6091/8635/3027
f 6088/8636/3028 6069/8634/3028 6094/8637/3028 6095/8638/3028
f 6083/8639/3029 6082/8640/3029 6081/8641/3029 6070/8642/3029
f 6083/8639/3030 6070/8642/3030 6075/8643/3030 6076/8644/3030
f 6079/8645/3031 6071/8646/3031 6070/8647/3031 6081/8641/3031 6078/8648/3031
f 6075/8643/3032 6070/8642/3032 6071/8646/3032 6074/8649/3032 6072/8650/3032
f 6077/8651/3033 6080/8652/3033 6071/8653/3033 6079/8645/3033
f 6074/8654/3034 6071/8646/3034 6080/8655/3034 6073/8656/3034
o Sphere_cell.274
v 0.005311 0.003280 -0.008658
v 0.008916 0.004092 -0.012555
v 0.513280 0.382683 -0.768178
v 0.547818 0.195950 -0.812759
v 0.447852 0.286849 -0.835954
v 0.544096 0.199832 -0.814297
v 0.554969 0.464106 -0.677934
v 0.413796 0.464498 -0.772006
v 0.487927 0.468058 -0.730235
v 0.434267 0.382683 -0.810411
v 0.589071 0.195090 -0.779239
v 0.582440 0.382683 -0.711420
v 0.618355 0.195090 -0.755206
v 0.447852 0.286849 -0.835954
v 0.544096 0.199832 -0.814297
v 0.547818 0.195950 -0.812759
v 0.413796 0.464498 -0.772006
v 0.487927 0.468058 -0.730235
v 0.434267 0.382683 -0.810411
v 0.554969 0.464106 -0.677934
v 0.582440 0.382683 -0.711420
v 0.618355 0.195090 -0.755206
v 0.589071 0.195090 -0.779239
vn -0.5107 -0.6919 -0.5103
vn -0.1180 -0.9447 -0.3060
vn 0.7094 0.1532 0.6880
vn -0.2600 0.8816 0.3939
vn -0.8819 0.0007 -0.4715
vn 0.1159 -0.9808 -0.1567
vn 0.7730 -0.0001 0.6344
vn 0.4162 0.4696 -0.7786
vn 0.4513 0.2890 -0.8443
vn 0.5601 0.4696 -0.6825
vn 0.6073 0.2890 -0.7400
vt 0.967298 0.226525
vt 1.000000 0.228007
vt 1.000000 1.000000
vt 0.205603 0.205603
vt 0.228965 0.000000
vt 1.000000 0.000000
vt 0.000000 0.000000
vt 1.000000 0.357517
vt 1.000000 0.267184
vt 0.357517 0.357517
vt 0.675995 0.307219
vt 1.000000 0.205603
vt 0.267184 0.267184
vt 0.615944 0.230223
vt 0.582646 0.321504
vt 0.284241 0.000000
vt 1.000000 0.771035
vt 1.000000 0.358706
vt 0.285639 0.284284
vt 0.768319 0.326450
vt 0.671691 0.654577
vt 0.656250 0.655864
vt 0.656250 0.625000
vt 0.671709 0.625000
vt 0.671709 0.625000
vt 0.656250 0.564080
vt 0.671724 0.593071
vt 0.640821 0.654435
vt 0.640813 0.625000
vt 0.655603 0.562786
vt 0.640813 0.625000
vt 0.640804 0.562500
vt 0.646962 0.562500
s 0
usemtl 
f 6110/8657/3035 6111/8658/3035 6096/8659/3035 6109/8660/3035
f 6111/8661/3036 6097/8662/3036 6096/8659/3036
f 6096/8659/3037 6097/8663/3037 6115/8664/3037
f 6112/8665/3038 6096/8659/3038 6115/8666/3038 6113/8667/3038
f 6109/8668/3039 6096/8659/3039 6112/8669/3039 6114/8670/3039
f 6118/8671/3040 6117/8672/3040 6097/8662/3040 6111/8673/3040
f 6115/8674/3041 6097/8659/3041 6117/8675/3041 6116/8676/3041
f 6103/8677/3042 6104/8678/3042 6098/8679/3042 6105/8680/3042
f 6105/8681/3043 6098/8679/3043 6101/8682/3043 6100/8683/3043
f 6102/8684/3044 6107/8685/3044 6098/8679/3044 6104/8678/3044
f 6099/8686/3045 6101/8682/3045 6098/8679/3045 6107/8687/3045 6108/8688/3045 6106/8689/3045
o Sphere_cell.275
v 0.005406 0.005405 -0.006621
v 0.461940 0.555570 -0.691342
v 0.587938 0.555570 -0.587938
v 0.363511 0.627012 -0.677792
v 0.427755 0.630545 -0.640181
v 0.548310 0.623140 -0.549068
v 0.615483 0.561966 -0.546140
v 0.597321 0.530745 -0.597321
v 0.554682 0.466348 -0.676627
v 0.612125 0.555570 -0.558465
v 0.391116 0.555570 -0.729198
v 0.413540 0.466612 -0.770867
v 0.487363 0.469956 -0.729391
v 0.363511 0.627012 -0.677792
v 0.427755 0.630545 -0.640181
v 0.548310 0.623140 -0.549068
v 0.597321 0.530745 -0.597321
v 0.612125 0.555570 -0.558465
v 0.615483 0.561966 -0.546140
v 0.554682 0.466348 -0.676627
v 0.391116 0.555570 -0.729198
v 0.413540 0.466612 -0.770867
v 0.487363 0.469956 -0.729391
vn -0.3517 0.7729 0.5282
vn 0.3505 0.4249 0.8346
vn 0.7337 -0.6639 0.1447
vn -0.8818 -0.0013 -0.4717
vn 0.2607 -0.8818 -0.3929
vn 0.3651 0.6326 -0.6831
vn 0.4162 0.4696 -0.7786
vn 0.5601 0.4696 -0.6825
vn 0.4913 0.6326 -0.5987
vn 0.5982 0.6332 -0.4911
vn 0.6825 0.4696 -0.5601
vt 0.356469 0.000000
vt 1.000000 0.000000
vt 1.000000 0.591510
vt 0.565529 0.196747
vt 0.591510 0.591510
vt 0.000000 0.000000
vt 0.583913 0.000000
vt 0.590343 0.537062
vt 0.583913 0.583913
vt 0.641898 0.000000
vt 0.608928 0.374676
vt 0.267455 0.000000
vt 1.000000 0.643531
vt 0.646352 0.339061
vt 1.000000 0.358102
vt 1.000000 1.000000
vt 0.267455 0.267455
vt 0.629118 0.307369
vt 0.671652 0.716966
vt 0.656250 0.718423
vt 0.656250 0.687500
vt 0.671646 0.687500
vt 0.656250 0.656550
vt 0.671635 0.655341
vt 0.625000 0.687500
vt 0.625000 0.678526
vt 0.640711 0.655246
vt 0.625000 0.715117
vt 0.615474 0.690138
vt 0.617690 0.687500
vt 0.625000 0.678525
s 0
usemtl 
f 6132/8690/3046 6119/8691/3046 6134/8692/3046 6133/8693/3046
f 6134/8694/3047 6119/8695/3047 6137/8696/3047
f 6136/8697/3048 6137/8698/3048 6119/8695/3048 6138/8699/3048 6135/8700/3048
f 6140/8701/3049 6119/8691/3049 6132/8702/3049 6139/8703/3049
f 6138/8704/3050 6119/8705/3050 6140/8706/3050 6141/8707/3050
f 6122/8708/3051 6123/8709/3051 6120/8710/3051 6129/8711/3051
f 6129/8711/3052 6120/8710/3052 6131/8712/3052 6130/8713/3052
f 6120/8710/3053 6121/8714/3053 6126/8715/3053 6127/8716/3053 6131/8712/3053
f 6124/8717/3054 6121/8714/3054 6120/8710/3054 6123/8709/3054
f 6121/8714/3055 6124/8717/3055 6125/8718/3055 6128/8719/3055
f 6126/8720/3056 6121/8714/3056 6128/8719/3056
o Sphere_cell.276
v 0.003859 -0.002854 0.009444
v 0.353553 -0.382683 0.853553
v 0.459009 -0.194442 0.861472
v 0.412129 -0.464395 0.772959
v 0.432511 -0.382683 0.811349
v 0.336095 -0.468036 0.811404
v 0.254934 -0.464699 0.837879
v 0.284020 -0.195090 0.933826
v 0.267590 -0.382683 0.879630
v 0.324874 -0.195090 0.921433
v 0.427339 -0.195090 0.878328
v 0.375211 -0.196115 0.905840
v 0.412129 -0.464395 0.772959
v 0.432511 -0.382683 0.811349
v 0.336095 -0.468036 0.811404
v 0.254934 -0.464699 0.837879
v 0.267590 -0.382683 0.879630
v 0.284020 -0.195090 0.933826
v 0.427339 -0.195090 0.878328
v 0.375211 -0.196115 0.905840
v 0.459009 -0.194442 0.861472
v 0.324874 -0.195090 0.921433
vn 0.8822 0.0012 -0.4710
vn -0.1788 -0.8814 -0.4372
vn -0.9570 -0.0000 0.2901
vn 0.0715 0.9808 0.1816
vn 0.4519 -0.2889 0.8440
vn 0.4162 -0.4696 0.7786
vn 0.2779 -0.2890 0.9161
vn 0.2563 -0.4696 0.8448
vt 1.000000 0.266127
vt 1.000000 1.000000
vt 0.182749 0.181075
vt 0.734354 0.229218
vt 0.266127 0.266127
vt 0.629956 0.229317
vt 1.000000 0.204010
vt 1.000000 0.111971
vt 0.204010 0.204010
vt 0.452548 0.163968
vt 0.830944 0.164928
vt 1.000000 0.181020
vt 0.111971 0.111971
vt 0.309366 0.123833
vt 0.553200 0.138663
vt 0.312500 0.437158
vt 0.312500 0.375000
vt 0.327948 0.375000
vt 0.327916 0.437500
vt 0.322085 0.437500
vt 0.327961 0.345461
vt 0.312500 0.344144
vt 0.296991 0.437500
vt 0.297000 0.375000
vt 0.303930 0.437500
vt 0.297008 0.345351
s 0
usemtl 
f 6154/8721/3057 6142/8722/3057 6162/8723/3057 6155/8724/3057
f 6142/8722/3058 6154/8725/3058 6156/8726/3058 6157/8727/3058
f 6159/8728/3059 6142/8722/3059 6157/8729/3059 6158/8730/3059
f 6160/8731/3060 6162/8732/3060 6142/8722/3060 6159/8733/3060 6163/8734/3060 6161/8735/3060
f 6153/8736/3061 6143/8737/3061 6146/8738/3061 6144/8739/3061 6152/8740/3061
f 6145/8741/3062 6146/8738/3062 6143/8737/3062 6147/8742/3062
f 6149/8743/3063 6150/8744/3063 6143/8737/3063 6153/8736/3063 6151/8745/3063
f 6150/8744/3064 6148/8746/3064 6147/8742/3064 6143/8737/3064
o Sphere_cell.277
v 0.005086 -0.020670 0.000481
v 0.010550 -0.035439 -0.000344
v 0.195090 -0.980785 0.000000
v 0.191342 -0.980785 0.038060
v 0.277545 -0.954123 0.055207
v 0.298816 -0.949320 0.000000
v 0.287883 -0.951810 -0.027681
v 0.009086 -0.999105 0.000000
v 0.193289 -0.980785 -0.018286
v 0.267503 -0.954859 0.079995
v 0.186095 -0.980785 0.055357
v 0.277545 -0.954123 0.055207
v 0.298816 -0.949320 0.000000
v 0.009086 -0.999105 0.000000
v 0.193289 -0.980785 -0.018286
v 0.287883 -0.951810 -0.027681
v 0.267503 -0.954859 0.079995
v 0.186095 -0.980785 0.055357
vn 0.8872 0.2800 0.3667
vn 0.8844 0.2788 -0.3743
vn -0.0988 -0.0002 -0.9951
vn -0.1496 -0.0001 -0.9887
vn 0.8134 0.2722 0.5141
vn -0.2955 -0.0011 0.9553
vn 0.2902 -0.9565 -0.0286
vn 0.0980 -0.9951 -0.0097
vn 0.2902 -0.9565 0.0286
vn 0.0941 -0.9952 0.0285
vn 0.2790 -0.9565 0.0846
vn 0.0980 -0.9951 0.0097
vt 0.901093 0.901093
vt 0.000000 0.000000
vt 0.906546 0.000000
vt 0.905840 0.278232
vt 0.096610 0.000000
vt 1.000000 0.000000
vt 1.000000 0.901093
vt 1.000000 0.049909
vt 1.000000 1.000000
vt 0.096610 0.096610
vt 0.398417 0.068157
vt 0.049167 0.000000
vt 1.000000 0.093454
vt 0.907904 0.907904
vt 0.950383 0.016064
vt 0.932943 0.626690
vt 0.500000 0.097058
vt 0.500000 0.062500
vt 0.515014 0.062500
vt 0.515258 0.094324
vt 0.514897 0.002911
vt 0.468750 0.091783
vt 0.468750 0.062500
vt 0.500000 0.097058
vt 0.453981 0.062500
vt 0.453888 0.003051
vt 0.468750 0.091783
vt 0.453753 0.090975
vt 0.485103 0.002911
s 0
usemtl 
f 6176/8747/3065 6165/8748/3065 6180/8749/3065 6175/8750/3065
f 6179/8751/3066 6165/8752/3066 6176/8753/3066
f 6177/8754/3067 6165/8755/3067 6179/8756/3067 6178/8757/3067
f 6165/8755/3068 6177/8758/3068 6164/8752/3068
f 6180/8759/3069 6165/8755/3069 6164/8748/3069
f 6180/8760/3070 6164/8748/3070 6177/8761/3070 6181/8762/3070
f 6169/8763/3071 6166/8764/3071 6172/8765/3071 6170/8766/3071
f 6166/8764/3072 6171/8767/3072 6172/8765/3072
f 6168/8768/3073 6167/8769/3073 6166/8764/3073 6169/8770/3073
f 6174/8771/3074 6171/8772/3074 6167/8769/3074
f 6174/8771/3075 6167/8769/3075 6168/8773/3075 6173/8774/3075
f 6171/8775/3076 6166/8764/3076 6167/8769/3076
o Sphere_cell.278
v 0.005273 0.010585 0.005151
v 0.392847 0.831470 0.392847
v 0.487591 0.767090 0.400462
v 0.502622 0.790773 0.336878
v 0.461328 0.831470 0.309404
v 0.409593 0.864681 0.274972
v 0.401314 0.766901 0.487189
v 0.351573 0.831470 0.426720
v 0.299768 0.875274 0.363729
v 0.445854 0.769949 0.445854
v 0.332482 0.877101 0.332482
v 0.364085 0.875206 0.299534
v 0.487591 0.767090 0.400462
v 0.502622 0.790773 0.336878
v 0.461328 0.831470 0.309404
v 0.409593 0.864681 0.274972
v 0.401314 0.766901 0.487189
v 0.351573 0.831470 0.426720
v 0.299768 0.875274 0.363729
v 0.445854 0.769949 0.445854
v 0.332482 0.877101 0.332482
v 0.364085 0.875206 0.299534
vn 0.8434 -0.5373 -0.0008
vn 0.5543 0.0005 -0.8323
vn -0.7724 -0.0003 0.6351
vn 0.5487 -0.6344 0.5445
vn -0.6229 0.4711 -0.6246
vn -0.3502 0.4289 -0.8327
vn 0.3658 0.8810 0.3002
vn 0.4918 0.7715 0.4036
vn 0.3002 0.8810 0.3658
vn 0.4036 0.7715 0.4918
vt 1.000000 0.000000
vt 1.000000 0.750461
vt 0.272126 0.000000
vt 0.750461 0.750461
vt 0.000000 0.000000
vt 0.821718 0.000000
vt 0.789686 0.395444
vt 1.000000 0.727507
vt 0.561014 0.350601
vt 0.168303 0.000000
vt 0.727874 0.000000
vt 0.730532 0.367820
vt 0.727507 0.727507
vt 0.581347 0.166596
vt 1.000000 0.168469
vt 1.000000 1.000000
vt 0.168303 0.168303
vt 1.000000 0.178282
vt 0.168469 0.168469
vt 0.390433 0.842080
vt 0.375000 0.843362
vt 0.375000 0.812500
vt 0.405973 0.812500
vt 0.405897 0.834962
vt 0.375000 0.781582
vt 0.390565 0.780145
vt 0.406026 0.792047
vt 0.359703 0.842126
vt 0.359680 0.812500
vt 0.359664 0.780050
vt 0.375000 0.781582
s 0
usemtl 
f 6182/8776/3077 6195/8777/3077 6194/8778/3077
f 6195/8779/3078 6182/8780/3078 6197/8781/3078 6196/8782/3078
f 6182/8776/3079 6198/8783/3079 6199/8784/3079 6200/8785/3079
f 6182/8780/3080 6194/8786/3080 6201/8787/3080 6198/8788/3080
f 6202/8789/3081 6203/8790/3081 6182/8791/3081 6200/8792/3081
f 6197/8793/3082 6182/8791/3082 6203/8794/3082
f 6193/8795/3083 6192/8796/3083 6183/8797/3083 6186/8798/3083 6187/8799/3083
f 6186/8798/3084 6183/8797/3084 6191/8800/3084 6184/8801/3084 6185/8802/3084
f 6190/8803/3085 6189/8804/3085 6183/8797/3085 6192/8796/3085
f 6188/8805/3086 6191/8806/3086 6183/8797/3086 6189/8804/3086
o Sphere_cell.279
v -0.007117 0.001531 -0.007428
v -0.693519 0.195090 -0.693520
v -0.673612 0.287901 -0.673612
v -0.602709 0.285287 -0.732821
v -0.732510 0.285484 -0.602994
v -0.619906 0.195090 -0.753933
v -0.625937 0.096765 -0.761451
v -0.706931 0.001653 -0.707040
v -0.753843 0.195090 -0.620015
v -0.761493 0.097360 -0.625793
v -0.673612 0.287901 -0.673612
v -0.602709 0.285287 -0.732821
v -0.732510 0.285484 -0.602994
v -0.619906 0.195090 -0.753933
v -0.625937 0.096765 -0.761451
v -0.706931 0.001653 -0.707040
v -0.753843 0.195090 -0.620015
v -0.761493 0.097360 -0.625793
vn 0.2063 0.9568 0.2048
vn 0.7731 0.0011 -0.6343
vn 0.4982 -0.7094 -0.4985
vn -0.6336 0.0039 0.7736
vn -0.4991 -0.7083 0.4992
vn -0.7400 0.2890 -0.6073
vn -0.7693 0.0975 -0.6314
vn -0.6073 0.2890 -0.7400
vn -0.6314 0.0975 -0.7693
vt 1.000000 0.000000
vt 1.000000 0.695590
vt 0.648235 0.350080
vt 0.304231 0.000000
vt 0.695590 0.695590
vt 0.000000 0.000000
vt 0.723157 0.000000
vt 0.715891 0.359402
vt 0.723157 0.723157
vt 0.671161 0.000000
vt 1.000000 0.695769
vt 0.642078 0.358038
vt 0.276977 0.000000
vt 1.000000 0.328839
vt 1.000000 1.000000
vt 0.276977 0.276977
vt 0.890387 0.592617
vt 0.875000 0.593422
vt 0.875000 0.562500
vt 0.890455 0.562500
vt 0.875000 0.500554
vt 0.890519 0.531191
vt 0.859543 0.592551
vt 0.859522 0.562500
vt 0.859503 0.531000
s 0
usemtl 
f 6204/8807/3087 6215/8808/3087 6214/8809/3087 6216/8810/3087
f 6215/8811/3088 6204/8812/3088 6218/8813/3088 6217/8814/3088
f 6218/8815/3089 6204/8812/3089 6219/8816/3089
f 6204/8807/3090 6216/8817/3090 6220/8818/3090 6221/8819/3090
f 6219/8820/3091 6204/8821/3091 6221/8822/3091
f 6208/8823/3092 6206/8824/3092 6205/8825/3092 6212/8826/3092
f 6212/8826/3093 6205/8825/3093 6211/8827/3093 6213/8828/3093
f 6205/8825/3094 6206/8824/3094 6207/8829/3094 6209/8830/3094
f 6205/8825/3095 6209/8830/3095 6210/8831/3095 6211/8827/3095
o Sphere_cell.280
v 0.006655 -0.019373 -0.000585
v 0.375330 -0.923880 -0.074658
v 0.458907 -0.878332 -0.091282
v 0.448961 -0.876567 -0.135386
v 0.467027 -0.876369 -0.046111
v 0.452851 -0.886322 -0.000992
v 0.382596 -0.923880 -0.000891
v 0.300613 -0.948752 -0.000777
v 0.364770 -0.923880 -0.109471
v 0.278995 -0.951233 -0.083095
v 0.284499 -0.951972 -0.056590
v 0.289836 -0.951191 -0.028564
v 0.458907 -0.878332 -0.091282
v 0.448961 -0.876567 -0.135386
v 0.467027 -0.876369 -0.046111
v 0.452851 -0.886322 -0.000992
v 0.382596 -0.923880 -0.000891
v 0.300613 -0.948752 -0.000777
v 0.364770 -0.923880 -0.109471
v 0.278995 -0.951233 -0.083095
v 0.284499 -0.951972 -0.056590
v 0.289836 -0.951191 -0.028564
vn 0.8633 0.4731 -0.1758
vn 0.8311 0.4276 0.3555
vn 0.0013 0.0002 1.0000
vn -0.2936 -0.0012 -0.9559
vn -0.9384 -0.2908 0.1868
vn -0.8864 -0.2804 0.3684
vn 0.4528 -0.8810 -0.1374
vn 0.2790 -0.9565 -0.0846
vn 0.2902 -0.9565 -0.0286
vn 0.4709 -0.8810 -0.0464
vt 0.168448 0.000000
vt 1.000000 0.000000
vt 1.000000 0.831439
vt 0.580174 0.413477
vt 0.831439 0.831439
vt 0.000000 0.000000
vt 0.840794 0.000000
vt 0.877553 0.439256
vt 0.840793 0.840793
vt 0.902029 0.000000
vt 1.000000 0.831552
vt 0.529023 0.406563
vt 0.095841 0.000000
vt 1.000000 1.000000
vt 0.095841 0.095841
vt 0.535681 0.095033
vt 1.000000 0.095696
vt 0.095696 0.095696
vt 1.000000 0.097971
vt 0.546614 0.156999
vt 0.531250 0.155806
vt 0.531250 0.125000
vt 0.546404 0.125000
vt 0.546073 0.094957
vt 0.531250 0.094145
vt 0.500373 0.125000
vt 0.500416 0.097682
vt 0.515635 0.095003
vt 0.531250 0.155806
vt 0.515663 0.157133
vt 0.500347 0.150401
s 0
usemtl 
f 6235/8832/3096 6222/8833/3096 6236/8834/3096 6234/8835/3096
f 6236/8836/3097 6222/8837/3097 6237/8838/3097
f 6238/8839/3098 6237/8840/3098 6222/8837/3098 6239/8841/3098
f 6222/8833/3099 6235/8842/3099 6240/8843/3099 6241/8844/3099
f 6222/8845/3100 6241/8846/3100 6242/8847/3100 6243/8848/3100
f 6222/8845/3101 6243/8849/3101 6239/8850/3101
f 6225/8851/3102 6224/8852/3102 6223/8853/3102 6230/8854/3102
f 6231/8855/3103 6230/8854/3103 6223/8853/3103 6232/8856/3103
f 6232/8856/3104 6223/8853/3104 6228/8857/3104 6229/8858/3104 6233/8859/3104
f 6223/8853/3105 6224/8860/3105 6226/8861/3105 6227/8862/3105 6228/8857/3105
o Sphere_cell.281
v 0.003968 0.012933 0.004386
v 0.270598 0.923880 0.270598
v 0.212607 0.923880 0.318190
v 0.208614 0.891778 0.388095
v 0.180577 0.923880 0.335310
v 0.148931 0.944437 0.275753
v 0.297774 0.876208 0.363115
v 0.251839 0.886135 0.376904
v 0.362223 0.876173 0.298963
v 0.293589 0.923880 0.242583
v 0.223890 0.951375 0.185324
v 0.204897 0.952065 0.204897
v 0.184789 0.951229 0.224946
v 0.167213 0.948665 0.250253
v 0.331224 0.878052 0.331224
v 0.208614 0.891778 0.388095
v 0.180577 0.923880 0.335310
v 0.148931 0.944437 0.275753
v 0.251839 0.886135 0.376904
v 0.297774 0.876208 0.363115
v 0.362223 0.876173 0.298963
v 0.293589 0.923880 0.242583
v 0.223890 0.951375 0.185324
v 0.204897 0.952065 0.204897
v 0.184789 0.951229 0.224946
v 0.167213 0.948665 0.250253
v 0.331224 0.878052 0.331224
vn -0.8830 0.0007 0.4694
vn 0.1738 -0.4278 0.8870
vn 0.6348 0.0002 -0.7726
vn -0.6819 0.2893 -0.6718
vn -0.8018 0.2788 -0.5286
vn 0.6220 -0.4715 0.6251
vn 0.2254 0.9565 0.1850
vn 0.3658 0.8810 0.3002
vn 0.1850 0.9565 0.2254
vn 0.3002 0.8810 0.3658
vn 0.1374 0.9565 0.2571
vn 0.2230 0.8810 0.4173
vt 1.000000 0.000000
vt 1.000000 0.847156
vt 0.556625 0.434886
vt 0.101758 0.000000
vt 0.847156 0.847156
vt 0.000000 0.000000
vt 0.832311 0.000000
vt 0.841795 0.442270
vt 0.167461 0.000000
vt 1.000000 0.904598
vt 0.593530 0.471834
vt 0.904598 0.904598
vt 0.904966 0.000000
vt 0.905512 0.461807
vt 0.095034 0.000000
vt 1.000000 0.898242
vt 0.541697 0.444105
vt 1.000000 0.167689
vt 1.000000 1.000000
vt 0.167461 0.167461
vt 0.576088 0.165778
vt 0.375000 0.875000
vt 0.390096 0.875000
vt 0.389958 0.905198
vt 0.375000 0.905956
vt 0.375000 0.844005
vt 0.390182 0.842735
vt 0.359451 0.905039
vt 0.343750 0.902222
vt 0.343750 0.875000
vt 0.375000 0.844005
vt 0.343750 0.849472
vt 0.359316 0.842758
vt 0.328621 0.875000
vt 0.328807 0.897578
vt 0.343750 0.849472
vt 0.328501 0.853288
s 0
usemtl 
f 6244/8863/3106 6259/8864/3106 6260/8865/3106 6261/8866/3106
f 6259/8867/3107 6244/8868/3107 6263/8869/3107 6262/8870/3107
f 6264/8871/3108 6244/8863/3108 6266/8872/3108 6265/8873/3108
f 6266/8874/3109 6244/8868/3109 6268/8875/3109 6267/8876/3109
f 6268/8877/3110 6244/8863/3110 6261/8878/3110 6269/8879/3110
f 6263/8880/3111 6244/8881/3111 6264/8882/3111 6270/8883/3111
f 6245/8884/3112 6253/8885/3112 6254/8886/3112 6255/8887/3112
f 6253/8885/3113 6245/8884/3113 6258/8888/3113 6252/8889/3113
f 6256/8890/3114 6257/8891/3114 6246/8892/3114 6245/8884/3114 6255/8887/3114
f 6258/8893/3115 6245/8884/3115 6246/8892/3115 6251/8894/3115 6250/8895/3115
f 6248/8896/3116 6246/8892/3116 6257/8891/3116 6249/8897/3116
f 6251/8898/3117 6246/8892/3117 6248/8896/3117 6247/8899/3117
o Sphere_cell.282
v -0.006539 -0.009670 -0.003126
v -0.513279 -0.831470 -0.212607
v -0.397051 -0.873396 -0.264458
v -0.462322 -0.831470 -0.307941
v -0.503960 -0.790410 -0.335665
v -0.557178 -0.766628 -0.297278
v -0.603917 -0.766698 -0.184392
v -0.582914 -0.769614 -0.241451
v -0.528704 -0.831470 -0.161761
v -0.450664 -0.875245 -0.138252
v -0.434390 -0.877111 -0.179930
v -0.397051 -0.873396 -0.264458
v -0.462322 -0.831470 -0.307941
v -0.503960 -0.790410 -0.335665
v -0.557178 -0.766628 -0.297278
v -0.582914 -0.769614 -0.241451
v -0.603917 -0.766698 -0.184392
v -0.528704 -0.831470 -0.161761
v -0.450664 -0.875245 -0.138252
v -0.434390 -0.877111 -0.179930
vn 0.5548 0.0009 -0.8320
vn -0.3222 0.5373 -0.7795
vn -0.7143 0.6344 -0.2954
vn -0.2890 -0.0011 0.9573
vn 0.8145 -0.4708 0.3391
vn -0.6088 -0.7715 -0.1847
vn -0.4528 -0.8810 -0.1374
vn -0.5611 -0.7715 -0.2999
vn -0.4173 -0.8810 -0.2231
vt 0.169414 0.169414
vt 0.647569 0.209790
vt 1.000000 0.249316
vt 1.000000 1.000000
vt 1.000000 0.272095
vt 0.249316 0.249316
vt 0.272095 0.272095
vt 0.636633 0.269199
vt 1.000000 0.271977
vt 1.000000 0.167593
vt 0.271977 0.271977
vt 0.649833 0.209690
vt 1.000000 0.169414
vt 0.167593 0.167593
vt 0.437570 0.165813
vt 0.952837 0.220052
vt 0.937500 0.218586
vt 0.937500 0.187500
vt 0.952746 0.187500
vt 0.952628 0.157893
vt 0.937500 0.156631
vt 0.906483 0.187500
vt 0.921995 0.220087
vt 0.906481 0.208135
vt 0.906483 0.187500
vt 0.906486 0.159143
s 0
usemtl 
f 6282/8900/3118 6283/8901/3118 6284/8902/3118 6271/8903/3118
f 6285/8904/3119 6271/8903/3119 6284/8905/3119
f 6271/8903/3120 6285/8906/3120 6286/8907/3120 6287/8908/3120
f 6289/8909/3121 6271/8903/3121 6287/8910/3121 6288/8911/3121
f 6282/8912/3122 6271/8903/3122 6289/8913/3122 6290/8914/3122
f 6277/8915/3123 6278/8916/3123 6272/8917/3123 6279/8918/3123
f 6280/8919/3124 6279/8918/3124 6272/8917/3124 6281/8920/3124
f 6274/8921/3125 6272/8917/3125 6278/8916/3125 6276/8922/3125 6275/8923/3125
f 6281/8920/3126 6272/8917/3126 6274/8924/3126 6273/8925/3126
o Sphere_cell.283
v 0.007045 0.010694 0.007410
v 0.500000 0.707107 0.500000
v 0.592626 0.628833 0.487905
v 0.488524 0.765660 0.402059
v 0.543316 0.707107 0.447219
v 0.487905 0.628755 0.592709
v 0.543370 0.632370 0.543370
v 0.402114 0.765823 0.488223
v 0.447299 0.707107 0.543251
v 0.446939 0.768690 0.446939
v 0.488524 0.765660 0.402059
v 0.543316 0.707107 0.447219
v 0.592626 0.628833 0.487905
v 0.543370 0.632370 0.543370
v 0.487905 0.628755 0.592709
v 0.447299 0.707107 0.543251
v 0.402114 0.765823 0.488223
v 0.446939 0.768690 0.446939
vn 0.6352 -0.0013 -0.7724
vn 0.4488 -0.7733 0.4479
vn -0.7728 0.0002 0.6347
vn -0.5453 0.6343 -0.5481
vn 0.4918 0.7715 0.4036
vn 0.5987 0.6326 0.4913
vn 0.4913 0.6326 0.5987
vn 0.4036 0.7715 0.4918
vt 0.670240 0.286405
vt 0.594863 0.594863
vt 0.000000 0.000000
vt 0.726635 0.000000
vt 1.000000 0.000000
vt 1.000000 0.594863
vt 0.701098 0.299265
vt 0.405409 0.000000
vt 0.713452 0.330126
vt 1.000000 0.273721
vt 1.000000 1.000000
vt 0.405409 0.405409
vt 0.634685 0.270708
vt 1.000000 0.273365
vt 0.273722 0.273722
vt 0.375000 0.750000
vt 0.390393 0.750000
vt 0.390405 0.779427
vt 0.375000 0.780949
vt 0.390393 0.750000
vt 0.375000 0.719176
vt 0.390377 0.717717
vt 0.359612 0.717685
vt 0.359630 0.750000
vt 0.359630 0.750000
vt 0.359654 0.779509
s 0
usemtl 
f 6302/8926/3127 6303/8927/3127 6291/8928/3127 6301/8929/3127
f 6291/8930/3128 6303/8931/3128 6304/8932/3128 6305/8933/3128
f 6306/8934/3129 6307/8935/3129 6291/8936/3129 6305/8937/3129
f 6308/8938/3130 6301/8939/3130 6291/8936/3130 6307/8940/3130
f 6292/8941/3131 6295/8942/3131 6294/8943/3131 6300/8944/3131
f 6295/8945/3132 6292/8941/3132 6297/8946/3132 6293/8947/3132
f 6296/8948/3133 6297/8946/3133 6292/8941/3133 6299/8949/3133
f 6299/8950/3134 6292/8941/3134 6300/8944/3134 6298/8951/3134
o Sphere_cell.284
v -0.005564 -0.006144 -0.008784
v -0.461939 -0.555570 -0.691341
v -0.553935 -0.466215 -0.677330
v -0.508942 -0.397291 -0.761685
v -0.497524 -0.606933 -0.607871
v -0.523996 -0.555570 -0.640413
v -0.487171 -0.626845 -0.595328
v -0.427792 -0.630465 -0.640236
v -0.363380 -0.626888 -0.677976
v -0.390860 -0.555570 -0.729334
v -0.413264 -0.466315 -0.771194
v -0.553935 -0.466215 -0.677330
v -0.508942 -0.397291 -0.761685
v -0.523996 -0.555570 -0.640413
v -0.497524 -0.606933 -0.607871
v -0.487171 -0.626845 -0.595328
v -0.427792 -0.630465 -0.640236
v -0.363380 -0.626888 -0.677976
v -0.390860 -0.555570 -0.729334
v -0.413264 -0.466315 -0.771194
vn -0.7354 0.6613 0.1481
vn -0.7740 0.0023 0.6332
vn -0.7722 -0.0013 0.6354
vn 0.3524 -0.7725 0.5282
vn 0.8818 0.0001 -0.4716
vn 0.4162 0.6627 -0.6226
vn -0.5601 -0.4696 -0.6825
vn -0.4913 -0.6326 -0.5987
vn -0.4162 -0.4696 -0.7786
vn -0.3651 -0.6326 -0.6831
vt 0.278179 0.277175
vt 1.000000 0.358222
vt 1.000000 1.000000
vt 0.358222 0.358222
vt 0.743756 0.393376
vt 1.000000 0.424431
vt 0.424431 0.424431
vt 1.000000 0.405642
vt 0.405642 0.405642
vt 0.700697 0.377914
vt 1.000000 0.357291
vt 1.000000 0.267764
vt 0.357291 0.357291
vt 0.660558 0.307967
vt 0.267764 0.267764
vt 1.000000 0.277065
vt 0.859104 0.344802
vt 0.843750 0.369719
vt 0.843750 0.312500
vt 0.859141 0.312500
vt 0.859166 0.291316
vt 0.843750 0.281610
vt 0.859152 0.283103
vt 0.828298 0.312500
vt 0.843726 0.369761
vt 0.828293 0.344767
vt 0.828306 0.283085
s 0
usemtl 
f 6321/8952/3135 6320/8953/3135 6309/8954/3135
f 6309/8954/3136 6320/8955/3136 6322/8956/3136 6323/8957/3136
f 6309/8954/3137 6323/8958/3137 6324/8959/3137
f 6309/8954/3138 6324/8960/3138 6325/8961/3138 6326/8962/3138
f 6328/8963/3139 6309/8954/3139 6326/8964/3139 6327/8965/3139
f 6328/8966/3140 6321/8967/3140 6309/8954/3140
f 6311/8968/3141 6312/8969/3141 6310/8970/3141 6314/8971/3141
f 6313/8972/3142 6314/8971/3142 6310/8970/3142 6316/8973/3142 6315/8974/3142
f 6318/8975/3143 6310/8970/3143 6312/8976/3143 6319/8977/3143
f 6317/8978/3144 6316/8973/3144 6310/8970/3144 6318/8975/3144
o Sphere_cell.285
v 0.004472 0.007321 -0.005539
v 0.392847 0.707107 -0.587938
v 0.362700 0.628467 -0.676879
v 0.427063 0.632063 -0.639145
v 0.547147 0.624803 -0.548266
v 0.298759 0.766083 -0.557137
v 0.332444 0.707107 -0.620224
v 0.370409 0.805528 -0.451957
v 0.337113 0.789437 -0.504525
v 0.451386 0.762991 -0.452230
v 0.499469 0.707107 -0.500436
v 0.427063 0.632063 -0.639145
v 0.547147 0.624803 -0.548266
v 0.362700 0.628467 -0.676879
v 0.298759 0.766083 -0.557137
v 0.332444 0.707107 -0.620224
v 0.370409 0.805528 -0.451957
v 0.337113 0.789437 -0.504525
v 0.451386 0.762991 -0.452230
v 0.499469 0.707107 -0.500436
vn 0.3523 -0.7732 -0.5273
vn -0.8822 -0.0002 -0.4709
vn -0.7764 0.5388 0.3269
vn 0.2134 0.4005 0.8911
vn 0.7076 -0.0008 0.7066
vn 0.2999 0.7715 -0.5611
vn 0.3651 0.6326 -0.6831
vn 0.4036 0.7715 -0.4918
vn 0.4913 0.6326 -0.5987
vt 0.407605 0.000000
vt 1.000000 0.000000
vt 1.000000 0.642644
vt 0.802208 0.433061
vt 0.693662 0.309826
vt 0.642644 0.642644
vt 0.000000 0.000000
vt 0.727510 0.000000
vt 0.750186 0.352017
vt 0.727510 0.727510
vt 0.765878 0.000000
vt 0.234122 0.000000
vt 1.000000 0.724819
vt 0.671272 0.400475
vt 0.724819 0.724819
vt 0.592395 0.000000
vt 0.656250 0.791376
vt 0.656250 0.750000
vt 0.671691 0.750000
vt 0.671662 0.779639
vt 0.671691 0.750000
vt 0.656250 0.719049
vt 0.671711 0.717566
vt 0.625150 0.778085
vt 0.625155 0.750000
vt 0.640732 0.799463
vt 0.625164 0.716054
s 0
usemtl 
f 6341/8979/3145 6329/8980/3145 6342/8981/3145 6340/8982/3145
f 6344/8983/3146 6342/8984/3146 6329/8985/3146 6343/8986/3146
f 6346/8987/3147 6343/8988/3147 6329/8985/3147 6345/8989/3147
f 6345/8990/3148 6329/8980/3148 6347/8991/3148
f 6348/8992/3149 6347/8993/3149 6329/8985/3149 6341/8994/3149
f 6337/8995/3150 6330/8996/3150 6335/8997/3150 6334/8998/3150
f 6335/8999/3151 6330/8996/3151 6332/9000/3151 6331/9001/3151
f 6338/9002/3152 6339/9003/3152 6330/8996/3152 6337/8995/3152 6336/9004/3152
f 6332/9000/3153 6330/8996/3153 6339/9003/3153 6333/9005/3153
o Sphere_cell.286
v -0.002725 0.000063 -0.008600
v -0.382683 0.000000 -0.923879
v -0.467937 0.000000 -0.878309
v -0.463568 -0.095810 -0.869997
v -0.463442 0.095930 -0.870050
v -0.375521 0.190025 -0.906588
v -0.286289 -0.096053 -0.943281
v -0.196240 0.000000 -0.980435
v -0.379032 -0.096854 -0.915066
v -0.467937 0.000000 -0.878309
v -0.463442 0.095930 -0.870050
v -0.463568 -0.095810 -0.869997
v -0.375521 0.190025 -0.906588
v -0.286289 -0.096053 -0.943281
v -0.196240 0.000000 -0.980435
v -0.379032 -0.096854 -0.915066
vn -0.8818 0.0007 0.4717
vn -0.5902 0.7045 0.3941
vn 0.6931 0.7075 -0.1381
vn 0.6952 -0.7053 -0.1384
vn 0.0364 -0.9952 0.0913
vn -0.4691 0.0975 -0.8777
vn -0.4691 -0.0975 -0.8777
vn -0.2889 0.0975 -0.9524
vn -0.2889 -0.0975 -0.9524
vt 1.000000 0.000000
vt 1.000000 0.826937
vt 0.582023 0.417187
vt 0.172523 0.000000
vt 0.862101 0.002101
vt 0.826937 0.826937
vt 0.000000 0.000000
vt 0.862149 0.862149
vt 0.933463 0.000000
vt 0.933463 0.933463
vt 0.897815 0.000000
vt 0.827477 0.000000
vt 0.870741 0.450584
vt 0.897815 0.897815
vt 0.812500 0.500000
vt 0.827910 0.500000
vt 0.827897 0.530733
vt 0.812500 0.560877
vt 0.827918 0.469306
vt 0.827910 0.500000
vt 0.812500 0.468971
vt 0.781441 0.500000
vt 0.812461 0.560951
vt 0.796898 0.469228
vt 0.812500 0.468971
s 0
usemtl 
f 6349/9006/3154 6359/9007/3154 6358/9008/3154 6360/9009/3154
f 6361/9010/3155 6359/9011/3155 6349/9012/3155
f 6361/9013/3156 6349/9012/3156 6363/9014/3156
f 6363/9015/3157 6349/9012/3157 6362/9016/3157
f 6349/9012/3158 6360/9017/3158 6364/9018/3158 6362/9019/3158
f 6350/9020/3159 6351/9021/3159 6353/9022/3159 6354/9023/3159
f 6352/9024/3160 6351/9025/3160 6350/9020/3160 6357/9026/3160
f 6356/9027/3161 6350/9020/3161 6354/9028/3161
f 6350/9020/3162 6356/9027/3162 6355/9029/3162 6357/9030/3162
o Sphere_cell.287
v -0.009322 -0.002247 0.004296
v -0.906127 -0.195090 0.375330
v -0.914914 -0.098518 0.378970
v -0.869823 -0.097320 0.463579
v -0.942854 -0.097886 0.287080
v -0.861399 -0.195090 0.459010
v -0.837352 -0.285492 0.446106
v -0.880121 -0.287886 0.364558
v -0.907776 -0.285249 0.276132
v -0.933781 -0.195090 0.284166
v -0.914914 -0.098518 0.378970
v -0.942854 -0.097886 0.287080
v -0.869823 -0.097320 0.463579
v -0.861399 -0.195090 0.459010
v -0.837352 -0.285492 0.446106
v -0.880121 -0.287886 0.364558
v -0.907776 -0.285249 0.276132
v -0.933781 -0.195090 0.284166
vn -0.0915 0.9952 0.0347
vn 0.4709 -0.0007 0.8822
vn 0.2675 -0.9570 -0.1122
vn -0.2901 0.0016 -0.9570
vn -0.8777 -0.0975 0.4691
vn -0.8443 -0.2890 0.4513
vn -0.9524 -0.0975 0.2889
vn -0.9161 -0.2890 0.2779
vt 0.547396 0.129611
vt 1.000000 0.173111
vt 1.000000 1.000000
vt 0.102597 0.102597
vt 0.590756 0.181377
vt 1.000000 0.204647
vt 0.173111 0.173111
vt 0.597531 0.163403
vt 1.000000 0.136678
vt 0.204647 0.204647
vt 1.000000 0.102597
vt 0.136678 0.136678
vt 0.556335 0.111503
vt 0.077933 0.468822
vt 0.062500 0.468438
vt 0.062500 0.437500
vt 0.077922 0.437500
vt 0.077909 0.407381
vt 0.062500 0.406583
vt 0.047016 0.437500
vt 0.047040 0.468641
vt 0.046997 0.407462
vt 0.047016 0.437500
s 0
usemtl 
f 6375/9031/3163 6377/9032/3163 6365/9033/3163 6376/9034/3163
f 6378/9035/3164 6379/9036/3164 6365/9033/3164 6377/9037/3164
f 6380/9038/3165 6381/9039/3165 6365/9033/3165 6379/9040/3165
f 6376/9041/3166 6365/9033/3166 6381/9042/3166 6382/9043/3166
f 6368/9044/3167 6367/9045/3167 6366/9046/3167 6370/9047/3167
f 6371/9048/3168 6370/9047/3168 6366/9046/3168 6372/9049/3168
f 6374/9050/3169 6366/9046/3169 6367/9045/3169 6369/9051/3169
f 6373/9052/3170 6372/9049/3170 6366/9046/3170 6374/9053/3170
o Sphere_cell.288
v 0.009182 0.009540 -0.004347
v 0.653281 0.707107 -0.270598
v 0.657075 0.656888 -0.350507
v 0.558661 0.765616 -0.297109
v 0.621041 0.707107 -0.330915
v 0.677655 0.628442 -0.361291
v 0.710212 0.632022 -0.294179
v 0.734496 0.628435 -0.224217
v 0.687971 0.688142 -0.209599
v 0.558788 0.805544 -0.170888
v 0.673132 0.707107 -0.205160
v 0.560772 0.789282 -0.232280
v 0.558661 0.765616 -0.297109
v 0.621041 0.707107 -0.330915
v 0.657075 0.656888 -0.350507
v 0.677655 0.628442 -0.361291
v 0.710212 0.632022 -0.294179
v 0.734496 0.628435 -0.224217
v 0.687971 0.688142 -0.209599
v 0.558788 0.805544 -0.170888
v 0.673132 0.707107 -0.205160
v 0.560772 0.789282 -0.232280
vn -0.4739 0.0035 -0.8806
vn -0.4683 -0.0038 -0.8836
vn 0.5860 -0.7730 -0.2430
vn 0.2940 -0.0049 0.9558
vn 0.2882 0.0014 0.9576
vn -0.8273 0.5359 -0.1687
vn 0.5611 0.7715 -0.2999
vn 0.6831 0.6326 -0.3651
vn 0.6088 0.7715 -0.1847
vn 0.7412 0.6326 -0.2248
vt 0.697351 0.329425
vt 1.000000 0.377685
vt 1.000000 1.000000
vt 0.273200 0.273200
vt 1.000000 0.357862
vt 0.377685 0.377685
vt 1.000000 0.303111
vt 0.357862 0.357862
vt 0.678216 0.326513
vt 1.000000 0.347905
vt 0.303111 0.303111
vt 1.000000 0.234734
vt 0.347905 0.347905
vt 0.434544 0.329633
vt 1.000000 0.273200
vt 0.234734 0.234734
vt 0.600337 0.250406
vt 0.577793 0.779405
vt 0.562500 0.791298
vt 0.562500 0.750000
vt 0.577919 0.750000
vt 0.577957 0.717555
vt 0.577991 0.729288
vt 0.562500 0.719032
vt 0.547084 0.750000
vt 0.547239 0.799471
vt 0.547154 0.717552
vt 0.547068 0.742178
s 0
usemtl 
f 6396/9054/3171 6397/9055/3171 6383/9056/3171 6395/9057/3171
f 6398/9058/3172 6383/9056/3172 6397/9059/3172
f 6400/9060/3173 6383/9056/3173 6398/9061/3173 6399/9062/3173
f 6401/9063/3174 6383/9056/3174 6400/9064/3174
f 6402/9065/3175 6383/9056/3175 6401/9066/3175 6403/9067/3175
f 6395/9068/3176 6383/9056/3176 6402/9069/3176 6404/9070/3176
f 6386/9071/3177 6394/9072/3177 6384/9073/3177 6387/9074/3177
f 6388/9075/3178 6385/9076/3178 6387/9074/3178 6384/9073/3178 6389/9077/3178
f 6393/9078/3179 6384/9073/3179 6394/9072/3179 6392/9079/3179
f 6390/9080/3180 6389/9077/3180 6384/9073/3180 6393/9078/3180 6391/9081/3180
o Sphere_cell.289
v 0.007651 -0.001816 -0.005631
v 0.693520 -0.195090 -0.693520
v 0.815493 -0.195090 -0.544895
v 0.868860 -0.097393 -0.465367
v 0.831358 -0.001367 -0.555495
v 0.733844 -0.285632 -0.601299
v 0.792014 -0.288178 -0.529207
v 0.836290 -0.285674 -0.447976
v 0.860413 -0.195090 -0.460856
v 0.868860 -0.097393 -0.465367
v 0.831358 -0.001367 -0.555495
v 0.792014 -0.288178 -0.529207
v 0.836290 -0.285674 -0.447976
v 0.733844 -0.285632 -0.601299
v 0.860413 -0.195090 -0.460856
v 0.693520 -0.195090 -0.693520
vn 0.3928 0.7062 0.5890
vn -0.3953 0.7027 -0.5916
vn -0.6031 -0.6850 -0.4088
vn -0.2417 -0.9569 0.1612
vn 0.4709 -0.0000 0.8822
vn 0.7693 -0.0975 -0.6314
vn 0.8777 -0.0975 -0.4691
vn 0.8443 -0.2890 -0.4513
vn 0.7400 -0.2890 -0.6073
vt 1.000000 0.210152
vt 1.000000 1.000000
vt 0.173538 0.173538
vt 1.000000 0.339872
vt 0.210152 0.210152
vt 0.342312 0.342312
vt 1.000000 0.303487
vt 1.000000 0.205316
vt 0.303487 0.303487
vt 0.648860 0.247738
vt 1.000000 0.173538
vt 0.205316 0.205316
vt 0.591530 0.181912
vt 0.593750 0.499562
vt 0.593750 0.437500
vt 0.625000 0.438120
vt 0.578262 0.437500
vt 0.578260 0.468799
vt 0.578268 0.407320
vt 0.593750 0.406486
vt 0.625000 0.437500
vt 0.593750 0.406486
vt 0.609252 0.407334
s 0
usemtl 
f 6415/9082/3181 6405/9083/3181 6414/9084/3181
f 6406/9085/3182 6405/9083/3182 6415/9086/3182
f 6406/9087/3183 6418/9088/3183 6405/9083/3183
f 6417/9089/3184 6405/9083/3184 6418/9090/3184 6416/9091/3184
f 6414/9092/3185 6405/9083/3185 6417/9093/3185 6419/9094/3185
f 6409/9095/3186 6407/9096/3186 6420/9097/3186
f 6413/9098/3187 6407/9096/3187 6409/9095/3187 6408/9099/3187
f 6413/9098/3188 6412/9100/3188 6411/9101/3188 6407/9096/3188
f 6420/9102/3189 6407/9096/3189 6411/9103/3189 6410/9104/3189
o Sphere_cell.291
v 0.006141 -0.002231 0.006453
v 0.010229 -0.002306 0.014008
v 0.693520 -0.195090 0.693520
v 0.516808 -0.163487 0.834018
v 0.760819 -0.097536 0.626588
v 0.732899 -0.285593 0.602469
v 0.754012 -0.195090 0.619809
v 0.656362 -0.367917 0.656520
v 0.542584 -0.195090 0.816728
v 0.550229 -0.097602 0.823476
v 0.700243 -0.098552 0.700243
v 0.732899 -0.285593 0.602469
v 0.754012 -0.195090 0.619809
v 0.516808 -0.163487 0.834018
v 0.542584 -0.195090 0.816728
v 0.760819 -0.097536 0.626588
v 0.700243 -0.098552 0.700243
v 0.656362 -0.367917 0.656520
v 0.550229 -0.097602 0.823476
vn -0.8284 -0.3404 0.4448
vn 0.2069 0.9730 -0.1023
vn 0.6349 0.0048 -0.7726
vn 0.2756 -0.6934 -0.6658
vn -0.6656 -0.6936 0.2756
vn -0.7179 0.4493 0.5318
vn 0.0671 0.9951 0.0721
vn 0.7693 -0.0975 0.6314
vn 0.7400 -0.2891 0.6074
vn 0.6302 -0.1001 0.7700
vn 0.6054 -0.2889 0.7416
vn 0.4691 -0.0975 0.8777
vt 0.208440 0.000000
vt 1.000000 0.000000
vt 1.000000 1.000000
vt 0.000000 0.000000
vt 1.000000 0.276700
vt 0.276700 0.276700
vt 0.641073 0.283772
vt 1.000000 0.304010
vt 0.304010 0.304010
vt 1.000000 0.377140
vt 0.908864 0.223576
vt 1.000000 0.206999
vt 0.377140 0.377140
vt 0.219174 0.000000
vt 1.000000 0.791560
vt 0.739049 0.249234
vt 1.000000 0.278325
vt 0.219174 0.219174
vt 0.390351 0.468753
vt 0.375000 0.468427
vt 0.375000 0.437500
vt 0.390498 0.437500
vt 0.375000 0.379950
vt 0.390497 0.407348
vt 0.343750 0.468732
vt 0.343750 0.437500
vt 0.375000 0.468427
vt 0.343750 0.436650
vt 0.338280 0.447625
vt 0.343750 0.468732
s 0
usemtl 
f 6434/9105/3190 6422/9106/3190 6421/9107/3190
f 6421/9107/3191 6422/9108/3191 6436/9109/3191
f 6421/9107/3192 6436/9110/3192 6433/9111/3192 6432/9112/3192
f 6421/9107/3193 6432/9113/3193 6438/9114/3193
f 6435/9115/3194 6434/9116/3194 6421/9107/3194 6438/9117/3194
f 6439/9118/3195 6422/9106/3195 6434/9119/3195
f 6437/9120/3196 6436/9121/3196 6422/9107/3196 6439/9122/3196
f 6425/9123/3197 6431/9124/3197 6423/9125/3197 6427/9126/3197
f 6427/9126/3198 6423/9125/3198 6428/9127/3198 6426/9128/3198
f 6430/9129/3199 6429/9130/3199 6423/9125/3199 6431/9131/3199
f 6428/9127/3200 6423/9125/3200 6429/9132/3200
f 6424/9133/3201 6429/9130/3201 6430/9134/3201
o Sphere_cell.292
v -0.001634 -0.007318 0.007131
v -0.137950 -0.707107 0.693520
v -0.254234 -0.739679 0.616970
v -0.183582 -0.765876 0.605205
v -0.269516 -0.707107 0.653609
v -0.295555 -0.624808 0.715951
v -0.076044 -0.628290 0.764300
v -0.149983 -0.631946 0.754018
v -0.070267 -0.703339 0.703278
v -0.063312 -0.765907 0.629222
v -0.123271 -0.768854 0.619726
v -0.254234 -0.739679 0.616970
v -0.183582 -0.765876 0.605205
v -0.269516 -0.707107 0.653609
v -0.295555 -0.624808 0.715951
v -0.076044 -0.628290 0.764300
v -0.149983 -0.631946 0.754018
v -0.070267 -0.703339 0.703278
v -0.123271 -0.768854 0.619726
v -0.063312 -0.765907 0.629222
vn -0.3280 -0.5351 -0.7785
vn -0.9233 -0.0013 -0.3840
vn -0.1247 0.7732 0.6218
vn 0.9953 -0.0018 0.0964
vn 0.9954 -0.0025 0.0956
vn 0.1513 -0.6341 -0.7583
vn -0.0759 -0.6326 0.7708
vn -0.0558 -0.7682 0.6378
vn -0.2248 -0.6326 0.7412
vn -0.1847 -0.7715 0.6088
vt 1.000000 0.297551
vt 1.000000 1.000000
vt 0.272726 0.272726
vt 0.297551 0.297551
vt 0.522820 0.300214
vt 1.000000 0.320495
vt 1.000000 0.274099
vt 0.320495 0.320495
vt 0.772905 0.283971
vt 1.000000 0.332751
vt 0.274099 0.274099
vt 1.000000 0.272583
vt 0.365501 0.329131
vt 1.000000 0.272727
vt 0.272583 0.272583
vt 0.630931 0.269814
vt 0.234217 0.282507
vt 0.218750 0.281000
vt 0.218750 0.250000
vt 0.234151 0.251554
vt 0.234041 0.220449
vt 0.234147 0.250000
vt 0.218750 0.218968
vt 0.187755 0.250000
vt 0.187692 0.283943
vt 0.187799 0.233631
vt 0.203126 0.220465
s 0
usemtl 
f 6451/9135/3202 6440/9136/3202 6452/9137/3202
f 6451/9138/3203 6453/9139/3203 6454/9140/3203 6440/9136/3203
f 6455/9141/3204 6440/9136/3204 6454/9142/3204 6456/9143/3204
f 6457/9144/3205 6440/9136/3205 6455/9145/3205
f 6459/9146/3206 6440/9136/3206 6457/9147/3206
f 6452/9148/3207 6440/9136/3207 6459/9149/3207 6458/9150/3207
f 6446/9151/3208 6447/9152/3208 6441/9153/3208 6448/9154/3208
f 6449/9155/3209 6448/9156/3209 6441/9153/3209 6450/9157/3209
f 6444/9158/3210 6441/9153/3210 6447/9152/3210 6445/9159/3210
f 6442/9160/3211 6443/9161/3211 6450/9157/3211 6441/9153/3211 6444/9158/3211
o Sphere_cell.293
v -0.009884 -0.017613 -0.001895
v -0.544895 -0.831470 -0.108386
v -0.450517 -0.875676 -0.135973
v -0.446210 -0.885251 -0.088757
v -0.440478 -0.890632 -0.044745
v -0.603388 -0.767593 -0.182400
v -0.529270 -0.831470 -0.159893
v -0.627404 -0.767448 -0.062705
v -0.617801 -0.770465 -0.122888
v -0.550124 -0.831470 -0.055297
v -0.446210 -0.885251 -0.088757
v -0.440478 -0.890632 -0.044745
v -0.450517 -0.875676 -0.135973
v -0.603388 -0.767593 -0.182400
v -0.529270 -0.831470 -0.159893
v -0.617801 -0.770465 -0.122888
v -0.627404 -0.767448 -0.062705
v -0.550124 -0.831470 -0.055297
vn 0.8873 -0.4294 -0.1680
vn 0.2907 0.0002 -0.9568
vn -0.7568 0.6356 -0.1526
vn -0.0965 -0.0013 0.9953
vn -0.6332 -0.7715 -0.0624
vn -0.4709 -0.8810 -0.0464
vn -0.6088 -0.7715 -0.1847
vn -0.4528 -0.8810 -0.1374
vt 0.559617 0.159566
vt 1.000000 0.169084
vt 1.000000 1.000000
vt 0.154130 0.154130
vt 1.000000 0.273829
vt 0.169084 0.169084
vt 0.565492 0.211931
vt 0.273829 0.273829
vt 0.636327 0.270933
vt 1.000000 0.273739
vt 1.000000 0.154130
vt 0.273739 0.273739
vt 0.592933 0.211596
vt 0.984147 0.219675
vt 0.968750 0.218159
vt 0.968750 0.187500
vt 0.984057 0.187500
vt 0.984057 0.187500
vt 0.968750 0.151126
vt 0.983885 0.147487
vt 0.953306 0.187500
vt 0.953278 0.219602
vt 0.953348 0.157602
s 0
usemtl 
f 6470/9162/3212 6472/9163/3212 6460/9164/3212 6471/9165/3212
f 6473/9166/3213 6460/9164/3213 6472/9167/3213 6474/9168/3213
f 6460/9164/3214 6473/9169/3214 6475/9170/3214 6476/9171/3214
f 6471/9172/3215 6460/9164/3215 6476/9173/3215 6477/9174/3215
f 6467/9175/3216 6468/9176/3216 6461/9177/3216 6469/9178/3216
f 6469/9179/3217 6461/9177/3217 6463/9180/3217 6464/9181/3217
f 6466/9182/3218 6461/9177/3218 6468/9176/3218 6465/9183/3218
f 6463/9180/3219 6461/9177/3219 6466/9182/3219 6462/9184/3219
o Sphere_cell.294
v -0.002243 -0.007825 -0.004501
v -0.308658 -0.831470 -0.461939
v -0.212607 -0.831470 -0.513279
v -0.399841 -0.766837 -0.488498
v -0.350070 -0.831470 -0.427953
v -0.298091 -0.875436 -0.364714
v -0.252812 -0.885199 -0.378360
v -0.125650 -0.898240 -0.409746
v -0.166066 -0.896476 -0.400919
v -0.161265 -0.831470 -0.528854
v -0.169727 -0.807067 -0.557211
v -0.244432 -0.763919 -0.589152
v -0.350388 -0.769827 -0.524393
v -0.399841 -0.766837 -0.488498
v -0.350070 -0.831470 -0.427953
v -0.298091 -0.875436 -0.364714
v -0.252812 -0.885199 -0.378360
v -0.166066 -0.896476 -0.400919
v -0.125650 -0.898240 -0.409746
v -0.161265 -0.831470 -0.528854
v -0.169727 -0.807067 -0.557211
v -0.350388 -0.769827 -0.524393
v -0.244432 -0.763919 -0.589152
vn -0.7726 -0.0002 0.6349
vn 0.1750 -0.4278 0.8868
vn 0.9578 -0.0019 -0.2875
vn 0.5449 0.3967 -0.7387
vn -0.4285 0.6346 -0.6432
vn -0.4036 -0.7715 -0.4918
vn -0.3002 -0.8810 -0.3658
vn -0.2230 -0.8810 -0.4173
vn -0.2999 -0.7715 -0.5611
vn -0.1850 -0.7713 -0.6090
vn -0.1374 -0.8810 -0.4528
vt 1.000000 1.000000
vt 0.271507 0.271507
vt 0.648450 0.209770
vt 1.000000 0.167838
vt 0.807313 0.147287
vt 1.000000 0.145485
vt 0.167838 0.167838
vt 0.388823 0.158345
vt 0.145485 0.145485
vt 0.816394 0.209708
vt 1.000000 0.233166
vt 1.000000 0.274565
vt 0.233165 0.233165
vt 1.000000 0.271507
vt 0.274565 0.274565
vt 0.759483 0.268723
vt 0.843750 0.187500
vt 0.859122 0.187500
vt 0.859169 0.219982
vt 0.843750 0.218479
vt 0.859057 0.157764
vt 0.843750 0.151161
vt 0.812500 0.187500
vt 0.812500 0.143534
vt 0.812500 0.221291
vt 0.843750 0.218479
vt 0.797060 0.199764
vt 0.797105 0.187500
vt 0.797361 0.142341
s 0
usemtl 
f 6478/9185/3220 6491/9186/3220 6492/9187/3220 6493/9188/3220
f 6495/9189/3221 6496/9190/3221 6478/9185/3221 6493/9191/3221 6494/9192/3221
f 6478/9185/3222 6496/9193/3222 6497/9194/3222 6498/9195/3222
f 6500/9196/3223 6478/9185/3223 6498/9197/3223
f 6491/9198/3224 6478/9185/3224 6500/9199/3224 6499/9200/3224
f 6479/9201/3225 6482/9202/3225 6481/9203/3225 6490/9204/3225
f 6483/9205/3226 6482/9202/3226 6479/9201/3226 6484/9206/3226
f 6479/9201/3227 6480/9207/3227 6486/9208/3227 6484/9206/3227
f 6489/9209/3228 6480/9207/3228 6479/9201/3228 6490/9210/3228
f 6488/9211/3229 6487/9212/3229 6480/9207/3229 6489/9209/3229
f 6485/9213/3230 6486/9208/3230 6480/9207/3230 6487/9212/3230
o Sphere_cell.295
v -0.016947 0.006321 0.000931
v -0.010594 0.001039 -0.000277
v -0.980785 0.195090 -0.000001
v -0.961939 0.195090 -0.191342
v -0.999875 0.000930 0.000332
v -0.981086 0.096612 0.095419
v -0.922742 0.381166 0.016214
v -0.916343 0.378567 0.089190
v -0.928380 0.367846 -0.000000
v -0.971473 0.195090 0.094543
v -0.999875 0.000930 0.000332
v -0.981086 0.096612 0.095419
v -0.922742 0.381166 0.016214
v -0.916343 0.378567 0.089190
v -0.928380 0.367846 -0.000000
v -0.971473 0.195090 0.094543
v -0.961939 0.195090 -0.191342
vn -0.0004 -0.7025 -0.7117
vn 0.0005 -0.7050 0.7093
vn 0.3824 0.9240 -0.0006
vn 0.2743 0.6897 -0.6701
vn 0.2681 0.5095 -0.8176
vn 0.0853 -0.1234 0.9887
vn 0.0975 -0.0004 0.9952
vn -0.9527 0.2890 0.0938
vn -0.9904 0.0975 0.0975
vn -0.9527 0.2890 -0.0938
vn -0.9905 0.0972 -0.0976
vt 0.085644 0.000000
vt 1.000000 0.000000
vt 0.998428 0.950013
vt 0.933689 0.000000
vt 0.951585 0.951585
vt 0.000000 0.000000
vt 1.000000 0.876606
vt 0.129554 0.000000
vt 0.876606 0.876606
vt 0.913794 0.007856
vt 0.882056 0.811042
vt 0.913792 0.913792
vt 1.000000 1.000000
vt 1.000000 0.066311
vt 0.933248 0.933248
vt 0.870446 0.000000
vt 0.923919 0.624206
vt 0.002806 0.624495
vt 0.000000 0.620057
vt 0.000000 0.562500
vt 0.015441 0.562500
vt 0.015443 0.623629
vt 0.015441 0.562500
vt 0.000053 0.500298
vt 0.015438 0.531049
vt 0.968750 0.562500
vt 1.000000 0.562500
vt 1.000000 0.620057
vt 1.000000 0.562500
vt 0.968750 0.561984
vt 1.000000 0.500405
s 0
usemtl 
f 6504/9214/3231 6502/9215/3231 6511/9216/3231
f 6512/9217/3232 6511/9218/3232 6502/9219/3232
f 6513/9220/3233 6514/9221/3233 6501/9215/3233
f 6513/9222/3234 6501/9219/3234 6504/9223/3234 6515/9224/3234
f 6501/9219/3235 6502/9215/3235 6504/9225/3235
f 6502/9226/3236 6501/9219/3236 6512/9227/3236
f 6512/9228/3237 6501/9219/3237 6514/9229/3237 6516/9230/3237
f 6507/9231/3238 6509/9232/3238 6503/9233/3238 6510/9234/3238 6508/9235/3238
f 6510/9236/3239 6503/9233/3239 6505/9237/3239 6506/9238/3239
f 6517/9239/3240 6503/9240/3240 6509/9241/3240
f 6503/9242/3241 6517/9243/3241 6505/9244/3241
o Sphere_cell.296
v -0.004298 -0.000343 -0.005809
v -0.555569 0.000000 -0.831469
v -0.706264 -0.000332 -0.707755
v -0.625047 0.095790 -0.762304
v -0.465787 0.095402 -0.868856
v -0.550288 0.096516 -0.823565
v -0.699647 -0.095451 -0.701125
v -0.668265 -0.162645 -0.718360
v -0.470000 0.000000 -0.877207
v -0.465339 -0.096627 -0.868959
v -0.566763 -0.220891 -0.787470
v -0.614492 -0.195090 -0.758376
v -0.545161 -0.190221 -0.815892
v -0.548924 -0.195090 -0.812186
v -0.465787 0.095402 -0.868856
v -0.550288 0.096516 -0.823565
v -0.625047 0.095790 -0.762304
v -0.699647 -0.095451 -0.701125
v -0.668265 -0.162645 -0.718360
v -0.706264 -0.000332 -0.707755
v -0.470000 0.000000 -0.877207
v -0.465339 -0.096627 -0.868959
v -0.566763 -0.220891 -0.787470
v -0.614492 -0.195090 -0.758376
v -0.545161 -0.190221 -0.815892
v -0.548924 -0.195090 -0.812186
vn -0.5003 0.7067 0.5003
vn 0.0562 0.9952 0.0804
vn -0.6000 -0.4499 0.6615
vn -0.7071 0.0001 0.7071
vn 0.8819 0.0023 -0.4713
vn -0.2262 -0.8828 0.4118
vn 0.6521 -0.7088 -0.2692
vn -0.6073 -0.2890 -0.7400
vn -0.6316 0.0973 -0.7692
vn -0.6314 -0.0975 -0.7693
vn -0.4691 0.0975 -0.8777
vn -0.4691 -0.0975 -0.8777
vt 1.000000 0.724204
vt 0.327613 0.000000
vt 1.000000 0.000000
vt 0.783011 0.364115
vt 0.724204 0.724204
vt 0.000000 0.000000
vt 0.826526 0.000000
vt 0.317627 0.000000
vt 1.000000 0.665645
vt 0.672387 0.000000
vt 0.665645 0.665645
vt 1.000000 0.173474
vt 1.000000 1.000000
vt 0.173369 0.173369
vt 0.585357 0.165473
vt 1.000000 0.251679
vt 0.317627 0.317627
vt 0.690182 0.279435
vt 1.000000 0.173369
vt 0.251679 0.251679
vt 0.411933 0.227951
vt 0.441576 0.224392
vt 0.849329 0.428904
vt 0.858383 0.437500
vt 0.844597 0.437500
vt 0.843750 0.500000
vt 0.874778 0.500000
vt 0.859305 0.530688
vt 0.843750 0.530920
vt 0.869241 0.447894
vt 0.874831 0.469421
vt 0.843750 0.439060
vt 0.844597 0.437500
vt 0.858383 0.437500
vt 0.828320 0.530564
vt 0.828283 0.500000
vt 0.828283 0.500000
vt 0.828249 0.469044
vt 0.843750 0.439060
s 0
usemtl 
f 6534/9245/3242 6537/9246/3242 6518/9247/3242
f 6533/9248/3243 6534/9249/3243 6518/9250/3243 6532/9251/3243
f 6536/9252/3244 6518/9247/3244 6535/9253/3244
f 6537/9254/3245 6535/9255/3245 6518/9250/3245
f 6532/9256/3246 6518/9257/3246 6539/9258/3246 6538/9259/3246
f 6540/9260/3247 6518/9257/3247 6536/9261/3247 6541/9262/3247
f 6539/9263/3248 6518/9257/3248 6540/9264/3248 6543/9265/3248 6542/9266/3248
f 6528/9267/3249 6529/9268/3249 6531/9269/3249
f 6519/9270/3250 6520/9271/3250 6521/9272/3250 6523/9273/3250
f 6525/9274/3251 6524/9275/3251 6520/9271/3251 6519/9270/3251 6530/9276/3251 6531/9277/3251 6529/9278/3251
f 6519/9270/3252 6523/9273/3252 6522/9279/3252 6526/9280/3252
f 6519/9270/3253 6526/9281/3253 6527/9282/3253 6530/9283/3253
o Sphere_cell.297
v -0.006774 -0.000176 0.007107
v -0.707106 0.000000 0.707106
v -0.626305 -0.096260 0.761212
v -0.693872 -0.190036 0.693871
v -0.830261 0.000000 0.557041
v -0.626183 0.095914 0.761357
v -0.693904 0.189575 0.693904
v -0.632222 0.000000 0.768562
v -0.693872 -0.190036 0.693871
v -0.830261 0.000000 0.557041
v -0.626183 0.095914 0.761357
v -0.693904 0.189575 0.693904
v -0.626305 -0.096260 0.761212
v -0.632222 0.000000 0.768562
vn 0.5884 -0.7064 0.3934
vn -0.3933 -0.7062 -0.5887
vn -0.3926 0.7070 -0.5882
vn 0.5877 0.7076 0.3925
vn 0.7727 -0.0010 0.6347
vn -0.6314 0.0975 0.7693
vn -0.6314 -0.0975 0.7693
vn -0.7693 0.0975 0.6314
vn -0.7693 -0.0975 0.6314
vt 1.000000 0.341507
vt 1.000000 1.000000
vt 0.276708 0.276708
vt 1.000000 0.210333
vt 0.341923 0.341403
vt 1.000000 0.341516
vt 0.210333 0.210333
vt 1.000000 0.276565
vt 0.343090 0.341327
vt 1.000000 0.276708
vt 0.276565 0.276565
vt 0.634140 0.269656
vt 0.125000 0.560733
vt 0.125000 0.500000
vt 0.140443 0.500000
vt 0.140457 0.530727
vt 0.125021 0.439081
vt 0.140427 0.469162
vt 0.140443 0.500000
vt 0.124962 0.560803
vt 0.094053 0.500000
vt 0.125000 0.439119
s 0
usemtl 
f 6552/9284/3254 6544/9285/3254 6556/9286/3254
f 6553/9287/3255 6544/9285/3255 6552/9288/3255
f 6555/9289/3256 6544/9285/3256 6553/9290/3256
f 6554/9291/3257 6544/9285/3257 6555/9292/3257
f 6556/9293/3258 6544/9285/3258 6554/9294/3258 6557/9295/3258
f 6550/9296/3259 6545/9297/3259 6551/9298/3259 6549/9299/3259
f 6547/9300/3260 6546/9301/3260 6551/9302/3260 6545/9297/3260
f 6550/9303/3261 6548/9304/3261 6545/9297/3261
f 6545/9297/3262 6548/9304/3262 6547/9305/3262
o Sphere_cell.298
v -0.005241 0.004938 -0.008968
v -0.513280 0.382683 -0.768177
v -0.600694 0.287339 -0.733673
v -0.528916 0.289902 -0.791579
v -0.366105 0.284972 -0.880291
v -0.554204 0.465190 -0.677816
v -0.582236 0.382683 -0.711586
v -0.351617 0.395985 -0.846565
v -0.354391 0.382683 -0.853105
v -0.470052 0.528252 -0.703482
v -0.600694 0.287339 -0.733673
v -0.528916 0.289902 -0.791579
v -0.366105 0.284972 -0.880291
v -0.582236 0.382683 -0.711586
v -0.554204 0.465190 -0.677816
v -0.351617 0.395985 -0.846565
v -0.354391 0.382683 -0.853105
v -0.470052 0.528252 -0.703482
vn -0.1604 -0.9571 -0.2412
vn -0.7722 0.0023 0.6354
vn 0.9234 -0.0039 -0.3837
vn 0.7462 0.6657 0.0022
vn -0.2862 0.6634 0.6914
vn -0.5601 0.4696 -0.6825
vn -0.6073 0.2890 -0.7400
vn -0.4513 0.2890 -0.8443
vn -0.4162 0.4696 -0.7786
vt 1.000000 0.000000
vt 1.000000 0.696342
vt 0.718618 0.470541
vt 0.162951 0.000000
vt 0.696342 0.696342
vt 0.000000 0.000000
vt 0.642235 0.000000
vt 0.674892 0.340446
vt 0.195342 0.000000
vt 1.000000 0.837049
vt 0.297062 0.108001
vt 1.000000 0.332874
vt 1.000000 1.000000
vt 0.195342 0.195342
vt 0.335539 0.332935
vt 1.000000 0.357765
vt 0.843750 0.625000
vt 0.859142 0.625000
vt 0.859086 0.654827
vt 0.843750 0.677624
vt 0.843750 0.594088
vt 0.859192 0.593234
vt 0.812664 0.625000
vt 0.812729 0.592446
vt 0.843686 0.677706
vt 0.812658 0.629809
s 0
usemtl 
f 6558/9306/3263 6568/9307/3263 6569/9308/3263 6570/9309/3263
f 6568/9310/3264 6558/9311/3264 6572/9312/3264 6571/9313/3264
f 6573/9314/3265 6558/9306/3265 6570/9315/3265 6574/9316/3265
f 6575/9317/3266 6558/9318/3266 6573/9319/3266
f 6558/9318/3267 6575/9320/3267 6572/9321/3267
f 6559/9322/3268 6564/9323/3268 6563/9324/3268 6567/9325/3268
f 6564/9323/3269 6559/9322/3269 6561/9326/3269 6560/9327/3269
f 6559/9322/3270 6566/9328/3270 6562/9329/3270 6561/9326/3270
f 6567/9330/3271 6565/9331/3271 6566/9328/3271 6559/9322/3271
o Sphere_cell.299
v 0.015338 0.006129 -0.007398
v 0.009124 0.001906 -0.003430
v 0.107403 0.022016 -0.022219
v 0.906127 0.195090 -0.375330
v 0.914927 0.098386 -0.378975
v 0.869585 0.097793 -0.463927
v 0.861226 0.195090 -0.459336
v 0.812428 0.378739 -0.433019
v 0.846304 0.381413 -0.367928
v 0.961940 0.191645 -0.192503
v 0.960612 0.198813 -0.191848
v 0.943167 0.098905 -0.285705
v 0.849709 0.377493 -0.364069
v 0.857580 0.368316 -0.355221
v 0.869585 0.097793 -0.463927
v 0.861226 0.195090 -0.459336
v 0.812428 0.378739 -0.433019
v 0.846304 0.381413 -0.367928
v 0.961940 0.191645 -0.192503
v 0.943167 0.098905 -0.285705
v 0.849709 0.377493 -0.364069
v 0.857580 0.368316 -0.355221
v 0.960612 0.198813 -0.191848
v 0.914927 0.098386 -0.378975
vn 0.0927 -0.9952 -0.0321
vn -0.4519 -0.1598 -0.8777
vn -0.4714 0.0011 -0.8819
vn -0.3538 0.9238 0.1462
vn 0.2050 -0.0513 0.9774
vn 0.2705 -0.7091 0.6511
vn 0.2696 -0.7131 0.6472
vn -0.0011 0.6857 0.7279
vn -0.0055 0.6991 0.7150
vn -0.0006 0.6938 0.7202
vn 0.8443 0.2890 -0.4513
vn 0.8777 0.0975 -0.4691
vn 0.9171 0.2856 -0.2781
vn 0.9524 0.0975 -0.2889
vt 0.547116 0.417420
vt 0.102635 0.000000
vt 1.000000 0.000000
vt 1.000000 0.826677
vt 0.826677 0.826677
vt 0.000000 0.000000
vt 0.825540 0.825540
vt 0.770400 0.000000
vt 0.817495 0.553982
vt 0.770400 0.770400
vt 0.803175 0.000000
vt 0.094426 0.000000
vt 0.573390 0.479770
vt 0.906405 0.906405
vt 0.886914 0.000000
vt 0.886914 0.886914
vt 1.000000 1.000000
vt 0.787562 0.000000
vt 1.000000 0.196825
vt 0.787562 0.787562
vt 0.905574 0.000000
vt 0.795932 0.745352
vt 0.562500 0.562500
vt 0.577982 0.562500
vt 0.577937 0.623686
vt 0.565279 0.624577
vt 0.564426 0.623271
vt 0.562500 0.620213
vt 0.577982 0.562500
vt 0.562500 0.531519
vt 0.578001 0.531329
vt 0.531407 0.562500
vt 0.531375 0.563740
vt 0.531435 0.561396
vt 0.547005 0.531315
s 0
usemtl 
f 6580/9332/3272 6595/9333/3272 6577/9334/3272 6590/9335/3272
f 6576/9334/3273 6590/9336/3273 6577/9337/3273
f 6590/9338/3274 6576/9337/3274 6592/9339/3274 6591/9340/3274
f 6592/9341/3275 6576/9337/3275 6593/9342/3275
f 6598/9343/3276 6578/9334/3276 6594/9344/3276
f 6594/9345/3277 6578/9337/3277 6595/9346/3277
f 6595/9347/3278 6578/9337/3278 6577/9334/3278
f 6578/9337/3279 6576/9334/3279 6577/9348/3279
f 6576/9348/3280 6578/9337/3280 6596/9349/3280 6593/9350/3280
f 6596/9351/3281 6578/9337/3281 6598/9352/3281 6597/9353/3281
f 6579/9354/3282 6582/9355/3282 6583/9356/3282 6584/9357/3282 6588/9358/3282 6589/9359/3282
f 6582/9360/3283 6579/9354/3283 6599/9361/3283 6581/9362/3283
f 6585/9363/3284 6579/9354/3284 6589/9359/3284 6586/9364/3284
f 6599/9361/3285 6579/9354/3285 6585/9365/3285 6587/9366/3285
o Sphere_cell.290_cell
v 0.085816 0.990391 0.045409
v 0.075085 0.990403 0.061369
v 0.080288 0.990489 0.053647
v 0.061554 0.990413 0.074796
v 0.068207 0.990500 0.068207
v 0.053741 0.990473 0.080428
v 0.046105 0.990351 0.085911
v 0.037104 0.990451 0.089576
v 0.024980 0.990329 0.094484
v 0.003220 0.999171 0.007773
v 0.001832 0.999713 0.002244
v 0.000747 0.027542 0.001551
v 0.002336 0.037459 0.001287
v 0.003178 0.046531 0.001588
v 0.090742 0.990455 0.033120
v 0.024012 0.997440 0.009946
v 0.000634 0.021101 0.000855
v 0.024980 0.990329 0.094484
v 0.003220 0.999171 0.007773
v 0.003220 0.999171 0.007773
v 0.003220 0.999171 0.007773
v 0.001832 0.999713 0.002244
v 0.090742 0.990455 0.033120
v 0.024012 0.997440 0.009946
v 0.085816 0.990391 0.045409
v 0.080288 0.990489 0.053647
v 0.075085 0.990403 0.061369
v 0.068207 0.990500 0.068207
v 0.061554 0.990413 0.074796
v 0.053741 0.990473 0.080428
v 0.046105 0.990351 0.085911
v 0.037104 0.990451 0.089576
vn -0.9699 0.0009 0.2435
vn 0.3206 0.0023 -0.9472
vn 0.9239 -0.0981 0.3698
vn 0.8247 -0.0981 0.5571
vn 0.7009 -0.0979 0.7065
vn 0.5813 -0.0982 0.8078
vn 0.3743 -0.0984 0.9221
vn 0.0847 0.9952 0.0487
vn 0.0793 0.9952 0.0575
vn 0.0612 0.9952 0.0770
vn 0.0464 0.9951 0.0869
vn 0.0282 0.9951 0.0944
vn -0.6748 0.0886 -0.7326
vt 0.006217 0.000000
vt 0.694720 0.636127
vt 0.054696 0.005504
vt 0.049118 0.000000
vt 0.000000 0.000000
vt 0.950827 0.004348
vt 0.950580 0.021908
vt 0.948643 0.152964
vt 0.941764 0.613180
vt 0.018170 0.018170
vt 0.698961 0.057177
vt 1.000000 0.057203
vt 1.000000 0.973806
vt 0.995772 0.965081
vt 0.973806 0.973806
vt 0.057203 0.057203
vt 0.543483 0.056994
vt 1.000000 0.056970
vt 1.000000 0.988709
vt 1.000000 0.056989
vt 0.988709 0.988709
vt 0.056970 0.056970
vt 0.536718 0.056892
vt 0.056989 0.056989
vt 0.534165 0.056947
vt 1.000000 0.057079
vt 1.000000 0.983920
vt 0.989538 0.989538
vt 0.057079 0.057079
vt 0.368767 0.056932
vt 0.788390 0.056981
vt 0.983920 0.983920
vt 0.414141 0.969065
vt 0.422207 0.968746
vt 0.429609 0.969065
vt 0.423957 0.991674
vt 0.421393 0.998070
vt 0.382899 0.969098
vt 0.390784 0.968783
vt 0.398359 0.969065
vt 0.391107 0.998070
vt 0.390346 0.998884
vt 0.359369 0.999068
vt 0.359082 0.998828
vt 0.351628 0.969011
vt 0.359483 0.968817
vt 0.367101 0.969098
vt 0.320360 0.968939
vt 0.328258 0.968613
vt 0.335872 0.969011
vt 0.327451 0.997305
vt 0.294223 0.968567
vt 0.304640 0.968939
vt 0.297549 0.997305
vt 0.997075 0.009486
vt 1.000000 0.876508
vt 1.000000 0.000000
vt 1.000000 0.018170
s 0
usemtl 
f 6611/9367/3286 6617/9368/3286 6618/9369/3286 6621/9370/3286
f 6611/9371/3287 6621/9372/3287 6609/9373/3287 6623/9374/3287 6622/9375/3287 6613/9376/3287
f 6622/9377/3288 6624/9378/3288 6612/9379/3288 6613/9380/3288
f 6612/9381/3289 6624/9382/3289 6625/9383/3289 6626/9384/3289 6616/9385/3289
f 6628/9386/3290 6616/9387/3290 6626/9388/3290 6627/9389/3290
f 6628/9390/3291 6629/9391/3291 6630/9392/3291 6611/9393/3291 6616/9394/3291
f 6630/9395/3292 6631/9396/3292 6617/9397/3292 6611/9398/3292
f 6602/9399/3293 6600/9400/3293 6614/9401/3293 6615/9402/3293 6619/9403/3293
f 6604/9404/3294 6601/9405/3294 6602/9406/3294 6619/9407/3294 6610/9408/3294
f 6610/9409/3295 6620/9410/3295 6605/9411/3295 6603/9412/3295 6604/9413/3295
f 6607/9414/3296 6606/9415/3296 6605/9416/3296 6620/9417/3296
f 6608/9418/3297 6607/9419/3297 6620/9420/3297
f 6612/9421/3298 6616/9422/3298 6611/9423/3298 6613/9424/3298
o Sphere_cell.290_cell.001
v 0.094721 0.990488 -0.018841
v 0.096736 0.990381 -0.009359
v 0.096641 0.990482 0.000000
v 0.096317 0.990328 0.019159
v 0.003819 0.999624 0.000000
v 0.058539 0.628008 -0.017191
v 0.006632 0.077891 -0.000622
v 0.004447 0.055839 0.000075
v 0.009786 0.999018 -0.001886
v 0.092914 0.990417 -0.027269
v 0.091418 0.990439 0.031428
v 0.009669 0.109065 0.001955
v 0.003819 0.999624 0.000000
v 0.009786 0.999018 -0.001886
v 0.094721 0.990488 -0.018841
v 0.092914 0.990417 -0.027269
v 0.096736 0.990381 -0.009359
v 0.096641 0.990482 0.000000
v 0.096317 0.990328 0.019159
v 0.091418 0.990439 0.031428
vn -0.3014 -0.0003 -0.9535
vn -0.2919 0.0011 -0.9564
vn -0.3377 -0.0002 0.9413
vn 0.9732 -0.0981 -0.2079
vn 0.9951 -0.0982 0.0144
vn 0.9239 -0.0981 0.3698
vn 0.0942 0.9951 -0.0286
vn 0.0980 0.9951 -0.0097
vn 0.0980 0.9951 0.0097
vn 0.0941 0.9952 0.0285
vt 0.958462 0.005093
vt 1.000000 0.047178
vt 1.000000 0.387321
vt 0.123777 0.015632
vt 0.087920 0.000000
vt 0.626379 0.055003
vt 0.387321 0.387321
vt 0.051124 0.047230
vt 0.900177 0.036928
vt 0.670270 0.615597
vt 0.046569 0.000000
vt 0.912080 0.000000
vt 0.942751 0.065767
vt 0.942976 0.478727
vt 0.943051 0.943051
vt 0.065102 0.065102
vt 0.594184 0.040793
vt 0.904952 0.000000
vt 0.983943 0.027820
vt 1.000000 0.065102
vt 1.000000 0.943051
vt 0.687977 0.630966
vt 0.057485 0.000000
vt 0.905822 0.904951
vt 0.066112 0.057476
vt 0.502483 0.057270
vt 0.539140 0.969060
vt 0.546159 0.968829
vt 0.546030 0.996619
vt 0.523360 0.969060
vt 0.516375 0.996805
vt 0.515319 0.998777
vt 0.507885 0.969040
vt 0.515488 0.968714
vt 0.483929 0.998167
vt 0.476715 0.968516
vt 0.492115 0.969040
vt 0.450234 0.968902
vt 0.460990 0.968539
vt 0.453583 0.998168
s 0
usemtl 
f 6644/9425/3299 6645/9426/3299 6637/9427/3299 6638/9428/3299 6639/9429/3299
f 6647/9430/3300 6637/9431/3300 6645/9432/3300
f 6643/9433/3301 6651/9434/3301 6644/9435/3301 6639/9436/3301
f 6647/9437/3302 6646/9438/3302 6648/9439/3302 6638/9440/3302 6637/9441/3302
f 6643/9442/3303 6639/9443/3303 6638/9444/3303 6648/9445/3303 6649/9446/3303 6650/9447/3303
f 6643/9448/3304 6650/9449/3304 6651/9450/3304
f 6632/9451/3305 6641/9452/3305 6640/9453/3305
f 6632/9454/3306 6640/9455/3306 6636/9456/3306 6634/9457/3306 6633/9458/3306
f 6636/9459/3307 6635/9460/3307 6634/9461/3307
f 6642/9462/3308 6635/9463/3308 6636/9464/3308
o Sphere_cell.290_cell.002
v -0.005481 0.216042 -0.004347
v -0.001272 0.438415 -0.000952
v -0.053607 0.990496 -0.080229
v -0.045942 0.990407 -0.085346
v 0.002397 0.998886 -0.011028
v -0.000807 0.999792 -0.001949
v -0.011033 0.998693 -0.007372
v -0.009543 0.165450 -0.012005
v -0.023606 0.662795 -0.059924
v -0.013260 0.292374 -0.024549
v -0.000768 0.998189 -0.018311
v -0.025923 0.426141 -0.031918
v -0.024712 0.997073 -0.016512
v -0.005940 0.997001 -0.029861
v -0.033304 0.990428 -0.090969
v -0.038400 0.994651 -0.038400
v -0.061319 0.990408 -0.075060
v -0.000768 0.998189 -0.018311
v -0.005940 0.997001 -0.029861
v -0.033304 0.990428 -0.090969
v -0.038400 0.994651 -0.038400
v -0.061319 0.990408 -0.075060
v -0.053607 0.990496 -0.080229
v -0.045942 0.990407 -0.085346
v -0.011033 0.998693 -0.007372
v -0.024712 0.997073 -0.016512
v 0.002397 0.998886 -0.011028
v -0.000807 0.999792 -0.001949
vn -0.5203 0.0007 0.8540
vn -0.5780 -0.0015 0.8161
vn 0.9370 -0.0124 -0.3490
vn -0.8467 -0.0126 0.5320
vn 0.9131 -0.0116 -0.4076
vn -0.8472 -0.0125 0.5311
vn -0.5533 -0.0980 -0.8272
vn -0.4044 -0.0981 -0.9093
vn 0.0052 0.9952 -0.0975
vn -0.0740 0.9952 -0.0644
vn -0.0622 0.9951 -0.0762
vn -0.0434 0.9951 -0.0885
vn -0.0286 0.9951 -0.0942
vn -0.0107 0.9952 -0.0975
vn 0.9163 -0.0127 -0.4003
vn 0.9430 -0.0002 0.3329
vt 0.485645 0.083959
vt 1.000000 0.086853
vt 1.000000 1.000000
vt 0.081691 0.081691
vt 1.000000 0.000000
vt 0.063824 0.000000
vt 1.000000 0.082900
vt 0.000000 0.000000
vt 0.049033 0.000000
vt 0.572348 0.000000
vt 1.000000 0.802617
vt 0.952844 0.952844
vt 0.644898 0.644898
vt 0.945435 0.414194
vt 0.951708 0.867215
vt 0.845112 0.794092
vt 0.564295 0.509498
vt 1.000000 0.427652
vt 1.000000 0.950968
vt 0.764437 0.057111
vt 0.882641 0.057048
vt 1.000000 0.057157
vt 1.000000 0.728600
vt 0.966091 0.850682
vt 0.902486 0.599908
vt 0.728601 0.728601
vt 0.057157 0.057157
vt 0.722120 0.056948
vt 0.740441 0.372185
vt 0.733481 0.996253
vt 0.735701 0.994695
vt 0.734714 0.998643
vt 0.890500 0.999499
vt 0.886276 0.982602
vt 0.893005 0.990479
vt 0.891688 0.995749
vt 0.863724 0.982602
vt 0.859234 0.999436
vt 0.851647 0.969088
vt 0.859198 0.968799
vt 0.820381 0.969024
vt 0.828359 0.968798
vt 0.835853 0.969088
vt 0.827956 0.999324
vt 0.804619 0.969024
vt 0.796654 0.999115
vt 0.794437 0.990246
vt 0.765286 0.998643
vt 0.764783 0.994110
vt 0.768063 0.990246
vt 0.644898 0.000000
vt 0.964925 0.015571
vt 1.000000 0.060828
vt 0.802617 0.802617
vt 0.865522 0.732700
vt 1.000000 0.081691
vt 0.224230 0.082691
s 0
usemtl 
f 6676/9465/3309 6677/9466/3309 6653/9467/3309 6679/9468/3309
f 6652/9469/3310 6653/9467/3310 6677/9470/3310
f 6678/9471/3311 6653/9467/3311 6652/9472/3311
f 6652/9467/3312 6677/9473/3312 6663/9474/3312 6659/9475/3312
f 6669/9476/3313 6660/9477/3313 6671/9478/3313 6670/9479/3313
f 6672/9480/3314 6673/9481/3314 6663/9482/3314 6677/9483/3314
f 6673/9484/3315 6674/9485/3315 6675/9486/3315 6661/9487/3315 6659/9488/3315 6663/9489/3315
f 6661/9490/3316 6675/9491/3316 6671/9492/3316 6660/9493/3316
f 6656/9494/3317 6662/9495/3317 6657/9496/3317
f 6657/9497/3318 6667/9498/3318 6664/9499/3318 6658/9500/3318
f 6667/9501/3319 6657/9502/3319 6654/9503/3319 6668/9504/3319
f 6666/9505/3320 6655/9506/3320 6654/9507/3320 6657/9508/3320
f 6666/9509/3321 6657/9510/3321 6665/9511/3321
f 6657/9512/3322 6662/9513/3322 6665/9514/3322
f 6660/9515/3323 6669/9516/3323 6678/9517/3323 6652/9467/3323 6659/9518/3323 6661/9519/3323
f 6679/9520/3324 6653/9467/3324 6678/9521/3324
o Sphere_cell.290_cell.003
v -0.006421 0.135689 -0.003748
v -0.107299 0.988572 -0.044085
v -0.086752 0.989724 -0.057966
v -0.069546 0.990313 -0.069546
v -0.004913 0.062898 -0.002958
v -0.012917 0.128120 -0.005017
v -0.011201 0.111953 -0.004561
v -0.027303 0.262691 -0.009293
v -0.023066 0.360772 -0.026089
v -0.028135 0.996683 -0.018452
v -0.063095 0.990387 -0.073870
v -0.044685 0.993776 -0.044685
v -0.105002 0.989119 -0.032591
v -0.054824 0.994161 -0.022525
v -0.063095 0.990387 -0.073870
v -0.044685 0.993776 -0.044685
v -0.105002 0.989119 -0.032591
v -0.054824 0.994161 -0.022525
v -0.107299 0.988572 -0.044085
v -0.086752 0.989724 -0.057966
v -0.069546 0.990313 -0.069546
v -0.028135 0.996683 -0.018452
vn 0.1990 -0.0065 -0.9800
vn -0.1990 0.0065 0.9800
vn -0.2023 0.0095 0.9793
vn 0.8450 0.0132 -0.5346
vn 0.8361 0.0074 -0.5485
vn -0.1831 0.0112 0.9830
vn -0.9750 -0.0979 0.1995
vn -0.0942 0.9951 -0.0286
vn -0.0870 0.9951 -0.0462
vn -0.0762 0.9951 -0.0623
vn -0.0625 0.9951 -0.0761
vn -0.5533 -0.0980 -0.8272
vt 0.880182 0.000000
vt 1.000000 0.000000
vt 1.000000 0.415095
vt 0.415095 0.415095
vt 0.000000 0.000000
vt 0.043180 0.000000
vt 0.135369 0.101156
vt 0.138854 0.000000
vt 0.043180 0.043180
vt 1.000000 0.632381
vt 0.572256 0.054588
vt 0.797513 0.051466
vt 1.000000 0.048788
vt 0.057997 0.000000
vt 1.000000 0.119818
vt 0.632381 0.632381
vt 0.276358 0.061029
vt 0.674318 0.066755
vt 1.000000 0.861147
vt 1.000000 1.000000
vt 0.057997 0.057997
vt 1.000000 0.058739
vt 1.000000 0.902130
vt 0.997731 0.886578
vt 0.982840 0.757119
vt 0.904255 0.058285
vt 0.944104 0.962827
vt 0.952547 0.964608
vt 0.948516 0.981006
vt 0.919128 0.989014
vt 0.913519 0.966574
vt 0.931148 0.962907
vt 0.926613 0.981048
vt 0.882748 0.968491
vt 0.898981 0.966574
vt 0.893372 0.989014
vt 0.885564 0.979755
vt 0.860936 0.968733
vt 0.867252 0.968491
vt 0.864436 0.979755
vt 0.902656 0.902128
vt 0.063801 0.058716
vt 0.374328 0.057692
vt 0.638343 0.057177
vt 0.737221 0.057125
vt 0.899385 0.662786
s 0
usemtl 
f 6686/9522/3325 6680/9523/3325 6684/9524/3325
f 6684/9525/3326 6680/9526/3326 6685/9527/3326 6686/9528/3326
f 6687/9529/3327 6685/9530/3327 6680/9526/3327
f 6688/9531/3328 6694/9532/3328 6695/9533/3328 6701/9534/3328
f 6701/9535/3329 6680/9523/3329 6686/9536/3329 6688/9537/3329
f 6697/9538/3330 6696/9539/3330 6687/9540/3330 6680/9541/3330 6701/9542/3330
f 6698/9543/3331 6686/9544/3331 6685/9545/3331 6687/9546/3331 6696/9547/3331
f 6681/9548/3332 6692/9549/3332 6693/9550/3332
f 6689/9551/3333 6699/9552/3333 6681/9553/3333 6693/9554/3333
f 6700/9555/3334 6699/9556/3334 6689/9557/3334 6691/9558/3334
f 6690/9559/3335 6700/9560/3335 6691/9561/3335
f 6686/9562/3336 6698/9563/3336 6682/9564/3336 6683/9565/3336 6694/9566/3336 6688/9567/3336
o Sphere_cell.290_cell.004
v -0.002382 0.269172 -0.000031
v -0.090765 0.990324 0.037596
v -0.094623 0.990498 0.018822
v -0.102567 0.989700 -0.020402
v -0.098454 0.990303 -0.000000
v -0.044368 0.995274 -0.018229
v -0.104536 0.989230 -0.030257
v -0.004043 0.048393 -0.000767
v -0.025539 0.997096 -0.014459
v -0.003395 0.042531 -0.000473
v -0.002252 0.033103 0.000489
v -0.011272 0.998798 0.004669
v -0.086825 0.989782 0.056590
v -0.012392 0.998680 -0.005091
v -0.005283 0.999480 -0.000000
v -0.044368 0.995274 -0.018229
v -0.104536 0.989230 -0.030257
v -0.011272 0.998798 0.004669
v -0.086825 0.989782 0.056590
v -0.090765 0.990324 0.037596
v -0.094623 0.990498 0.018822
v -0.098454 0.990303 -0.000000
v -0.102567 0.989700 -0.020402
v -0.025539 0.997096 -0.014459
v -0.005283 0.999480 -0.000000
v -0.012392 0.998680 -0.005091
vn 0.1970 -0.0097 -0.9804
vn 0.3756 -0.0049 -0.9268
vn 0.5486 0.0021 0.8361
vn 0.5700 0.0018 0.8216
vn 0.5808 0.0023 -0.8140
vn 0.5206 -0.0007 -0.8538
vn -0.0869 0.9951 0.0464
vn -0.0944 0.9951 0.0277
vn -0.0980 0.9951 -0.0097
vn -0.0944 0.9952 -0.0275
vn -0.0870 0.9951 -0.0462
vn -0.9750 -0.0979 0.1995
vn -0.0980 0.9951 0.0097
vt 0.855426 0.050503
vt 1.000000 0.048925
vt 1.000000 0.919404
vt 0.392714 0.055762
vt 0.919404 0.919404
vt 0.050808 0.000000
vt 0.960441 0.000000
vt 0.000000 0.000000
vt 1.000000 0.046474
vt 0.769666 0.769666
vt 0.933417 0.933417
vt 0.055610 0.046608
vt 0.088712 0.047137
vt 0.592269 0.055507
vt 0.064834 0.000000
vt 1.000000 0.000000
vt 1.000000 0.931815
vt 0.411548 0.345528
vt 0.931815 0.931815
vt 0.876721 0.000000
vt 1.000000 0.039560
vt 0.070257 0.968526
vt 0.085462 0.966763
vt 0.077148 0.996091
vt 0.047852 0.996091
vt 0.046360 0.997942
vt 0.039148 0.969092
vt 0.054743 0.968526
vt 0.975999 0.966497
vt 0.992260 0.968459
vt 0.983778 0.997611
vt 0.952083 0.995707
vt 0.949395 0.984629
vt 0.954262 0.964970
vt 0.961501 0.966497
vt 0.953722 0.997611
vt 0.921268 0.990551
vt 0.925709 0.984662
vt 0.922946 0.995716
vt 0.162719 0.058213
vt 0.320395 0.057572
vt 0.476386 0.057285
vt 0.632909 0.057353
vt 0.802719 0.057804
vt 0.884811 0.058193
vt 0.992283 0.963287
vt 0.992039 0.968926
vt 0.987579 0.978001
vt 0.007740 0.968459
vt 0.023352 0.969092
vt 0.015202 0.998307
s 0
usemtl 
f 6717/9568/3337 6725/9569/3337 6709/9570/3337 6718/9571/3337
f 6709/9572/3338 6725/9573/3338 6711/9574/3338
f 6702/9575/3339 6716/9576/3339 6712/9577/3339
f 6712/9578/3340 6716/9579/3340 6719/9580/3340 6720/9581/3340
f 6716/9582/3341 6702/9583/3341 6725/9584/3341 6715/9585/3341
f 6725/9586/3342 6702/9575/3342 6712/9587/3342 6711/9588/3342
f 6721/9589/3343 6714/9590/3343 6713/9591/3343
f 6713/9592/3344 6726/9593/3344 6722/9594/3344 6721/9595/3344
f 6724/9596/3345 6706/9597/3345 6726/9598/3345
f 6727/9599/3346 6707/9600/3346 6708/9601/3346 6724/9602/3346 6726/9603/3346
f 6710/9604/3347 6707/9605/3347 6727/9606/3347
f 6720/9607/3348 6703/9608/3348 6704/9609/3348 6723/9610/3348 6705/9611/3348 6718/9612/3348 6709/9613/3348 6711/9614/3348 6712/9615/3348
f 6706/9616/3349 6722/9617/3349 6726/9618/3349
o Sphere_cell.290_cell.005
v 0.000763 0.459839 -0.001026
v 0.045694 0.990384 -0.085746
v 0.053714 0.990477 -0.080389
v 0.069535 0.990296 -0.069780
v 0.080060 0.990517 -0.053494
v 0.085186 0.990441 -0.045528
v 0.089005 0.990511 -0.036867
v 0.001074 0.999873 -0.000718
v 0.004422 0.998881 -0.010458
v 0.002141 0.036919 -0.001416
v 0.057921 0.624858 -0.018256
v 0.003309 0.048849 -0.001769
v 0.007693 0.999204 -0.002359
v 0.092526 0.990409 -0.028840
v 0.024217 0.720648 -0.065703
v 0.033360 0.990451 -0.090694
v 0.004237 0.102071 -0.008011
v 0.002326 0.043692 -0.002358
v 0.012212 0.355018 -0.031680
v 0.007693 0.999204 -0.002359
v 0.092526 0.990409 -0.028840
v 0.045694 0.990384 -0.085746
v 0.053714 0.990477 -0.080389
v 0.069535 0.990296 -0.069780
v 0.080060 0.990517 -0.053494
v 0.085186 0.990441 -0.045528
v 0.089005 0.990511 -0.036867
v 0.004422 0.998881 -0.010458
v 0.001074 0.999873 -0.000718
v 0.033360 0.990451 -0.090694
vn 0.0918 -0.0006 0.9958
vn 0.2904 -0.0007 0.9569
vn 0.2979 -0.0006 0.9546
vn -0.9407 0.0004 -0.3393
vn -0.9408 -0.0024 -0.3388
vn -0.9383 -0.0014 -0.3458
vn 0.3701 -0.0981 -0.9238
vn 0.5535 -0.0982 -0.8270
vn 0.8365 -0.0978 -0.5392
vn 0.9109 -0.0978 -0.4008
vn 0.0443 0.9951 -0.0880
vn 0.0625 0.9951 -0.0761
vn 0.0760 0.9951 -0.0626
vn 0.0869 0.9951 -0.0464
vn 0.0941 0.9951 -0.0290
vn -0.9457 0.0007 -0.3251
vt 0.915863 0.915863
vt 0.000000 0.000000
vt 1.000000 0.070421
vt 1.000000 0.610277
vt 1.000000 0.953825
vt 0.954448 0.954448
vt 0.070421 0.070421
vt 0.089528 0.081375
vt 0.945367 0.370679
vt 0.953825 0.953825
vt 0.610277 0.610277
vt 0.987603 0.899967
vt 0.409052 0.307901
vt 0.558072 0.000000
vt 1.000000 0.000000
vt 0.993599 0.167083
vt 1.000000 0.151474
vt 1.000000 1.000000
vt 0.790010 0.790010
vt 0.954357 0.283893
vt 0.558072 0.558072
vt 1.000000 0.790010
vt 0.693668 0.057650
vt 1.000000 0.057765
vt 1.000000 0.911709
vt 0.867262 0.668540
vt 0.691889 0.317044
vt 0.057764 0.057764
vt 0.374390 0.057447
vt 1.000000 0.057172
vt 1.000000 0.967807
vt 0.911709 0.911709
vt 1.000000 0.962853
vt 0.989682 0.975315
vt 0.968004 0.967807
vt 0.062934 0.057168
vt 0.690522 0.057085
vt 1.000000 0.057219
vt 0.981932 0.408860
vt 0.962853 0.962853
vt 0.057219 0.057219
vt 0.540055 0.057168
vt 0.987256 0.057282
vt 0.664132 0.969026
vt 0.671974 0.968722
vt 0.679612 0.969051
vt 0.672717 0.996360
vt 0.671629 0.999017
vt 0.632876 0.968435
vt 0.648368 0.969026
vt 0.640484 0.999427
vt 0.601663 0.969153
vt 0.617262 0.968452
vt 0.609272 0.999586
vt 0.578121 0.968907
vt 0.585837 0.969153
vt 0.578041 0.999665
vt 0.570409 0.969137
vt 0.554591 0.969137
vt 0.546857 0.999665
vt 0.546895 0.997410
vt 0.547479 0.968802
vt 0.797131 0.712316
vt 0.087350 0.000000
s 0
usemtl 
f 6735/9619/3350 6728/9620/3350 6737/9621/3350
f 6738/9622/3351 6747/9623/3351 6735/9624/3351 6737/9625/3351 6739/9626/3351
f 6748/9627/3352 6747/9628/3352 6738/9629/3352
f 6755/9630/3353 6757/9631/3353 6742/9632/3353 6728/9633/3353
f 6745/9634/3354 6737/9635/3354 6728/9636/3354 6746/9637/3354 6744/9638/3354
f 6728/9636/3355 6742/9639/3355 6746/9640/3355
f 6757/9641/3356 6749/9642/3356 6744/9643/3356 6746/9644/3356 6742/9645/3356
f 6749/9646/3357 6750/9647/3357 6751/9648/3357 6745/9649/3357 6744/9650/3357
f 6739/9651/3358 6737/9652/3358 6745/9653/3358 6751/9654/3358 6752/9655/3358 6753/9656/3358
f 6738/9657/3359 6739/9658/3359 6753/9659/3359 6754/9660/3359 6748/9661/3359
f 6730/9662/3360 6729/9663/3360 6743/9664/3360 6736/9665/3360 6756/9666/3360
f 6731/9667/3361 6730/9668/3361 6756/9669/3361
f 6732/9670/3362 6731/9671/3362 6756/9672/3362
f 6733/9673/3363 6732/9674/3363 6756/9675/3363 6734/9676/3363
f 6734/9677/3364 6756/9678/3364 6740/9679/3364 6741/9680/3364
f 6735/9681/3365 6755/9682/3365 6728/9633/3365
o Sphere_cell.290_cell.006
v -0.000590 0.423807 0.001062
v -0.000321 0.821052 0.000682
v 0.018867 0.990267 0.096959
v -0.019443 0.990281 0.096727
v -0.000000 0.990460 0.096863
v -0.084207 0.989219 0.069113
v -0.073651 0.989741 0.073651
v -0.054645 0.990312 0.081783
v -0.036989 0.990480 0.089298
v 0.022639 0.965393 0.092773
v 0.003347 0.186184 0.017429
v 0.007253 0.996259 0.037272
v -0.002417 0.999714 0.001615
v 0.000000 0.998963 0.010534
v -0.086373 0.989703 0.058763
v -0.007469 0.096542 0.006117
v -0.039835 0.995281 0.026617
v -0.000877 0.029178 0.001704
v 0.007253 0.996259 0.037272
v 0.000000 0.998963 0.010534
v -0.086373 0.989703 0.058763
v -0.039835 0.995281 0.026617
v 0.018867 0.990267 0.096959
v -0.000000 0.990460 0.096863
v -0.019443 0.990281 0.096727
v -0.036989 0.990480 0.089298
v -0.054645 0.990312 0.081783
v -0.073651 0.989741 0.073651
v -0.084207 0.989219 0.069113
v -0.002417 0.999714 0.001615
vn 0.9702 -0.0008 -0.2424
vn 0.9669 0.0258 -0.2537
vn -0.5626 -0.0014 -0.8267
vn -0.5525 -0.0010 -0.8335
vn 0.9972 -0.0006 0.0743
vn -0.4456 -0.0006 -0.8952
vn 0.3743 -0.0984 0.9221
vn -0.0101 -0.0984 0.9951
vn -0.3890 -0.0981 0.9160
vn -0.9750 -0.0979 0.1995
vn 0.0097 0.9951 0.0980
vn -0.0099 0.9951 0.0980
vn -0.0292 0.9952 0.0935
vn -0.0463 0.9952 0.0865
vn -0.0624 0.9951 0.0760
vn -0.0761 0.9951 0.0625
vt 0.079140 0.000000
vt 1.000000 0.000000
vt 1.000000 0.629610
vt 0.233837 0.108967
vt 0.781282 0.021150
vt 0.778532 0.064839
vt 0.766053 0.248335
vt 0.738611 0.646492
vt 0.629610 0.629610
vt 0.000000 0.000000
vt 1.000000 0.936345
vt 0.958313 0.874542
vt 0.460636 0.055094
vt 0.761962 0.049855
vt 1.000000 0.045730
vt 0.079626 0.000000
vt 0.936345 0.936345
vt 0.853312 0.853312
vt 1.000000 0.217899
vt 1.000000 1.000000
vt 1.000000 0.057006
vt 1.000000 0.830694
vt 0.852798 0.080963
vt 0.830694 0.830694
vt 0.057006 0.057006
vt 0.521318 0.057203
vt 1.000000 0.057770
vt 1.000000 0.977439
vt 0.977439 0.977439
vt 0.057770 0.057770
vt 0.312423 0.057590
vt 0.569157 0.057763
vt 0.845993 0.058325
vt 1.000000 0.058834
vt 1.000000 0.917020
vt 0.144682 0.058303
vt 0.917020 0.917020
vt 0.058834 0.058834
vt 0.264781 0.996625
vt 0.257867 0.968969
vt 0.273530 0.968380
vt 0.268664 0.987845
vt 0.233881 0.998024
vt 0.226476 0.968405
vt 0.242133 0.968969
vt 0.203619 0.998024
vt 0.202764 0.998555
vt 0.195384 0.969035
vt 0.211024 0.968405
vt 0.171582 0.998829
vt 0.163997 0.968489
vt 0.179616 0.969035
vt 0.140371 0.998982
vt 0.132283 0.966631
vt 0.148503 0.968489
vt 0.101719 0.966506
vt 0.109379 0.964931
vt 0.117717 0.966631
vt 0.109142 0.999069
vt 0.105538 0.984652
s 0
usemtl 
f 6775/9683/3366 6759/9684/3366 6767/9685/3366 6768/9686/3366
f 6787/9687/3367 6777/9688/3367 6776/9689/3367 6780/9690/3367 6767/9691/3367 6759/9692/3367
f 6775/9693/3368 6773/9694/3368 6778/9695/3368 6779/9696/3368 6787/9697/3368
f 6787/9698/3369 6758/9684/3369 6775/9699/3369
f 6775/9700/3370 6758/9692/3370 6759/9684/3370
f 6787/9701/3371 6759/9702/3371 6758/9692/3371
f 6780/9703/3372 6768/9704/3372 6767/9705/3372
f 6768/9706/3373 6780/9707/3373 6781/9708/3373 6782/9709/3373 6775/9710/3373
f 6775/9711/3374 6782/9712/3374 6783/9713/3374 6784/9714/3374 6785/9715/3374 6786/9716/3374 6773/9717/3374
f 6778/9718/3375 6773/9719/3375 6786/9720/3375
f 6771/9721/3376 6762/9722/3376 6760/9723/3376 6769/9724/3376
f 6771/9725/3377 6761/9726/3377 6762/9727/3377
f 6771/9728/3378 6770/9729/3378 6766/9730/3378 6761/9731/3378
f 6770/9732/3379 6765/9733/3379 6766/9734/3379
f 6770/9735/3380 6764/9736/3380 6765/9737/3380
f 6772/9738/3381 6763/9739/3381 6764/9740/3381 6770/9741/3381 6774/9742/3381
o Sphere_cell.290_cell.007
v -0.028021 0.990358 -0.093312
v -0.003442 0.145761 -0.003695
v -0.018915 0.990451 -0.095091
v -0.000494 0.292372 -0.001036
v -0.009398 0.990362 -0.096932
v 0.000000 0.990466 -0.096799
v -0.000384 0.048828 -0.000663
v 0.018840 0.990313 -0.096496
v -0.000300 0.019019 -0.000811
v -0.001642 0.033956 -0.001719
v -0.005920 0.114559 -0.008402
v -0.007421 0.162246 -0.013045
v -0.007920 0.178329 -0.014615
v -0.009952 0.246725 -0.021093
v -0.018496 0.541493 -0.049105
v 0.031826 0.990436 -0.091307
v 0.002882 0.998518 -0.014760
v 0.000000 0.997909 -0.021232
v -0.007632 0.996147 -0.038367
v 0.002882 0.998518 -0.014760
v 0.000000 0.997909 -0.021232
v -0.007632 0.996147 -0.038367
v -0.028021 0.990358 -0.093312
v -0.018915 0.990451 -0.095091
v -0.009398 0.990362 -0.096932
v 0.000000 0.990466 -0.096799
v 0.018840 0.990313 -0.096496
v 0.031826 0.990436 -0.091307
vn 0.9415 0.0009 0.3370
vn -0.6559 0.0009 0.7549
vn -0.8700 -0.0053 0.4930
vn -0.9130 0.0110 0.4079
vn -0.9141 0.0112 0.4054
vn -0.9146 0.0119 0.4042
vn -0.9232 0.0130 0.3840
vn -0.1899 -0.0984 -0.9769
vn 0.1259 -0.0997 -0.9870
vn 0.3700 -0.1016 -0.9235
vn -0.5390 -0.0982 -0.8365
vn -0.4044 -0.0981 -0.9093
vn 0.0097 0.9951 -0.0980
vn 0.0283 0.9951 -0.0944
vn -0.0286 0.9951 -0.0942
vn -0.0097 0.9951 -0.0980
vn 0.9365 0.0020 0.3507
vt 1.000000 0.000000
vt 0.826422 0.826422
vt 0.000000 0.000000
vt 0.849227 0.849227
vt 1.000000 0.638708
vt 0.168160 0.000000
vt 0.638707 0.638707
vt 0.168160 0.168160
vt 1.000000 0.391757
vt 0.137256 0.000000
vt 0.343305 0.316840
vt 0.391757 0.391757
vt 0.328744 0.000000
vt 0.137256 0.137256
vt 0.668844 0.078950
vt 1.000000 0.671256
vt 1.000000 1.000000
vt 0.076231 0.068392
vt 0.125911 0.069183
vt 0.257662 0.071475
vt 0.991540 0.991540
vt 0.056936 0.056936
vt 0.518108 0.057153
vt 1.000000 0.057558
vt 0.057558 0.057558
vt 0.371136 0.057516
vt 1.000000 0.057780
vt 1.000000 0.966579
vt 0.988212 0.988212
vt 0.966986 0.966578
vt 0.069272 0.057772
vt 0.516527 0.057685
vt 1.000000 0.838301
vt 0.997959 0.991359
vt 0.992668 0.977173
vt 0.984990 0.899639
vt 0.996127 0.853771
vt 0.827157 0.488875
vt 1.000000 0.056936
vt 0.992647 0.992647
vt 0.838301 0.838301
vt 0.834110 0.772493
vt 0.733214 0.995181
vt 0.726783 0.968492
vt 0.742128 0.968989
vt 0.736076 0.993198
vt 0.703733 0.995462
vt 0.699815 0.968901
vt 0.710994 0.968523
vt 0.793742 0.987468
vt 0.789110 0.968939
vt 0.799678 0.968784
vt 0.763924 0.993198
vt 0.757872 0.968989
vt 0.765504 0.968650
vt 0.773390 0.968939
vt 0.768758 0.987468
vt 0.068281 0.000000
vt 0.996510 0.820771
vt 0.981428 0.787409
vt 0.667609 0.588754
s 0
usemtl 
f 6794/9743/3382 6796/9744/3382 6791/9745/3382
f 6796/9746/3383 6791/9745/3383 6789/9743/3383 6797/9747/3383
f 6798/9748/3384 6797/9749/3384 6789/9745/3384
f 6798/9750/3385 6789/9745/3385 6791/9743/3385 6799/9751/3385
f 6791/9745/3386 6801/9752/3386 6800/9753/3386 6799/9754/3386
f 6791/9745/3387 6802/9755/3387 6801/9756/3387
f 6810/9757/3388 6802/9758/3388 6791/9759/3388 6807/9760/3388 6808/9761/3388 6809/9762/3388
f 6796/9763/3389 6810/9764/3389 6811/9765/3389 6812/9766/3389
f 6812/9767/3390 6813/9768/3390 6814/9769/3390 6794/9770/3390 6796/9771/3390
f 6794/9772/3391 6814/9773/3391 6815/9774/3391
f 6800/9775/3392 6796/9776/3392 6797/9777/3392 6798/9778/3392 6799/9779/3392
f 6802/9780/3393 6810/9781/3393 6796/9782/3393 6800/9783/3393 6801/9784/3393
f 6804/9785/3394 6795/9786/3394 6793/9787/3394 6805/9788/3394
f 6804/9789/3395 6803/9790/3395 6795/9791/3395
f 6806/9792/3396 6790/9793/3396 6788/9794/3396
f 6805/9795/3397 6793/9796/3397 6792/9797/3397 6790/9798/3397 6806/9799/3397
f 6807/9800/3398 6791/9743/3398 6796/9801/3398 6794/9802/3398 6815/9803/3398
