# Blender 5.2.2 LTS
# www.blender.org
mtllib 2.mtl
o Sphere_cell
v 0.002062 0.000746 0.006977
v 0.075629 0.019822 0.080995
v 0.382683 0.000000 0.923879
v 0.672556 0.181239 0.712481
v 0.381053 -0.184436 0.904252
v 0.196603 0.000000 0.980326
v 0.375517 -0.190133 0.906578
v 0.192528 0.190508 0.962049
v 0.375364 0.194189 0.906209
v 0.545144 0.190543 0.815865
v 0.680656 0.174444 0.706694
v 0.554615 0.000000 0.831980
v 0.196603 0.000000 0.980326
v 0.375517 -0.190133 0.906578
v 0.192528 0.190508 0.962049
v 0.375364 0.194189 0.906209
v 0.545144 0.190543 0.815865
v 0.672556 0.181239 0.712481
v 0.680656 0.174444 0.706694
v 0.381053 -0.184436 0.904252
v 0.554615 0.000000 0.831980
vn -0.0421 0.9768 -0.2099
vn 0.5792 -0.7147 -0.3921
vn -0.6940 -0.7066 0.1382
vn -0.9806 -0.0022 0.1960
vn -0.0747 0.9808 -0.1800
vn 0.3151 0.8045 -0.5035
vn 0.5876 -0.7071 -0.3934
vn 0.6314 0.0965 0.7695
vn 0.4691 0.0975 0.8777
vn 0.4691 -0.0975 0.8777
vn 0.2889 0.0975 0.9524
vn 0.2889 -0.0975 0.9524
vt 0.348306 0.000000
vt 1.000000 0.000000
vt 1.000000 1.000000
vt 0.000000 0.000000
vt 0.849200 0.000000
vt 1.000000 0.137895
vt 0.138062 0.137874
vt 1.000000 0.066863
vt 1.000000 0.084585
vt 0.066863 0.066863
vt 1.000000 0.323079
vt 0.084585 0.084585
vt 0.386228 0.138032
vt 0.713044 0.224553
vt 1.000000 0.651694
vt 0.354153 0.000000
vt 1.000000 0.150800
vt 0.354153 0.354153
vt 0.652956 0.225118
vt 0.372006 0.555886
vt 0.370264 0.558090
vt 0.343750 0.561043
vt 0.343750 0.500345
vt 0.312500 0.562211
vt 0.312500 0.500000
vt 0.312506 0.439076
vt 0.313476 0.440913
vt 0.343577 0.500000
vt 0.281502 0.500000
vt 0.281436 0.561032
vt 0.312500 0.439088
vt 0.281502 0.500000
s 0
usemtl 
f 18/1/1 2/2/1 1/3/1
f 2/4/2 20/5/2 14/6/2 1/3/2
f 1/3/3 14/7/3 13/8/3
f 15/9/4 1/3/4 13/10/4
f 18/11/5 1/3/5 15/12/5 16/13/5 17/14/5
f 2/2/6 18/15/6 19/16/6
f 20/17/7 2/3/7 19/18/7 21/19/7
f 11/20/8 4/21/8 10/22/8 12/23/8
f 9/24/9 3/25/9 12/23/9 10/22/9
f 7/26/10 5/27/10 12/28/10 3/25/10
f 6/29/11 3/25/11 9/24/11 8/30/11
f 7/31/12 3/25/12 6/32/12
o Sphere_cell.001
v 0.001490 -0.019899 -0.004593
v 0.074658 -0.980785 -0.180240
v 0.156359 -0.954083 -0.235900
v 0.107408 -0.980785 -0.162735
v 0.001530 -0.999531 -0.004492
v 0.038938 -0.980785 -0.191075
v 0.065152 -0.940325 -0.321833
v 0.114368 -0.949308 -0.276108
v 0.156359 -0.954083 -0.235900
v 0.107408 -0.980785 -0.162735
v 0.038938 -0.980785 -0.191075
v 0.065152 -0.940325 -0.321833
v 0.001530 -0.999531 -0.004492
v 0.114368 -0.949308 -0.276108
vn 0.8311 0.0001 0.5561
vn -0.9805 -0.0001 -0.1966
vn 0.6803 0.2804 -0.6772
vn 0.0846 -0.9565 -0.2790
vn 0.0286 -0.9951 -0.0942
vn 0.1374 -0.9565 -0.2571
vn 0.0464 -0.9951 -0.0868
vt 0.380069 0.312528
vt 0.093446 0.000000
vt 1.000000 0.000000
vt 0.994927 0.945418
vt 0.932787 0.407286
vt 0.950635 0.950635
vt 0.000000 0.000000
vt 0.893764 0.000000
vt 0.106236 0.000000
vt 1.000000 0.906554
vt 0.585922 0.488102
vt 0.687500 0.062500
vt 0.718000 0.062500
vt 0.718197 0.106938
vt 0.687500 0.097072
vt 0.702994 0.001527
vt 0.718001 0.062500
vt 0.656843 0.091827
vt 0.657157 0.062500
vt 0.657157 0.062500
vt 0.672377 0.002007
s 0
usemtl 
f 31/33/13 30/34/13 22/35/13 34/36/13
f 32/37/14 34/38/14 22/39/14 33/40/14
f 33/41/15 22/35/15 30/42/15 35/43/15
f 23/44/16 27/45/16 28/46/16 29/47/16
f 23/44/17 26/48/17 27/49/17
f 24/50/18 25/51/18 23/44/18 29/47/18
f 25/52/19 26/53/19 23/44/19
o Sphere_cell.002
v -0.002834 -0.008062 -0.001948
v -0.353553 -0.923880 -0.146447
v -0.180240 -0.980785 -0.074658
v -0.318189 -0.923880 -0.212607
v -0.162212 -0.980785 -0.108386
v -0.270598 -0.923880 -0.270598
v -0.137950 -0.980785 -0.137950
v -0.255631 -0.883490 -0.380161
v -0.213610 -0.923880 -0.317367
v -0.109295 -0.980785 -0.161465
v -0.185442 -0.980785 -0.057509
v -0.335845 -0.932853 -0.103414
v -0.002524 -0.999701 -0.001686
v -0.008401 -0.999104 -0.003480
v -0.452370 -0.847110 -0.264787
v -0.374974 -0.911487 -0.155319
v -0.357988 -0.923880 -0.131828
v -0.424076 -0.855810 -0.283359
v -0.336182 -0.874303 -0.336182
v -0.213610 -0.923880 -0.317367
v -0.109295 -0.980785 -0.161465
v -0.255631 -0.883490 -0.380161
v -0.002524 -0.999701 -0.001686
v -0.008401 -0.999104 -0.003480
v -0.185442 -0.980785 -0.057509
v -0.335845 -0.932853 -0.103414
v -0.374974 -0.911487 -0.155319
v -0.357988 -0.923880 -0.131828
v -0.452370 -0.847110 -0.264787
v -0.336182 -0.874303 -0.336182
v -0.424076 -0.855810 -0.283359
vn 0.8313 0.0002 -0.5559
vn -0.2919 0.0002 0.9565
vn -0.7422 0.1970 0.6406
vn -0.3854 0.4575 -0.8014
vn -0.4528 -0.8810 -0.1374
vn -0.2790 -0.9565 -0.0846
vn -0.0942 -0.9951 -0.0286
vn -0.4173 -0.8810 -0.2231
vn -0.2571 -0.9565 -0.1374
vn -0.0869 -0.9951 -0.0464
vn -0.3658 -0.8810 -0.3002
vn -0.2254 -0.9565 -0.1850
vn -0.1850 -0.9565 -0.2254
vn -0.0624 -0.9951 -0.0761
vn -0.3002 -0.8810 -0.3658
vn -0.0761 -0.9951 -0.0625
vt 0.298978 0.178109
vt 0.159571 0.000000
vt 1.000000 0.000000
vt 0.995127 0.946508
vt 0.645116 0.578714
vt 0.951619 0.951619
vt 0.000000 0.000000
vt 0.887405 0.000000
vt 0.933425 0.446225
vt 0.951031 0.934964
vt 0.878851 0.740196
vt 0.887405 0.887405
vt 0.805456 0.000000
vt 0.867007 0.611148
vt 0.676627 0.508217
vt 0.314269 0.128085
vt 0.194544 0.000000
vt 1.000000 0.840429
vt 0.937500 0.133382
vt 0.937500 0.125000
vt 0.943864 0.125000
vt 0.937500 0.062500
vt 0.952143 0.062500
vt 0.952473 0.115145
vt 0.952397 0.002913
vt 0.952143 0.062500
vt 0.906250 0.125000
vt 0.915814 0.176922
vt 0.906250 0.171038
vt 0.906250 0.062500
vt 0.921632 0.000972
vt 0.922603 0.002913
vt 0.875000 0.125000
vt 0.906250 0.171038
vt 0.875000 0.158530
vt 0.875000 0.062500
vt 0.844290 0.125000
vt 0.844711 0.062500
vt 0.859809 0.001736
vt 0.875000 0.158530
vt 0.844216 0.152316
vt 0.890868 0.000972
s 0
usemtl 
f 55/54/20 57/55/20 36/56/20 58/57/20 56/58/20
f 58/59/21 36/60/21 61/61/21 60/62/21 59/63/21
f 63/64/22 61/65/22 36/60/22 64/66/22 62/67/22
f 65/68/23 66/69/23 64/70/23 36/56/23 57/71/23
f 51/72/24 37/73/24 52/74/24
f 37/73/25 38/75/25 46/76/25 47/77/25 52/74/25
f 49/78/26 46/79/26 38/75/26
f 39/80/27 37/73/27 51/72/27 50/81/27 53/82/27
f 38/75/28 37/73/28 39/80/28 40/83/28
f 40/83/29 48/84/29 49/85/29 38/75/29
f 41/86/30 39/80/30 53/87/30 54/88/30
f 40/83/31 39/80/31 41/86/31 42/89/31
f 42/89/32 41/86/32 44/90/32 45/91/32
f 45/91/33 48/92/33 42/89/33
f 44/90/34 41/86/34 54/93/34 43/94/34
f 42/89/35 48/95/35 40/83/35
o Sphere_cell.003
v -0.004033 0.019996 0.008945
v -0.002242 0.010331 0.003242
v -0.030526 0.080447 0.021475
v -0.146447 0.923880 0.353553
v -0.212608 0.923880 0.318190
v -0.270598 0.923880 0.270598
v -0.251667 0.886301 0.376645
v -0.353374 0.901041 0.236762
v -0.305499 0.897497 0.305499
v -0.188126 0.865665 0.454175
v -0.137516 0.876156 0.449115
v -0.111366 0.923880 0.364195
v -0.084962 0.951272 0.278296
v -0.132280 0.954494 0.247243
v -0.108882 0.953656 0.262864
v -0.340879 0.909294 0.227768
v -0.301420 0.923880 0.233042
v -0.238893 0.937481 0.238893
v -0.163747 0.950558 0.245064
v -0.348368 0.906005 0.226746
v -0.353374 0.901041 0.236762
v -0.305499 0.897497 0.305499
v -0.251667 0.886301 0.376645
v -0.111366 0.923880 0.364195
v -0.084962 0.951272 0.278296
v -0.108882 0.953656 0.262864
v -0.132280 0.954494 0.247243
v -0.340879 0.909294 0.227768
v -0.301420 0.923880 0.233042
v -0.238893 0.937481 0.238893
v -0.163747 0.950558 0.245064
v -0.188126 0.865665 0.454175
v -0.137516 0.876156 0.449115
v -0.348368 0.906005 0.226746
vn -0.7519 -0.4275 0.5019
vn -0.7422 -0.4315 0.5128
vn 0.1773 -0.4280 0.8862
vn 0.9560 -0.0017 0.2934
vn 0.5400 0.2795 -0.7939
vn 0.0346 0.2544 -0.9665
vn -0.8357 -0.1940 -0.5138
vn -0.7521 -0.4327 0.4971
vn -0.5264 0.0087 -0.8502
vn 0.9317 -0.0404 0.3610
vn -0.0846 0.9565 0.2790
vn -0.1374 0.8810 0.4528
vn -0.1374 0.9565 0.2571
vn -0.2231 0.8810 0.4173
vn -0.1850 0.9565 0.2254
vn -0.3002 0.8810 0.3658
vn -0.2254 0.9565 0.1850
vn -0.3658 0.8810 0.3002
vn -0.4174 0.8798 0.2274
vt 0.153782 0.000000
vt 1.000000 0.000000
vt 1.000000 0.810358
vt 0.690440 0.521332
vt 0.410154 0.252656
vt 0.810358 0.810358
vt 0.000000 0.000000
vt 0.831475 0.000000
vt 0.820654 0.820654
vt 1.000000 0.905097
vt 0.593948 0.472794
vt 0.166906 0.000000
vt 0.905097 0.905097
vt 0.907824 0.000000
vt 0.907203 0.449567
vt 0.861819 0.000000
vt 0.864876 0.033203
vt 0.878802 0.207668
vt 0.891726 0.469911
vt 0.904116 0.780197
vt 0.907824 0.907824
vt 0.917604 0.764397
vt 0.148270 0.000000
vt 1.000000 1.000000
vt 0.138181 0.000000
vt 1.000000 0.168525
vt 0.187500 0.907704
vt 0.187500 0.875000
vt 0.202771 0.875000
vt 0.202842 0.905085
vt 0.187569 0.835584
vt 0.202715 0.842760
vt 0.202771 0.875000
vt 0.156250 0.904301
vt 0.156250 0.875000
vt 0.171812 0.908624
vt 0.187500 0.835627
vt 0.156250 0.849584
vt 0.125000 0.889938
vt 0.125000 0.875000
vt 0.156250 0.849584
vt 0.125000 0.857157
vt 0.104762 0.875000
vt 0.093946 0.859554
vt 0.125000 0.857157
vt 0.093750 0.865135
vt 0.091879 0.862911
vt 0.093750 0.859906
s 0
usemtl 
f 87/96/36 69/97/36 76/98/36 89/99/36 88/100/36
f 76/101/37 69/102/37 67/97/37
f 67/102/38 99/103/38 76/104/38
f 91/105/39 90/106/39 99/107/39 68/97/39
f 91/108/40 68/102/40 93/109/40 92/110/40
f 68/102/41 100/111/41 94/112/41 95/113/41 96/114/41 97/115/41 93/116/41
f 69/97/42 87/117/42 100/118/42
f 68/102/43 67/97/43 69/119/43
f 100/120/44 68/97/44 69/119/44
f 67/119/45 68/102/45 99/121/45
f 81/122/46 70/123/46 78/124/46 79/125/46
f 70/123/47 98/126/47 77/127/47 78/128/47
f 85/129/48 71/130/48 70/123/48 81/122/48 80/131/48
f 98/132/49 70/123/49 71/130/49 73/133/49
f 84/134/50 72/135/50 71/130/50 85/129/50
f 73/136/51 71/130/51 72/135/51 75/137/51
f 72/135/52 84/134/52 83/138/52
f 74/139/53 75/140/53 72/135/53 83/138/53 82/141/53
f 82/141/54 86/142/54 74/143/54
o Sphere_cell.004
v -0.006295 -0.026366 0.001414
v -0.008955 -0.033559 0.002096
v -0.191342 -0.980785 0.038060
v -0.262084 -0.954047 0.107033
v -0.180587 -0.980785 0.073513
v -0.006836 -0.999294 0.002031
v -0.193098 -0.980785 0.020225
v -0.287583 -0.951848 0.029442
v -0.013471 -0.998647 0.002680
v -0.276721 -0.951852 0.083592
v -0.282477 -0.952598 0.056188
v -0.180587 -0.980785 0.073513
v -0.006836 -0.999294 0.002031
v -0.262084 -0.954047 0.107033
v -0.193098 -0.980785 0.020225
v -0.287583 -0.951848 0.029442
v -0.013471 -0.998647 0.002680
v -0.276721 -0.951852 0.083592
v -0.282477 -0.952598 0.056188
vn 0.3805 0.0004 0.9248
vn -0.0973 -0.0006 -0.9953
vn -0.6877 0.1878 -0.7013
vn -0.1962 0.1642 0.9667
vn -0.8021 0.2807 0.5271
vn -0.9382 0.2903 0.1882
vn -0.2790 -0.9565 0.0846
vn -0.0942 -0.9951 0.0286
vn -0.2902 -0.9565 0.0286
vn -0.0980 -0.9951 0.0097
vt 1.000000 0.049356
vt 1.000000 1.000000
vt 0.093392 0.093392
vt 0.382884 0.067322
vt 1.000000 0.095766
vt 0.049356 0.049356
vt 0.071357 0.049989
vt 0.667366 0.067474
vt 0.096457 0.000000
vt 1.000000 0.000000
vt 0.000000 0.000000
vt 1.000000 0.093392
vt 0.903654 0.000000
vt 0.905931 0.905931
vt 0.096346 0.000000
vt 1.000000 0.903543
vt 0.554417 0.458757
vt 0.031250 0.093458
vt 0.031250 0.062500
vt 0.061522 0.062500
vt 0.061685 0.091884
vt 0.046691 0.094277
vt 0.046842 0.002296
vt 0.045775 0.004400
vt 0.016236 0.094282
vt 0.016606 0.062500
vt 0.016606 0.062500
vt 0.016725 0.004400
s 0
usemtl 
f 113/144/55 101/145/55 114/146/55 112/147/55
f 116/148/56 101/145/56 113/149/56 117/150/56 115/151/56
f 116/152/57 102/153/57 101/145/57
f 102/154/58 114/155/58 101/145/58
f 118/156/59 114/157/59 102/154/59
f 118/158/60 102/153/60 116/159/60 119/160/60
f 111/161/61 103/162/61 105/163/61 104/164/61 110/165/61
f 106/166/62 105/163/62 103/162/62 109/167/62
f 111/161/63 108/168/63 107/169/63 103/162/63
f 103/162/64 107/170/64 109/171/64
o Sphere_cell.005
v 0.006538 0.004455 0.000909
v 0.831469 0.555570 0.000000
v 0.815493 0.555570 0.162212
v 0.920449 0.382683 0.034829
v 0.921991 0.383325 0.015697
v 0.914553 0.382683 0.094693
v 0.900434 0.401062 0.138302
v 0.863357 0.464268 0.171733
v 0.773657 0.579106 0.233908
v 0.797720 0.555570 0.220800
v 0.714166 0.655232 0.215839
v 0.700593 0.698320 0.139357
v 0.704052 0.702612 -0.068468
v 0.707805 0.706256 0.000000
v 0.712761 0.683331 -0.140707
v 0.815614 0.555570 -0.160988
v 0.828915 0.530204 -0.163598
v 0.916135 0.397172 0.000000
v 0.920449 0.382683 0.034829
v 0.921991 0.383325 0.015697
v 0.914553 0.382683 0.094693
v 0.900434 0.401062 0.138302
v 0.773657 0.579106 0.233908
v 0.797720 0.555570 0.220800
v 0.863357 0.464268 0.171733
v 0.714166 0.655232 0.215839
v 0.700593 0.698320 0.139357
v 0.704052 0.702612 -0.068468
v 0.707805 0.706256 0.000000
v 0.712761 0.683331 -0.140707
v 0.815614 0.555570 -0.160988
v 0.828915 0.530204 -0.163598
v 0.916135 0.397172 0.000000
vn 0.3813 -0.9240 0.0284
vn 0.3029 -0.8392 0.4517
vn 0.0576 -0.4402 0.8961
vn -0.2906 -0.0000 0.9568
vn -0.6748 0.5853 0.4495
vn -0.7074 0.7068 0.0028
vn -0.6956 0.6688 -0.2624
vn -0.1952 -0.0015 -0.9808
vn 0.2857 -0.6633 -0.6917
vn 0.7708 0.6326 -0.0759
vn 0.8786 0.4696 -0.0865
vn 0.7708 0.6326 0.0759
vn 0.8786 0.4696 0.0865
vn 0.7412 0.6326 0.2248
vn 0.8448 0.4696 0.2563
vt 0.000000 0.000000
vt 0.877602 0.000000
vt 0.876016 0.223534
vt 0.871057 0.871057
vt 1.000000 0.000000
vt 0.921258 0.791354
vt 0.142985 0.000000
vt 1.000000 0.264783
vt 1.000000 1.000000
vt 0.142985 0.142985
vt 0.428580 0.178618
vt 0.869534 0.241676
vt 1.000000 0.321905
vt 0.264784 0.264784
vt 1.000000 0.334889
vt 0.321905 0.321905
vt 1.000000 0.331559
vt 0.334889 0.334889
vt 0.778575 0.327908
vt 0.331559 0.331559
vt 1.000000 0.322966
vt 0.899152 0.224667
vt 1.000000 0.211966
vt 0.322966 0.322966
vt 1.000000 0.122398
vt 0.211966 0.211966
vt 0.930844 0.128041
vt 0.500000 0.749649
vt 0.500000 0.687500
vt 0.531014 0.687500
vt 0.531025 0.740194
vt 0.515429 0.748146
vt 0.531014 0.687500
vt 0.500000 0.630238
vt 0.531016 0.678330
vt 0.468750 0.746376
vt 0.468750 0.687500
vt 0.500000 0.687500
vt 0.500000 0.749649
vt 0.468750 0.654493
vt 0.475796 0.631644
vt 0.483582 0.625000
vt 0.493961 0.625000
vt 0.497275 0.625232
vt 0.500000 0.630238
vt 0.457012 0.687500
vt 0.453289 0.728605
vt 0.453270 0.697207
vt 0.468750 0.654493
s 0
usemtl 
f 120/172/65 139/173/65 138/174/65 140/175/65
f 120/176/66 140/177/66 141/178/66
f 142/179/67 120/180/67 141/181/67 144/182/67 143/183/67
f 145/184/68 120/180/68 142/185/68
f 146/186/69 120/180/69 145/187/69
f 147/188/70 120/180/70 146/189/70 148/190/70
f 147/191/71 149/192/71 120/180/71
f 150/193/72 151/194/72 120/180/72 149/195/72
f 139/196/73 120/180/73 151/197/73 152/198/73
f 133/199/74 121/200/74 135/201/74 134/202/74 132/203/74
f 135/204/75 121/200/75 137/205/75 136/206/75
f 131/207/76 122/208/76 121/209/76 133/210/76
f 127/211/77 126/212/77 125/213/77 123/214/77 124/215/77 137/216/77 121/200/77 122/208/77
f 129/217/78 122/208/78 131/207/78 130/218/78 128/219/78
f 127/220/79 122/208/79 129/217/79
o Sphere_cell.006
v -0.000636 0.009527 0.003826
v 0.074658 0.923880 0.375330
v -0.000000 0.923880 0.382683
v -0.074658 0.923880 0.375330
v -0.135519 0.876167 0.449700
v -0.091387 0.878044 0.459435
v 0.096486 0.862487 0.488038
v -0.000000 0.874303 0.475435
v 0.151456 0.932425 0.319086
v 0.143668 0.926082 0.346847
v 0.141272 0.923880 0.355123
v -0.083638 0.951343 0.278452
v -0.056502 0.952110 0.284054
v 0.130968 0.936149 0.316186
v 0.060709 0.945568 0.305206
v -0.000000 0.950555 0.294744
v -0.109760 0.923880 0.364682
v -0.135519 0.876167 0.449700
v -0.091387 0.878044 0.459435
v 0.096486 0.862487 0.488038
v -0.000000 0.874303 0.475435
v 0.143668 0.926082 0.346847
v 0.141272 0.923880 0.355123
v 0.151456 0.932425 0.319086
v 0.130968 0.936149 0.316186
v 0.060709 0.945568 0.305206
v -0.083638 0.951343 0.278452
v -0.056502 0.952110 0.284054
v -0.000000 0.950555 0.294744
v -0.109760 0.923880 0.364682
vn -0.1708 -0.4717 0.8651
vn 0.9495 -0.2295 0.2139
vn 0.1856 0.2901 -0.9388
vn -0.9571 0.0002 -0.2899
vn 0.1374 0.9565 0.2571
vn 0.1375 0.8808 0.4531
vn 0.0846 0.9565 0.2790
vn 0.0286 0.9565 0.2902
vn 0.0464 0.8810 0.4709
vn -0.0286 0.9565 0.2902
vn -0.0464 0.8810 0.4709
vn -0.0846 0.9565 0.2790
vn -0.1374 0.8810 0.4528
vt 0.166906 0.000000
vt 1.000000 0.000000
vt 1.000000 0.819475
vt 0.651044 0.482071
vt 0.323556 0.158364
vt 0.878494 0.165544
vt 0.819475 0.819475
vt 0.000000 0.000000
vt 0.886713 0.000000
vt 0.880612 0.127176
vt 0.890351 0.810134
vt 0.886713 0.886713
vt 0.905564 0.000000
vt 0.906224 0.103337
vt 0.904570 0.317449
vt 0.899604 0.546395
vt 0.094436 0.000000
vt 1.000000 0.833094
vt 0.527362 0.406428
vt 0.312500 0.888475
vt 0.312500 0.877419
vt 0.320663 0.884386
vt 0.281250 0.875000
vt 0.281250 0.833853
vt 0.310247 0.875000
vt 0.281250 0.898821
vt 0.310247 0.875000
vt 0.312500 0.877419
vt 0.312500 0.888475
vt 0.250000 0.904298
vt 0.250000 0.875000
vt 0.250000 0.841470
vt 0.281250 0.833853
vt 0.218750 0.906006
vt 0.218750 0.875000
vt 0.250000 0.904298
vt 0.218750 0.844000
vt 0.203558 0.905164
vt 0.203470 0.875000
vt 0.203415 0.842730
s 0
usemtl 
f 170/221/80 153/222/80 172/223/80 173/224/80 171/225/80
f 175/226/81 172/227/81 153/228/81 176/229/81 174/230/81
f 177/231/82 176/232/82 153/228/82 179/233/82 180/234/82 181/235/82 178/236/82
f 179/237/83 153/222/83 170/238/83 182/239/83
f 166/240/84 162/241/84 161/242/84
f 154/243/85 159/244/85 163/245/85
f 167/246/86 154/243/86 163/247/86 162/248/86 166/249/86
f 168/250/87 155/251/87 154/243/87 167/246/87
f 154/243/88 155/251/88 160/252/88 159/253/88
f 165/254/89 156/255/89 155/251/89 168/256/89
f 160/252/90 155/251/90 156/255/90 158/257/90
f 156/255/91 165/254/91 164/258/91 169/259/91
f 158/257/92 156/255/92 169/259/92 157/260/92
o Sphere_cell.007
v 0.009915 0.002387 -0.003082
v 0.015223 0.002214 -0.009384
v 0.906127 0.195090 -0.375330
v 0.796838 0.162888 -0.572602
v 0.823439 0.098063 -0.550204
v 0.836619 0.285277 -0.447615
v 0.814966 0.197181 -0.544543
v 0.880035 0.288194 -0.364522
v 0.907776 0.285572 -0.275797
v 0.961569 0.195090 -0.192563
v 0.970912 0.097077 -0.194858
v 0.914903 0.098645 -0.378965
v 0.796838 0.162888 -0.572602
v 0.823439 0.098063 -0.550204
v 0.836619 0.285277 -0.447615
v 0.814966 0.197181 -0.544543
v 0.880035 0.288194 -0.364522
v 0.907776 0.285572 -0.275797
v 0.970912 0.097077 -0.194858
v 0.914903 0.098645 -0.378965
v 0.961569 0.195090 -0.192563
vn -0.4583 -0.4524 -0.7651
vn -0.5112 0.6898 -0.5127
vn -0.2688 0.9569 0.1097
vn 0.0084 0.6797 0.7334
vn 0.1961 -0.0043 0.9806
vn 0.1230 -0.9838 0.1305
vn 0.0902 -0.9951 -0.0402
vn -0.4920 0.7541 -0.4350
vn 0.7742 0.1019 -0.6247
vn 0.8443 0.2890 -0.4513
vn 0.8770 0.0997 -0.4700
vn 0.9524 0.0975 -0.2889
vn 0.9161 0.2890 -0.2779
vt 0.218304 0.000000
vt 1.000000 0.000000
vt 1.000000 0.755161
vt 0.772019 0.572849
vt 0.755161 0.755161
vt 0.000000 0.000000
vt 0.794141 0.000000
vt 0.204644 0.000000
vt 1.000000 0.863308
vt 0.599139 0.435926
vt 0.863308 0.863308
vt 0.914108 0.000000
vt 0.085892 0.000000
vt 1.000000 0.923781
vt 0.923781 0.923781
vt 0.923285 0.923285
vt 0.781696 0.000000
vt 0.869376 0.471687
vt 1.000000 0.205859
vt 1.000000 1.000000
vt 0.593750 0.562500
vt 0.593750 0.531416
vt 0.599180 0.552184
vt 0.562500 0.593519
vt 0.562500 0.562500
vt 0.593750 0.563197
vt 0.578084 0.592704
vt 0.562500 0.531602
vt 0.531457 0.562500
vt 0.531525 0.531100
vt 0.562500 0.531602
vt 0.562500 0.593519
vt 0.546943 0.592646
s 0
usemtl 
f 196/261/93 184/262/93 195/263/93
f 198/264/94 195/265/94 184/266/94 197/267/94
f 197/268/95 183/262/95 200/269/95 199/270/95
f 200/271/96 183/266/96 192/272/96
f 192/273/97 183/262/97 201/274/97
f 184/262/98 201/275/98 183/266/98
f 201/276/99 184/266/99 196/277/99 202/278/99
f 197/279/100 184/280/100 183/266/100
f 189/281/101 187/282/101 186/283/101
f 190/284/102 185/285/102 189/286/102 188/287/102
f 187/282/103 189/281/103 185/285/103 194/288/103
f 185/285/104 203/289/104 193/290/104 194/291/104
f 185/285/105 190/292/105 191/293/105 203/289/105
o Sphere_cell.008
v 0.004537 -0.008811 -0.002953
v 0.461940 -0.831470 -0.308658
v 0.451287 -0.764267 -0.450095
v 0.524176 -0.770042 -0.350243
v 0.556539 -0.766965 -0.297611
v 0.558816 -0.790674 -0.232359
v 0.512945 -0.831470 -0.213234
v 0.440508 -0.873420 -0.183062
v 0.364384 -0.875214 -0.299146
v 0.390894 -0.877142 -0.261187
v 0.393462 -0.831470 -0.392099
v 0.349378 -0.864833 -0.347897
v 0.524176 -0.770042 -0.350243
v 0.556539 -0.766965 -0.297611
v 0.451287 -0.764267 -0.450095
v 0.558816 -0.790674 -0.232359
v 0.512945 -0.831470 -0.213234
v 0.440508 -0.873420 -0.183062
v 0.364384 -0.875214 -0.299146
v 0.390894 -0.877142 -0.261187
v 0.393462 -0.831470 -0.392099
v 0.349378 -0.864833 -0.347897
vn 0.6413 0.6346 -0.4314
vn 0.8268 0.5373 0.1664
vn 0.3839 0.0012 0.9234
vn -0.7339 -0.4719 0.4886
vn -0.7079 -0.0005 -0.7064
vn -0.8848 -0.4294 0.1809
vn 0.4918 -0.7715 -0.4036
vn 0.3658 -0.8810 -0.3002
vn 0.5611 -0.7715 -0.2999
vn 0.4173 -0.8810 -0.2230
vt 1.000000 0.728037
vt 0.757002 0.487954
vt 0.274673 0.000000
vt 1.000000 0.000000
vt 0.000000 0.000000
vt 0.751184 0.000000
vt 0.728037 0.728037
vt 0.560691 0.350967
vt 0.248817 0.000000
vt 1.000000 0.830441
vt 0.834246 0.277737
vt 0.830441 0.830441
vt 0.832509 0.000000
vt 1.000000 0.725327
vt 0.502985 0.292962
vt 0.177906 0.000000
vt 1.000000 1.000000
vt 0.177906 0.177906
vt 1.000000 0.167491
vt 0.593750 0.218371
vt 0.593750 0.187500
vt 0.624722 0.187500
vt 0.624788 0.221273
vt 0.593750 0.156610
vt 0.609402 0.157914
vt 0.624656 0.164935
vt 0.578155 0.219918
vt 0.562714 0.208002
vt 0.562704 0.187500
vt 0.593750 0.156610
vt 0.562704 0.187500
vt 0.562686 0.159127
s 0
usemtl 
f 217/294/106 216/295/106 218/296/106 204/297/106
f 204/298/107 219/299/107 217/300/107
f 220/301/108 219/302/108 204/297/108 221/303/108
f 223/304/109 221/305/109 204/298/109 222/306/109
f 204/297/110 218/307/110 224/308/110 225/309/110
f 204/310/111 225/311/111 222/312/111
f 207/313/112 205/314/112 214/315/112 206/316/112
f 205/314/113 213/317/113 212/318/113 215/319/113 214/315/113
f 205/314/114 207/313/114 208/320/114 209/321/114 210/322/114
f 213/323/115 205/314/115 210/324/115 211/325/115
o Sphere_cell.009
v 0.005468 -0.007353 -0.004196
v 0.500000 -0.707107 -0.500000
v 0.587938 -0.707107 -0.392847
v 0.656183 -0.657123 -0.351770
v 0.676474 -0.628843 -0.362804
v 0.620140 -0.707107 -0.332601
v 0.557203 -0.765902 -0.299101
v 0.593705 -0.628486 -0.487038
v 0.631108 -0.631431 -0.437671
v 0.639102 -0.632126 -0.427034
v 0.452300 -0.762759 -0.451743
v 0.525417 -0.768816 -0.351073
v 0.449120 -0.703864 -0.545183
v 0.520481 -0.671814 -0.520481
v 0.449618 -0.707107 -0.541348
v 0.656183 -0.657123 -0.351770
v 0.676474 -0.628843 -0.362804
v 0.620140 -0.707107 -0.332601
v 0.557203 -0.765902 -0.299101
v 0.593705 -0.628486 -0.487038
v 0.631108 -0.631431 -0.437671
v 0.639102 -0.632126 -0.427034
v 0.525417 -0.768816 -0.351073
v 0.452300 -0.762759 -0.451743
v 0.520481 -0.671814 -0.520481
v 0.449120 -0.703864 -0.545183
v 0.449618 -0.707107 -0.541348
vn 0.4739 0.0036 0.8806
vn 0.4705 -0.0009 0.8824
vn 0.5268 0.7733 -0.3530
vn 0.5302 0.7732 -0.3480
vn -0.6431 -0.6345 0.4289
vn -0.0017 0.6128 -0.7903
vn -0.8912 -0.3969 -0.2198
vn 0.4913 -0.6326 -0.5987
vn 0.4033 -0.7719 -0.4915
vn 0.5987 -0.6326 -0.4913
vn 0.4918 -0.7715 -0.4036
vn 0.6831 -0.6326 -0.3651
vn 0.5611 -0.7715 -0.2999
vt 1.000000 0.000000
vt 1.000000 0.622911
vt 0.357388 0.000000
vt 0.727442 0.000000
vt 0.670932 0.369695
vt 0.622911 0.622911
vt 0.000000 0.000000
vt 0.404067 0.000000
vt 1.000000 0.598710
vt 0.598710 0.598710
vt 0.642612 0.000000
vt 0.606435 0.508650
vt 1.000000 0.272558
vt 1.000000 1.000000
vt 0.275301 0.275301
vt 0.760552 0.269674
vt 0.404067 0.404067
vt 0.716029 0.362667
vt 1.000000 0.332068
vt 1.000000 0.275301
vt 0.332068 0.332068
vt 0.362029 0.328945
vt 0.640329 0.251338
vt 0.625000 0.264556
vt 0.625000 0.250000
vt 0.639693 0.250000
vt 0.625000 0.222181
vt 0.593750 0.280925
vt 0.593750 0.250000
vt 0.609343 0.282427
vt 0.596514 0.281212
vt 0.593750 0.218987
vt 0.578348 0.282279
vt 0.578320 0.270615
vt 0.578349 0.250000
vt 0.593750 0.280925
vt 0.578406 0.220452
s 0
usemtl 
f 226/326/116 241/327/116 242/328/116
f 244/329/117 243/330/117 241/331/117 226/332/117
f 245/333/118 226/326/118 246/334/118
f 246/335/119 226/332/119 242/336/119 247/337/119
f 244/338/120 226/339/120 249/340/120 248/341/120
f 226/339/121 245/342/121 250/343/121 251/344/121
f 249/345/122 226/339/122 251/346/122 252/347/122
f 238/348/123 239/349/123 227/350/123 240/351/123
f 240/351/124 227/350/124 236/352/124
f 235/353/125 228/354/125 227/350/125 239/349/125 233/355/125 234/356/125
f 236/352/126 227/350/126 228/354/126 237/357/126
f 230/358/127 229/359/127 231/360/127 228/354/127 235/361/127
f 231/360/128 232/362/128 237/357/128 228/354/128
o Sphere_cell.010
v 0.005668 0.002216 -0.004757
v 0.768178 0.382683 -0.513280
v 0.684882 0.237676 -0.683780
v 0.753103 0.195090 -0.620918
v 0.795436 0.164684 -0.574033
v 0.649103 0.395111 -0.647953
v 0.653798 0.382683 -0.652652
v 0.771669 0.465117 -0.413728
v 0.703319 0.528620 -0.469943
v 0.810352 0.382683 -0.434377
v 0.835938 0.286613 -0.448033
v 0.814155 0.200394 -0.544001
v 0.812029 0.195090 -0.549116
v 0.753103 0.195090 -0.620918
v 0.795436 0.164684 -0.574033
v 0.684882 0.237676 -0.683780
v 0.653798 0.382683 -0.652652
v 0.649103 0.395111 -0.647953
v 0.771669 0.465117 -0.413728
v 0.703319 0.528620 -0.469943
v 0.810352 0.382683 -0.434377
v 0.835938 0.286613 -0.448033
v 0.814155 0.200394 -0.544001
v 0.812029 0.195090 -0.549116
vn -0.1401 -0.8837 -0.4466
vn -0.7070 0.0002 -0.7072
vn -0.6915 0.6631 -0.2867
vn -0.0005 0.6625 0.7490
vn 0.4710 -0.0000 0.8822
vn 0.5093 -0.6945 0.5083
vn 0.7400 0.2890 -0.6073
vn 0.7693 0.0975 -0.6314
vn 0.6825 0.4696 -0.5601
vn 0.7786 0.4696 -0.4162
vn 0.8443 0.2890 -0.4513
vt 0.243582 0.000000
vt 1.000000 0.000000
vt 1.000000 0.650231
vt 0.549919 0.265668
vt 0.650231 0.650231
vt 0.000000 0.000000
vt 0.615992 0.000000
vt 0.620486 0.055471
vt 0.615992 0.615992
vt 0.667988 0.000000
vt 0.332011 0.000000
vt 1.000000 0.733216
vt 0.733217 0.733217
vt 0.794996 0.000000
vt 0.770371 0.383338
vt 0.794996 0.794996
vt 0.756418 0.000000
vt 0.772260 0.188906
vt 0.774288 0.222962
vt 0.594638 0.562500
vt 0.609735 0.562500
vt 0.624870 0.576688
vt 0.624859 0.625000
vt 0.593750 0.625000
vt 0.593750 0.564267
vt 0.599501 0.552759
vt 0.593750 0.677757
vt 0.624859 0.625000
vt 0.624855 0.629493
vt 0.578327 0.654800
vt 0.578313 0.625000
vt 0.593750 0.677757
vt 0.578313 0.625000
vt 0.578304 0.592993
s 0
usemtl 
f 267/363/129 253/364/129 268/365/129 266/366/129
f 268/367/130 253/368/130 270/369/130 269/370/130
f 270/371/131 253/368/131 272/372/131
f 272/373/132 253/364/132 271/374/132
f 271/375/133 253/368/133 274/376/133 273/377/133
f 274/378/134 253/368/134 267/379/134 276/380/134 275/381/134
f 265/382/135 256/383/135 255/384/135 259/385/135 254/386/135 264/387/135
f 265/382/136 257/388/136 256/383/136
f 261/389/137 254/386/137 259/390/137 258/391/137
f 260/392/138 262/393/138 254/386/138 261/394/138
f 254/386/139 262/395/139 263/396/139 264/387/139
o Sphere_cell.011
v 0.003612 0.005413 -0.003212
v 0.005858 0.015202 -0.010282
v 0.392847 0.707107 -0.587938
v 0.500000 0.707107 -0.500000
v 0.587938 0.707107 -0.392847
v 0.334095 0.703900 -0.622311
v 0.408867 0.671973 -0.611912
v 0.487586 0.628547 -0.593191
v 0.543489 0.632165 -0.543489
v 0.612583 0.724725 -0.301418
v 0.621699 0.707107 -0.329684
v 0.643376 0.625863 -0.429890
v 0.465445 0.825126 -0.316513
v 0.472855 0.820696 -0.315952
v 0.312881 0.825231 -0.468260
v 0.269830 0.816695 -0.503009
v 0.393432 0.830791 -0.393432
v 0.255005 0.753775 -0.597448
v 0.259840 0.807417 -0.521107
v 0.330127 0.707107 -0.621463
v 0.543489 0.632165 -0.543489
v 0.643376 0.625863 -0.429890
v 0.408867 0.671973 -0.611912
v 0.487586 0.628547 -0.593191
v 0.334095 0.703900 -0.622311
v 0.612583 0.724725 -0.301418
v 0.621699 0.707107 -0.329684
v 0.465445 0.825126 -0.316513
v 0.472855 0.820696 -0.315952
v 0.312881 0.825231 -0.468260
v 0.393432 0.830791 -0.393432
v 0.269830 0.816695 -0.503009
v 0.255005 0.753775 -0.597448
v 0.259840 0.807417 -0.521107
v 0.330127 0.707107 -0.621463
vn -0.1542 -0.6135 -0.7745
vn 0.4526 -0.7730 -0.4445
vn 0.7501 -0.4249 0.5068
vn 0.1083 0.3011 0.9474
vn -0.5861 0.5556 0.5897
vn -0.6112 0.5507 0.5684
vn -0.9648 0.2400 -0.1075
vn -0.8628 0.4387 0.2514
vn 0.2999 0.7715 -0.5611
vn 0.3651 0.6326 -0.6831
vn 0.4036 0.7715 -0.4918
vn 0.4913 0.6326 -0.5987
vn 0.4918 0.7715 -0.4036
vn 0.5987 0.6326 -0.4913
vn 0.5611 0.7715 -0.2999
vn 0.6831 0.6326 -0.3651
vn -0.5048 -0.4264 -0.7506
vt 1.000000 0.403596
vt 1.000000 1.000000
vt 0.331081 0.331081
vt 0.645224 0.361824
vt 1.000000 0.388486
vt 0.403596 0.403596
vt 0.598431 0.393921
vt 1.000000 0.311556
vt 0.393511 0.387742
vt 0.872694 0.324549
vt 1.000000 0.215150
vt 0.311556 0.311556
vt 0.966522 0.219405
vt 0.836192 0.215419
vt 1.000000 0.223686
vt 0.215150 0.215150
vt 0.515795 0.209908
vt 0.225854 0.000000
vt 1.000000 0.000000
vt 0.234672 0.234672
vt 1.000000 0.285953
vt 0.225854 0.225854
vt 1.000000 0.234672
vt 0.676429 0.800412
vt 0.671635 0.805075
vt 0.656250 0.809365
vt 0.656250 0.750000
vt 0.672283 0.750000
vt 0.685771 0.773453
vt 0.671584 0.748678
vt 0.656250 0.735509
vt 0.625000 0.812159
vt 0.625000 0.750000
vt 0.656250 0.809365
vt 0.625000 0.719091
vt 0.640503 0.717599
vt 0.595006 0.809312
vt 0.593750 0.807085
vt 0.593750 0.750000
vt 0.593907 0.716105
vt 0.572844 0.758854
vt 0.577604 0.750000
vt 0.593750 0.716492
vt 0.577604 0.750000
vt 0.285953 0.285953
vt 0.967129 0.331112
vt 1.000000 0.331081
s 0
usemtl 
f 300/397/140 277/398/140 301/399/140 299/400/140
f 298/401/141 277/398/141 300/402/141 297/403/141
f 302/404/142 277/398/142 298/405/142 303/406/142
f 304/407/143 277/398/143 302/408/143 305/409/143
f 306/410/144 308/411/144 277/398/144 304/412/144 307/413/144
f 308/414/145 278/415/145 277/398/145
f 310/416/146 309/417/146 278/398/146
f 308/418/147 310/419/147 278/398/147
f 295/420/148 292/421/148 291/422/148 279/423/148 311/424/148 294/425/148
f 282/426/149 311/424/149 279/423/149 283/427/149
f 293/428/150 280/429/150 279/423/150 291/430/150
f 283/427/151 279/423/151 280/429/151 285/431/151 284/432/151
f 289/433/152 290/434/152 281/435/152 280/429/152 293/428/152
f 285/431/153 280/429/153 281/435/153 288/436/153
f 286/437/154 287/438/154 281/435/154 290/434/154
f 288/439/155 281/435/155 287/440/155
f 278/398/156 309/441/156 296/442/156 301/443/156 277/398/156
o Sphere_cell.012
v -0.002061 -0.006755 0.004149
v -0.002749 -0.018979 0.009035
v -0.270598 -0.707107 0.653281
v -0.212608 -0.831470 0.513280
v -0.308658 -0.831470 0.461939
v -0.166223 -0.920970 0.349124
v -0.279194 -0.891282 0.342058
v -0.231102 -0.906086 0.345869
v -0.349743 -0.831470 0.428222
v -0.399493 -0.766703 0.488995
v -0.301413 -0.671017 0.670233
v -0.369942 -0.740943 0.553657
v -0.335043 -0.707107 0.618835
v -0.286776 -0.655594 0.692339
v -0.241902 -0.707107 0.661986
v -0.111285 -0.822223 0.555732
v -0.109024 -0.831470 0.544701
v -0.083823 -0.900374 0.418282
v -0.092687 -0.911792 0.393379
v -0.149118 -0.920149 0.360002
v -0.279194 -0.891282 0.342058
v -0.231102 -0.906086 0.345869
v -0.166223 -0.920970 0.349124
v -0.349743 -0.831470 0.428222
v -0.399493 -0.766703 0.488995
v -0.369942 -0.740943 0.553657
v -0.335043 -0.707107 0.618835
v -0.301413 -0.671017 0.670233
v -0.286776 -0.655594 0.692339
v -0.241902 -0.707107 0.661986
v -0.111285 -0.822223 0.555732
v -0.109024 -0.831470 0.544701
v -0.083823 -0.900374 0.418282
v -0.092687 -0.911792 0.393379
v -0.149118 -0.920149 0.360002
vn 0.1652 -0.3740 -0.9126
vn -0.0328 -0.3477 -0.9370
vn -0.7736 0.0003 -0.6336
vn -0.8273 0.5373 0.1640
vn -0.8243 0.5405 0.1686
vn 0.7471 0.3009 0.5927
vn 0.9614 0.0538 0.2699
vn 0.9807 0.0007 0.1956
vn 0.9483 -0.2011 -0.2453
vn 0.5110 -0.3827 -0.7697
vn -0.2248 -0.6326 0.7412
vn -0.1847 -0.7715 0.6088
vn -0.1374 -0.8810 0.4528
vn -0.3651 -0.6326 0.6831
vn -0.2999 -0.7715 0.5611
vn -0.2231 -0.8810 0.4173
vn -0.4036 -0.7715 0.4918
vn -0.3002 -0.8810 0.3658
vt 0.000000 0.000000
vt 1.000000 0.123999
vt 1.000000 1.000000
vt 1.000000 0.152312
vt 0.123999 0.123999
vt 0.622229 0.138185
vt 1.000000 0.271488
vt 0.152312 0.152312
vt 0.617771 0.209513
vt 0.769800 0.328498
vt 1.000000 0.363041
vt 0.271488 0.271488
vt 0.509324 0.296124
vt 0.363041 0.363041
vt 1.000000 0.342258
vt 0.514359 0.302279
vt 1.000000 0.218529
vt 0.342258 0.342258
vt 0.220724 0.000000
vt 1.000000 0.000000
vt 1.000000 0.145254
vt 0.220724 0.220724
vt 0.286749 0.212147
vt 0.145254 0.145254
vt 1.000000 0.134193
vt 1.000000 0.125444
vt 0.134193 0.134193
vt 0.797482 0.126224
vt 0.187500 0.271246
vt 0.187500 0.250000
vt 0.194260 0.250000
vt 0.218553 0.192147
vt 0.187500 0.187500
vt 0.218559 0.187500
vt 0.213281 0.133175
vt 0.218527 0.140897
vt 0.187500 0.127523
vt 0.171026 0.250000
vt 0.182778 0.264885
vt 0.156250 0.232995
vt 0.156250 0.187500
vt 0.156250 0.137035
vt 0.179404 0.126950
vt 0.140978 0.220049
vt 0.141000 0.187500
vt 0.141053 0.147047
s 0
usemtl 
f 313/444/157 334/445/157 312/446/157
f 332/447/158 312/446/158 334/448/158 333/449/158
f 336/450/159 312/446/159 332/451/159 335/452/159
f 338/453/160 339/454/160 312/446/160 336/455/160 337/456/160
f 339/457/161 340/458/161 312/446/161
f 341/459/162 342/460/162 312/446/162 340/461/162
f 342/462/163 313/463/163 312/446/163
f 344/464/164 313/446/164 342/465/164 343/466/164
f 344/467/165 345/468/165 313/446/165
f 334/469/166 313/446/166 345/470/166 346/471/166
f 325/472/167 314/473/167 326/474/167
f 327/475/168 326/474/168 314/473/168 315/476/168 328/477/168
f 330/478/169 329/479/169 328/477/169 315/476/169 331/480/169
f 324/481/170 314/473/170 325/472/170 322/482/170
f 323/483/171 316/484/171 315/476/171 314/473/171 324/481/171
f 331/480/172 315/476/172 316/484/172 319/485/172 317/486/172
f 323/483/173 321/487/173 320/488/173 316/484/173
f 318/489/174 319/485/174 316/484/174 320/488/174
o Sphere_cell.013
v -0.004859 -0.019511 -0.001000
v -0.195090 -0.980785 -0.000000
v -0.191342 -0.980785 -0.038060
v -0.186060 -0.980785 -0.055470
v -0.335418 -0.933212 -0.100753
v -0.004867 -0.999515 -0.000552
v -0.298638 -0.949374 -0.000000
v -0.288150 -0.951748 0.027030
v -0.322416 -0.940245 -0.064133
v -0.193337 -0.980785 0.017804
v -0.010531 -0.998963 -0.000000
v -0.186060 -0.980785 -0.055470
v -0.335418 -0.933212 -0.100753
v -0.298638 -0.949374 -0.000000
v -0.288150 -0.951748 0.027030
v -0.322416 -0.940245 -0.064133
v -0.004867 -0.999515 -0.000552
v -0.010531 -0.998963 -0.000000
v -0.193337 -0.980785 0.017804
vn 0.2900 -0.0004 -0.9570
vn -0.8863 0.2804 0.3685
vn 0.0970 0.0005 0.9953
vn -0.2902 -0.9565 0.0286
vn -0.0980 -0.9951 0.0097
vn -0.2902 -0.9565 -0.0286
vn -0.0980 -0.9951 -0.0097
vn -0.2790 -0.9565 -0.0846
vn -0.0942 -0.9951 -0.0286
vt 1.000000 0.113100
vt 1.000000 1.000000
vt 0.059801 0.049075
vt 0.553052 0.066894
vt 1.000000 0.095398
vt 0.113100 0.113100
vt 0.366911 0.106357
vt 0.812071 0.097641
vt 1.000000 0.048681
vt 0.095398 0.095398
vt 0.398165 0.067094
vt 0.981913 0.049224
vt 0.014888 0.094392
vt 0.000000 0.096999
vt 0.000000 0.062500
vt 0.014619 0.062500
vt 0.014782 0.003374
vt 0.014619 0.062500
vt 0.968750 0.107025
vt 0.968750 0.062500
vt 1.000000 0.062500
vt 1.000000 0.096999
vt 0.984316 0.001577
vt 0.985218 0.003374
vt 0.968750 0.107025
vt 0.953548 0.114750
vt 0.953884 0.062500
vt 0.953849 0.002896
s 0
usemtl 
f 359/490/175 347/491/175 363/492/175 358/493/175
f 361/494/176 347/491/176 359/495/176 362/496/176 360/497/176
f 363/498/177 347/491/177 361/499/177 365/500/177 364/501/177
f 354/502/178 353/503/178 348/504/178 356/505/178
f 348/504/179 357/506/179 356/507/179
f 355/508/180 349/509/180 348/510/180 353/511/180
f 349/509/181 352/512/181 357/513/181 348/510/181
f 349/509/182 355/514/182 351/515/182 350/516/182
f 350/516/183 352/517/183 349/509/183
o Sphere_cell.014
v -0.006700 -0.008104 0.003572
v -0.653281 -0.707107 0.270598
v -0.531877 -0.762931 0.354125
v -0.514824 -0.805931 0.275415
v -0.612810 -0.671390 0.408197
v -0.588438 -0.707107 0.391912
v -0.654203 -0.739735 0.131260
v -0.560536 -0.789492 0.232182
v -0.693195 -0.707107 0.139019
v -0.796974 -0.578158 0.159708
v -0.790150 -0.541844 0.270909
v -0.794107 -0.555570 0.232712
v -0.778520 -0.555570 0.284096
v -0.647880 -0.647930 0.383230
v -0.748852 -0.581058 0.310185
v -0.531877 -0.762931 0.354125
v -0.514824 -0.805931 0.275415
v -0.612810 -0.671390 0.408197
v -0.588438 -0.707107 0.391912
v -0.654203 -0.739735 0.131260
v -0.560536 -0.789492 0.232182
v -0.693195 -0.707107 0.139019
v -0.796974 -0.578158 0.159708
v -0.790150 -0.541844 0.270909
v -0.794107 -0.555570 0.232712
v -0.647880 -0.647930 0.383230
v -0.748852 -0.581058 0.310185
v -0.778520 -0.555570 0.284096
vn 0.8299 -0.3940 0.3950
vn 0.5554 -0.0002 0.8316
vn 0.4693 -0.5376 -0.7006
vn -0.1944 0.0009 -0.9809
vn -0.5989 0.7714 -0.2151
vn -0.1538 0.6137 0.7744
vn -0.1469 0.6095 0.7791
vn -0.6831 -0.6326 0.3651
vn -0.5611 -0.7715 0.2999
vn -0.6088 -0.7715 0.1847
vn -0.8448 -0.4696 0.2563
vn -0.7412 -0.6326 0.2248
vt 0.234469 0.000000
vt 1.000000 0.000000
vt 1.000000 0.724153
vt 0.670804 0.250839
vt 0.724153 0.724153
vt 0.000000 0.000000
vt 0.636645 0.000000
vt 0.297835 0.000000
vt 1.000000 0.765531
vt 0.782697 0.532501
vt 0.459081 0.279239
vt 1.000000 0.242754
vt 1.000000 1.000000
vt 0.297835 0.297835
vt 1.000000 0.249256
vt 0.242754 0.242754
vt 0.736216 0.245477
vt 1.000000 0.385660
vt 0.249256 0.249256
vt 0.325924 0.260409
vt 0.492661 0.288854
vt 0.385660 0.385660
vt 1.000000 0.363355
vt 0.062500 0.250000
vt 0.093511 0.250000
vt 0.093525 0.264731
vt 0.085023 0.274407
vt 0.062500 0.301988
vt 0.062500 0.208596
vt 0.078182 0.200335
vt 0.093486 0.221945
vt 0.093511 0.250000
vt 0.031522 0.233602
vt 0.062500 0.208596
vt 0.031502 0.250000
vt 0.052576 0.317462
vt 0.045375 0.312500
vt 0.055669 0.312500
vt 0.055669 0.312500
vt 0.045375 0.312500
vt 0.031484 0.303184
s 0
usemtl 
f 382/518/184 366/519/184 381/520/184
f 384/521/185 381/522/185 366/523/185 383/524/185
f 385/525/186 366/519/186 382/526/186 386/527/186
f 387/528/187 388/529/187 366/530/187 385/531/187
f 389/532/188 366/530/188 388/533/188 390/534/188
f 391/535/189 366/530/189 389/536/189 393/537/189 392/538/189
f 391/539/190 383/540/190 366/530/190
f 367/541/191 371/542/191 370/543/191 379/544/191 380/545/191
f 373/546/192 369/547/192 368/548/192 371/549/192 367/541/192
f 372/550/193 373/551/193 367/541/193 374/552/193
f 376/553/194 377/554/194 378/555/194
f 378/556/195 377/557/195 375/558/195 374/552/195 367/541/195 380/545/195
o Sphere_cell.015
v -0.001882 -0.009774 -0.004240
v -0.002677 -0.024123 -0.013149
v -0.146446 -0.923880 -0.353553
v -0.074658 -0.980785 -0.180240
v -0.074658 -0.923880 -0.375330
v -0.038060 -0.980785 -0.191341
v -0.002936 -0.998518 -0.014759
v -0.001904 -0.999537 -0.004282
v -0.049004 -0.867790 -0.482793
v -0.020490 -0.980785 -0.193072
v -0.038777 -0.923880 -0.378864
v -0.107853 -0.980785 -0.162497
v -0.254106 -0.883406 -0.381453
v -0.212051 -0.923880 -0.318487
v -0.071331 -0.847116 -0.519272
v -0.099494 -0.855833 -0.500190
v -0.181993 -0.874229 -0.439371
v -0.049004 -0.867790 -0.482793
v -0.038777 -0.923880 -0.378864
v -0.002936 -0.998518 -0.014759
v -0.020490 -0.980785 -0.193072
v -0.254106 -0.883406 -0.381453
v -0.212051 -0.923880 -0.318487
v -0.107853 -0.980785 -0.162497
v -0.181993 -0.874229 -0.439371
v -0.071331 -0.847116 -0.519272
v -0.099494 -0.855833 -0.500190
v -0.001904 -0.999537 -0.004282
vn 0.9952 -0.0001 -0.0980
vn 0.9960 -0.0000 -0.0888
vn -0.8313 0.0001 0.5559
vn 0.8817 0.1916 -0.4311
vn -0.1755 0.5263 -0.8320
vn -0.5915 0.4575 -0.6640
vn -0.2231 -0.8810 -0.4173
vn -0.1374 -0.9565 -0.2571
vn -0.0464 -0.9951 -0.0869
vn -0.0846 -0.9565 -0.2790
vn -0.0286 -0.9951 -0.0942
vn -0.1374 -0.8810 -0.4528
vn -0.0464 -0.8810 -0.4709
vn -0.0286 -0.9565 -0.2902
vn -0.0097 -0.9951 -0.0980
vt 0.177967 0.000000
vt 1.000000 0.000000
vt 0.999288 0.949854
vt 0.981973 0.931579
vt 0.675158 0.607417
vt 0.356076 0.232809
vt 0.950603 0.950603
vt 0.000000 0.000000
vt 0.951323 0.951323
vt 0.840176 0.000000
vt 0.878991 0.178894
vt 0.933474 0.580444
vt 1.000000 0.822033
vt 0.197855 0.000000
vt 1.000000 1.000000
vt 0.195123 0.000000
vt 1.000000 0.159825
vt 0.195123 0.195123
vt 0.314926 0.186680
vt 0.675507 0.168810
vt 0.812500 0.125000
vt 0.843487 0.125000
vt 0.843527 0.152374
vt 0.812500 0.158580
vt 0.843487 0.125000
vt 0.812500 0.062500
vt 0.843256 0.062500
vt 0.827989 0.001374
vt 0.781250 0.125000
vt 0.781250 0.062500
vt 0.797282 0.001628
vt 0.795670 0.004821
vt 0.812500 0.158580
vt 0.781250 0.171022
vt 0.766096 0.162935
vt 0.766231 0.125000
vt 0.781250 0.171022
vt 0.771607 0.176920
vt 0.766824 0.062500
vt 0.766830 0.004821
s 0
usemtl 
f 411/559/196 395/560/196 421/561/196 413/562/196 414/563/196 412/564/196
f 421/565/197 395/566/197 394/560/197
f 421/567/198 394/566/198 415/568/198 416/569/198 417/570/198
f 395/560/199 411/571/199 419/572/199
f 395/573/200 419/574/200 394/560/200
f 415/575/201 394/573/201 419/576/201 420/577/201 418/578/201
f 396/579/202 407/580/202 406/581/202 410/582/202
f 407/583/203 396/579/203 397/584/203 405/585/203
f 397/584/204 401/586/204 405/585/204
f 397/584/205 396/579/205 398/587/205 399/588/205
f 401/589/206 397/584/206 399/588/206 400/590/206
f 398/587/207 396/579/207 410/591/207 409/592/207
f 402/593/208 404/594/208 398/587/208 409/595/208 408/596/208
f 403/597/209 399/588/209 398/587/209 404/594/209
f 403/597/210 400/598/210 399/588/210
o Sphere_cell.016
v -0.005955 -0.003157 0.001796
v -0.906127 -0.382683 0.180240
v -0.815493 -0.555570 0.162211
v -0.822191 -0.555570 0.094200
v -0.798370 -0.576789 0.158956
v -0.849827 -0.521017 0.001125
v -0.791182 -0.540182 0.270553
v -0.795638 -0.555570 0.227664
v -0.814631 -0.462035 0.336452
v -0.971450 -0.195090 0.094776
v -0.967620 -0.238159 0.001017
v -0.968280 -0.165162 0.156897
v -0.923775 -0.382683 0.001059
v -0.962490 -0.195090 0.185751
v -0.857422 -0.369764 0.354236
v -0.960315 -0.200552 0.191018
v -0.853803 -0.382683 0.352729
v -0.822191 -0.555570 0.094200
v -0.849827 -0.521017 0.001125
v -0.798370 -0.576789 0.158956
v -0.795638 -0.555570 0.227664
v -0.791182 -0.540182 0.270553
v -0.814631 -0.462035 0.336452
v -0.971450 -0.195090 0.094776
v -0.968280 -0.165162 0.156897
v -0.967620 -0.238159 0.001017
v -0.923775 -0.382683 0.001059
v -0.857422 -0.369764 0.354236
v -0.960315 -0.200552 0.191018
v -0.962490 -0.195090 0.185751
v -0.853803 -0.382683 0.352729
vn 0.4733 -0.7707 -0.4266
vn 0.6003 -0.7706 0.2141
vn 0.5448 -0.4390 0.7145
vn -0.2157 0.8840 -0.4149
vn 0.0008 -0.0000 -1.0000
vn -0.0008 0.6940 0.7200
vn 0.3827 -0.0006 0.9239
vn -0.9161 -0.2890 0.2779
vn -0.8448 -0.4696 0.2563
vn -0.7412 -0.6326 0.2248
vn -0.9904 -0.0975 0.0975
vn -0.9527 -0.2890 0.0938
vn -0.8786 -0.4696 0.0865
vn -0.7703 -0.6332 0.0759
vt 0.665673 0.447543
vt 0.191439 0.000000
vt 1.000000 0.000000
vt 0.999278 0.758243
vt 0.758898 0.758898
vt 0.000000 0.000000
vt 0.751898 0.000000
vt 0.756210 0.295515
vt 0.751898 0.751898
vt 0.774879 0.000000
vt 0.077955 0.000000
vt 1.000000 0.921183
vt 0.445392 0.370382
vt 0.879289 0.476520
vt 0.921183 0.921183
vt 0.808561 0.000000
vt 1.000000 0.184146
vt 1.000000 1.000000
vt 0.077955 0.077955
vt 0.196425 0.083498
vt 0.219804 0.085582
vt 0.288952 0.187610
vt 1.000000 0.225121
vt 0.184146 0.184146
vt 0.031250 0.375000
vt 0.062351 0.375000
vt 0.062355 0.379304
vt 0.031250 0.435680
vt 0.031250 0.312500
vt 0.044363 0.312500
vt 0.052449 0.318063
vt 0.062335 0.346314
vt 0.044363 0.312500
vt 0.031280 0.303748
vt 0.025555 0.447088
vt 0.015479 0.437500
vt 0.030337 0.437500
vt 0.015479 0.437500
vt 0.000170 0.423151
vt 0.000184 0.375000
vt 0.018148 0.312500
vt 0.000184 0.375000
vt 0.000208 0.324991
vt 0.031250 0.303762
s 0
usemtl 
f 439/599/211 440/600/211 422/601/211 441/602/211
f 441/603/212 422/604/212 443/605/212 442/606/212
f 443/607/213 422/604/213 444/608/213
f 446/609/214 422/601/214 447/610/214 445/611/214
f 448/612/215 447/613/215 422/604/215 440/614/215
f 449/615/216 422/616/216 446/617/216 451/618/216 450/619/216
f 452/620/217 444/621/217 422/616/217 449/622/217
f 423/623/218 438/624/218 436/625/218 437/626/218
f 438/624/219 423/623/219 424/627/219 429/628/219 428/629/219 430/630/219
f 429/631/220 424/627/220 426/632/220
f 433/633/221 431/634/221 435/635/221
f 435/635/222 431/636/222 432/637/222 434/638/222 423/623/222 437/626/222
f 425/639/223 424/627/223 423/623/223 434/640/223 427/641/223
f 424/627/224 425/639/224 426/642/224
o Sphere_cell.017
v 0.001789 0.009635 0.032500
v -0.004840 0.004634 0.010928
v -0.001105 0.001675 0.005254
v -0.013622 0.029630 0.044999
v -0.000000 0.195090 0.980785
v -0.180240 0.382683 0.906127
v -0.191342 0.195090 0.961939
v -0.353553 0.382683 0.853553
v -0.375330 0.195090 0.906127
v -0.233338 0.550797 0.796570
v -0.246581 0.550024 0.792982
v -0.421557 0.382683 0.817204
v -0.465811 0.328652 0.812045
v -0.335676 0.470084 0.810393
v -0.009403 0.382683 0.922953
v -0.167501 0.504850 0.842083
v 0.000000 0.374810 0.926268
v -0.447363 0.276920 0.839614
v -0.285780 0.097519 0.943286
v -0.193195 0.098627 0.971257
v -0.097304 0.097889 0.980775
v 0.091742 0.276504 0.947052
v 0.082914 0.299449 0.940962
v -0.421557 0.382683 0.817204
v -0.335676 0.470084 0.810393
v -0.246581 0.550024 0.792982
v -0.465811 0.328652 0.812045
v -0.009403 0.382683 0.922953
v -0.167501 0.504850 0.842083
v 0.000000 0.374810 0.926268
v -0.285780 0.097519 0.943286
v -0.193195 0.098627 0.971257
v -0.097304 0.097889 0.980775
v 0.091742 0.276504 0.947052
v 0.082914 0.299449 0.940962
v -0.233338 0.550797 0.796570
v -0.447363 0.276920 0.839614
v -0.375330 0.195090 0.906127
v -0.000000 0.195090 0.980785
vn 0.0997 0.8311 -0.5471
vn -0.4620 0.6541 -0.5990
vn -0.6068 0.5516 -0.5723
vn 0.6723 0.6858 -0.2787
vn 0.3581 0.8130 -0.4591
vn -0.3711 0.7005 -0.6096
vn -0.8114 -0.5227 -0.2616
vn -0.8381 -0.4573 -0.2973
vn -0.6952 -0.7055 -0.1373
vn -0.0172 -0.9952 0.0965
vn 0.6802 -0.7199 0.1381
vn 0.6931 -0.7072 0.1396
vn 0.9329 0.3105 -0.1824
vn 0.8213 0.5182 -0.2387
vn 0.0938 0.2890 0.9527
vn -0.0865 0.4696 0.8786
vn -0.0938 0.2890 0.9527
vn -0.0976 0.0975 0.9904
vn -0.2889 0.0975 0.9524
vn -0.2563 0.4696 0.8448
vn -0.2779 0.2890 0.9161
vn -0.4162 0.4696 0.7786
vn -0.4513 0.2890 0.8443
vt 1.000000 0.744143
vt 0.252493 0.000000
vt 1.000000 0.000000
vt 0.744143 0.744143
vt 0.000000 0.000000
vt 0.769400 0.466813
vt 0.752557 0.752557
vt 0.771127 0.000000
vt 0.776043 0.170643
vt 0.104446 0.000000
vt 1.000000 0.757186
vt 0.802643 0.603365
vt 0.348239 0.226494
vt 0.322308 0.203743
vt 0.757186 0.757186
vt 1.000000 1.000000
vt 1.000000 0.202640
vt 1.000000 0.228873
vt 0.202640 0.202640
vt 0.573491 0.434669
vt 0.201436 0.000000
vt 1.000000 0.897699
vt 0.897699 0.897699
vt 0.933655 0.000000
vt 0.924508 0.452322
vt 0.933655 0.933655
vt 0.931880 0.931880
vt 0.899119 0.000000
vt 0.932266 0.461504
vt 1.000000 0.892774
vt 0.100881 0.000000
vt 0.892774 0.892774
vt 0.263983 0.597293
vt 0.250000 0.622377
vt 0.250319 0.562500
vt 0.265371 0.589625
vt 0.218750 0.669164
vt 0.218750 0.625000
vt 0.248370 0.625000
vt 0.218750 0.562500
vt 0.250000 0.562500
vt 0.218750 0.531597
vt 0.234323 0.531475
vt 0.187500 0.561829
vt 0.203181 0.531242
vt 0.204646 0.685775
vt 0.202020 0.685495
vt 0.187500 0.656596
vt 0.187500 0.625000
vt 0.187500 0.562500
vt 0.174195 0.625000
vt 0.167113 0.606999
vt 0.172084 0.589763
s 0
usemtl 
f 478/643/225 488/644/225 456/645/225
f 478/646/226 456/647/226 454/645/226
f 477/648/227 478/649/227 454/647/227 479/650/227 476/651/227
f 487/652/228 455/645/228 488/653/228 481/654/228 480/655/228 482/656/228
f 456/645/229 488/657/229 455/647/229
f 455/647/230 454/645/230 456/658/230
f 454/658/231 455/647/231 489/659/231
f 479/660/232 454/658/232 489/661/232
f 461/662/233 489/663/233 455/645/233 483/664/233
f 483/665/234 455/647/234 485/666/234 484/667/234
f 453/645/235 485/668/235 455/647/235
f 485/669/236 453/647/236 486/670/236 457/671/236
f 487/672/237 486/673/237 453/645/237
f 453/647/238 455/645/238 487/674/238
f 475/675/239 469/676/239 491/677/239 474/678/239
f 468/679/240 458/680/240 467/681/240
f 458/680/241 459/682/241 491/683/241 469/676/241 467/681/241
f 491/683/242 459/682/242 472/684/242 473/685/242
f 472/684/243 459/682/243 490/686/243 471/687/243
f 462/688/244 463/689/244 466/690/244 460/691/244 458/680/244 468/679/244
f 459/682/245 458/680/245 460/691/245 490/692/245
f 464/693/246 460/691/246 466/690/246
f 490/692/247 460/691/247 464/693/247 465/694/247 470/695/247
o Sphere_cell.018
v 0.021136 0.007685 0.002853
v 0.006751 0.000199 0.002401
v 0.012161 0.000348 0.006392
v 0.961940 0.195090 0.191342
v 0.923879 0.000000 0.382683
v 0.901437 0.398999 0.139316
v 0.980792 0.097589 0.097430
v 0.980357 0.000000 0.196502
v 0.943306 -0.095420 0.286421
v 0.918027 -0.064311 0.380260
v 0.874885 -0.031627 0.467769
v 0.839056 0.019110 0.537402
v 0.854555 0.000000 0.512380
v 0.904861 0.195090 0.377699
v 0.910445 0.368170 0.181099
v 0.907867 0.382683 0.162577
v 0.913980 0.382683 0.100508
v 0.916115 0.378563 0.091527
v 0.971266 0.195090 0.096653
v 0.980357 0.000000 0.196502
v 0.943306 -0.095420 0.286421
v 0.918027 -0.064311 0.380260
v 0.874885 -0.031627 0.467769
v 0.854555 0.000000 0.512380
v 0.839056 0.019110 0.537402
v 0.910445 0.368170 0.181099
v 0.907867 0.382683 0.162577
v 0.904861 0.195090 0.377699
v 0.913980 0.382683 0.100508
v 0.916115 0.378563 0.091527
v 0.980792 0.097589 0.097430
v 0.971266 0.195090 0.096653
v 0.901437 0.398999 0.139316
vn -0.4116 0.7413 0.5301
vn -0.4178 0.7742 0.4754
vn 0.1112 -0.1545 -0.9817
vn 0.1382 -0.7065 -0.6941
vn -0.1775 -0.9474 0.2663
vn -0.1941 -0.9346 0.2981
vn -0.2807 -0.8387 0.4667
vn -0.4004 0.6934 0.5990
vn -0.3030 0.8391 -0.4518
vn 0.0979 0.0016 -0.9952
vn 0.8786 0.4696 0.0865
vn 0.9527 0.2890 0.0938
vn 0.9904 0.0966 0.0985
vn 0.9154 0.2889 0.2804
vn 0.9519 0.0989 0.2901
vn 0.9524 -0.0975 0.2889
vn 0.8777 -0.0975 0.4691
vn 0.8777 0.0975 0.4691
vt 1.000000 1.000000
vt 0.000000 0.000000
vt 1.000000 0.142634
vt 0.144673 0.000000
vt 1.000000 0.000000
vt 1.000000 0.066255
vt 0.066255 0.066255
vt 0.528446 0.066776
vt 1.000000 0.102361
vt 0.102361 0.102361
vt 0.544878 0.126350
vt 1.000000 0.167394
vt 0.168335 0.000000
vt 0.168335 0.168335
vt 0.686022 0.188002
vt 1.000000 0.202984
vt 0.957226 0.137158
vt 1.000000 0.143279
vt 0.202984 0.202984
vt 0.540453 0.139287
vt 0.921711 0.134653
vt 1.000000 0.855327
vt 0.292474 0.160497
vt 0.129797 0.000000
vt 1.000000 0.067214
vt 0.129797 0.129797
vt 0.701698 0.076376
vt 0.475568 0.630798
vt 0.471812 0.625000
vt 0.482574 0.625000
vt 0.484152 0.623627
vt 0.482574 0.625000
vt 0.471812 0.625000
vt 0.468750 0.620165
vt 0.468750 0.562500
vt 0.484215 0.562500
vt 0.468750 0.500470
vt 0.484242 0.531264
vt 0.484215 0.562500
vt 0.437500 0.562500
vt 0.468750 0.500470
vt 0.437500 0.500000
vt 0.453083 0.469431
vt 0.468515 0.500000
vt 0.437500 0.479397
vt 0.414057 0.500000
vt 0.421882 0.489848
vt 0.437064 0.562500
vt 0.409357 0.506122
s 0
usemtl 
f 493/696/248 494/697/248 524/698/248
f 524/699/249 492/700/249 493/696/249
f 492/697/250 522/701/250 493/696/250
f 493/696/251 522/702/251 511/703/251 512/704/251
f 493/696/252 512/705/252 513/706/252 514/707/252
f 514/708/253 494/700/253 493/696/253
f 494/696/254 514/709/254 515/710/254 516/711/254
f 518/712/255 524/713/255 494/696/255 516/714/255 519/715/255 517/716/255
f 492/700/256 524/717/256 520/718/256 521/719/256
f 522/720/257 492/696/257 521/721/257 523/722/257
f 497/723/258 507/724/258 508/725/258
f 509/726/259 508/727/259 507/728/259 506/729/259 495/730/259 510/731/259
f 495/730/260 499/732/260 498/733/260 510/734/260
f 505/735/261 495/730/261 506/729/261
f 499/736/262 495/730/262 505/735/262 496/737/262
f 500/738/263 499/739/263 496/737/263 501/740/263
f 496/737/264 504/741/264 502/742/264 501/740/264
f 504/741/265 496/737/265 505/743/265 503/744/265
o Sphere_cell.019
v 0.005610 -0.033714 -0.007427
v 0.001604 -0.013194 0.000631
v 0.137950 -0.980785 -0.137950
v 0.162212 -0.980785 -0.108386
v 0.180240 -0.980785 -0.074658
v 0.191342 -0.980785 -0.038060
v 0.195090 -0.980785 0.000000
v 0.191342 -0.980785 0.038060
v 0.180240 -0.980785 0.074658
v 0.120110 -0.984694 0.097428
v 0.009145 -0.998917 0.006111
v 0.137090 -0.983761 0.091601
v 0.184153 -0.979593 0.075228
v 0.203335 -0.977076 0.040446
v 0.237404 -0.967247 -0.023528
v 0.225067 -0.971692 0.000000
v 0.256569 -0.955704 -0.106410
v 0.243376 -0.964691 -0.048411
v 0.001661 -0.999823 -0.000688
v 0.158301 -0.954079 -0.234590
v 0.109323 -0.980785 -0.161443
v 0.235219 -0.954150 -0.157168
v 0.223504 -0.951771 -0.183747
v 0.183830 -0.951750 -0.223525
v 0.203817 -0.952529 -0.203817
v 0.120110 -0.984694 0.097428
v 0.009145 -0.998917 0.006111
v 0.137090 -0.983761 0.091601
v 0.203335 -0.977076 0.040446
v 0.225067 -0.971692 0.000000
v 0.237404 -0.967247 -0.023528
v 0.184153 -0.979593 0.075228
v 0.243376 -0.964691 -0.048411
v 0.158301 -0.954079 -0.234590
v 0.109323 -0.980785 -0.161443
v 0.235219 -0.954150 -0.157168
v 0.223504 -0.951771 -0.183747
v 0.203817 -0.952529 -0.203817
v 0.183830 -0.951750 -0.223525
v 0.001661 -0.999823 -0.000688
v 0.180240 -0.980785 0.074658
v 0.256569 -0.955704 -0.106410
vn -0.6379 -0.0006 0.7701
vn 0.3154 0.1307 0.9399
vn -0.8949 0.0005 -0.4463
vn 0.8521 0.1983 0.4843
vn 0.9416 0.2264 0.2493
vn 0.9271 0.2792 -0.2501
vn 0.8876 0.2808 -0.3652
vn 0.6776 0.2906 -0.6756
vn 0.3603 0.2794 -0.8900
vn 0.1850 -0.9565 -0.2254
vn 0.0624 -0.9951 -0.0761
vn 0.2254 -0.9565 -0.1850
vn 0.0761 -0.9951 -0.0625
vn 0.2571 -0.9565 -0.1374
vn 0.0869 -0.9951 -0.0464
vn 0.2790 -0.9565 -0.0847
vn 0.2902 -0.9565 -0.0286
vn 0.0980 -0.9951 -0.0096
vn 0.0979 -0.9951 0.0096
vn 0.2902 -0.9565 0.0286
vn 0.2790 -0.9565 0.0846
vn 0.0941 -0.9952 0.0285
vn 0.0875 -0.9952 0.0447
vn 0.0761 -0.9951 0.0625
vn -0.8308 -0.0005 -0.5565
vn 0.0942 -0.9951 -0.0286
vt 0.950727 0.060935
vt 0.937143 0.937143
vt 0.000000 0.000000
vt 0.951409 0.016064
vt 0.087886 0.020224
vt 0.068001 0.000000
vt 1.000000 0.000000
vt 1.000000 0.937143
vt 0.753629 0.689813
vt 1.000000 0.048375
vt 1.000000 1.000000
vt 0.777601 0.075642
vt 1.000000 0.079935
vt 0.068001 0.068001
vt 0.395817 0.070438
vt 1.000000 0.091290
vt 0.079935 0.079935
vt 0.355029 0.082466
vt 0.093167 0.000000
vt 1.000000 0.096243
vt 0.093167 0.093167
vt 0.683881 0.094166
vt 0.096243 0.096243
vt 0.548113 0.095626
vt 1.000000 0.096522
vt 0.096522 0.096522
vt 1.000000 0.094463
vt 0.625000 0.093535
vt 0.625000 0.062500
vt 0.655260 0.062500
vt 0.655522 0.091832
vt 0.640461 0.094390
vt 0.640213 0.001646
vt 0.655260 0.062500
vt 0.593750 0.091754
vt 0.593750 0.062500
vt 0.609512 0.094367
vt 0.609787 0.001646
vt 0.562500 0.090014
vt 0.562500 0.062500
vt 0.578334 0.000837
vt 0.531250 0.080176
vt 0.531250 0.062500
vt 0.531250 0.080176
vt 0.515723 0.077369
vt 0.500000 0.072487
vt 0.500000 0.062500
vt 0.515744 0.000475
vt 0.484513 0.000551
vt 0.468750 0.062500
vt 0.468750 0.066574
vt 0.437500 0.062500
vt 0.468750 0.066574
vt 0.438231 0.063809
vt 0.453310 0.000741
vt 0.422175 0.001201
vt 0.435186 0.062500
vt 0.408670 0.052821
vt 0.420994 0.003524
vt 0.391506 0.003524
vt 0.403830 0.052821
vt 0.391347 0.049785
vt 0.950619 0.950619
vt 0.905537 0.000000
vt 0.931836 0.309084
vt 0.547019 0.000576
s 0
usemtl 
f 551/745/266 550/746/266 526/747/266 543/748/266
f 533/749/267 556/750/267 526/751/267 550/752/267 552/753/267
f 543/754/268 526/755/268 525/747/268
f 554/756/269 555/757/269 526/755/269 556/758/269 553/759/269
f 566/760/270 526/755/270 555/761/270 557/762/270
f 566/763/271 525/751/271 526/755/271
f 561/764/272 525/755/272 566/765/272 560/766/272
f 525/755/273 561/767/273 562/768/273 563/769/273
f 525/755/274 563/770/274 558/771/274
f 549/772/275 527/773/275 559/774/275 544/775/275 548/776/275
f 527/773/276 564/777/276 559/778/276
f 546/779/277 528/780/277 527/773/277 549/772/277 547/781/277
f 527/773/278 528/780/278 564/782/278
f 541/783/279 529/784/279 528/780/279 546/779/279
f 528/780/280 529/784/280 564/785/280
f 529/784/281 541/783/281 542/786/281 530/787/281
f 530/787/282 542/788/282 539/789/282 540/790/282 531/791/282
f 564/792/283 530/787/283 531/791/283
f 564/793/284 531/791/284 532/794/284
f 531/791/285 540/790/285 538/795/285 532/794/285
f 565/796/286 532/794/286 538/797/286 537/798/286
f 564/799/287 532/794/287 565/796/287
f 564/800/288 565/801/288 536/802/288 535/803/288
f 535/804/289 536/805/289 534/806/289
f 543/807/290 525/747/290 558/808/290 545/809/290
f 529/784/291 530/787/291 564/810/291
o Sphere_cell.020
v -0.001227 -0.011003 0.003074
v 0.074658 -0.980785 0.180240
v 0.038060 -0.980785 0.191342
v -0.000000 -0.980785 0.195090
v -0.038060 -0.980785 0.191342
v -0.146447 -0.923880 0.353553
v -0.074658 -0.980785 0.180240
v -0.108386 -0.980785 0.162212
v -0.165436 -0.921969 0.347437
v -0.148454 -0.921076 0.358399
v -0.092114 -0.912587 0.392007
v -0.000000 -0.954405 0.282054
v -0.073899 -0.925060 0.371514
v 0.087833 -0.980785 0.173198
v 0.102346 -0.981766 0.154206
v 0.045098 -0.969842 0.226724
v 0.077288 -0.978701 0.186589
v 0.113955 -0.984127 0.113955
v 0.118342 -0.984756 0.098599
v 0.008105 -0.998871 0.008105
v -0.122526 -0.980785 0.150608
v -0.197267 -0.944787 0.242049
v -0.000621 -0.999840 0.001498
v -0.167161 -0.923880 0.342481
v -0.186464 -0.938154 0.279063
v -0.148454 -0.921076 0.358399
v -0.092114 -0.912587 0.392007
v -0.165436 -0.921969 0.347437
v 0.045098 -0.969842 0.226724
v 0.077288 -0.978701 0.186589
v 0.087833 -0.980785 0.173198
v 0.102346 -0.981766 0.154206
v -0.000000 -0.954405 0.282054
v -0.073899 -0.925060 0.371514
v 0.113955 -0.984127 0.113955
v 0.118342 -0.984756 0.098599
v 0.008105 -0.998871 0.008105
v -0.122526 -0.980785 0.150608
v -0.197267 -0.944787 0.242049
v -0.167161 -0.923880 0.342481
v -0.186464 -0.938154 0.279063
v -0.000621 -0.999840 0.001498
vn -0.5151 0.3828 0.7669
vn 0.7865 0.1761 0.5919
vn 0.9531 0.1432 0.2665
vn 0.6322 0.0020 -0.7748
vn -0.7742 0.0005 -0.6330
vn -0.9394 0.2557 0.2284
vn 0.0761 -0.9951 0.0625
vn 0.0603 -0.9952 0.0776
vn 0.1374 -0.9565 0.2571
vn 0.0462 -0.9952 0.0866
vn 0.0846 -0.9565 0.2790
vn 0.0285 -0.9952 0.0941
vn 0.0286 -0.9565 0.2902
vn 0.0096 -0.9951 0.0979
vn -0.0286 -0.9565 0.2902
vn -0.0097 -0.9951 0.0980
vn -0.0846 -0.9565 0.2790
vn -0.0286 -0.9951 0.0942
vn -0.1245 -0.8905 0.4375
vn -0.2231 -0.8810 0.4173
vn -0.1374 -0.9565 0.2571
vn -0.0464 -0.9951 0.0869
vn -0.0625 -0.9951 0.0761
vn -0.1850 -0.9565 0.2254
vt 0.868127 0.868127
vt 0.000000 0.000000
vt 0.876718 0.000000
vt 0.875962 0.203871
vt 0.183618 0.114763
vt 0.133748 0.066861
vt 0.065996 0.000000
vt 1.000000 0.000000
vt 1.000000 0.868127
vt 0.909710 0.789776
vt 0.553340 0.461382
vt 0.337014 0.259750
vt 1.000000 0.063192
vt 1.000000 1.000000
vt 0.078133 0.065946
vt 0.742405 0.063777
vt 1.000000 0.047945
vt 0.063192 0.063192
vt 0.933279 0.048965
vt 1.000000 0.101259
vt 0.059039 0.048294
vt 0.624178 0.066498
vt 0.955244 0.121440
vt 1.000000 0.123282
vt 0.101259 0.101259
vt 0.412793 0.107664
vt 0.389707 0.003672
vt 0.389691 0.049585
vt 0.377718 0.051629
vt 0.344591 0.059138
vt 0.359065 0.001239
vt 0.360293 0.003672
vt 0.372282 0.051629
vt 0.312500 0.062500
vt 0.324707 0.062500
vt 0.312500 0.064790
vt 0.324707 0.062500
vt 0.328435 0.001239
vt 0.342481 0.059310
vt 0.281250 0.062500
vt 0.312500 0.064790
vt 0.281250 0.074519
vt 0.297066 0.000763
vt 0.250000 0.091474
vt 0.250000 0.062500
vt 0.281250 0.074519
vt 0.265767 0.000567
vt 0.218750 0.123704
vt 0.218750 0.062500
vt 0.250000 0.091474
vt 0.234491 0.000465
vt 0.187500 0.125000
vt 0.187500 0.062500
vt 0.217908 0.125000
vt 0.203227 0.000408
vt 0.217908 0.125000
vt 0.213379 0.132638
vt 0.187500 0.126896
vt 0.179302 0.126292
vt 0.177716 0.125000
vt 0.177716 0.125000
vt 0.156250 0.109322
vt 0.156250 0.062500
vt 0.172005 0.000519
vt 0.141304 0.062500
vt 0.141015 0.001559
vt 0.141163 0.102038
s 0
usemtl 
f 593/811/292 567/812/292 594/813/292 592/814/292
f 596/815/293 597/816/293 598/817/293 567/818/293 593/819/293 600/820/293 599/821/293 595/822/293
f 602/823/294 567/824/294 598/825/294 601/826/294
f 589/827/295 567/824/295 602/828/295 603/829/295
f 605/830/296 567/824/296 589/831/296 604/832/296
f 606/833/297 594/834/297 567/824/297 605/835/297 607/836/297
f 586/837/298 585/838/298 584/839/298
f 581/840/299 608/841/299 586/842/299 584/843/299
f 568/844/300 580/845/300 583/846/300
f 580/847/301 568/844/301 608/848/301 581/849/301
f 569/850/302 568/844/302 583/851/302 582/852/302
f 608/853/303 568/844/303 569/850/303
f 578/854/304 570/855/304 569/850/304 582/856/304
f 569/850/305 570/855/305 608/857/305
f 579/858/306 571/859/306 570/855/306 578/860/306
f 570/855/307 571/859/307 608/861/307
f 572/862/308 573/863/308 571/859/308 579/864/308
f 608/865/309 571/859/309 573/863/309
f 572/862/310 579/866/310 577/867/310 576/868/310
f 575/869/311 590/870/311 572/862/311 576/868/311
f 573/863/312 572/862/312 590/871/312 591/872/312 574/873/312
f 608/874/313 573/863/313 574/873/313
f 574/873/314 587/875/314 608/876/314
f 574/873/315 591/872/315 588/877/315 587/875/315
o Sphere_cell.021
v -0.005442 0.000540 0.004215
v -0.693520 0.195090 0.693520
v -0.815493 0.195090 0.544895
v -0.831469 0.000000 0.555569
v -0.906127 0.195090 0.375330
v -0.943397 0.095742 0.286012
v -0.827797 -0.046667 0.552736
v -0.876586 0.000000 0.471162
v -0.919413 0.049080 0.380833
v -0.725732 0.032970 0.679317
v -0.770938 0.000000 0.629327
v -0.943909 0.195090 0.250779
v -0.929706 0.270579 0.219097
v -0.881513 0.282918 0.365134
v -0.792094 0.287862 0.529260
v -0.605374 0.275101 0.734612
v -0.674748 0.282606 0.674748
v -0.700462 0.097113 0.700198
v -0.654854 0.195090 0.725252
v -0.876586 0.000000 0.471162
v -0.919413 0.049080 0.380833
v -0.943397 0.095742 0.286012
v -0.827797 -0.046667 0.552736
v -0.725732 0.032970 0.679317
v -0.770938 0.000000 0.629327
v -0.943909 0.195090 0.250779
v -0.929706 0.270579 0.219097
v -0.700462 0.097113 0.700198
v -0.654854 0.195090 0.725252
v -0.881513 0.282918 0.365134
v -0.792094 0.287862 0.529260
v -0.605374 0.275101 0.734612
v -0.674748 0.282606 0.674748
vn -0.2080 -0.8974 -0.3890
vn 0.2786 -0.8981 0.3404
vn -0.3022 -0.3200 -0.8979
vn 0.6004 -0.4488 0.6619
vn 0.5993 -0.4513 0.6611
vn -0.6314 0.0972 0.7694
vn -0.6073 0.2890 0.7400
vn -0.7400 0.2890 0.6073
vn -0.7693 0.0975 0.6314
vn -0.7692 -0.0989 0.6313
vn -0.8777 -0.0975 0.4691
vn -0.8443 0.2890 0.4513
vn -0.8777 0.0975 0.4691
vn -0.9161 0.2890 0.2779
vn -0.9524 0.0975 0.2889
vn 0.2422 0.9568 -0.1608
vt 0.391538 0.266342
vt 0.102156 0.000000
vt 1.000000 0.000000
vt 1.000000 0.786946
vt 0.702009 0.535734
vt 0.786946 0.786946
vt 0.000000 0.000000
vt 0.689529 0.000000
vt 0.732684 0.327041
vt 1.000000 0.897844
vt 0.501489 0.399820
vt 0.115267 0.000000
vt 1.000000 0.334558
vt 1.000000 1.000000
vt 0.301428 0.301428
vt 0.618876 0.310480
vt 0.334558 0.334558
vt 1.000000 0.310471
vt 0.125000 0.562500
vt 0.125000 0.531230
vt 0.133130 0.562500
vt 0.125000 0.591657
vt 0.140304 0.589157
vt 0.093750 0.562500
vt 0.093750 0.593409
vt 0.093750 0.500000
vt 0.108960 0.500000
vt 0.119718 0.510562
vt 0.093750 0.485098
vt 0.078493 0.500000
vt 0.093750 0.485098
vt 0.062500 0.562500
vt 0.062500 0.591761
vt 0.062500 0.515724
vt 0.036862 0.587650
vt 0.041345 0.562500
vt 0.062500 0.515724
vt 0.041345 0.562500
vt 0.046850 0.530672
vt 1.000000 0.301428
vt 0.115266 0.115266
vt 0.357301 0.161440
vt 0.673275 0.247084
vt 0.362470 0.358805
s 0
usemtl 
f 629/878/316 630/879/316 609/880/316 631/881/316 628/882/316
f 631/883/317 609/884/317 632/885/317 633/886/317
f 609/880/318 630/887/318 634/888/318 635/889/318
f 636/890/319 609/891/319 624/892/319 637/893/319
f 609/891/320 636/894/320 632/895/320
f 610/896/321 626/897/321 627/898/321
f 641/899/322 610/896/322 627/898/322 640/900/322
f 611/901/323 610/896/323 641/899/323 639/902/323
f 611/901/324 612/903/324 619/904/324 618/905/324 626/897/324 610/896/324
f 619/904/325 612/903/325 615/906/325
f 612/903/326 616/907/326 615/908/326
f 613/909/327 611/901/327 639/902/327 638/910/327
f 612/903/328 611/901/328 613/909/328 617/911/328 616/907/328
f 621/912/329 620/913/329 613/909/329 638/910/329
f 617/914/330 613/909/330 620/915/330 614/916/330
f 624/917/331 609/891/331 635/918/331 622/919/331 623/920/331 625/921/331
o Sphere_cell.022
v 0.012537 0.000278 -0.007669
v 0.009535 -0.001496 -0.002669
v 0.923879 0.000000 -0.382683
v 0.915092 0.096568 -0.379044
v 0.824116 0.094584 -0.549661
v 0.971372 0.094750 -0.194127
v 0.832159 0.000000 -0.554279
v 0.910802 -0.274718 -0.277109
v 0.907588 -0.195090 -0.370514
v 0.906558 -0.190355 -0.375509
v 0.980563 0.000000 -0.195822
v 0.962220 -0.190686 -0.191905
v 0.960429 -0.195090 -0.196322
v 0.915092 0.096568 -0.379044
v 0.824116 0.094584 -0.549661
v 0.832159 0.000000 -0.554279
v 0.906558 -0.190355 -0.375509
v 0.907588 -0.195090 -0.370514
v 0.910802 -0.274718 -0.277109
v 0.980563 0.000000 -0.195822
v 0.962220 -0.190686 -0.191905
v 0.971372 0.094750 -0.194127
v 0.960429 -0.195090 -0.196322
vn -0.0909 0.9952 0.0372
vn -0.5548 -0.0066 -0.8319
vn -0.0317 0.9478 0.3172
vn -0.3929 -0.7064 -0.5887
vn -0.3877 -0.7705 -0.5060
vn 0.1951 0.0014 0.9808
vn -0.0017 -0.7115 0.7027
vn 0.8777 0.0975 -0.4691
vn 0.8777 -0.0975 -0.4691
vn 0.9524 0.0975 -0.2889
vn 0.9524 -0.0975 -0.2889
vn 0.9161 -0.2890 -0.2779
vt 0.782402 0.782402
vt 0.000000 0.000000
vt 0.924126 0.000000
vt 0.870037 0.398544
vt 0.210417 0.000000
vt 1.000000 0.000000
vt 1.000000 0.782402
vt 1.000000 0.075874
vt 1.000000 1.000000
vt 0.738657 0.138406
vt 0.752563 0.137410
vt 1.000000 0.134264
vt 0.211407 0.210214
vt 0.133834 0.000000
vt 0.933182 0.625392
vt 0.924446 0.924446
vt 0.915360 0.000000
vt 0.133835 0.133835
vt 0.956423 0.086352
vt 1.000000 0.084640
vt 0.593616 0.530301
vt 0.562500 0.530937
vt 0.562500 0.500000
vt 0.593577 0.500121
vt 0.562500 0.439017
vt 0.593517 0.500000
vt 0.531394 0.530355
vt 0.531372 0.500000
vt 0.532096 0.437500
vt 0.561682 0.437500
vt 0.531372 0.500000
vt 0.531331 0.438911
vt 0.547006 0.410971
vt 0.561682 0.437500
s 0
usemtl 
f 656/922/332 642/923/332 663/924/332 655/925/332
f 657/926/333 642/927/333 656/928/333
f 663/929/334 642/930/334 643/923/334
f 658/931/335 659/932/335 660/933/335 642/930/335 657/934/335
f 642/930/336 660/935/336 643/927/336
f 661/936/337 663/937/337 643/923/337 662/938/337
f 660/939/338 664/940/338 662/941/338 643/930/338
f 646/942/339 645/943/339 644/944/339 648/945/339
f 644/944/340 651/946/340 648/947/340
f 644/944/341 645/943/341 647/948/341 652/949/341
f 654/950/342 650/951/342 651/946/342 644/944/342 652/952/342 653/953/342
f 654/950/343 649/954/343 650/955/343
o Sphere_cell.023
v 0.000000 0.195090 -0.980785
v -0.002122 0.002054 -0.006173
v -0.353553 0.382683 -0.853553
v -0.375330 0.195090 -0.906127
v -0.180240 0.382683 -0.906127
v -0.191341 0.195090 -0.961939
v -0.459222 0.195090 -0.861286
v -0.434847 0.366045 -0.815796
v -0.463908 0.094222 -0.869991
v -0.373805 0.431250 -0.813435
v -0.421294 0.382683 -0.817345
v -0.292514 0.454853 -0.831952
v -0.341302 0.442577 -0.823976
v -0.176931 0.414418 -0.889491
v -0.100321 0.382683 -0.913998
v 0.150275 0.261400 -0.945870
v 0.000000 0.337995 -0.937435
v -0.379032 0.096850 -0.915066
v -0.193197 0.098526 -0.971267
v 0.095688 0.093711 -0.981346
v 0.000000 0.096504 -0.990495
v 0.129247 0.195090 -0.968056
v -0.459222 0.195090 -0.861286
v -0.463908 0.094222 -0.869991
v -0.434847 0.366045 -0.815796
v -0.373805 0.431250 -0.813435
v -0.421294 0.382683 -0.817345
v -0.292514 0.454853 -0.831952
v -0.341302 0.442577 -0.823976
v -0.176931 0.414418 -0.889491
v -0.100321 0.382683 -0.913998
v 0.150275 0.261400 -0.945870
v 0.000000 0.337995 -0.937435
v -0.193197 0.098526 -0.971267
v 0.000000 0.096504 -0.990495
v 0.095688 0.093711 -0.981346
v -0.379032 0.096850 -0.915066
v 0.129247 0.195090 -0.968056
vn -0.8819 0.0003 0.4715
vn -0.6089 0.5493 0.5724
vn -0.1301 0.8494 0.5115
vn 0.4461 0.8416 0.3046
vn -0.0199 -0.9952 -0.0955
vn 0.9448 -0.3212 0.0646
vn 0.0938 0.2890 -0.9527
vn 0.0975 0.0975 -0.9904
vn -0.4162 0.4696 -0.7786
vn -0.4513 0.2890 -0.8443
vn -0.4691 0.0975 -0.8777
vn -0.2889 0.0975 -0.9524
vn -0.2563 0.4696 -0.8448
vn -0.2779 0.2890 -0.9161
vn -0.0865 0.4696 -0.8786
vn -0.0938 0.2890 -0.9527
vn -0.0976 0.0975 -0.9904
vt 0.172513 0.000000
vt 1.000000 0.000000
vt 1.000000 0.775402
vt 0.465252 0.284338
vt 0.773690 0.000000
vt 0.777018 0.590889
vt 0.775402 0.775402
vt 0.000000 0.000000
vt 1.000000 0.790793
vt 0.545380 0.328905
vt 0.226310 0.000000
vt 0.846068 0.592772
vt 0.790793 0.790793
vt 0.900503 0.000000
vt 0.892230 0.277518
vt 0.869647 0.457401
vt 0.202707 0.145762
vt 0.065687 0.000000
vt 1.000000 0.827487
vt 0.835551 0.706245
vt 0.509769 0.434354
vt 0.618693 0.078312
vt 1.000000 0.099497
vt 1.000000 1.000000
vt 0.065687 0.065687
vt 0.724955 0.584592
vt 0.728891 0.562500
vt 0.750000 0.562500
vt 0.750000 0.610111
vt 0.750000 0.530917
vt 0.734530 0.530022
vt 0.812500 0.625000
vt 0.825753 0.625000
vt 0.818606 0.642558
vt 0.812500 0.646652
vt 0.812500 0.562500
vt 0.827961 0.562500
vt 0.827942 0.619457
vt 0.827961 0.562500
vt 0.812500 0.531027
vt 0.827967 0.530185
vt 0.781250 0.562500
vt 0.781250 0.531564
vt 0.781250 0.625000
vt 0.803783 0.651090
vt 0.781250 0.636472
vt 0.767394 0.625000
vt 0.781250 0.636472
vt 0.750000 0.530917
s 0
usemtl 
f 688/956/344 666/957/344 689/958/344 687/959/344
f 690/960/345 691/961/345 689/962/345 666/963/345
f 692/964/346 693/965/346 690/966/346 666/957/346
f 694/967/347 692/968/347 666/963/347 696/969/347 697/970/347 695/971/347
f 699/972/348 700/973/348 666/957/348 688/974/348 701/975/348 698/976/348
f 702/977/349 696/978/349 666/979/349 700/980/349
f 680/981/350 686/982/350 665/983/350 681/984/350
f 685/985/351 665/983/351 686/982/351 684/986/351
f 667/987/352 675/988/352 674/989/352 677/990/352
f 675/988/353 667/987/353 668/991/353 671/992/353 672/993/353
f 671/994/354 668/991/354 682/995/354 673/996/354
f 682/995/355 668/991/355 670/997/355 683/998/355
f 669/999/356 667/987/356 677/990/356 676/1000/356 678/1001/356
f 668/991/357 667/987/357 669/999/357 670/997/357
f 679/1002/358 669/999/358 678/1003/358
f 665/983/359 670/997/359 669/999/359 679/1002/359 681/984/359
f 683/998/360 670/997/360 665/983/360 685/1004/360
o Sphere_cell.024
v 0.002419 0.003090 0.008565
v 0.004405 0.009979 0.031584
v 0.513280 0.382683 0.768178
v 0.544895 0.195090 0.815493
v 0.353553 0.382683 0.853553
v 0.180240 0.382683 0.906127
v 0.191342 0.195090 0.961939
v 0.085066 0.299401 0.940764
v 0.179006 0.394515 0.899925
v 0.166832 0.382683 0.907448
v 0.323681 0.528723 0.781435
v 0.380866 0.577356 0.714501
v 0.354388 0.555570 0.748829
v 0.550616 0.382683 0.737537
v 0.490620 0.458989 0.734265
v 0.405124 0.555570 0.721710
v 0.665289 0.195090 0.716688
v 0.670684 0.183264 0.713760
v 0.325949 0.195090 0.921107
v 0.421035 0.195090 0.881697
v 0.375220 0.196040 0.905861
v 0.094490 0.277173 0.946579
v 0.179006 0.394515 0.899925
v 0.166832 0.382683 0.907448
v 0.323681 0.528723 0.781435
v 0.354388 0.555570 0.748829
v 0.380866 0.577356 0.714501
v 0.665289 0.195090 0.716688
v 0.670684 0.183264 0.713760
v 0.405124 0.555570 0.721710
v 0.490620 0.458989 0.734265
v 0.550616 0.382683 0.737537
v 0.421035 0.195090 0.881697
v 0.375220 0.196040 0.905861
v 0.325949 0.195090 0.921107
v 0.085066 0.299401 0.940764
v 0.094490 0.277173 0.946579
v 0.544895 0.195090 0.815493
v 0.191342 0.195090 0.961939
vn -0.9908 0.1263 0.0477
vn -0.7344 0.6630 -0.1456
vn 0.5940 0.4381 -0.6748
vn 0.0708 -0.9806 0.1828
vn -0.6469 -0.7125 0.2717
vn -0.4926 -0.8211 0.2883
vn -0.9208 -0.3406 0.1901
vn 0.5601 0.4696 0.6825
vn 0.6073 0.2890 0.7400
vn 0.6314 0.0975 0.7693
vn 0.4162 0.4696 0.7786
vn 0.4513 0.2890 0.8443
vn 0.3651 0.6326 0.6831
vn 0.2563 0.4696 0.8448
vn 0.2779 0.2890 0.9161
vn 0.0938 0.2890 0.9527
vn 0.0865 0.4696 0.8786
vt 1.000000 0.105171
vt 1.000000 1.000000
vt 0.000000 0.000000
vt 0.105171 0.105171
vt 0.318887 0.137075
vt 0.353659 0.144286
vt 0.800328 0.257908
vt 0.903709 0.289181
vt 1.000000 0.322111
vt 1.000000 0.322853
vt 0.322111 0.322111
vt 0.362773 0.315190
vt 0.534504 0.303142
vt 0.667262 0.300007
vt 0.980935 0.320040
vt 0.750478 0.138520
vt 0.817515 0.123897
vt 1.000000 0.084583
vt 0.322853 0.322853
vt 0.509853 0.225015
vt 0.685601 0.161704
vt 0.111865 0.084493
vt 1.000000 0.099186
vt 0.101430 0.000000
vt 1.000000 0.000000
vt 1.000000 0.107535
vt 0.101430 0.101430
vt 0.343750 0.625000
vt 0.352084 0.625000
vt 0.343750 0.652585
vt 0.352084 0.625000
vt 0.343750 0.562500
vt 0.369064 0.562500
vt 0.343750 0.561643
vt 0.370037 0.558711
vt 0.320369 0.687500
vt 0.312500 0.677795
vt 0.312500 0.625000
vt 0.331399 0.687500
vt 0.320923 0.562500
vt 0.312500 0.562816
vt 0.327946 0.696485
vt 0.281250 0.625000
vt 0.281250 0.629277
vt 0.281250 0.562500
vt 0.304113 0.562500
vt 0.265839 0.589842
vt 0.278925 0.625000
vt 0.264355 0.597253
vt 0.278925 0.625000
s 0
usemtl 
f 738/1005/361 703/1006/361 704/1007/361
f 703/1006/362 738/1008/362 726/1009/362 725/1010/362 727/1011/362 728/1012/362 729/1013/362
f 731/1014/363 703/1006/363 729/1015/363 732/1016/363 733/1017/363 734/1018/363 730/1019/363
f 736/1020/364 737/1021/364 709/1022/364 703/1006/364 731/1023/364 706/1024/364 735/1025/364
f 703/1006/365 709/1026/365 739/1027/365
f 739/1028/366 704/1029/366 703/1006/366
f 738/1030/367 704/1006/367 739/1031/367
f 705/1032/368 716/1033/368 717/1034/368
f 716/1035/369 705/1032/369 740/1036/369 719/1037/369
f 719/1037/370 740/1038/370 720/1039/370
f 715/1040/371 713/1041/371 707/1042/371 705/1032/371 717/1034/371 718/1043/371
f 722/1044/372 740/1036/372 705/1032/372 707/1042/372 723/1045/372
f 718/1043/373 714/1046/373 715/1040/373
f 708/1047/374 707/1042/374 713/1041/374 711/1048/374
f 723/1045/375 707/1042/375 708/1047/375 741/1049/375 721/1050/375
f 724/1051/376 741/1049/376 708/1047/376 712/1052/376 710/1053/376
f 712/1054/377 708/1047/377 711/1048/377
o Sphere_cell.025
v -0.004579 0.001619 -0.004693
v -0.693519 0.195090 -0.693520
v -0.544895 0.195090 -0.815493
v -0.700003 0.098312 -0.700470
v -0.465519 0.093862 -0.869170
v -0.550287 0.096545 -0.823563
v -0.761185 0.097646 -0.626124
v -0.753851 0.195090 -0.620005
v -0.711130 0.378603 -0.584734
v -0.653466 0.381821 -0.653466
v -0.436868 0.365577 -0.814876
v -0.514536 0.375226 -0.770058
v -0.460936 0.195090 -0.860369
v -0.700003 0.098312 -0.700470
v -0.550287 0.096545 -0.823563
v -0.465519 0.093862 -0.869170
v -0.761185 0.097646 -0.626124
v -0.753851 0.195090 -0.620005
v -0.711130 0.378603 -0.584734
v -0.653466 0.381821 -0.653466
v -0.436868 0.365577 -0.814876
v -0.514536 0.375226 -0.770058
v -0.460936 0.195090 -0.860369
vn -0.0689 -0.9952 -0.0695
vn -0.0710 -0.9952 -0.0673
vn -0.6348 -0.0007 0.7727
vn 0.2709 0.9238 0.2705
vn 0.8824 0.0010 -0.4704
vn -0.7400 0.2890 -0.6073
vn -0.7691 0.0972 -0.6316
vn -0.6073 0.2890 -0.7400
vn -0.6314 0.0975 -0.7693
vn -0.4513 0.2890 -0.8443
vn -0.4691 0.0975 -0.8777
vt 1.000000 0.000000
vt 1.000000 0.665416
vt 0.440384 0.223735
vt 0.172930 0.000000
vt 0.665416 0.665416
vt 0.000000 0.000000
vt 0.723720 0.000000
vt 0.723720 0.723720
vt 0.675719 0.000000
vt 0.716663 0.485297
vt 0.324281 0.000000
vt 1.000000 0.775310
vt 0.827127 0.590413
vt 0.484825 0.197653
vt 0.775310 0.775310
vt 0.827070 0.000000
vt 0.818718 0.285437
vt 0.875000 0.562500
vt 0.890457 0.562500
vt 0.890475 0.623641
vt 0.875000 0.624713
vt 0.875000 0.531497
vt 0.890446 0.531282
vt 0.843750 0.622516
vt 0.843750 0.562500
vt 0.875000 0.531497
vt 0.843750 0.530930
vt 0.843750 0.622515
vt 0.828323 0.619301
vt 0.828277 0.562500
vt 0.843750 0.530930
vt 0.828277 0.562500
vt 0.828258 0.530070
s 0
usemtl 
f 742/1055/378 755/1056/378 756/1057/378 757/1058/378
f 755/1059/379 742/1060/379 758/1061/379
f 758/1062/380 742/1060/380 760/1063/380 759/1064/380
f 760/1065/381 742/1055/381 762/1066/381 763/1067/381 761/1068/381
f 762/1069/382 742/1060/382 757/1070/382 764/1071/382
f 743/1072/383 749/1073/383 750/1074/383 751/1075/383
f 749/1073/384 743/1072/384 745/1076/384 748/1077/384
f 753/1078/385 744/1079/385 743/1072/385 751/1075/385
f 745/1080/386 743/1072/386 744/1079/386 747/1081/386
f 744/1079/387 753/1082/387 752/1083/387 754/1084/387
f 747/1085/388 744/1079/388 754/1086/388 746/1087/388
o Sphere_cell.026
v 0.006763 -0.003799 -0.005862
v 0.041514 -0.043263 -0.076630
v 0.513280 -0.382683 -0.768178
v 0.653281 -0.382683 -0.653281
v 0.768178 -0.382683 -0.513280
v 0.677081 -0.464618 -0.555580
v 0.774431 -0.382683 -0.501580
v 0.762970 -0.394402 -0.509800
v 0.732686 -0.287300 -0.601916
v 0.771265 -0.370443 -0.515343
v 0.601949 -0.287634 -0.732528
v 0.673253 -0.289575 -0.673253
v 0.596537 -0.292457 -0.735086
v 0.417166 -0.450863 -0.778429
v 0.489932 -0.461308 -0.733234
v 0.620958 -0.468206 -0.620958
v 0.515350 -0.370402 -0.771275
v 0.420337 -0.436992 -0.785100
v 0.500002 -0.382683 -0.775275
v 0.415887 -0.442556 -0.784123
v 0.774431 -0.382683 -0.501580
v 0.762970 -0.394402 -0.509800
v 0.677081 -0.464618 -0.555580
v 0.732686 -0.287300 -0.601916
v 0.771265 -0.370443 -0.515343
v 0.601949 -0.287634 -0.732528
v 0.673253 -0.289575 -0.673253
v 0.596537 -0.292457 -0.735086
v 0.620958 -0.468206 -0.620958
v 0.489932 -0.461308 -0.733234
v 0.420337 -0.436992 -0.785100
v 0.500002 -0.382683 -0.775275
v 0.515350 -0.370402 -0.771275
v 0.415887 -0.442556 -0.784123
v 0.417166 -0.450863 -0.778429
vn 0.1486 -0.6612 0.7354
vn 0.6006 0.6892 0.4053
vn 0.2071 0.9570 -0.2030
vn 0.2004 0.9570 -0.2097
vn -0.3683 0.7232 -0.5842
vn -0.4481 -0.8561 0.2574
vn -0.3328 -0.8820 0.3337
vn -0.3992 0.6940 -0.5992
vn -0.6727 0.4327 -0.6002
vn -0.8978 -0.3345 -0.2863
vn 0.4513 -0.2890 -0.8443
vn 0.4162 -0.4696 -0.7786
vn 0.5601 -0.4696 -0.6825
vn 0.6073 -0.2890 -0.7400
vn 0.7400 -0.2890 -0.6073
vn 0.6825 -0.4696 -0.5601
vn 0.7786 -0.4696 -0.4162
vn 0.8443 -0.2890 -0.4513
vt 1.000000 0.263646
vt 1.000000 1.000000
vt 0.357758 0.357758
vt 0.909703 0.275212
vt 0.358105 0.267224
vt 1.000000 0.304194
vt 0.263646 0.263646
vt 1.000000 0.361048
vt 0.304194 0.304194
vt 1.000000 0.303939
vt 0.361492 0.360999
vt 0.303939 0.303939
vt 0.323412 0.000000
vt 1.000000 0.000000
vt 0.000000 0.000000
vt 1.000000 0.260257
vt 1.000000 0.357758
vt 0.260257 0.260257
vt 0.437013 0.273769
vt 0.810593 0.322948
vt 0.272221 0.000000
vt 1.000000 0.676588
vt 0.627735 0.341406
vt 0.565345 0.283108
vt 0.272221 0.272221
vt 1.000000 0.273444
vt 0.273444 0.273444
vt 1.000000 0.278751
vt 0.656250 0.375000
vt 0.658848 0.375000
vt 0.656250 0.379092
vt 0.656250 0.346577
vt 0.671703 0.350353
vt 0.672383 0.353356
vt 0.671767 0.355367
vt 0.656250 0.346576
vt 0.625000 0.375000
vt 0.625000 0.344083
vt 0.640524 0.406667
vt 0.625000 0.406021
vt 0.641498 0.405061
vt 0.609455 0.406779
vt 0.593750 0.379078
vt 0.593750 0.375000
vt 0.624989 0.406022
vt 0.593750 0.370764
vt 0.609363 0.345380
vt 0.591461 0.375000
vt 0.591461 0.375000
s 0
usemtl 
f 785/1088/389 765/1089/389 787/1090/389 786/1091/389
f 789/1092/390 788/1093/390 765/1089/390 785/1094/390
f 791/1095/391 765/1089/391 788/1096/391
f 790/1097/392 765/1089/392 791/1098/392
f 790/1099/393 792/1100/393 766/1101/393 765/1089/393
f 766/1102/394 799/1103/394 765/1089/394
f 787/1104/395 765/1089/395 799/1105/395 794/1106/395 793/1107/395
f 795/1108/396 766/1101/396 792/1109/396 797/1110/396 796/1111/396
f 766/1089/397 795/1112/397 798/1113/397
f 766/1089/398 798/1114/398 799/1115/398
f 767/1116/399 783/1117/399 781/1118/399
f 783/1117/400 767/1116/400 779/1119/400 778/1120/400 784/1121/400 782/1122/400
f 779/1123/401 767/1116/401 768/1124/401 780/1125/401
f 775/1126/402 776/1127/402 768/1124/402 767/1116/402 781/1118/402 777/1128/402
f 773/1129/403 774/1130/403 769/1131/403 768/1124/403 776/1132/403
f 780/1125/404 768/1124/404 769/1131/404 772/1133/404 770/1134/404
f 771/1135/405 772/1133/405 769/1131/405
f 771/1136/406 769/1131/406 774/1130/406
o Sphere_cell.027
v -0.005185 0.006896 -0.001501
v -0.010334 0.010728 -0.004794
v -0.544895 0.831470 -0.108386
v -0.693520 0.707107 -0.137950
v -0.513279 0.831470 -0.212607
v -0.653281 0.707107 -0.270598
v -0.416260 0.875109 -0.221757
v -0.450903 0.875378 -0.136608
v -0.434124 0.877265 -0.179820
v -0.518071 0.848793 -0.051671
v -0.484046 0.864631 -0.096283
v -0.643417 0.754167 -0.064434
v -0.550160 0.831470 -0.054926
v -0.753833 0.626083 -0.167084
v -0.734145 0.656635 -0.146031
v -0.696414 0.707107 -0.108563
v -0.709932 0.632390 -0.294064
v -0.695498 0.630798 -0.323825
v -0.657553 0.656197 -0.350810
v -0.620889 0.707107 -0.331199
v -0.487908 0.831470 -0.260075
v -0.450903 0.875378 -0.136608
v -0.434124 0.877265 -0.179820
v -0.484046 0.864631 -0.096283
v -0.518071 0.848793 -0.051671
v -0.550160 0.831470 -0.054926
v -0.643417 0.754167 -0.064434
v -0.696414 0.707107 -0.108563
v -0.734145 0.656635 -0.146031
v -0.753833 0.626083 -0.167084
v -0.709932 0.632390 -0.294064
v -0.695498 0.630798 -0.323825
v -0.657553 0.656197 -0.350810
v -0.416260 0.875109 -0.221757
v -0.487908 0.831470 -0.260075
v -0.620889 0.707107 -0.331199
vn 0.5700 0.0621 -0.8193
vn 0.8177 0.4708 0.3312
vn 0.6392 0.4275 0.6393
vn -0.1001 -0.0017 0.9950
vn -0.4372 -0.3020 0.8471
vn -0.6495 -0.7458 0.1478
vn -0.5868 -0.7728 -0.2416
vn -0.1665 -0.5903 -0.7898
vn 0.4716 0.0001 -0.8818
vn -0.4709 0.8810 -0.0464
vn -0.6332 0.7715 -0.0624
vn -0.7708 0.6326 -0.0759
vn -0.4528 0.8810 -0.1374
vn -0.6088 0.7715 -0.1847
vn -0.7412 0.6326 -0.2248
vn -0.4173 0.8810 -0.2231
vn -0.5611 0.7715 -0.2999
vn -0.6831 0.6326 -0.3651
vt 1.000000 0.167216
vt 1.000000 1.000000
vt 0.000000 0.000000
vt 1.000000 0.167554
vt 0.167216 0.167216
vt 0.578653 0.165581
vt 0.563883 0.177881
vt 1.000000 0.193091
vt 0.167554 0.167554
vt 0.193091 0.193091
vt 0.376593 0.209612
vt 1.000000 0.283428
vt 0.283428 0.283428
vt 0.580280 0.276400
vt 0.847037 0.279557
vt 1.000000 0.283231
vt 1.000000 0.000000
vt 0.284679 0.000000
vt 0.284679 0.284679
vt 0.857613 0.326805
vt 1.000000 0.340676
vt 1.000000 0.377447
vt 0.340676 0.340676
vt 1.000000 0.168105
vt 0.377447 0.377447
vt 0.487035 0.328687
vt 0.833294 0.209745
vt 0.984182 0.824216
vt 0.968750 0.834928
vt 0.968750 0.812500
vt 0.984164 0.812500
vt 0.968750 0.750000
vt 0.975407 0.750000
vt 0.984117 0.773651
vt 0.968750 0.729183
vt 0.953180 0.842197
vt 0.937500 0.843473
vt 0.937500 0.812500
vt 0.937500 0.750000
vt 0.965267 0.716583
vt 0.937500 0.719184
vt 0.922094 0.842015
vt 0.922057 0.812500
vt 0.937500 0.843473
vt 0.922009 0.750000
vt 0.922000 0.729003
vt 0.930633 0.718527
s 0
usemtl 
f 833/1137/407 800/1138/407 801/1139/407
f 821/1140/408 800/1138/408 833/1141/408 822/1142/408
f 823/1143/409 824/1144/409 800/1138/409 821/1145/409
f 800/1138/410 824/1146/410 825/1147/410 826/1148/410
f 800/1138/411 826/1149/411 827/1150/411 828/1151/411 829/1152/411
f 801/1153/412 800/1138/412 829/1154/412
f 801/1138/413 829/1155/413 830/1156/413 831/1157/413
f 832/1158/414 801/1138/414 831/1159/414
f 833/1160/415 801/1138/415 832/1161/415 835/1162/415 834/1163/415
f 809/1164/416 810/1165/416 802/1166/416 812/1167/416
f 812/1167/417 802/1166/417 803/1168/417 815/1169/417 811/1170/417
f 815/1169/418 803/1168/418 814/1171/418
f 807/1172/419 808/1173/419 804/1174/419 802/1166/419 810/1165/419
f 803/1168/420 802/1166/420 804/1174/420 805/1175/420
f 813/1176/421 814/1171/421 803/1168/421 805/1175/421 816/1177/421
f 806/1178/422 820/1179/422 804/1174/422 808/1180/422
f 819/1181/423 805/1175/423 804/1174/423 820/1179/423
f 819/1181/424 818/1182/424 817/1183/424 816/1177/424 805/1175/424
o Sphere_cell.028
v 0.000040 -0.008663 -0.007580
v 0.000336 -0.015824 -0.012021
v 0.137950 -0.707107 -0.693520
v 0.270598 -0.707107 -0.653281
v 0.392847 -0.707107 -0.587938
v 0.000000 -0.831470 -0.555570
v 0.445228 -0.704384 -0.547827
v 0.429318 -0.627117 -0.642520
v 0.410908 -0.555570 -0.718619
v 0.398787 -0.517458 -0.748085
v 0.143638 -0.671580 -0.722116
v 0.070619 -0.703389 -0.703203
v 0.349988 -0.555570 -0.751181
v 0.310106 -0.581310 -0.748661
v -0.063434 -0.746332 -0.653063
v 0.062167 -0.707107 -0.700984
v 0.000000 -0.729396 -0.679947
v -0.053496 -0.832235 -0.548869
v -0.006638 -0.837159 -0.544271
v 0.046006 -0.831470 -0.551039
v 0.110839 -0.821154 -0.557224
v 0.000000 -0.836895 -0.545419
v 0.440671 -0.707107 -0.548690
v 0.371252 -0.739008 -0.555617
v 0.232247 -0.789351 -0.560695
v 0.429318 -0.627117 -0.642520
v 0.410908 -0.555570 -0.718619
v 0.398787 -0.517458 -0.748085
v 0.349988 -0.555570 -0.751181
v 0.310106 -0.581310 -0.748661
v 0.143638 -0.671580 -0.722116
v 0.070619 -0.703389 -0.703203
v -0.063434 -0.746332 -0.653063
v 0.000000 -0.729396 -0.679947
v 0.062167 -0.707107 -0.700984
v 0.371252 -0.739008 -0.555617
v 0.232247 -0.789351 -0.560695
v 0.440671 -0.707107 -0.548690
v 0.445228 -0.704384 -0.547827
v -0.006638 -0.837159 -0.544271
v 0.000000 -0.836895 -0.545419
v 0.046006 -0.831470 -0.551039
v 0.110839 -0.821154 -0.557224
v -0.053496 -0.832235 -0.548869
vn 0.2177 -0.5079 0.8335
vn 0.8868 0.4221 0.1884
vn -0.4376 0.6136 -0.6572
vn -0.4415 0.6121 -0.6561
vn -0.9954 0.0015 0.0962
vn -0.2821 -0.5141 0.8100
vn -0.1381 -0.5378 0.8317
vn 0.1644 -0.5374 0.8271
vn 0.0759 -0.6326 -0.7708
vn 0.0624 -0.7715 -0.6332
vn 0.0464 -0.8810 -0.4709
vn 0.2248 -0.6326 -0.7412
vn 0.1847 -0.7715 -0.6088
vn 0.4162 -0.4696 -0.7786
vn 0.3651 -0.6326 -0.6831
vn 0.2999 -0.7715 -0.5611
vn 0.4913 -0.6326 -0.5987
vn 0.4036 -0.7715 -0.4918
vn -0.0647 -0.7721 -0.6322
vn -0.0464 -0.8810 -0.4709
vt 1.000000 1.000000
vt 0.000000 0.000000
vt 1.000000 0.332224
vt 0.879705 0.290787
vt 1.000000 0.289445
vt 0.332224 0.332224
vt 0.624445 0.306657
vt 0.289445 0.289445
vt 0.397283 0.286506
vt 0.484291 0.288948
vt 0.843888 0.314514
vt 1.000000 0.332701
vt 1.000000 0.291820
vt 0.332702 0.332702
vt 0.374334 0.329153
vt 0.682742 0.307915
vt 0.291820 0.291820
vt 1.000000 0.208937
vt 0.210357 0.000000
vt 1.000000 0.000000
vt 1.000000 0.206098
vt 0.210357 0.210357
vt 0.857733 0.300512
vt 0.990673 0.331263
vt 1.000000 0.333889
vt 0.206098 0.206098
vt 0.216152 0.206346
vt 0.289260 0.211534
vt 0.394835 0.221426
vt 0.604449 0.252019
vt 0.718750 0.250000
vt 0.735917 0.250000
vt 0.734070 0.251534
vt 0.718750 0.264653
vt 0.718750 0.192684
vt 0.736736 0.187500
vt 0.750000 0.187500
vt 0.750000 0.238798
vt 0.750000 0.183830
vt 0.687500 0.250000
vt 0.718750 0.264653
vt 0.687500 0.301884
vt 0.718750 0.192684
vt 0.687500 0.208667
vt 0.672053 0.326278
vt 0.667344 0.312500
vt 0.680587 0.312500
vt 0.656250 0.282991
vt 0.656250 0.250000
vt 0.687500 0.301884
vt 0.656250 0.233968
vt 0.641384 0.251123
vt 0.642303 0.250000
vt 0.642303 0.250000
vt 0.765413 0.230287
vt 0.750000 0.238798
vt 0.765463 0.187500
vt 0.765463 0.187500
vt 0.752018 0.183652
s 0
usemtl 
f 836/1184/425 837/1185/425 874/1186/425
f 862/1187/426 863/1188/426 836/1184/426 874/1189/426 861/1190/426
f 836/1184/427 863/1191/427 864/1192/427 865/1193/427 866/1194/427 867/1195/427
f 868/1196/428 836/1184/428 867/1197/428 870/1198/428 869/1199/428
f 836/1184/429 868/1200/429 879/1201/429
f 879/1202/430 837/1203/430 836/1184/430
f 875/1204/431 837/1184/431 879/1205/431
f 871/1206/432 873/1207/432 874/1208/432 837/1184/432 875/1209/432 876/1210/432 877/1211/432 878/1212/432 872/1213/432
f 838/1214/433 851/1215/433 847/1216/433 846/1217/433
f 851/1215/434 838/1214/434 856/1218/434 855/1219/434 841/1220/434 852/1221/434
f 855/1219/435 857/1222/435 841/1220/435
f 839/1223/436 838/1214/436 846/1224/436 849/1225/436
f 856/1226/437 838/1214/437 839/1223/437 860/1227/437
f 845/1228/438 844/1229/438 848/1230/438
f 844/1229/439 843/1231/439 840/1232/439 839/1223/439 849/1233/439 848/1230/439
f 860/1227/440 839/1223/440 840/1232/440 859/1234/440
f 842/1235/441 858/1236/441 840/1232/441 843/1231/441
f 858/1237/442 859/1234/442 840/1232/442
f 850/1238/443 852/1239/443 841/1220/443 853/1240/443
f 853/1241/444 841/1220/444 857/1222/444 854/1242/444
o Sphere_cell.029
v 0.001831 -0.000057 -0.005619
v 0.003056 0.003273 -0.013118
v 0.191342 0.195090 -0.961940
v 0.195090 0.000000 -0.980785
v 0.375330 0.195090 -0.906127
v 0.382683 0.000000 -0.923879
v 0.097221 0.092666 -0.981298
v 0.098148 -0.092211 -0.981251
v 0.098571 0.000000 -0.990292
v 0.379030 -0.096937 -0.915059
v 0.464040 -0.096072 -0.869716
v 0.193265 -0.094970 -0.971611
v 0.468250 0.000000 -0.878143
v 0.458892 0.192586 -0.861741
v 0.252713 0.285179 -0.914903
v 0.454452 0.195090 -0.863836
v 0.370532 0.236424 -0.894543
v 0.186155 0.282730 -0.935865
v 0.152256 0.261426 -0.945667
v 0.131152 0.195090 -0.967868
v 0.097221 0.092666 -0.981298
v 0.098571 0.000000 -0.990292
v 0.098148 -0.092211 -0.981251
v 0.379030 -0.096937 -0.915059
v 0.464040 -0.096072 -0.869716
v 0.193265 -0.094970 -0.971611
v 0.468250 0.000000 -0.878143
v 0.458892 0.192586 -0.861741
v 0.454452 0.195090 -0.863836
v 0.370532 0.236424 -0.894543
v 0.252713 0.285179 -0.914903
v 0.186155 0.282730 -0.935865
v 0.152256 0.261426 -0.945667
v 0.131152 0.195090 -0.967868
vn -0.9798 0.1842 -0.0783
vn -0.9952 -0.0050 -0.0978
vn -0.0380 -0.9952 0.0902
vn 0.8819 0.0027 0.4714
vn 0.4613 0.7805 0.4219
vn 0.3034 0.8823 0.3599
vn -0.1190 0.9566 0.2661
vn -0.5553 0.8201 0.1382
vn -0.9449 0.3213 -0.0622
vn 0.0938 0.2890 -0.9527
vn 0.0975 0.0975 -0.9904
vn 0.0975 -0.0975 -0.9904
vn 0.2779 0.2890 -0.9161
vn 0.2889 0.0975 -0.9524
vn 0.2889 -0.0975 -0.9524
vn 0.4513 0.2890 -0.8443
vn 0.4691 0.0975 -0.8777
vn 0.4691 -0.0975 -0.8777
vt 0.000000 0.000000
vt 1.000000 0.065900
vt 1.000000 1.000000
vt 0.065899 0.065899
vt 0.529795 0.057018
vt 1.000000 0.065408
vt 1.000000 0.172484
vt 0.065408 0.065408
vt 0.285628 0.074702
vt 0.760035 0.128993
vt 1.000000 0.180648
vt 0.172484 0.172484
vt 0.440797 0.164591
vt 0.181780 0.000000
vt 1.000000 0.000000
vt 0.541759 0.150042
vt 1.000000 0.130060
vt 0.181780 0.181780
vt 0.198712 0.179921
vt 1.000000 0.110342
vt 0.130060 0.130060
vt 1.000000 0.100552
vt 0.118826 0.110190
vt 1.000000 0.066395
vt 0.100552 0.100552
vt 0.458430 0.079216
vt 0.718750 0.562500
vt 0.728580 0.562500
vt 0.724625 0.584601
vt 0.718750 0.591699
vt 0.728580 0.562500
vt 0.718750 0.500000
vt 0.734211 0.500000
vt 0.734278 0.529742
vt 0.734134 0.470459
vt 0.718750 0.469575
vt 0.687500 0.562500
vt 0.718693 0.591761
vt 0.707096 0.592515
vt 0.687500 0.576271
vt 0.687500 0.500000
vt 0.687500 0.468945
vt 0.672918 0.562500
vt 0.687500 0.576271
vt 0.672121 0.561698
vt 0.672033 0.500000
vt 0.671993 0.469222
s 0
usemtl 
f 881/1243/445 900/1244/445 880/1245/445
f 880/1245/446 900/1246/446 901/1247/446 902/1248/446
f 904/1249/447 880/1245/447 902/1250/447 905/1251/447 903/1252/447
f 907/1253/448 880/1245/448 904/1254/448 906/1255/448
f 907/1256/449 881/1257/449 880/1245/449
f 909/1258/450 910/1259/450 881/1245/450 907/1260/450 908/1261/450
f 911/1262/451 881/1245/451 910/1263/451
f 912/1264/452 881/1245/452 911/1265/452
f 900/1266/453 881/1245/453 912/1267/453 913/1268/453
f 882/1269/454 899/1270/454 898/1271/454 897/1272/454
f 899/1273/455 882/1269/455 883/1274/455 888/1275/455 886/1276/455
f 887/1277/456 888/1275/456 883/1274/456 891/1278/456
f 884/1279/457 882/1269/457 897/1280/457 894/1281/457 896/1282/457
f 883/1274/458 882/1269/458 884/1279/458 885/1283/458
f 891/1278/459 883/1274/459 885/1283/459 889/1284/459
f 895/1285/460 884/1279/460 896/1286/460
f 893/1287/461 892/1288/461 885/1283/461 884/1279/461 895/1285/461
f 885/1283/462 892/1288/462 890/1289/462 889/1284/462
o Sphere_cell.030
v 0.005629 0.005107 0.003566
v 0.768178 0.555570 0.318190
v 0.691341 0.555570 0.461940
v 0.678476 0.678618 0.267697
v 0.713295 0.655513 0.217919
v 0.624174 0.702353 0.333291
v 0.671327 0.683306 0.278073
v 0.594830 0.627538 0.486888
v 0.613354 0.669859 0.409830
v 0.640208 0.555570 0.524246
v 0.711176 0.382683 0.582737
v 0.727930 0.310691 0.596581
v 0.757579 0.382683 0.526195
v 0.761659 0.397350 0.508924
v 0.778953 0.555570 0.282667
v 0.772935 0.579204 0.236011
v 0.780164 0.531298 0.323155
v 0.678476 0.678618 0.267697
v 0.713295 0.655513 0.217919
v 0.624174 0.702353 0.333291
v 0.671327 0.683306 0.278073
v 0.594830 0.627538 0.486888
v 0.613354 0.669859 0.409830
v 0.640208 0.555570 0.524246
v 0.711176 0.382683 0.582737
v 0.727930 0.310691 0.596581
v 0.757579 0.382683 0.526195
v 0.778953 0.555570 0.282667
v 0.772935 0.579204 0.236011
v 0.780164 0.531298 0.323155
v 0.761659 0.397350 0.508924
vn -0.4285 0.6671 -0.6094
vn -0.4343 0.6700 -0.6020
vn -0.7739 0.6149 0.1516
vn -0.6348 0.0009 0.7727
vn 0.6222 -0.6631 -0.4161
vn 0.2901 -0.0002 -0.9570
vn 0.7412 0.6326 0.2248
vn 0.8448 0.4696 0.2563
vn 0.6831 0.6326 0.3651
vn 0.7786 0.4696 0.4162
vn 0.6825 0.4696 0.5601
vn 0.7400 0.2890 0.6073
vn 0.5987 0.6326 0.4913
vt 1.000000 0.000000
vt 1.000000 0.644551
vt 0.322154 0.000000
vt 0.000000 0.000000
vt 0.667454 0.000000
vt 0.649067 0.547829
vt 0.644551 0.644551
vt 1.000000 0.595497
vt 0.653427 0.289610
vt 0.332546 0.000000
vt 0.595497 0.595497
vt 0.691759 0.000000
vt 0.682327 0.126199
vt 0.631332 0.450011
vt 0.691759 0.691759
vt 0.734815 0.000000
vt 0.740583 0.082880
vt 0.741747 0.157047
vt 0.724048 0.510827
vt 0.720143 0.545039
vt 0.734815 0.734815
vt 0.677846 0.000000
vt 0.440152 0.738250
vt 0.437500 0.740184
vt 0.437500 0.687500
vt 0.444617 0.687500
vt 0.452837 0.697248
vt 0.452809 0.728721
vt 0.437500 0.678725
vt 0.406250 0.734638
vt 0.406250 0.687500
vt 0.421942 0.748039
vt 0.406250 0.630302
vt 0.390797 0.687500
vt 0.390746 0.625000
vt 0.403367 0.625000
vt 0.390732 0.601015
vt 0.403367 0.625000
vt 0.390829 0.717183
vt 0.406250 0.734637
s 0
usemtl 
f 914/1290/463 931/1291/463 932/1292/463
f 914/1293/464 933/1294/464 934/1295/464 931/1296/464
f 914/1290/465 935/1297/465 936/1298/465 933/1299/465
f 935/1300/466 914/1293/466 939/1301/466 938/1302/466 937/1303/466
f 939/1304/467 914/1293/467 942/1305/467 941/1306/467 943/1307/467 944/1308/467 940/1309/467
f 942/1310/468 914/1293/468 932/1311/468
f 917/1312/469 920/1313/469 915/1314/469 928/1315/469 929/1316/469 918/1317/469
f 915/1314/470 930/1318/470 928/1315/470
f 922/1319/471 916/1320/471 915/1314/471 920/1313/471 919/1321/471
f 930/1318/472 915/1314/472 916/1320/472 927/1322/472
f 927/1322/473 916/1320/473 923/1323/473 924/1324/473 926/1325/473
f 924/1324/474 925/1326/474 926/1327/474
f 921/1328/475 923/1323/475 916/1320/475 922/1329/475
o Sphere_cell.031
v 0.005400 0.003957 -0.002093
v 0.653281 0.707107 -0.270598
v 0.768178 0.555570 -0.318190
v 0.837000 0.466422 -0.254673
v 0.828646 0.529965 -0.165773
v 0.712296 0.683298 -0.143038
v 0.815205 0.555570 -0.163161
v 0.693891 0.693407 -0.175270
v 0.614305 0.723932 -0.300237
v 0.640432 0.718521 -0.265276
v 0.668536 0.707107 -0.220311
v 0.623042 0.707107 -0.327172
v 0.641007 0.640158 -0.409556
v 0.645544 0.623461 -0.429996
v 0.691782 0.555570 -0.461117
v 0.703076 0.530093 -0.468735
v 0.771862 0.466237 -0.412102
v 0.810524 0.469818 -0.335730
v 0.837000 0.466422 -0.254673
v 0.828646 0.529965 -0.165773
v 0.712296 0.683298 -0.143038
v 0.815205 0.555570 -0.163161
v 0.693891 0.693407 -0.175270
v 0.640432 0.718521 -0.265276
v 0.668536 0.707107 -0.220311
v 0.614305 0.723932 -0.300237
v 0.623042 0.707107 -0.327172
v 0.641007 0.640158 -0.409556
v 0.645544 0.623461 -0.429996
v 0.691782 0.555570 -0.461117
v 0.703076 0.530093 -0.468735
v 0.771862 0.466237 -0.412102
v 0.810524 0.469818 -0.335730
vn 0.5298 -0.6656 0.5256
vn 0.1940 0.0017 0.9810
vn -0.5377 0.6666 0.5162
vn -0.5420 0.6690 0.5086
vn -0.7499 0.4238 -0.5080
vn -0.7493 0.4216 -0.5107
vn -0.5568 0.0016 -0.8307
vn -0.0000 -0.6635 -0.7481
vn 0.4360 -0.8819 -0.1793
vn 0.5611 0.7715 -0.2999
vn 0.6831 0.6326 -0.3651
vn 0.7786 0.4696 -0.4162
vn 0.6088 0.7715 -0.1847
vn 0.7412 0.6326 -0.2248
vn 0.8448 0.4696 -0.2563
vt 0.000000 0.000000
vt 0.796408 0.000000
vt 0.787740 0.787740
vt 0.323060 0.000000
vt 1.000000 0.000000
vt 1.000000 0.787740
vt 0.898335 0.673294
vt 1.000000 0.341175
vt 1.000000 1.000000
vt 0.323060 0.323060
vt 0.808087 0.316837
vt 1.000000 0.311530
vt 0.341175 0.341175
vt 0.572081 0.327915
vt 0.470840 0.327631
vt 1.000000 0.391688
vt 0.311530 0.311530
vt 0.391688 0.391688
vt 1.000000 0.387372
vt 1.000000 0.331929
vt 0.387372 0.387372
vt 0.847713 0.342832
vt 1.000000 0.266456
vt 0.331929 0.331929
vt 1.000000 0.203592
vt 0.266456 0.266456
vt 0.631193 0.229190
vt 0.562500 0.755736
vt 0.562500 0.750000
vt 0.576962 0.750000
vt 0.572424 0.758456
vt 0.593519 0.715501
vt 0.590486 0.722388
vt 0.576962 0.750000
vt 0.562500 0.687500
vt 0.593571 0.687500
vt 0.578050 0.655205
vt 0.593589 0.678290
vt 0.562500 0.656500
vt 0.550653 0.750000
vt 0.562500 0.755736
vt 0.531535 0.740180
vt 0.531440 0.687500
vt 0.539344 0.744350
vt 0.531440 0.687500
vt 0.531422 0.678244
vt 0.547009 0.655272
s 0
usemtl 
f 945/1330/476 963/1331/476 964/1332/476
f 965/1333/477 945/1334/477 964/1335/477 966/1336/477
f 967/1337/478 945/1338/478 965/1339/478
f 968/1340/479 970/1341/479 945/1338/479 967/1342/479 969/1343/479
f 971/1344/480 972/1345/480 945/1338/480 970/1346/480
f 972/1347/481 973/1348/481 945/1338/481
f 975/1349/482 945/1338/482 973/1350/482 974/1351/482
f 976/1352/483 945/1338/483 975/1353/483
f 963/1354/484 945/1338/484 976/1355/484 977/1356/484
f 954/1357/485 946/1358/485 956/1359/485 953/1360/485
f 958/1361/486 957/1362/486 956/1363/486 946/1358/486 947/1364/486 959/1365/486
f 961/1366/487 960/1367/487 959/1365/487 947/1364/487 962/1368/487
f 955/1369/488 946/1358/488 954/1370/488
f 950/1371/489 951/1372/489 947/1364/489 946/1358/489 955/1369/489 952/1373/489
f 947/1364/490 951/1374/490 949/1375/490 948/1376/490 962/1368/490
o Sphere_cell.032
v -0.016925 0.008315 -0.012993
v -0.006600 0.000660 -0.003840
v -0.815493 0.195090 -0.544895
v -0.712211 0.378575 -0.583430
v -0.736038 0.398866 -0.538872
v -0.717218 0.382683 -0.575374
v -0.755088 0.195090 -0.618499
v -0.762631 0.097100 -0.624447
v -0.831724 0.000546 -0.554979
v -0.923199 0.000868 -0.383774
v -0.904885 0.197887 -0.375862
v -0.771893 0.367953 -0.515762
v -0.756780 0.382683 -0.527168
v -0.712211 0.378575 -0.583430
v -0.717218 0.382683 -0.575374
v -0.736038 0.398866 -0.538872
v -0.755088 0.195090 -0.618499
v -0.831724 0.000546 -0.554979
v -0.923199 0.000868 -0.383774
v -0.756780 0.382683 -0.527168
v -0.771893 0.367953 -0.515762
v -0.762631 0.097100 -0.624447
v -0.904885 0.197887 -0.375862
vn 0.5303 0.8419 -0.0999
vn 0.6341 -0.0009 -0.7733
vn 0.3937 -0.7056 -0.5892
vn -0.0008 -1.0000 0.0014
vn -0.3829 -0.0015 0.9238
vn -0.1577 0.6627 0.7321
vn -0.1413 0.6925 0.7075
vn 0.6260 -0.0829 -0.7754
vn -0.8443 0.2890 -0.4513
vn -0.8783 0.0990 -0.4678
vn -0.6825 0.4696 -0.5601
vn -0.7400 0.2890 -0.6073
vn -0.7696 0.0971 -0.6311
vt 1.000000 0.000000
vt 1.000000 0.672753
vt 0.867943 0.545577
vt 0.304001 0.000000
vt 0.000000 0.000000
vt 0.721798 0.000000
vt 0.714560 0.228643
vt 0.672753 0.672753
vt 0.275234 0.000000
vt 0.995223 0.785496
vt 0.790608 0.790608
vt 0.878304 0.000000
vt 0.121696 0.000000
vt 0.987031 0.848363
vt 0.860580 0.860580
vt 0.858718 0.858718
vt 0.695999 0.000000
vt 0.716052 0.080785
vt 0.730662 0.148299
vt 1.000000 1.000000
vt 1.000000 0.278202
vt 0.906250 0.562500
vt 0.937235 0.563650
vt 0.906250 0.620092
vt 0.937341 0.562500
vt 0.906352 0.500175
vt 0.937296 0.500278
vt 0.899370 0.630850
vt 0.892390 0.625000
vt 0.903150 0.625000
vt 0.903150 0.625000
vt 0.890767 0.623631
vt 0.890774 0.562500
vt 0.906250 0.500379
vt 0.890803 0.531107
s 0
usemtl 
f 978/1377/491 991/1378/491 992/1379/491 993/1380/491
f 978/1381/492 999/1382/492 994/1383/492 991/1384/492
f 999/1385/493 979/1377/493 995/1386/493
f 995/1387/494 979/1381/494 996/1388/494
f 996/1389/495 979/1377/495 1000/1390/495
f 979/1381/496 978/1377/496 1000/1391/496
f 1000/1392/497 978/1381/497 993/1393/497 997/1394/497 998/1395/497
f 978/1396/498 979/1381/498 999/1397/498
f 980/1398/499 988/1399/499 989/1400/499
f 988/1401/500 980/1398/500 986/1402/500 987/1403/500
f 982/1404/501 983/1405/501 990/1406/501
f 990/1407/502 983/1405/502 981/1408/502 984/1409/502 980/1398/502 989/1400/502
f 986/1410/503 980/1398/503 984/1409/503 985/1411/503
o Sphere_cell.033
v -0.003860 0.011261 -0.002528
v -0.006190 0.021656 -0.006649
v -0.048261 0.183571 -0.071432
v -0.353553 0.923880 -0.146447
v -0.318189 0.923880 -0.212607
v -0.270598 0.923880 -0.270598
v -0.242889 0.944423 -0.198121
v -0.262867 0.953656 -0.108883
v -0.268126 0.954426 -0.082840
v -0.250144 0.948705 -0.167141
v -0.448564 0.876516 -0.137025
v -0.364102 0.923880 -0.111671
v -0.414159 0.876270 -0.221104
v -0.432416 0.878253 -0.179113
v -0.407574 0.878004 -0.226576
v -0.234776 0.923880 -0.299997
v -0.234571 0.927486 -0.284857
v -0.233521 0.903759 -0.349489
v -0.239189 0.937354 -0.239189
v -0.376804 0.886199 -0.251773
v -0.305637 0.897393 -0.305637
v -0.235756 0.901608 -0.352834
v -0.262867 0.953656 -0.108883
v -0.250144 0.948705 -0.167141
v -0.268126 0.954426 -0.082840
v -0.242889 0.944423 -0.198121
v -0.448564 0.876516 -0.137025
v -0.364102 0.923880 -0.111671
v -0.414159 0.876270 -0.221104
v -0.432416 0.878253 -0.179113
v -0.407574 0.878004 -0.226576
v -0.234776 0.923880 -0.299997
v -0.233521 0.903759 -0.349489
v -0.234571 0.927486 -0.284857
v -0.239189 0.937354 -0.239189
v -0.376804 0.886199 -0.251773
v -0.305637 0.897393 -0.305637
v -0.235756 0.901608 -0.352834
vn 0.9472 0.2766 0.1620
vn 0.9427 0.2796 0.1821
vn -0.2879 0.0009 0.9576
vn -0.8167 -0.4715 -0.3328
vn -0.5075 -0.4295 -0.7470
vn 0.0930 -0.3489 -0.9325
vn 0.9412 0.3037 0.1478
vn 0.9722 0.2125 -0.0978
vn 0.9656 0.2565 0.0425
vn -0.4966 -0.4270 -0.7557
vn -0.4528 0.8810 -0.1374
vn -0.2790 0.9565 -0.0846
vn -0.2571 0.9565 -0.1374
vn -0.4173 0.8810 -0.2231
vn -0.3658 0.8810 -0.3002
vn -0.2254 0.9565 -0.1850
vn -0.1850 0.9565 -0.2254
vn -0.3002 0.8810 -0.3658
vt 1.000000 1.000000
vt 0.000000 0.000000
vt 1.000000 0.101772
vt 0.798066 0.092576
vt 1.000000 0.091746
vt 0.101772 0.101772
vt 0.344209 0.097543
vt 1.000000 0.167346
vt 0.091746 0.091746
vt 0.551786 0.121458
vt 1.000000 0.167190
vt 0.167346 0.167346
vt 0.579498 0.165478
vt 1.000000 0.000000
vt 0.167190 0.167190
vt 0.198441 0.000000
vt 1.000000 0.143127
vt 0.813576 0.122765
vt 1.000000 0.119339
vt 0.143127 0.143127
vt 0.174796 0.142051
vt 1.000000 0.102828
vt 0.119339 0.119339
vt 0.585975 0.109708
vt 0.171981 0.000000
vt 1.000000 0.801559
vt 0.840883 0.651904
vt 0.491108 0.315057
vt 0.952638 0.875000
vt 0.937500 0.875000
vt 0.937500 0.844141
vt 0.952816 0.842966
vt 0.952309 0.908549
vt 0.937500 0.907703
vt 0.906250 0.875000
vt 0.906250 0.902266
vt 0.919254 0.843973
vt 0.921955 0.842800
vt 0.906250 0.849515
vt 0.875000 0.875000
vt 0.875000 0.857086
vt 0.906250 0.849515
vt 0.906250 0.902266
vt 0.891008 0.897533
vt 0.875000 0.889799
vt 0.855696 0.875000
vt 0.859635 0.878962
vt 0.875000 0.857086
vt 0.855696 0.875000
vt 0.843750 0.861392
vt 0.844110 0.859468
s 0
usemtl 
f 1001/1412/504 1002/1413/504 1026/1414/504
f 1023/1415/505 1025/1416/505 1001/1412/505 1026/1417/505 1024/1418/505
f 1027/1419/506 1001/1412/506 1025/1420/506 1028/1421/506
f 1029/1422/507 1001/1412/507 1027/1423/507 1030/1424/507
f 1003/1425/508 1001/1412/508 1029/1426/508 1031/1427/508
f 1003/1413/509 1002/1425/509 1001/1412/509
f 1002/1412/510 1003/1413/510 1038/1428/510
f 1032/1429/511 1034/1430/511 1002/1412/511 1038/1431/511 1033/1432/511
f 1026/1433/512 1002/1412/512 1034/1434/512 1035/1435/512
f 1038/1436/513 1003/1425/513 1031/1437/513 1036/1438/513 1037/1439/513
f 1012/1440/514 1004/1441/514 1014/1442/514 1011/1443/514
f 1009/1444/515 1008/1445/515 1004/1441/515 1012/1440/515
f 1005/1446/516 1004/1441/516 1008/1445/516 1010/1447/516
f 1015/1448/517 1013/1449/517 1014/1442/517 1004/1441/517 1005/1446/517 1020/1450/517
f 1005/1446/518 1006/1451/518 1021/1452/518 1020/1453/518
f 1006/1451/519 1005/1446/519 1010/1454/519 1007/1455/519 1019/1456/519
f 1016/1457/520 1006/1451/520 1019/1456/520 1017/1458/520
f 1021/1459/521 1006/1451/521 1016/1460/521 1018/1461/521 1022/1462/521
o Sphere_cell.034
v 0.005750 0.007107 0.005010
v 0.587938 0.707107 0.392847
v 0.500000 0.707107 0.500000
v 0.392847 0.707107 0.587938
v 0.334563 0.702986 0.622908
v 0.368848 0.614202 0.686803
v 0.430315 0.624932 0.644011
v 0.543531 0.632093 0.543531
v 0.593605 0.628390 0.487282
v 0.612228 0.671509 0.409078
v 0.622573 0.703176 0.334860
v 0.555666 0.738960 0.371284
v 0.488795 0.765629 0.401789
v 0.616980 0.707107 0.338514
v 0.402099 0.765644 0.488516
v 0.447018 0.768599 0.447018
v 0.338413 0.707107 0.617034
v 0.371317 0.738911 0.555715
v 0.334563 0.702986 0.622908
v 0.368848 0.614202 0.686803
v 0.543531 0.632093 0.543531
v 0.593605 0.628390 0.487282
v 0.430315 0.624932 0.644011
v 0.612228 0.671509 0.409078
v 0.622573 0.703176 0.334860
v 0.616980 0.707107 0.338514
v 0.555666 0.738960 0.371284
v 0.488795 0.765629 0.401789
v 0.402099 0.765644 0.488516
v 0.447018 0.768599 0.447018
v 0.338413 0.707107 0.617034
v 0.371317 0.738911 0.555715
vn -0.8821 -0.0016 0.4711
vn 0.4479 -0.7728 0.4496
vn 0.7746 -0.6135 -0.1538
vn -0.1634 0.5370 -0.8276
vn -0.5468 0.6342 -0.5467
vn -0.8270 0.5374 -0.1651
vn 0.5611 0.7715 0.2999
vn 0.6831 0.6326 0.3651
vn 0.4918 0.7715 0.4036
vn 0.5987 0.6326 0.4913
vn 0.4036 0.7715 0.4918
vn 0.4913 0.6326 0.5987
vn 0.2999 0.7715 0.5611
vn 0.3651 0.6326 0.6831
vt 0.332509 0.000000
vt 1.000000 0.000000
vt 1.000000 0.652662
vt 0.000000 0.000000
vt 0.595833 0.000000
vt 0.617241 0.165464
vt 0.645849 0.494187
vt 0.652662 0.652662
vt 0.595833 0.595833
vt 0.667538 0.000000
vt 0.637176 0.282990
vt 0.667538 0.667538
vt 0.727198 0.000000
vt 0.701733 0.322540
vt 0.671296 0.636398
vt 0.730073 0.363791
vt 0.727198 0.727198
vt 0.727268 0.000000
vt 0.667491 0.000000
vt 0.671427 0.036486
vt 0.701781 0.379243
vt 0.727268 0.727268
vt 0.406250 0.750000
vt 0.420139 0.750000
vt 0.406250 0.766008
vt 0.406250 0.735318
vt 0.421461 0.748379
vt 0.390500 0.779411
vt 0.375000 0.780904
vt 0.375000 0.750000
vt 0.406250 0.735318
vt 0.375000 0.719061
vt 0.390605 0.717534
vt 0.343750 0.765984
vt 0.343750 0.750000
vt 0.375000 0.780904
vt 0.359605 0.779419
vt 0.343750 0.716108
vt 0.329835 0.750000
vt 0.329835 0.750000
vt 0.328445 0.748300
vt 0.328437 0.711682
s 0
usemtl 
f 1057/1463/522 1039/1464/522 1058/1465/522
f 1039/1466/523 1060/1467/523 1059/1468/523 1061/1469/523 1058/1470/523
f 1060/1471/524 1039/1466/524 1063/1472/524 1062/1473/524
f 1063/1474/525 1039/1466/525 1066/1475/525 1065/1476/525 1064/1477/525
f 1068/1478/526 1066/1479/526 1039/1466/526 1067/1480/526
f 1039/1466/527 1057/1481/527 1069/1482/527 1070/1483/527 1067/1484/527
f 1040/1485/528 1052/1486/528 1050/1487/528
f 1040/1485/529 1048/1488/529 1049/1489/529 1052/1486/529
f 1051/1490/530 1054/1491/530 1041/1492/530 1040/1485/530 1050/1487/530
f 1048/1493/531 1040/1485/531 1041/1492/531 1046/1494/531 1047/1495/531
f 1056/1496/532 1042/1497/532 1041/1492/532 1054/1498/532 1053/1499/532
f 1046/1494/533 1041/1492/533 1042/1497/533 1045/1500/533
f 1055/1501/534 1042/1497/534 1056/1496/534
f 1042/1497/535 1055/1502/535 1043/1503/535 1044/1504/535 1045/1500/535
o Sphere_cell.035
v -0.008513 -0.008123 0.005845
v -0.691341 -0.555570 0.461939
v -0.768177 -0.555570 0.318189
v -0.676456 -0.467113 0.554249
v -0.729198 -0.470390 0.487234
v -0.594898 -0.627376 0.487012
v -0.640160 -0.555570 0.524304
v -0.613360 -0.669851 0.409834
v -0.777813 -0.555570 0.286425
v -0.790327 -0.540799 0.272239
v -0.750170 -0.579321 0.310730
v -0.813199 -0.464402 0.336838
v -0.676456 -0.467113 0.554249
v -0.729198 -0.470390 0.487234
v -0.594898 -0.627376 0.487012
v -0.640160 -0.555570 0.524304
v -0.613360 -0.669851 0.409834
v -0.777813 -0.555570 0.286425
v -0.790327 -0.540799 0.272239
v -0.750170 -0.579321 0.310730
v -0.813199 -0.464402 0.336838
vn -0.3933 0.8823 0.2584
vn 0.6350 -0.0010 0.7725
vn 0.7741 -0.6143 0.1529
vn 0.1544 -0.6138 -0.7742
vn -0.5438 0.4410 -0.7140
vn -0.5987 -0.6326 0.4913
vn -0.6825 -0.4696 0.5601
vn -0.7786 -0.4696 0.4162
vn -0.6831 -0.6326 0.3651
vn -0.8448 -0.4696 0.2563
vn -0.7412 -0.6326 0.2248
vt 1.000000 0.358578
vt 1.000000 1.000000
vt 0.227296 0.227296
vt 0.740772 0.308028
vt 1.000000 0.405711
vt 0.358578 0.358578
vt 0.688638 0.377084
vt 1.000000 0.364841
vt 0.405711 0.405711
vt 1.000000 0.249512
vt 0.364841 0.364841
vt 0.832401 0.273673
vt 0.940733 0.256437
vt 1.000000 0.227296
vt 0.249512 0.249512
vt 0.109182 0.282884
vt 0.109218 0.312500
vt 0.093750 0.312500
vt 0.093750 0.265366
vt 0.109248 0.344478
vt 0.093750 0.343293
vt 0.062500 0.312500
vt 0.062500 0.345458
vt 0.062500 0.302704
vt 0.052806 0.317840
vt 0.056136 0.312500
vt 0.056136 0.312500
vt 0.062500 0.302704
s 0
usemtl 
f 1083/1505/536 1071/1506/536 1091/1507/536 1084/1508/536
f 1085/1509/537 1071/1506/537 1083/1510/537 1086/1511/537
f 1087/1512/538 1071/1506/538 1085/1513/538
f 1089/1514/539 1071/1506/539 1087/1515/539 1090/1516/539 1088/1517/539
f 1091/1518/540 1071/1506/540 1089/1519/540
f 1076/1520/541 1077/1521/541 1072/1522/541 1078/1523/541
f 1074/1524/542 1075/1525/542 1072/1522/542 1077/1521/542
f 1073/1526/543 1072/1522/543 1075/1525/543 1082/1527/543
f 1078/1523/544 1072/1522/544 1073/1526/544 1081/1528/544
f 1080/1529/545 1079/1530/545 1073/1526/545 1082/1527/545
f 1073/1526/546 1079/1531/546 1081/1532/546
o Sphere_cell.036
v -0.004005 -0.000802 -0.004803
v -0.007578 -0.004160 -0.011382
v -0.707106 0.000000 -0.707106
v -0.555569 0.000000 -0.831469
v -0.544895 -0.195090 -0.815493
v -0.510384 -0.356954 -0.778533
v -0.517513 -0.355274 -0.775297
v -0.689513 -0.195090 -0.696808
v -0.830453 0.000000 -0.556807
v -0.693857 -0.190241 -0.693857
v -0.761434 0.095448 -0.626160
v -0.700383 0.096527 -0.700384
v -0.465680 0.091511 -0.869345
v -0.550405 0.094382 -0.823740
v -0.441299 -0.333415 -0.823517
v -0.460946 -0.195090 -0.860364
v -0.469921 0.000000 -0.877249
v -0.830453 0.000000 -0.556807
v -0.693857 -0.190241 -0.693857
v -0.761434 0.095448 -0.626160
v -0.700383 0.096527 -0.700384
v -0.465680 0.091511 -0.869345
v -0.550405 0.094382 -0.823740
v -0.460946 -0.195090 -0.860364
v -0.469921 0.000000 -0.877249
v -0.441299 -0.333415 -0.823517
v -0.510384 -0.356954 -0.778533
v -0.517513 -0.355274 -0.775297
v -0.689513 -0.195090 -0.696808
vn -0.0187 -0.9037 0.4278
vn -0.3135 -0.7660 0.5613
vn -0.3918 -0.7084 0.5871
vn -0.3936 -0.7064 0.5883
vn 0.0684 0.9951 0.0707
vn 0.0706 0.9951 0.0685
vn 0.8821 -0.0002 -0.4711
vn 0.8921 -0.0770 -0.4452
vn 0.4048 -0.9021 0.1496
vn -0.3912 0.7091 0.5867
vn -0.7693 0.0975 -0.6314
vn -0.7693 -0.0975 -0.6314
vn -0.6314 0.0975 -0.7693
vn -0.6314 -0.0975 -0.7693
vn -0.6072 -0.2895 -0.7399
vn -0.4691 0.0975 -0.8777
vn -0.4691 -0.0975 -0.8777
vn -0.4513 -0.2890 -0.8443
vt 0.261427 0.000000
vt 1.000000 0.000000
vt 1.000000 0.735443
vt 0.000000 0.000000
vt 0.735443 0.735443
vt 0.737055 0.737055
vt 0.659298 0.000000
vt 0.662008 0.020060
vt 0.659298 0.659298
vt 0.790424 0.000136
vt 0.998192 0.664091
vt 0.275611 0.000000
vt 0.783582 0.223666
vt 0.665721 0.665721
vt 0.827206 0.000000
vt 0.834806 0.662527
vt 0.827206 0.827206
vt 0.783527 0.000000
vt 0.818728 0.285892
vt 0.783527 0.783527
vt 0.782116 0.782116
vt 0.738573 0.000000
vt 0.275611 0.275611
vt 1.000000 0.209556
vt 1.000000 1.000000
vt 0.875000 0.500000
vt 0.906001 0.500013
vt 0.890467 0.530578
vt 0.875000 0.530924
vt 0.905995 0.500000
vt 0.875000 0.439053
vt 0.843750 0.500000
vt 0.874961 0.530923
vt 0.843750 0.530237
vt 0.843750 0.437500
vt 0.874158 0.437500
vt 0.874158 0.437500
vt 0.843750 0.384247
vt 0.828268 0.529317
vt 0.828269 0.500000
vt 0.828279 0.437500
vt 0.828269 0.500000
vt 0.842361 0.383572
vt 0.828295 0.391371
s 0
usemtl 
f 1118/1533/547 1093/1534/547 1119/1535/547
f 1093/1536/548 1092/1534/548 1119/1537/548
f 1119/1538/549 1092/1536/549 1110/1539/549 1099/1540/549
f 1110/1541/550 1092/1536/550 1109/1542/550
f 1092/1534/551 1112/1543/551 1111/1544/551
f 1114/1545/552 1112/1546/552 1092/1536/552 1113/1547/552
f 1116/1548/553 1113/1549/553 1092/1536/553 1117/1550/553 1115/1551/553
f 1092/1536/554 1093/1534/554 1117/1552/554
f 1117/1553/555 1093/1536/555 1118/1554/555
f 1111/1555/556 1109/1556/556 1092/1557/556
f 1094/1558/557 1100/1559/557 1102/1560/557 1103/1561/557
f 1100/1562/558 1094/1558/558 1101/1563/558
f 1095/1564/559 1094/1558/559 1103/1565/559 1105/1566/559
f 1094/1558/560 1095/1564/560 1096/1567/560 1120/1568/560 1101/1563/560
f 1120/1569/561 1096/1567/561 1098/1570/561
f 1104/1571/562 1108/1572/562 1095/1564/562 1105/1566/562
f 1107/1573/563 1096/1567/563 1095/1564/563 1108/1574/563
f 1097/1575/564 1098/1570/564 1096/1567/564 1107/1573/564 1106/1576/564
o Sphere_cell.037
v 0.004491 -0.009337 0.000497
v 0.382683 -0.923880 0.000000
v 0.375330 -0.923880 0.074658
v 0.491792 -0.865560 0.000000
v 0.467615 -0.876113 -0.045007
v 0.400756 -0.896753 0.164829
v 0.543825 -0.832053 0.108174
v 0.238488 -0.966935 -0.022956
v 0.379089 -0.923880 -0.036499
v 0.205178 -0.976506 0.040812
v 0.185979 -0.978966 0.076300
v 0.226686 -0.971201 0.000000
v 0.353841 -0.923880 0.145500
v 0.491792 -0.865560 0.000000
v 0.467615 -0.876113 -0.045007
v 0.400756 -0.896753 0.164829
v 0.543825 -0.832053 0.108174
v 0.379089 -0.923880 -0.036499
v 0.238488 -0.966935 -0.022956
v 0.205178 -0.976506 0.040812
v 0.185979 -0.978966 0.076300
v 0.226686 -0.971201 0.000000
v 0.353841 -0.923880 0.145500
vn 0.7534 0.4291 -0.4983
vn 0.2414 0.2799 0.9292
vn -0.0961 0.0009 -0.9954
vn -0.8564 -0.1976 -0.4770
vn -0.3814 0.0009 0.9244
vn 0.4709 -0.8810 -0.0464
vn 0.2902 -0.9565 -0.0286
vn 0.4709 -0.8810 0.0464
vn 0.2902 -0.9565 0.0286
vn 0.4528 -0.8810 0.1374
vn 0.2790 -0.9565 0.0846
vt 0.167475 0.000000
vt 1.000000 0.000000
vt 1.000000 0.789937
vt 0.410938 0.233380
vt 0.789937 0.789937
vt 0.000000 0.000000
vt 0.853132 0.000000
vt 1.000000 0.832525
vt 0.622003 0.500607
vt 0.079753 0.000000
vt 1.000000 0.068664
vt 1.000000 1.000000
vt 0.079753 0.079753
vt 0.291502 0.075763
vt 0.669630 0.070859
vt 0.781401 0.120985
vt 1.000000 0.146868
vt 0.068664 0.068664
vt 0.515272 0.157306
vt 0.500000 0.164444
vt 0.500000 0.125000
vt 0.515277 0.125000
vt 0.515278 0.125000
vt 0.500000 0.073027
vt 0.515269 0.077712
vt 0.500000 0.164444
vt 0.468750 0.187106
vt 0.468750 0.125000
vt 0.500000 0.073027
vt 0.500000 0.125000
vt 0.468750 0.067200
vt 0.468750 0.125000
vt 0.437890 0.143347
vt 0.437912 0.125000
vt 0.438005 0.064498
s 0
usemtl 
f 1135/1577/565 1121/1578/565 1137/1579/565 1134/1580/565
f 1137/1581/566 1121/1582/566 1136/1583/566
f 1121/1578/567 1135/1584/567 1138/1585/567 1139/1586/567
f 1141/1587/568 1121/1588/568 1139/1589/568 1142/1590/568 1140/1591/568
f 1143/1592/569 1136/1593/569 1121/1588/569 1141/1594/569
f 1125/1595/570 1124/1596/570 1122/1597/570 1129/1598/570
f 1129/1599/571 1122/1597/571 1132/1600/571 1128/1601/571
f 1122/1597/572 1124/1602/572 1127/1603/572 1123/1604/572
f 1132/1605/573 1122/1606/573 1123/1604/573 1130/1607/573
f 1123/1608/574 1127/1603/574 1126/1609/574 1133/1610/574
f 1131/1611/575 1130/1607/575 1123/1604/575 1133/1610/575
o Sphere_cell.038
v -0.005650 -0.008338 0.001515
v -0.007831 -0.013360 0.003309
v -0.513280 -0.831470 0.212607
v -0.544895 -0.831470 0.108386
v -0.555570 -0.831470 -0.000000
v -0.544895 -0.831470 -0.108386
v -0.653578 -0.740462 0.130281
v -0.605089 -0.790830 -0.000000
v -0.502118 -0.837927 -0.207984
v -0.555533 -0.822568 -0.110503
v -0.529222 -0.831470 -0.160052
v -0.559140 -0.790732 0.231603
v -0.514185 -0.806966 0.273948
v -0.459808 -0.848672 0.244703
v -0.487988 -0.831470 0.259924
v -0.456326 -0.864420 0.189016
v -0.451160 -0.875192 0.136956
v -0.461160 -0.877104 0.091730
v -0.477270 -0.873322 -0.000000
v -0.490056 -0.861356 -0.097478
v -0.555533 -0.822568 -0.110503
v -0.529222 -0.831470 -0.160052
v -0.605089 -0.790830 -0.000000
v -0.502118 -0.837927 -0.207984
v -0.559140 -0.790732 0.231603
v -0.514185 -0.806966 0.273948
v -0.653578 -0.740462 0.130281
v -0.459808 -0.848672 0.244703
v -0.487988 -0.831470 0.259924
v -0.456326 -0.864420 0.189016
v -0.451160 -0.875192 0.136956
v -0.461160 -0.877104 0.091730
v -0.477270 -0.873322 -0.000000
v -0.490056 -0.861356 -0.097478
vn 0.8594 -0.4559 -0.2313
vn -0.7008 0.5378 -0.4687
vn -0.4674 0.5371 0.7021
vn -0.0740 0.3638 0.9285
vn 0.4730 -0.0012 0.8811
vn 0.8861 -0.4284 0.1766
vn 0.8643 -0.4703 -0.1784
vn -0.5611 -0.7715 0.2999
vn -0.4173 -0.8810 0.2230
vn -0.6088 -0.7715 0.1847
vn -0.4528 -0.8810 0.1374
vn -0.6333 -0.7714 0.0625
vn -0.4709 -0.8810 0.0464
vn -0.6332 -0.7715 -0.0624
vn -0.4709 -0.8810 -0.0464
vn -0.6088 -0.7715 -0.1847
vn -0.4528 -0.8810 -0.1374
vt 1.000000 1.000000
vt 0.000000 0.000000
vt 1.000000 0.203307
vt 0.433328 0.218149
vt 0.691069 0.248561
vt 1.000000 0.296852
vt 0.210892 0.203457
vt 0.319837 0.209630
vt 1.000000 0.233028
vt 0.296852 0.296852
vt 0.786076 0.248605
vt 0.234057 0.000000
vt 1.000000 0.000000
vt 1.000000 0.194238
vt 0.234057 0.234057
vt 0.625714 0.210679
vt 1.000000 0.168705
vt 0.194238 0.194238
vt 0.612959 0.179072
vt 1.000000 0.204122
vt 0.168705 0.168705
vt 0.272764 0.166834
vt 0.488450 0.170427
vt 0.722450 0.181912
vt 0.077908 0.199815
vt 0.062500 0.207973
vt 0.062500 0.187500
vt 0.077895 0.187500
vt 0.062500 0.165214
vt 0.077842 0.175866
vt 0.031250 0.233166
vt 0.031250 0.187500
vt 0.062500 0.207973
vt 0.031250 0.156636
vt 0.046907 0.157929
vt 0.000000 0.187500
vt 0.031250 0.233166
vt 0.000000 0.207924
vt 0.000000 0.159194
vt 0.968750 0.187500
vt 1.000000 0.187500
vt 1.000000 0.207924
vt 0.968750 0.191974
vt 1.000000 0.159194
vt 0.968750 0.167287
vt 0.968750 0.191974
vt 0.953258 0.187500
vt 0.937500 0.182199
vt 0.968750 0.167287
s 0
usemtl 
f 1144/1612/576 1145/1613/576 1167/1614/576
f 1164/1615/577 1166/1616/577 1170/1617/577 1144/1612/577 1167/1618/577 1165/1619/577
f 1169/1620/578 1144/1612/578 1170/1621/578 1168/1622/578
f 1169/1623/579 1145/1624/579 1144/1612/579
f 1171/1625/580 1145/1612/580 1169/1626/580 1172/1627/580
f 1174/1628/581 1145/1612/581 1171/1629/581 1173/1630/581
f 1167/1631/582 1145/1612/582 1174/1632/582 1175/1633/582 1176/1634/582 1177/1635/582
f 1156/1636/583 1155/1637/583 1146/1638/583 1158/1639/583
f 1146/1638/584 1159/1640/584 1157/1641/584 1158/1639/584
f 1150/1642/585 1147/1643/585 1146/1638/585 1155/1644/585
f 1146/1638/586 1147/1643/586 1161/1645/586 1160/1646/586 1159/1640/586
f 1148/1647/587 1147/1643/587 1150/1648/587 1151/1649/587
f 1161/1645/588 1147/1643/588 1148/1647/588 1162/1650/588
f 1149/1651/589 1148/1652/589 1151/1653/589 1153/1654/589
f 1162/1655/590 1148/1652/590 1149/1651/590 1163/1656/590
f 1149/1651/591 1153/1657/591 1154/1658/591
f 1154/1658/592 1152/1659/592 1163/1660/592 1149/1651/592
o Sphere_cell.039
v -0.003076 0.014221 -0.001672
v -0.195090 0.980785 -0.000000
v -0.191342 0.980785 -0.038060
v -0.180240 0.980785 -0.074658
v -0.162212 0.980785 -0.108386
v -0.251937 0.962838 0.023529
v -0.193330 0.980785 0.017875
v -0.002775 0.999721 -0.000552
v -0.008482 0.999165 0.000000
v -0.240876 0.945172 -0.196706
v -0.150621 0.980785 -0.122509
v -0.008421 0.999003 -0.005626
v -0.255642 0.962417 -0.000000
v -0.266784 0.954988 -0.080904
v -0.263110 0.958588 -0.052336
v -0.261143 0.954221 -0.108169
v -0.248251 0.949395 -0.165876
v -0.251937 0.962838 0.023529
v -0.193330 0.980785 0.017875
v -0.002775 0.999721 -0.000552
v -0.008482 0.999165 0.000000
v -0.240876 0.945172 -0.196706
v -0.150621 0.980785 -0.122509
v -0.008421 0.999003 -0.005626
v -0.266784 0.954988 -0.080904
v -0.263110 0.958588 -0.052336
v -0.255642 0.962417 -0.000000
v -0.248251 0.949395 -0.165876
v -0.261143 0.954221 -0.108169
vn 0.0964 -0.0012 0.9953
vn 0.6358 0.0004 -0.7719
vn -0.9546 -0.2545 0.1548
vn -0.9417 -0.2797 -0.1870
vn -0.2902 0.9565 0.0286
vn -0.0980 0.9951 0.0097
vn -0.0980 0.9951 -0.0097
vn -0.2902 0.9565 -0.0286
vn -0.0942 0.9951 -0.0286
vn -0.2790 0.9565 -0.0846
vn -0.0870 0.9951 -0.0462
vn -0.2571 0.9565 -0.1374
vn -0.0761 0.9951 -0.0625
vn -0.2254 0.9565 -0.1850
vt 0.084142 0.000000
vt 1.000000 0.000000
vt 0.998267 0.949398
vt 0.977327 0.927928
vt 0.299135 0.232238
vt 0.951173 0.951173
vt 0.000000 0.000000
vt 0.899026 0.000000
vt 0.933192 0.374233
vt 0.950451 0.927394
vt 0.091327 0.000000
vt 1.000000 0.915858
vt 0.794961 0.710502
vt 0.339562 0.251603
vt 1.000000 0.100974
vt 1.000000 1.000000
vt 0.091327 0.091327
vt 0.302776 0.092106
vt 0.755488 0.096851
vt 0.014816 0.917788
vt 0.014677 0.937500
vt 0.000000 0.937500
vt 0.000000 0.917326
vt 0.014677 0.937500
vt 0.014946 0.997283
vt 0.985054 0.997283
vt 0.984148 0.999094
vt 0.968750 0.937500
vt 1.000000 0.937500
vt 1.000000 0.917326
vt 0.968750 0.913121
vt 0.937500 0.937500
vt 0.952850 0.998899
vt 0.968750 0.913121
vt 0.937500 0.908325
vt 0.953138 0.909167
vt 0.906250 0.937500
vt 0.922150 0.998899
vt 0.921064 0.996756
vt 0.906250 0.903024
vt 0.891321 0.937500
vt 0.891436 0.996756
vt 0.891008 0.898385
s 0
usemtl 
f 1195/1661/593 1178/1662/593 1197/1663/593 1198/1664/593 1196/1665/593
f 1197/1666/594 1178/1667/594 1199/1668/594 1200/1669/594 1201/1670/594
f 1202/1671/595 1178/1662/595 1195/1672/595 1204/1673/595 1203/1674/595
f 1199/1675/596 1178/1676/596 1202/1677/596 1206/1678/596 1205/1679/596
f 1183/1680/597 1184/1681/597 1179/1682/597 1190/1683/597
f 1179/1682/598 1184/1684/598 1186/1685/598
f 1186/1686/599 1185/1687/599 1180/1688/599 1179/1689/599
f 1190/1690/600 1179/1689/600 1180/1688/600 1192/1691/600
f 1181/1692/601 1180/1688/601 1185/1693/601
f 1192/1694/602 1180/1688/602 1181/1692/602 1193/1695/602 1191/1696/602
f 1182/1697/603 1181/1692/603 1185/1698/603 1189/1699/603
f 1181/1692/604 1182/1697/604 1194/1700/604 1193/1695/604
f 1188/1701/605 1182/1697/605 1189/1702/605
f 1182/1697/606 1188/1701/606 1187/1703/606 1194/1700/606
o Sphere_cell.040
v -0.005702 -0.001401 0.004733
v -0.693520 -0.195090 0.693520
v -0.814081 -0.198200 0.545135
v -0.826614 -0.049016 0.553912
v -0.725560 0.030734 0.679871
v -0.626012 -0.097304 0.761321
v -0.706996 -0.001581 0.706996
v -0.767366 0.000000 0.633679
v -0.602451 -0.286187 0.732681
v -0.619911 -0.195090 0.753929
v -0.656531 -0.367533 0.656531
v -0.626012 -0.097304 0.761321
v -0.706996 -0.001581 0.706996
v -0.725560 0.030734 0.679871
v -0.767366 0.000000 0.633679
v -0.826614 -0.049016 0.553912
v -0.602451 -0.286187 0.732681
v -0.619911 -0.195090 0.753929
v -0.656531 -0.367533 0.656531
v -0.814081 -0.198200 0.545135
vn -0.5561 0.0022 -0.8311
vn -0.2757 -0.6940 -0.6651
vn 0.5003 0.7070 0.4998
vn -0.2810 0.8966 -0.3423
vn 0.7733 0.0003 0.6340
vn 0.6642 -0.6963 0.2721
vn -0.6314 -0.0975 0.7693
vn -0.6073 -0.2890 0.7400
vn -0.7678 0.0912 0.6342
vn -0.7700 -0.0992 0.6303
vn -0.7400 -0.2890 0.6073
vt 0.982955 0.757525
vt 0.213648 0.000000
vt 1.000000 0.000000
vt 0.773812 0.773812
vt 0.000000 0.000000
vt 0.623224 0.000000
vt 0.276392 0.000000
vt 1.000000 0.689514
vt 0.815655 0.520365
vt 0.689514 0.689514
vt 0.786352 0.000000
vt 0.729575 0.425341
vt 1.000000 0.303577
vt 1.000000 1.000000
vt 0.276392 0.276392
vt 0.640492 0.283356
vt 1.000000 0.376776
vt 0.303577 0.303577
vt 0.140474 0.468827
vt 0.125000 0.499493
vt 0.125000 0.437500
vt 0.140477 0.437500
vt 0.140477 0.437500
vt 0.125000 0.380048
vt 0.140476 0.407150
vt 0.119802 0.509846
vt 0.109858 0.500000
vt 0.124747 0.500000
vt 0.093912 0.437500
vt 0.109858 0.500000
vt 0.093963 0.484297
vt 0.093913 0.436464
vt 0.125000 0.380048
s 0
usemtl 
f 1226/1704/607 1222/1705/607 1207/1706/607
f 1226/1707/608 1207/1708/608 1225/1709/608
f 1218/1710/609 1207/1706/609 1220/1711/609 1219/1712/609
f 1220/1713/610 1207/1708/610 1222/1714/610 1221/1715/610
f 1223/1716/611 1207/1717/611 1218/1718/611 1224/1719/611
f 1225/1720/612 1207/1717/612 1223/1721/612
f 1212/1722/613 1213/1723/613 1208/1724/613 1216/1725/613
f 1216/1726/614 1208/1724/614 1217/1727/614 1215/1728/614
f 1211/1729/615 1214/1730/615 1213/1731/615
f 1209/1732/616 1208/1724/616 1213/1731/616 1214/1733/616 1210/1734/616
f 1208/1724/617 1209/1735/617 1217/1736/617
o Sphere_cell.041
v 0.009884 -0.000822 0.006584
v 0.006182 -0.004279 0.005907
v 0.015649 -0.000454 0.010339
v 0.831469 0.000000 0.555570
v 0.815493 -0.195090 0.544895
v 0.768178 -0.382683 0.513280
v 0.653281 -0.382683 0.653281
v 0.731311 -0.550605 0.392765
v 0.532574 -0.535161 0.647418
v 0.591251 -0.546802 0.591251
v 0.691795 -0.554550 0.462243
v 0.565892 -0.437005 0.687619
v 0.611355 -0.382683 0.687689
v 0.674097 -0.285639 0.674097
v 0.724831 -0.195090 0.655367
v 0.802113 0.000000 0.591340
v 0.809095 0.029302 0.578306
v 0.874128 -0.033204 0.468858
v 0.810227 -0.382683 0.434610
v 0.860149 -0.195090 0.461349
v 0.838458 0.017948 0.538762
v 0.829656 0.022140 0.554359
v 0.852942 0.000000 0.515398
v 0.731311 -0.550605 0.392765
v 0.691795 -0.554550 0.462243
v 0.591251 -0.546802 0.591251
v 0.532574 -0.535161 0.647418
v 0.565892 -0.437005 0.687619
v 0.611355 -0.382683 0.687689
v 0.674097 -0.285639 0.674097
v 0.724831 -0.195090 0.655367
v 0.802113 0.000000 0.591340
v 0.809095 0.029302 0.578306
v 0.874128 -0.033204 0.468858
v 0.860149 -0.195090 0.461349
v 0.810227 -0.382683 0.434610
v 0.838458 0.017948 0.538762
v 0.829656 0.022140 0.554359
v 0.852942 0.000000 0.515398
vn 0.3462 -0.1910 -0.9185
vn -0.4613 -0.8315 -0.3096
vn -0.7723 0.0019 0.6353
vn -0.5393 0.4367 0.7200
vn -0.5326 0.4451 0.7199
vn -0.5316 0.4467 0.7196
vn -0.2922 0.8853 0.3618
vn 0.3547 0.7054 -0.6137
vn 0.4714 -0.0004 -0.8819
vn 0.1068 0.9739 -0.2003
vn 0.2822 0.8371 -0.4686
vn 0.8777 -0.0975 0.4691
vn 0.8443 -0.2890 0.4513
vn 0.7786 -0.4696 0.4162
vn 0.8777 0.0975 0.4691
vn 0.7693 0.0975 0.6314
vn 0.7693 -0.0975 0.6314
vn 0.7400 -0.2890 0.6073
vn 0.6825 -0.4696 0.5601
vn 0.6073 -0.2890 0.7400
vn 0.5601 -0.4696 0.6825
vt 0.000000 0.000000
vt 1.000000 0.305368
vt 1.000000 1.000000
vt 0.305368 0.305368
vt 0.469831 0.315547
vt 0.821501 0.356044
vt 1.000000 0.385522
vt 1.000000 0.347085
vt 0.385522 0.385522
vt 0.347296 0.000000
vt 1.000000 0.000000
vt 1.000000 0.360402
vt 0.347296 0.347296
vt 0.584602 0.347172
vt 0.939743 0.238024
vt 1.000000 0.231295
vt 0.360402 0.360402
vt 0.540969 0.312450
vt 0.232545 0.000000
vt 1.000000 0.168726
vt 0.168726 0.168726
vt 0.398549 0.182284
vt 0.698986 0.230432
vt 1.000000 0.305701
vt 0.492653 0.279636
vt 0.204685 0.000000
vt 1.000000 0.767455
vt 0.204685 0.204685
vt 0.483097 0.190495
vt 1.000000 0.169704
vt 0.421630 0.489395
vt 0.413511 0.500000
vt 0.406250 0.500000
vt 0.406250 0.437500
vt 0.421647 0.437500
vt 0.406250 0.375000
vt 0.421641 0.375000
vt 0.421626 0.314772
vt 0.406250 0.312869
vt 0.406250 0.507093
vt 0.413511 0.500000
vt 0.409122 0.505750
vt 0.401209 0.509387
vt 0.398873 0.500000
vt 0.383022 0.437500
vt 0.375000 0.375000
vt 0.383022 0.437500
vt 0.375000 0.407332
vt 0.375000 0.315670
vt 0.365642 0.375000
vt 0.359591 0.355362
vt 0.359559 0.319878
vt 0.375000 0.315670
s 0
usemtl 
f 1227/1737/618 1250/1738/618 1228/1739/618
f 1228/1739/619 1250/1740/619 1251/1741/619 1252/1742/619 1253/1743/619
f 1254/1744/620 1228/1739/620 1253/1745/620
f 1254/1746/621 1227/1747/621 1228/1739/621
f 1256/1748/622 1227/1739/622 1254/1749/622 1255/1750/622
f 1258/1751/623 1259/1752/623 1227/1739/623 1256/1753/623 1257/1754/623
f 1259/1755/624 1229/1747/624 1227/1739/624
f 1227/1739/625 1229/1737/625 1260/1756/625
f 1227/1739/626 1260/1757/626 1261/1758/626 1262/1759/626 1250/1760/626
f 1264/1761/627 1263/1762/627 1229/1747/627 1259/1763/627
f 1263/1764/628 1265/1765/628 1260/1766/628 1229/1739/628
f 1244/1767/629 1249/1768/629 1230/1769/629 1231/1770/629 1246/1771/629
f 1246/1771/630 1231/1770/630 1232/1772/630 1245/1773/630
f 1234/1774/631 1245/1773/631 1232/1772/631 1237/1775/631
f 1248/1776/632 1230/1769/632 1249/1777/632 1247/1778/632
f 1243/1779/633 1242/1780/633 1230/1769/633 1248/1776/633
f 1241/1781/634 1231/1770/634 1230/1769/634 1242/1780/634
f 1233/1782/635 1232/1772/635 1231/1770/635 1241/1783/635 1240/1784/635
f 1237/1775/636 1232/1772/636 1233/1782/636 1236/1785/636
f 1239/1786/637 1233/1782/637 1240/1784/637
f 1238/1787/638 1235/1788/638 1236/1789/638 1233/1782/638 1239/1786/638
o Sphere_cell.042
v -0.000744 -0.003253 0.006590
v 0.000966 -0.007419 0.014687
v 0.000000 -0.382683 0.923879
v -0.180240 -0.382683 0.906127
v -0.162212 -0.555570 0.815493
v -0.229670 -0.594073 0.762168
v -0.274102 -0.287622 0.907643
v -0.238836 -0.555570 0.792249
v -0.265690 -0.382683 0.880206
v -0.185726 -0.289975 0.933709
v -0.000883 -0.284755 0.953499
v 0.083734 -0.481139 0.863007
v 0.086395 -0.436803 0.886443
v -0.094636 -0.555570 0.822148
v -0.158812 -0.576805 0.798400
v -0.000000 -0.520120 0.850418
v 0.054079 -0.382683 0.918553
v -0.274102 -0.287622 0.907643
v -0.265690 -0.382683 0.880206
v -0.229670 -0.594073 0.762168
v -0.238836 -0.555570 0.792249
v -0.185726 -0.289975 0.933709
v 0.083734 -0.481139 0.863007
v 0.086395 -0.436803 0.886443
v -0.094636 -0.555570 0.822148
v -0.158812 -0.576805 0.798400
v -0.000000 -0.520120 0.850418
v 0.054079 -0.382683 0.918553
v -0.000883 -0.284755 0.953499
vn 0.4036 -0.7761 -0.4846
vn -0.9569 -0.0008 -0.2905
vn -0.0578 0.9570 0.2844
vn 0.7017 0.6829 0.2031
vn 0.9949 -0.0065 -0.1007
vn 0.4293 -0.7700 -0.4719
vn 0.8838 0.4482 0.1341
vn 0.0939 -0.2875 0.9532
vn 0.0865 -0.4696 0.8786
vn -0.0865 -0.4696 0.8786
vn -0.0759 -0.6326 0.7708
vn -0.0938 -0.2890 0.9527
vn -0.2779 -0.2890 0.9161
vn -0.2563 -0.4696 0.8448
vn -0.2248 -0.6326 0.7412
vt 0.000000 0.000000
vt 1.000000 0.276185
vt 1.000000 1.000000
vt 1.000000 0.136326
vt 0.276185 0.276185
vt 0.374777 0.247295
vt 0.786939 0.162748
vt 1.000000 0.092620
vt 0.136326 0.136326
vt 0.415866 0.111434
vt 0.093374 0.000000
vt 1.000000 0.000000
vt 1.000000 0.180517
vt 0.157788 0.157788
vt 0.807016 0.243252
vt 1.000000 0.277869
vt 0.180517 0.180517
vt 0.389681 0.192791
vt 0.636371 0.220226
vt 0.102290 0.093762
vt 0.657411 0.126906
vt 1.000000 0.157788
vt 0.250000 0.375000
vt 0.259376 0.375000
vt 0.250000 0.407087
vt 0.265394 0.339408
vt 0.265464 0.355435
vt 0.250000 0.325316
vt 0.218750 0.375000
vt 0.218750 0.312500
vt 0.231768 0.312500
vt 0.218750 0.303742
vt 0.249825 0.407678
vt 0.218750 0.405887
vt 0.203322 0.406672
vt 0.203342 0.375000
vt 0.218750 0.405887
vt 0.203398 0.312500
vt 0.203634 0.296710
s 0
usemtl 
f 1267/1790/639 1285/1791/639 1266/1792/639
f 1283/1793/640 1266/1792/640 1285/1794/640 1286/1795/640 1284/1796/640
f 1294/1797/641 1266/1792/641 1283/1798/641 1287/1799/641
f 1294/1800/642 1267/1801/642 1266/1792/642
f 1288/1802/643 1267/1792/643 1289/1803/643
f 1291/1804/644 1285/1805/644 1267/1792/644 1288/1806/644 1292/1807/644 1290/1808/644
f 1294/1809/645 1293/1810/645 1289/1811/645 1267/1792/645
f 1268/1812/646 1282/1813/646 1276/1814/646
f 1277/1815/647 1278/1816/647 1282/1813/647 1268/1812/647 1281/1817/647
f 1281/1817/648 1268/1812/648 1269/1818/648 1270/1819/648 1279/1820/648
f 1270/1819/649 1280/1821/649 1279/1820/649
f 1276/1822/650 1275/1823/650 1269/1818/650 1268/1812/650
f 1272/1824/651 1274/1825/651 1269/1818/651 1275/1826/651
f 1273/1827/652 1270/1819/652 1269/1818/652 1274/1825/652
f 1273/1827/653 1271/1828/653 1280/1821/653 1270/1819/653
o Sphere_cell.043
v 0.005347 0.011244 -0.001441
v 0.353553 0.923880 -0.146447
v 0.375330 0.923880 -0.074658
v 0.467185 0.876253 -0.046713
v 0.378946 0.923880 -0.037950
v 0.289432 0.951299 -0.029071
v 0.439170 0.874346 -0.181910
v 0.427063 0.868652 -0.227050
v 0.459294 0.878121 -0.091359
v 0.272386 0.950530 -0.112826
v 0.265902 0.948155 -0.141489
v 0.284162 0.952077 -0.056523
v 0.336236 0.923880 -0.178846
v 0.378946 0.923880 -0.037950
v 0.289432 0.951299 -0.029071
v 0.467185 0.876253 -0.046713
v 0.459294 0.878121 -0.091359
v 0.439170 0.874346 -0.181910
v 0.427063 0.868652 -0.227050
v 0.272386 0.950530 -0.112826
v 0.265902 0.948155 -0.141489
v 0.284162 0.952077 -0.056523
v 0.336236 0.923880 -0.178846
vn 0.0985 -0.0005 0.9951
vn 0.8651 -0.4709 -0.1726
vn -0.9386 0.2892 0.1884
vn -0.4695 -0.0014 -0.8830
vn 0.2571 0.9565 -0.1374
vn 0.4173 0.8810 -0.2230
vn 0.2790 0.9565 -0.0846
vn 0.4528 0.8810 -0.1374
vn 0.2902 0.9565 -0.0286
vn 0.4709 0.8810 -0.0464
vt 0.095305 0.000000
vt 1.000000 0.000000
vt 1.000000 0.832417
vt 0.527893 0.406174
vt 0.832417 0.832417
vt 0.000000 0.000000
vt 0.825323 0.000000
vt 0.830747 0.212916
vt 0.834269 0.630841
vt 0.098166 0.000000
vt 1.000000 0.904695
vt 0.780137 0.685621
vt 0.328474 0.232552
vt 1.000000 0.174677
vt 1.000000 1.000000
vt 0.098166 0.098166
vt 0.468660 0.121526
vt 0.577829 0.901661
vt 0.562500 0.904270
vt 0.562500 0.875000
vt 0.577803 0.875000
vt 0.562500 0.841499
vt 0.577774 0.837648
vt 0.531250 0.905969
vt 0.531250 0.875000
vt 0.562500 0.841499
vt 0.531250 0.844052
vt 0.515931 0.905115
vt 0.515885 0.875000
vt 0.515860 0.842789
s 0
usemtl 
f 1309/1829/654 1295/1830/654 1310/1831/654 1308/1832/654
f 1310/1833/655 1295/1834/655 1313/1835/655 1312/1836/655 1311/1837/655
f 1315/1838/656 1295/1830/656 1309/1839/656 1316/1840/656 1314/1841/656
f 1313/1842/657 1295/1843/657 1315/1844/657 1317/1845/657
f 1305/1846/658 1304/1847/658 1296/1848/658 1307/1849/658
f 1296/1848/659 1301/1850/659 1302/1851/659 1307/1849/659
f 1306/1852/660 1297/1853/660 1296/1848/660 1304/1847/660
f 1301/1854/661 1296/1848/661 1297/1853/661 1303/1855/661
f 1300/1856/662 1299/1857/662 1297/1853/662 1306/1852/662
f 1298/1858/663 1303/1855/663 1297/1853/663 1299/1857/663
o Sphere_cell.044
v 0.006173 -0.015207 -0.003096
v 0.318190 -0.923880 -0.212608
v 0.438261 -0.874520 -0.182923
v 0.363813 -0.876345 -0.296523
v 0.389253 -0.878196 -0.260091
v 0.352974 -0.923880 -0.147530
v 0.258352 -0.954960 -0.108253
v 0.236829 -0.953562 -0.158244
v 0.225234 -0.951304 -0.184052
v 0.295078 -0.923880 -0.240769
v 0.363813 -0.876345 -0.296523
v 0.389253 -0.878196 -0.260091
v 0.438261 -0.874520 -0.182923
v 0.352974 -0.923880 -0.147530
v 0.258352 -0.954960 -0.108253
v 0.236829 -0.953562 -0.158244
v 0.225234 -0.951304 -0.184052
v 0.295078 -0.923880 -0.240769
vn 0.7341 0.4714 -0.4887
vn 0.3835 -0.0004 0.9235
vn -0.8848 -0.2792 0.3731
vn -0.6309 0.0023 -0.7758
vn 0.2254 -0.9565 -0.1850
vn 0.3658 -0.8810 -0.3002
vn 0.4173 -0.8810 -0.2230
vn 0.2571 -0.9565 -0.1374
vt 0.168014 0.000000
vt 1.000000 0.000000
vt 1.000000 0.830026
vt 0.438584 0.272294
vt 0.878091 0.424137
vt 0.830026 0.830026
vt 0.000000 0.000000
vt 0.908500 0.000000
vt 0.688350 0.595005
vt 0.091500 0.000000
vt 1.000000 0.904214
vt 0.877811 0.471400
vt 0.904214 0.904214
vt 0.831986 0.000000
vt 0.593750 0.125000
vt 0.593750 0.092399
vt 0.609041 0.094879
vt 0.608926 0.125000
vt 0.608839 0.157149
vt 0.593750 0.155897
vt 0.593750 0.155897
vt 0.562933 0.158384
vt 0.563012 0.125000
vt 0.563152 0.090864
s 0
usemtl 
f 1328/1859/664 1318/1860/664 1330/1861/664 1329/1862/664
f 1331/1863/665 1330/1864/665 1318/1865/665 1332/1866/665
f 1333/1867/666 1332/1868/666 1318/1860/666 1334/1869/666
f 1335/1870/667 1334/1871/667 1318/1865/667 1328/1872/667
f 1319/1873/668 1325/1874/668 1326/1875/668 1327/1876/668
f 1321/1877/669 1322/1878/669 1319/1873/669 1327/1876/669
f 1319/1873/670 1322/1879/670 1320/1880/670 1323/1881/670
f 1325/1874/671 1319/1873/671 1323/1881/671 1324/1882/671
o Sphere_cell.045
v -0.000685 0.006377 0.004091
v 0.001073 0.021471 0.012685
v -0.003170 0.009003 0.010194
v -0.016290 0.038596 0.054539
v -0.000000 0.831470 0.555570
v -0.108386 0.831470 0.544895
v -0.137950 0.707107 0.693520
v -0.136940 0.875394 0.450772
v -0.187985 0.864743 0.456010
v -0.279259 0.677173 0.676202
v -0.269852 0.707107 0.653508
v -0.211823 0.831470 0.513518
v 0.096624 0.861787 0.489333
v -0.091647 0.877331 0.460742
v -0.000000 0.873601 0.476747
v 0.104215 0.840599 0.528226
v -0.066808 0.707107 0.700527
v -0.069896 0.703833 0.702910
v 0.088525 0.831470 0.546851
v -0.000000 0.764243 0.637486
v -0.152454 0.616514 0.766439
v -0.167224 0.599439 0.776531
v -0.294986 0.626386 0.714776
v -0.233223 0.553096 0.795327
v -0.245109 0.552366 0.792127
v -0.136940 0.875394 0.450772
v -0.187985 0.864743 0.456010
v -0.211823 0.831470 0.513518
v -0.279259 0.677173 0.676202
v -0.269852 0.707107 0.653508
v -0.091647 0.877331 0.460742
v -0.000000 0.873601 0.476747
v 0.096624 0.861787 0.489333
v 0.104215 0.840599 0.528226
v 0.088525 0.831470 0.546851
v -0.000000 0.764243 0.637486
v -0.066808 0.707107 0.700527
v -0.069896 0.703833 0.702910
v -0.152454 0.616514 0.766439
v -0.233223 0.553096 0.795327
v -0.245109 0.552366 0.792127
v -0.167224 0.599439 0.776531
v -0.294986 0.626386 0.714776
vn -0.1801 0.4272 -0.8860
vn -0.9238 -0.0000 -0.3829
vn 0.5795 0.3510 -0.7355
vn 0.1703 0.4715 -0.8653
vn 0.9812 -0.0022 -0.1928
vn 0.9875 -0.0266 -0.1553
vn 0.7865 -0.3965 0.4735
vn 0.7854 -0.3976 0.4745
vn 0.7567 -0.4295 0.4929
vn -0.9282 -0.0145 -0.3717
vn -0.9247 -0.0027 -0.3806
vn 0.5738 -0.5844 0.5739
vn 0.6580 -0.5218 0.5429
vn -0.8679 -0.4915 0.0712
vn -0.8632 -0.4986 0.0795
vn -0.0967 -0.8305 0.5485
vn 0.0464 0.8810 0.4709
vn 0.0624 0.7715 0.6332
vn -0.0624 0.7715 0.6332
vn -0.0759 0.6326 0.7708
vn -0.0464 0.8810 0.4709
vn -0.1374 0.8810 0.4528
vn -0.1847 0.7715 0.6088
vn -0.2259 0.6310 0.7422
vt 1.000000 0.000000
vt 1.000000 0.822148
vt 0.167002 0.000000
vt 0.822147 0.822147
vt 0.000000 0.000000
vt 0.642873 0.000000
vt 0.671497 0.106132
vt 0.790367 0.639143
vt 0.816710 0.816710
vt 0.819363 0.819363
vt 0.832998 0.000000
vt 0.834738 0.161436
vt 0.830928 0.483846
vt 1.000000 0.816710
vt 0.203829 0.000000
vt 1.000000 1.000000
vt 1.000000 0.200952
vt 0.271655 0.209598
vt 0.676922 0.273840
vt 0.985473 0.328455
vt 1.000000 0.331586
vt 0.200952 0.200952
vt 0.331586 0.331586
vt 0.898806 0.270936
vt 1.000000 0.261509
vt 0.262837 0.000000
vt 1.000000 0.320915
vt 1.000000 0.357127
vt 0.320915 0.320915
vt 0.255484 0.000000
vt 1.000000 0.725900
vt 0.725899 0.725899
vt 1.000000 0.322414
vt 0.664930 0.664930
vt 0.738530 0.025956
vt 0.740952 0.740952
vt 0.744516 0.000000
vt 0.280989 0.818675
vt 0.281021 0.833007
vt 0.250000 0.840995
vt 0.250000 0.812500
vt 0.275524 0.812500
vt 0.250000 0.778714
vt 0.250000 0.778714
vt 0.218750 0.812500
vt 0.218750 0.750000
vt 0.234866 0.750000
vt 0.218750 0.712636
vt 0.234226 0.748650
vt 0.218750 0.843518
vt 0.203061 0.842208
vt 0.187773 0.835004
vt 0.187735 0.812500
vt 0.187735 0.812500
vt 0.187676 0.750000
vt 0.216263 0.705749
vt 0.218750 0.712636
vt 0.187664 0.737654
vt 0.188044 0.716041
vt 0.201726 0.687500
vt 0.205124 0.687500
s 0
usemtl 
f 1336/1883/672 1362/1884/672 1361/1885/672
f 1362/1886/673 1336/1887/673 1364/1888/673 1365/1889/673 1363/1890/673
f 1368/1891/674 1337/1887/674 1336/1883/674
f 1368/1892/675 1336/1887/675 1361/1893/675 1366/1894/675 1367/1895/675
f 1368/1896/676 1369/1897/676 1337/1883/676
f 1336/1898/677 1337/1887/677 1369/1899/677
f 1370/1900/678 1371/1901/678 1372/1902/678 1373/1903/678 1336/1898/678 1369/1904/678
f 1336/1898/679 1373/1905/679 1374/1906/679 1377/1907/679
f 1338/1883/680 1336/1898/680 1377/1908/680
f 1378/1909/681 1336/1898/681 1338/1887/681
f 1364/1910/682 1336/1898/682 1378/1911/682
f 1375/1912/683 1339/1883/683 1377/1913/683
f 1339/1887/684 1338/1883/684 1377/1914/684
f 1378/1915/685 1338/1898/685 1339/1887/685
f 1378/1916/686 1339/1887/686 1376/1917/686
f 1376/1918/687 1339/1887/687 1375/1919/687
f 1351/1920/688 1348/1921/688 1350/1922/688 1340/1923/688 1354/1924/688
f 1340/1923/689 1355/1925/689 1354/1924/689
f 1355/1926/690 1340/1923/690 1341/1927/690 1342/1928/690 1352/1929/690
f 1342/1928/691 1356/1930/691 1353/1931/691 1352/1929/691
f 1349/1932/692 1341/1927/692 1340/1923/692 1350/1922/692
f 1341/1927/693 1349/1932/693 1343/1933/693 1344/1934/693 1347/1935/693
f 1342/1928/694 1341/1927/694 1347/1936/694 1346/1937/694
f 1357/1938/695 1356/1939/695 1342/1928/695 1346/1937/695 1345/1940/695 1358/1941/695 1360/1942/695 1359/1943/695
o Sphere_cell.046
v -0.005211 -0.002218 0.008486
v -0.043280 -0.022282 0.101083
v -0.544895 -0.195090 0.815493
v -0.624377 -0.097865 0.762591
v -0.465008 -0.097796 0.869006
v -0.550167 -0.098751 0.823382
v -0.600704 -0.285686 0.734311
v -0.618191 -0.195090 0.755340
v -0.447770 -0.285598 0.836426
v -0.529210 -0.288158 0.792019
v -0.376044 -0.195090 0.905745
v -0.465008 -0.097796 0.869006
v -0.550167 -0.098751 0.823382
v -0.624377 -0.097865 0.762591
v -0.618191 -0.195090 0.755340
v -0.600704 -0.285686 0.734311
v -0.447770 -0.285598 0.836426
v -0.529210 -0.288158 0.792019
v -0.376044 -0.195090 0.905745
vn -0.0547 0.9952 0.0813
vn -0.7728 -0.0018 -0.6347
vn 0.1616 -0.9569 -0.2412
vn 0.5979 0.6965 0.3968
vn 0.7063 -0.6940 0.1400
vn 0.5721 0.7208 0.3914
vn 0.7159 -0.6819 0.1496
vn -0.4691 -0.0975 0.8777
vn -0.4513 -0.2890 0.8443
vn -0.6314 -0.0975 0.7693
vn -0.6073 -0.2890 0.7400
vt 0.174047 0.000000
vt 1.000000 0.000000
vt 1.000000 0.724032
vt 0.584506 0.366778
vt 0.724032 0.724032
vt 0.000000 0.000000
vt 0.696566 0.000000
vt 0.716910 0.359742
vt 0.752158 0.353044
vt 0.696566 0.696566
vt 0.794984 0.000000
vt 0.138164 0.000000
vt 1.000000 0.825952
vt 1.000000 0.205016
vt 1.000000 1.000000
vt 0.151641 0.000000
vt 1.000000 0.846619
vt 0.223330 0.000000
vt 0.187380 0.438415
vt 0.171802 0.468670
vt 0.156250 0.468364
vt 0.156250 0.437500
vt 0.156250 0.406493
vt 0.172149 0.408028
vt 0.187368 0.437500
vt 0.140839 0.437500
vt 0.156250 0.468364
vt 0.140807 0.468648
vt 0.140874 0.407317
s 0
usemtl 
f 1390/1944/696 1379/1945/696 1392/1946/696 1391/1947/696
f 1392/1948/697 1379/1949/697 1394/1950/697 1393/1951/697
f 1396/1952/698 1394/1953/698 1379/1949/698 1395/1954/698
f 1389/1955/699 1379/1945/699 1390/1956/699
f 1380/1949/700 1395/1957/700 1379/1958/700
f 1380/1945/701 1379/1958/701 1389/1959/701
f 1389/1960/702 1395/1961/702 1380/1945/702
f 1397/1962/703 1383/1963/703 1384/1964/703 1381/1965/703
f 1381/1965/704 1388/1966/704 1387/1967/704 1397/1968/704
f 1386/1969/705 1381/1965/705 1384/1970/705 1382/1971/705
f 1388/1966/706 1381/1965/706 1386/1969/706 1385/1972/706
o Sphere_cell.047
v -0.007036 -0.006063 0.006737
v -0.014413 -0.021574 0.024927
v -0.461940 -0.555570 0.691341
v -0.587938 -0.555570 0.587937
v -0.647766 -0.397014 0.647946
v -0.675799 -0.466285 0.555743
v -0.381508 -0.579121 0.712523
v -0.428315 -0.555570 0.709314
v -0.469334 -0.530669 0.702408
v -0.594148 -0.626813 0.488651
v -0.607085 -0.606611 0.498896
v -0.639221 -0.555570 0.525448
v -0.348697 -0.608666 0.702700
v -0.452693 -0.624669 0.625923
v -0.431083 -0.623247 0.645161
v -0.544408 -0.630582 0.544408
v -0.381508 -0.579121 0.712523
v -0.428315 -0.555570 0.709314
v -0.469334 -0.530669 0.702408
v -0.594148 -0.626813 0.488651
v -0.607085 -0.606611 0.498896
v -0.675799 -0.466285 0.555743
v -0.639221 -0.555570 0.525448
v -0.348697 -0.608666 0.702700
v -0.431083 -0.623247 0.645161
v -0.452693 -0.624669 0.625923
v -0.544408 -0.630582 0.544408
v -0.647766 -0.397014 0.647946
vn -0.6918 0.6625 -0.2874
vn 0.2863 0.6637 0.6910
vn 0.2756 0.6734 0.6860
vn 0.4120 -0.7691 -0.4887
vn -0.6290 -0.0086 -0.7773
vn -0.6352 0.0018 -0.7723
vn 0.5959 0.4379 0.6732
vn 0.4495 -0.7729 -0.4478
vn 0.4478 -0.7730 -0.4494
vn -0.3651 -0.6326 0.6831
vn -0.4162 -0.4696 0.7786
vn -0.5601 -0.4696 0.6825
vn -0.4913 -0.6326 0.5987
vn -0.5987 -0.6326 0.4913
vn -0.6824 -0.4696 0.5602
vt 0.614391 0.614391
vt 0.000000 0.000000
vt 0.641193 0.000000
vt 0.329410 0.000000
vt 1.000000 0.000000
vt 1.000000 0.608543
vt 0.530325 0.191031
vt 0.431974 0.099425
vt 0.608543 0.608543
vt 1.000000 0.405304
vt 1.000000 1.000000
vt 1.000000 0.424908
vt 0.405304 0.405304
vt 1.000000 0.358807
vt 0.424908 0.424908
vt 0.649154 0.394011
vt 1.000000 0.670590
vt 0.338971 0.000000
vt 0.852744 0.394936
vt 1.000000 0.413657
vt 0.338971 0.338971
vt 0.783660 0.407810
vt 1.000000 0.411077
vt 0.413657 0.413657
vt 0.176656 0.290601
vt 0.171762 0.302787
vt 0.163560 0.312500
vt 0.156250 0.312500
vt 0.156250 0.284587
vt 0.163560 0.312500
vt 0.156250 0.321502
vt 0.125000 0.369778
vt 0.125000 0.312500
vt 0.156250 0.321502
vt 0.156250 0.284587
vt 0.125000 0.281562
vt 0.150320 0.284001
vt 0.110337 0.282972
vt 0.109501 0.312500
vt 0.109480 0.291449
vt 0.109533 0.344777
s 0
usemtl 
f 1425/1973/707 1398/1974/707 1419/1975/707
f 1414/1976/708 1399/1977/708 1425/1978/708 1416/1979/708 1415/1980/708
f 1425/1981/709 1399/1974/709 1398/1977/709
f 1399/1974/710 1417/1982/710 1398/1983/710
f 1418/1984/711 1398/1983/711 1417/1985/711
f 1419/1986/712 1398/1983/712 1418/1987/712 1420/1988/712
f 1414/1989/713 1421/1990/713 1399/1977/713
f 1422/1991/714 1423/1992/714 1399/1983/714 1421/1993/714
f 1424/1994/715 1417/1995/715 1399/1983/715 1423/1996/715
f 1410/1997/716 1404/1998/716 1405/1999/716 1400/2000/716 1412/2001/716
f 1400/2000/717 1405/2002/717 1406/2003/717
f 1402/2004/718 1401/2005/718 1400/2000/718 1406/2006/718
f 1412/2007/719 1400/2000/719 1401/2005/719 1413/2008/719 1411/2009/719
f 1407/2010/720 1413/2008/720 1401/2005/720 1409/2011/720 1408/2012/720
f 1409/2011/721 1401/2005/721 1402/2004/721 1403/2013/721
o Sphere_cell.048
v -0.530631 -0.053557 -0.159078
v -0.005661 0.000114 0.000031
v -0.013622 0.002961 0.002618
v -0.961938 0.195090 0.191341
v -0.980783 0.000000 0.195089
v -0.999998 0.000000 -0.000001
v -0.980784 -0.195090 -0.000001
v -0.944067 -0.096334 -0.283600
v -0.966756 -0.145213 -0.192301
v -0.971938 -0.195090 -0.089810
v -0.971943 -0.195090 0.089758
v -0.968549 -0.162889 0.156424
v -0.968248 -0.236415 -0.000001
v -0.981347 0.189370 -0.000001
v -0.940078 0.292531 0.113189
v -0.980187 0.195090 0.006054
v -0.980567 -0.002238 -0.195048
v -0.921409 0.337800 0.163304
v -0.944067 0.094725 0.284143
v -0.971754 -0.093474 0.193293
v -0.966960 0.000000 0.240659
v -0.944515 0.195090 0.248779
v -0.930292 0.270525 0.217214
v -0.926933 0.312747 0.184378
v -0.966756 -0.145213 -0.192301
v -0.971938 -0.195090 -0.089810
v -0.944067 -0.096334 -0.283600
v -0.971943 -0.195090 0.089758
v -0.968549 -0.162889 0.156424
v -0.968248 -0.236415 -0.000001
v -0.940078 0.292531 0.113189
v -0.980187 0.195090 0.006054
v -0.981347 0.189370 -0.000001
v -0.971754 -0.093474 0.193293
v -0.944067 0.094725 0.284143
v -0.966960 0.000000 0.240659
v -0.944515 0.195090 0.248779
v -0.930292 0.270525 0.217214
v -0.921409 0.337800 0.163304
v -0.926933 0.312747 0.184378
v -0.980567 -0.002238 -0.195048
vn 0.2171 -0.8824 -0.4174
vn 0.2170 -0.8833 0.4156
vn 0.1361 0.7069 -0.6941
vn 0.2433 -0.8133 -0.5285
vn 0.1377 0.7080 -0.6926
vn 0.3561 0.9318 0.0703
vn 0.2811 -0.0828 0.9561
vn 0.2169 -0.4501 0.8662
vn 0.3032 0.3182 0.8982
vn 0.3403 0.5602 0.7552
vn -0.9161 0.2890 0.2779
vn -0.9524 0.0975 0.2889
vn -0.9524 -0.0975 0.2889
vn -0.9904 -0.0975 0.0975
vn -0.9527 -0.2890 0.0938
vn -0.9527 0.2890 0.0938
vn -0.9904 0.0975 0.0975
vn -0.9902 0.0975 -0.0998
vn -0.9904 -0.0975 -0.0976
vn -0.9527 -0.2890 -0.0938
vn -0.9524 -0.0975 -0.2889
vt 1.000000 0.000000
vt 1.000000 0.921503
vt 0.716393 0.641435
vt 0.391366 0.311360
vt 0.101806 0.000000
vt 0.921503 0.921503
vt 0.000000 0.000000
vt 0.922098 0.000000
vt 0.925252 0.395185
vt 0.210968 0.000000
vt 1.000000 0.795339
vt 0.796661 0.663438
vt 0.411878 0.279967
vt 0.400501 0.266377
vt 0.795339 0.795339
vt 0.789032 0.000000
vt 1.000000 0.122747
vt 1.000000 1.000000
vt 0.123699 0.000000
vt 1.000000 0.101546
vt 1.000000 0.077902
vt 0.101546 0.101546
vt 0.423573 0.079551
vt 0.752025 0.074887
vt 0.897651 0.897651
vt 0.884812 0.000000
vt 0.898348 0.397761
vt 1.000000 0.876301
vt 0.660249 0.541858
vt 0.115188 0.000000
vt 0.031250 0.562500
vt 0.041006 0.562500
vt 0.036534 0.587633
vt 0.031250 0.601700
vt 0.041006 0.562500
vt 0.031250 0.500000
vt 0.038841 0.500000
vt 0.046533 0.530413
vt 0.031250 0.470054
vt 0.031250 0.500000
vt 0.000000 0.500000
vt 0.000000 0.437500
vt 0.014659 0.437500
vt 0.025473 0.447816
vt 0.031250 0.470054
vt 0.000000 0.437500
vt 0.000000 0.423732
vt 0.027897 0.610051
vt 0.019062 0.594964
vt 0.000989 0.562500
vt 0.031250 0.562500
vt 0.031250 0.500000
vt 0.000989 0.562500
vt 0.000000 0.560667
vt 0.969108 0.500000
vt 1.000000 0.500000
vt 1.000000 0.560667
vt 0.968750 0.499283
vt 0.968750 0.453479
vt 0.985332 0.437500
vt 1.000000 0.437500
vt 1.000000 0.437500
vt 1.000000 0.423732
vt 0.953553 0.469138
vt 0.968750 0.453479
vt 0.968750 0.499283
s 0
usemtl 
f 1427/2014/722 1455/2015/722 1451/2016/722 1450/2017/722 1452/2018/722
f 1455/2019/723 1427/2020/723 1454/2021/723 1453/2022/723
f 1456/2023/724 1426/2014/724 1452/2024/724 1442/2025/724 1458/2026/724 1457/2027/724
f 1426/2020/725 1427/2014/725 1452/2028/725
f 1426/2020/726 1456/2029/726 1464/2030/726 1427/2031/726
f 1464/2032/727 1428/2014/727 1427/2031/727
f 1427/2031/728 1428/2020/728 1460/2033/728
f 1454/2034/729 1427/2031/729 1460/2035/729 1461/2036/729 1459/2037/729
f 1460/2038/730 1428/2020/730 1463/2039/730 1462/2040/730
f 1428/2014/731 1464/2041/731 1465/2042/731 1463/2043/731
f 1429/2044/732 1447/2045/732 1448/2046/732 1449/2047/732
f 1447/2048/733 1429/2044/733 1430/2049/733 1446/2050/733 1444/2051/733
f 1446/2050/734 1430/2049/734 1445/2052/734
f 1430/2053/735 1431/2054/735 1432/2055/735 1436/2056/735 1437/2057/735 1445/2058/735
f 1436/2056/736 1432/2059/736 1438/2060/736
f 1443/2061/737 1440/2062/737 1441/2063/737 1429/2064/737 1449/2047/737
f 1431/2054/738 1430/2065/738 1429/2044/738 1441/2066/738 1439/2067/738
f 1466/2068/739 1431/2069/739 1439/2070/739
f 1466/2071/740 1434/2072/740 1435/2073/740 1432/2074/740 1431/2069/740
f 1432/2075/741 1435/2073/741 1438/2076/741
f 1433/2077/742 1434/2078/742 1466/2079/742
o Sphere_cell.049
v -0.004160 -0.006602 0.009759
v -0.353553 -0.382683 0.853553
v -0.318190 -0.555570 0.768177
v -0.374739 -0.200183 0.904700
v -0.276338 -0.286606 0.907286
v -0.241150 -0.555570 0.791547
v -0.232032 -0.593960 0.761548
v -0.267898 -0.382683 0.879536
v -0.446021 -0.287021 0.836874
v -0.293097 -0.636442 0.706697
v -0.389004 -0.555570 0.730326
v -0.380211 -0.578390 0.713894
v -0.432419 -0.382683 0.811399
v -0.346820 -0.608627 0.703739
v -0.374739 -0.200183 0.904700
v -0.276338 -0.286606 0.907286
v -0.241150 -0.555570 0.791547
v -0.267898 -0.382683 0.879536
v -0.232032 -0.593960 0.761548
v -0.389004 -0.555570 0.730326
v -0.380211 -0.578390 0.713894
v -0.432419 -0.382683 0.811399
v -0.293097 -0.636442 0.706697
v -0.346820 -0.608627 0.703739
v -0.446021 -0.287021 0.836874
vn 0.5993 0.6943 0.3984
vn 0.9569 0.0003 0.2903
vn -0.7073 0.6923 -0.1431
vn 0.7079 -0.6445 -0.2890
vn -0.8820 -0.0003 -0.4713
vn -0.2950 -0.6448 -0.7051
vn -0.5985 -0.4349 -0.6728
vn -0.2779 -0.2890 0.9161
vn -0.2563 -0.4696 0.8448
vn -0.2250 -0.6328 0.7409
vn -0.3651 -0.6326 0.6831
vn -0.4513 -0.2890 0.8443
vn -0.4162 -0.4696 0.7786
vt 1.000000 0.137436
vt 1.000000 1.000000
vt 0.142830 0.139254
vt 0.873320 0.248624
vt 1.000000 0.277438
vt 0.137436 0.137436
vt 0.378475 0.164099
vt 1.000000 0.139325
vt 0.204668 0.204668
vt 0.330014 0.000000
vt 1.000000 0.000000
vt 1.000000 0.721961
vt 1.000000 0.204992
vt 0.322987 0.322987
vt 0.380824 0.307194
vt 0.788958 0.229286
vt 1.000000 0.332847
vt 0.330014 0.330014
vt 1.000000 0.322987
vt 0.332847 0.332847
vt 0.202946 0.407010
vt 0.187500 0.435803
vt 0.187500 0.375000
vt 0.202944 0.375000
vt 0.187500 0.312500
vt 0.202935 0.312500
vt 0.202932 0.296666
vt 0.187500 0.279209
vt 0.172105 0.312500
vt 0.172111 0.303088
vt 0.177088 0.290617
vt 0.172070 0.375000
vt 0.187436 0.435928
vt 0.172058 0.406668
s 0
usemtl 
f 1482/2080/743 1467/2081/743 1481/2082/743
f 1483/2083/744 1485/2084/744 1467/2081/744 1482/2085/744 1484/2086/744
f 1481/2087/745 1467/2081/745 1491/2088/745
f 1489/2089/746 1467/2090/746 1485/2091/746
f 1491/2092/747 1467/2081/747 1487/2093/747 1486/2094/747 1488/2095/747
f 1490/2096/748 1467/2081/748 1489/2097/748
f 1487/2098/749 1467/2081/749 1490/2099/749
f 1471/2100/750 1470/2101/750 1468/2102/750 1474/2103/750
f 1474/2103/751 1468/2102/751 1469/2104/751 1472/2105/751
f 1473/2106/752 1472/2105/752 1469/2104/752 1476/2107/752
f 1476/2107/753 1469/2104/753 1477/2108/753 1478/2109/753 1480/2110/753
f 1479/2111/754 1468/2102/754 1470/2112/754 1475/2113/754
f 1477/2108/755 1469/2104/755 1468/2102/755 1479/2111/755
o Sphere_cell.050
v -0.033946 0.046810 0.021360
v -0.004570 0.008963 0.002126
v -0.513280 0.831470 0.212607
v -0.544895 0.831470 0.108386
v -0.555570 0.831470 -0.000000
v -0.642294 0.755316 -0.061618
v -0.517652 0.849123 -0.049649
v -0.550369 0.831470 -0.052805
v -0.477404 0.873250 -0.000000
v -0.408009 0.906070 0.081158
v -0.355930 0.923880 0.138612
v -0.351148 0.923880 0.150946
v -0.349688 0.905705 0.225460
v -0.351061 0.924698 0.145414
v -0.355373 0.900241 0.236405
v -0.462379 0.831470 0.307836
v -0.542494 0.752458 0.361202
v -0.642048 0.756046 -0.055090
v -0.554259 0.747185 0.352756
v -0.589511 0.763753 0.244183
v -0.637818 0.763971 -0.000000
v -0.618507 0.769874 0.123029
v -0.642294 0.755316 -0.061618
v -0.550369 0.831470 -0.052805
v -0.517652 0.849123 -0.049649
v -0.477404 0.873250 -0.000000
v -0.408009 0.906070 0.081158
v -0.355930 0.923880 0.138612
v -0.351148 0.923880 0.150946
v -0.351061 0.924698 0.145414
v -0.349688 0.905705 0.225460
v -0.355373 0.900241 0.236405
v -0.462379 0.831470 0.307836
v -0.642048 0.756046 -0.055090
v -0.637818 0.763971 -0.000000
v -0.554259 0.747185 0.352756
v -0.589511 0.763753 0.244183
v -0.618507 0.769874 0.123029
v -0.542494 0.752458 0.361202
vn 0.0971 -0.0020 -0.9953
vn 0.6418 0.3484 -0.6832
vn 0.9366 0.3441 0.0656
vn 0.8298 0.1886 0.5252
vn 0.5550 -0.0003 0.8319
vn 0.4291 -0.1218 0.8950
vn -0.7606 -0.6414 0.1003
vn -0.7585 -0.6343 0.1495
vn -0.2898 -0.5767 0.7638
vn -0.4186 0.8811 0.2200
vn -0.5611 0.7715 0.2999
vn -0.4515 0.8812 0.1403
vn -0.6088 0.7715 0.1847
vn -0.4709 0.8810 0.0464
vn -0.6332 0.7715 0.0624
vn -0.4709 0.8810 -0.0464
vn -0.6332 0.7715 -0.0624
vt 0.828662 0.210267
vt 1.000000 0.193321
vt 1.000000 1.000000
vt 0.283375 0.283375
vt 0.193321 0.193321
vt 0.397258 0.170129
vt 0.735169 0.138573
vt 0.978107 0.121443
vt 1.000000 0.120492
vt 0.138406 0.120653
vt 0.196700 0.121434
vt 1.000000 0.138814
vt 0.138814 0.138814
vt 1.000000 0.143795
vt 0.601217 0.209728
vt 1.000000 0.285213
vt 0.143795 0.143795
vt 1.000000 0.000000
vt 0.296297 0.000000
vt 0.000000 0.000000
vt 0.706666 0.000000
vt 1.000000 0.283375
vt 0.706666 0.706666
vt 0.698495 0.000000
vt 0.714831 0.199653
vt 0.720735 0.412406
vt 0.714653 0.618615
vt 1.000000 0.703703
vt 0.301505 0.000000
vt 0.064625 0.875000
vt 0.062500 0.875000
vt 0.062500 0.812500
vt 0.093483 0.812500
vt 0.093432 0.859013
vt 0.091203 0.862708
vt 0.090155 0.770142
vt 0.093509 0.772953
vt 0.093483 0.812500
vt 0.062500 0.778469
vt 0.031250 0.812500
vt 0.059089 0.875000
vt 0.031250 0.862955
vt 0.031250 0.781545
vt 0.000000 0.812500
vt 0.000000 0.840758
vt 0.000000 0.778578
vt 0.984775 0.812500
vt 1.000000 0.812500
vt 1.000000 0.840758
vt 0.984775 0.824440
vt 0.984775 0.774228
vt 0.986363 0.774595
vt 1.000000 0.778578
s 0
usemtl 
f 1515/2114/756 1516/2115/756 1493/2116/756 1514/2117/756
f 1493/2116/757 1516/2118/757 1517/2119/757 1518/2120/757 1519/2121/757 1521/2122/757
f 1521/2123/758 1520/2124/758 1522/2125/758 1493/2116/758
f 1522/2126/759 1523/2127/759 1493/2116/759
f 1524/2128/760 1530/2129/760 1493/2116/760 1523/2130/760
f 1492/2131/761 1493/2116/761 1530/2132/761
f 1492/2133/762 1525/2134/762 1514/2135/762 1493/2116/762
f 1525/2136/763 1492/2133/763 1527/2137/763 1528/2138/763 1529/2139/763 1526/2140/763
f 1530/2141/764 1527/2142/764 1492/2131/764
f 1503/2143/765 1505/2144/765 1494/2145/765 1507/2146/765 1506/2147/765 1504/2148/765
f 1510/2149/766 1508/2150/766 1507/2151/766 1494/2145/766 1511/2152/766
f 1495/2153/767 1494/2145/767 1505/2144/767 1502/2154/767 1501/2155/767
f 1511/2152/768 1494/2145/768 1495/2153/768 1513/2156/768
f 1496/2157/769 1495/2153/769 1501/2155/769 1500/2158/769
f 1513/2156/770 1495/2153/770 1496/2157/770 1512/2159/770
f 1499/2160/771 1496/2161/771 1500/2162/771 1498/2163/771
f 1496/2161/772 1499/2160/772 1497/2164/772 1509/2165/772 1512/2166/772
o Sphere_cell.051
v 0.010083 -0.006185 -0.001741
v 0.815493 -0.555570 -0.162212
v 0.901451 -0.382683 -0.195656
v 0.901036 -0.310601 -0.271986
v 0.898699 -0.396853 -0.178762
v 0.870800 -0.466018 -0.086663
v 0.704395 -0.701969 -0.070349
v 0.823391 -0.555570 -0.082022
v 0.723429 -0.669948 -0.143899
v 0.735957 -0.627316 -0.222546
v 0.792074 -0.555570 -0.239413
v 0.880175 -0.382683 -0.265793
v 0.901451 -0.382683 -0.195656
v 0.898699 -0.396853 -0.178762
v 0.901036 -0.310601 -0.271986
v 0.870800 -0.466018 -0.086663
v 0.823391 -0.555570 -0.082022
v 0.704395 -0.701969 -0.070349
v 0.723429 -0.669948 -0.143899
v 0.735957 -0.627316 -0.222546
v 0.880175 -0.382683 -0.265793
v 0.792074 -0.555570 -0.239413
vn 0.4154 0.6625 0.6233
vn 0.0980 -0.0003 0.9952
vn -0.6578 -0.6133 -0.4372
vn -0.2898 0.0016 -0.9571
vn 0.9161 -0.2890 -0.2779
vn 0.8448 -0.4696 -0.2563
vn 0.7412 -0.6326 -0.2248
vn 0.7708 -0.6326 -0.0759
vn 0.8786 -0.4696 -0.0865
vt 0.502177 0.359081
vt 0.143399 0.000000
vt 1.000000 0.000000
vt 1.000000 0.827310
vt 0.580264 0.434501
vt 0.827310 0.827310
vt 0.000000 0.000000
vt 0.667974 0.000000
vt 0.781956 0.545735
vt 0.698275 0.000000
vt 0.686255 0.350561
vt 0.667974 0.667974
vt 0.856601 0.000000
vt 0.836627 0.148238
vt 0.752133 0.528123
vt 0.698275 0.698275
vt 0.546676 0.375000
vt 0.546658 0.399015
vt 0.534030 0.375000
vt 0.531250 0.369878
vt 0.531250 0.312500
vt 0.546717 0.312500
vt 0.531250 0.265326
vt 0.546736 0.282909
vt 0.515802 0.312500
vt 0.515843 0.252119
vt 0.515787 0.344874
s 0
usemtl 
f 1543/2167/773 1545/2168/773 1531/2169/773 1546/2170/773 1544/2171/773
f 1546/2172/774 1531/2173/774 1548/2174/774 1547/2175/774
f 1531/2173/775 1550/2176/775 1549/2177/775 1548/2178/775
f 1531/2173/776 1545/2179/776 1551/2180/776 1552/2181/776 1550/2182/776
f 1542/2183/777 1534/2184/777 1533/2185/777
f 1542/2183/778 1533/2185/778 1535/2186/778 1532/2187/778 1541/2188/778
f 1532/2187/779 1539/2189/779 1540/2190/779 1541/2188/779
f 1539/2189/780 1532/2187/780 1538/2191/780 1537/2192/780
f 1538/2191/781 1532/2187/781 1535/2186/781 1536/2193/781
o Sphere_cell.052
v 0.001636 -0.004714 0.004157
v 0.461940 -0.555570 0.691342
v 0.392847 -0.707107 0.587938
v 0.270598 -0.707107 0.653281
v 0.130994 -0.739726 0.654295
v 0.232124 -0.789616 0.560397
v 0.274652 -0.805802 0.515409
v 0.162889 -0.555570 0.815287
v 0.163617 -0.548551 0.818968
v 0.138723 -0.707107 0.693285
v 0.300336 -0.555570 0.773593
v 0.317940 -0.556365 0.767575
v 0.530251 -0.537015 0.648048
v 0.463996 -0.548646 0.694419
v 0.334914 -0.555570 0.759238
v 0.447378 -0.703527 0.546968
v 0.523995 -0.555570 0.640414
v 0.355626 -0.762089 0.532233
v 0.443107 -0.707107 0.546691
v 0.130994 -0.739726 0.654295
v 0.232124 -0.789616 0.560397
v 0.274652 -0.805802 0.515409
v 0.162889 -0.555570 0.815287
v 0.163617 -0.548551 0.818968
v 0.138723 -0.707107 0.693285
v 0.463996 -0.548646 0.694419
v 0.334914 -0.555570 0.759238
v 0.530251 -0.537015 0.648048
v 0.300336 -0.555570 0.773593
v 0.317940 -0.556365 0.767575
v 0.447378 -0.703527 0.546968
v 0.523995 -0.555570 0.640414
v 0.443107 -0.707107 0.546691
v 0.355626 -0.762089 0.532233
vn -0.7006 -0.5379 -0.4688
vn -0.9809 -0.0004 0.1947
vn 0.2129 0.8317 0.5128
vn 0.7730 0.0003 -0.6344
vn 0.3877 -0.3983 -0.8312
vn 0.5601 -0.4696 0.6825
vn 0.4913 -0.6326 0.5987
vn 0.4036 -0.7715 0.4918
vn 0.4162 -0.4696 0.7786
vn 0.3651 -0.6326 0.6831
vn 0.2999 -0.7715 0.5611
vn 0.2563 -0.4696 0.8448
vn 0.2248 -0.6326 0.7412
vn 0.1847 -0.7715 0.6088
vt 1.000000 0.296579
vt 1.000000 1.000000
vt 0.233559 0.233559
vt 0.463902 0.248985
vt 1.000000 0.221047
vt 0.296579 0.296579
vt 0.433585 0.275255
vt 0.977861 0.221988
vt 0.839702 0.339934
vt 1.000000 0.384222
vt 0.221047 0.221047
vt 0.488359 0.264344
vt 0.523000 0.270087
vt 0.559597 0.278046
vt 1.000000 0.331607
vt 0.384222 0.384222
vt 0.443140 0.376679
vt 0.331607 0.331607
vt 0.349288 0.328177
vt 0.691303 0.275472
vt 1.000000 0.233559
vt 0.359141 0.312500
vt 0.359141 0.319208
vt 0.343750 0.315003
vt 0.343750 0.312500
vt 0.359113 0.251476
vt 0.343750 0.250000
vt 0.358408 0.250000
vt 0.343750 0.222368
vt 0.358408 0.250000
vt 0.316136 0.312500
vt 0.312500 0.312172
vt 0.312500 0.250000
vt 0.316136 0.312500
vt 0.312500 0.208534
vt 0.327921 0.200400
vt 0.281381 0.315037
vt 0.281386 0.312500
vt 0.308923 0.312500
vt 0.281386 0.312500
vt 0.281432 0.250000
vt 0.281453 0.233607
vt 0.281432 0.250000
s 0
usemtl 
f 1572/2194/782 1553/2195/782 1574/2196/782 1573/2197/782
f 1576/2198/783 1553/2195/783 1572/2199/783 1577/2200/783 1575/2201/783
f 1578/2202/784 1580/2203/784 1553/2195/784 1576/2204/784 1581/2205/784 1582/2206/784 1579/2207/784
f 1583/2208/785 1553/2195/785 1580/2209/785 1584/2210/785
f 1553/2195/786 1583/2211/786 1585/2212/786 1586/2213/786 1574/2214/786
f 1569/2215/787 1565/2216/787 1566/2217/787 1554/2218/787
f 1568/2219/788 1569/2215/788 1554/2218/788 1555/2220/788 1571/2221/788
f 1555/2220/789 1570/2222/789 1571/2223/789
f 1554/2218/790 1566/2217/790 1567/2224/790
f 1564/2225/791 1556/2226/791 1555/2220/791 1554/2218/791 1567/2227/791
f 1555/2220/792 1556/2226/792 1558/2228/792 1559/2229/792 1570/2222/792
f 1561/2230/793 1560/2231/793 1563/2232/793
f 1560/2233/794 1562/2234/794 1556/2226/794 1564/2225/794 1563/2232/794
f 1557/2235/795 1558/2228/795 1556/2226/795 1562/2236/795
o Sphere_cell.053
v -0.003757 -0.011960 0.002900
v -0.212608 -0.923880 0.318190
v -0.270598 -0.923880 0.270598
v -0.318190 -0.923880 0.212607
v -0.279724 -0.891927 0.340068
v -0.229882 -0.907260 0.344042
v -0.167781 -0.921495 0.347184
v -0.457005 -0.849917 0.245029
v -0.408743 -0.865667 0.273113
v -0.320336 -0.886282 0.320336
v -0.169902 -0.923880 0.341016
v -0.188028 -0.937300 0.281403
v -0.199585 -0.944405 0.241764
v -0.335526 -0.923880 0.180172
v -0.255847 -0.951412 0.137633
v -0.212842 -0.948656 0.212842
v -0.225418 -0.951216 0.184281
v -0.240902 -0.952076 0.160966
v -0.229882 -0.907260 0.344042
v -0.167781 -0.921495 0.347184
v -0.279724 -0.891927 0.340068
v -0.320336 -0.886282 0.320336
v -0.457005 -0.849917 0.245029
v -0.408743 -0.865667 0.273113
v -0.188028 -0.937300 0.281403
v -0.199585 -0.944405 0.241764
v -0.169902 -0.923880 0.341016
v -0.335526 -0.923880 0.180172
v -0.255847 -0.951412 0.137633
v -0.212842 -0.948656 0.212842
v -0.225418 -0.951216 0.184281
v -0.240902 -0.952076 0.160966
vn 0.0326 0.3487 0.9367
vn -0.3460 0.4283 0.8347
vn 0.9395 -0.2557 -0.2279
vn -0.4710 -0.0001 -0.8821
vn 0.8876 -0.2801 -0.3657
vn 0.8021 -0.2901 -0.5220
vn -0.2231 -0.8810 0.4173
vn -0.1374 -0.9565 0.2571
vn -0.3002 -0.8810 0.3658
vn -0.1850 -0.9565 0.2254
vn -0.3658 -0.8810 0.3002
vn -0.2254 -0.9565 0.1850
vn -0.4173 -0.8810 0.2230
vn -0.2571 -0.9565 0.1374
vt 1.000000 0.123419
vt 1.000000 1.000000
vt 0.151819 0.151819
vt 0.532294 0.137088
vt 1.000000 0.151818
vt 0.192650 0.192650
vt 0.418171 0.177381
vt 0.820335 0.157341
vt 0.101782 0.000000
vt 1.000000 0.000000
vt 1.000000 0.876428
vt 0.944790 0.823475
vt 0.435203 0.326672
vt 0.429192 0.121360
vt 1.000000 0.192873
vt 0.094649 0.094649
vt 1.000000 0.095278
vt 0.101782 0.101782
vt 0.556137 0.097716
vt 0.549585 0.094228
vt 1.000000 0.094649
vt 0.095278 0.095278
vt 0.176421 0.125000
vt 0.178388 0.126613
vt 0.156250 0.136240
vt 0.156250 0.125000
vt 0.156250 0.110260
vt 0.125000 0.150428
vt 0.125000 0.125000
vt 0.140446 0.146610
vt 0.125000 0.097787
vt 0.140169 0.102456
vt 0.093750 0.164371
vt 0.093750 0.125000
vt 0.125000 0.150428
vt 0.125000 0.097787
vt 0.093750 0.094031
vt 0.109074 0.094976
vt 0.093750 0.164371
vt 0.078324 0.174986
vt 0.078430 0.125000
vt 0.078549 0.094761
s 0
usemtl 
f 1606/2237/796 1587/2238/796 1607/2239/796 1605/2240/796
f 1607/2241/797 1587/2238/797 1609/2242/797 1610/2243/797 1608/2244/797
f 1612/2245/798 1587/2246/798 1606/2247/798 1613/2248/798 1611/2249/798
f 1614/2250/799 1609/2251/799 1587/2238/799 1615/2252/799
f 1617/2253/800 1587/2238/800 1612/2254/800 1616/2255/800
f 1618/2256/801 1615/2257/801 1587/2238/801 1617/2258/801
f 1597/2259/802 1593/2260/802 1592/2261/802 1588/2262/802
f 1597/2259/803 1588/2262/803 1598/2263/803
f 1596/2264/804 1589/2265/804 1588/2262/804 1592/2261/804 1591/2266/804
f 1589/2265/805 1602/2267/805 1599/2268/805 1598/2263/805 1588/2262/805
f 1595/2269/806 1590/2270/806 1589/2265/806 1596/2271/806
f 1602/2272/807 1589/2265/807 1590/2270/807 1604/2273/807 1603/2274/807
f 1595/2275/808 1594/2276/808 1600/2277/808 1590/2270/808
f 1600/2277/809 1601/2278/809 1604/2273/809 1590/2270/809
o Sphere_cell.054
v -0.005305 0.003025 -0.001825
v -0.815493 0.555570 -0.162212
v -0.906127 0.382683 -0.180240
v -0.768177 0.555570 -0.318190
v -0.853553 0.382683 -0.353553
v -0.768177 0.382683 -0.513280
v -0.771352 0.610409 -0.153432
v -0.821550 0.555570 -0.100710
v -0.755461 0.623987 -0.167618
v -0.870382 0.476768 -0.032570
v -0.907536 0.382683 -0.165935
v -0.909634 0.370896 -0.180937
v -0.904728 0.200234 -0.374593
v -0.771218 0.370626 -0.515312
v -0.736418 0.400130 -0.537350
v -0.758820 0.382683 -0.524681
v -0.721413 0.555570 -0.405679
v -0.697088 0.629020 -0.323932
v -0.733856 0.459910 -0.490347
v -0.711314 0.630567 -0.294636
v -0.771352 0.610409 -0.153432
v -0.755461 0.623987 -0.167618
v -0.821550 0.555570 -0.100710
v -0.870382 0.476768 -0.032570
v -0.909634 0.370896 -0.180937
v -0.904728 0.200234 -0.374593
v -0.907536 0.382683 -0.165935
v -0.771218 0.370626 -0.515312
v -0.758820 0.382683 -0.524681
v -0.736418 0.400130 -0.537350
v -0.721413 0.555570 -0.405679
v -0.697088 0.629020 -0.323932
v -0.733856 0.459910 -0.490347
v -0.711314 0.630567 -0.294636
vn 0.2631 0.5326 0.8045
vn -0.4005 -0.6924 0.6001
vn 0.1407 -0.6937 -0.7064
vn 0.6738 0.4387 -0.5946
vn 0.5859 0.7729 0.2437
vn -0.8786 0.4696 -0.0865
vn -0.9527 0.2890 -0.0938
vn -0.7708 0.6326 -0.0759
vn -0.7412 0.6326 -0.2248
vn -0.8448 0.4696 -0.2563
vn -0.9161 0.2890 -0.2779
vn -0.8443 0.2889 -0.4513
vn -0.6831 0.6326 -0.3651
vn -0.7786 0.4696 -0.4162
vn -0.6825 0.4696 -0.5601
vn -0.7400 0.2890 -0.6073
vt 0.357763 0.266421
vt 0.639201 0.218508
vt 1.000000 0.171940
vt 1.000000 1.000000
vt 0.281597 0.281597
vt 1.000000 0.138928
vt 0.171940 0.171940
vt 0.469948 0.136324
vt 0.505651 0.134309
vt 0.139483 0.139008
vt 0.856923 0.267103
vt 0.912466 0.279000
vt 1.000000 0.300487
vt 1.000000 0.337872
vt 0.300487 0.300487
vt 0.464731 0.302879
vt 0.747519 0.314683
vt 0.337872 0.337872
vt 0.464808 0.324177
vt 1.000000 0.281596
vt 0.994038 0.659013
vt 0.980598 0.687500
vt 0.968750 0.687500
vt 0.968750 0.625000
vt 0.971230 0.625000
vt 0.971230 0.625000
vt 0.968750 0.621073
vt 0.980598 0.687500
vt 0.968750 0.710118
vt 0.937500 0.687500
vt 0.968750 0.710118
vt 0.965230 0.715718
vt 0.937500 0.718432
vt 0.937500 0.625000
vt 0.937524 0.564214
vt 0.906250 0.625000
vt 0.906250 0.620983
vt 0.937500 0.564261
vt 0.918481 0.687500
vt 0.937500 0.718432
vt 0.930749 0.717794
vt 0.906250 0.652918
vt 0.899622 0.631307
vt 0.903705 0.625000
vt 0.903705 0.625000
vt 0.906250 0.620983
s 0
usemtl 
f 1639/2279/810 1641/2280/810 1642/2281/810 1619/2282/810 1640/2283/810
f 1644/2284/811 1619/2282/811 1642/2285/811 1645/2286/811 1643/2287/811
f 1619/2282/812 1644/2288/812 1646/2289/812 1647/2290/812 1648/2291/812
f 1650/2292/813 1619/2282/813 1648/2293/813 1651/2294/813 1649/2295/813
f 1619/2282/814 1650/2296/814 1652/2297/814 1640/2298/814
f 1628/2299/815 1626/2300/815 1620/2301/815 1621/2302/815 1629/2303/815
f 1629/2304/816 1621/2302/816 1630/2305/816
f 1620/2301/817 1626/2306/817 1625/2307/817
f 1622/2308/818 1620/2301/818 1625/2309/818 1627/2310/818 1638/2311/818
f 1621/2302/819 1620/2301/819 1622/2308/819 1623/2312/819
f 1621/2302/820 1623/2312/820 1631/2313/820 1630/2305/820
f 1623/2312/821 1624/2314/821 1632/2315/821 1631/2316/821
f 1635/2317/822 1622/2308/822 1638/2318/822 1636/2319/822
f 1624/2314/823 1623/2312/823 1622/2308/823 1635/2317/823 1637/2320/823
f 1633/2321/824 1634/2322/824 1624/2314/824 1637/2320/824
f 1624/2314/825 1634/2323/825 1632/2324/825
o Sphere_cell.055
v 0.008667 0.012766 0.005955
v 0.009636 0.026094 0.006455
v 0.318190 0.923880 0.212608
v 0.461940 0.831470 0.308658
v 0.553939 0.740664 0.370130
v 0.488954 0.766483 0.399961
v 0.618691 0.707107 0.335312
v 0.487225 0.831470 0.261353
v 0.347102 0.916856 0.186256
v 0.315478 0.926804 0.197327
v 0.328623 0.923880 0.193087
v 0.295220 0.923880 0.240596
v 0.283693 0.928428 0.231119
v 0.428102 0.831470 0.349890
v 0.307757 0.927685 0.205637
v 0.553939 0.740664 0.370130
v 0.618691 0.707107 0.335312
v 0.488954 0.766483 0.399961
v 0.315478 0.926804 0.197327
v 0.328623 0.923880 0.193087
v 0.347102 0.916856 0.186256
v 0.295220 0.923880 0.240596
v 0.428102 0.831470 0.349890
v 0.283693 0.928428 0.231119
v 0.307757 0.927685 0.205637
v 0.487225 0.831470 0.261353
vn 0.1658 -0.5378 0.8266
vn 0.4779 -0.0054 -0.8784
vn 0.4730 -0.0013 -0.8811
vn -0.2383 0.2781 -0.9305
vn -0.6349 0.0007 0.7726
vn -0.6750 0.0214 0.7375
vn -0.6695 0.3644 -0.6473
vn 0.2571 0.9565 0.1374
vn 0.4173 0.8810 0.2231
vn 0.5611 0.7715 0.2999
vn 0.2254 0.9565 0.1850
vn 0.3658 0.8810 0.3002
vn 0.4918 0.7715 0.4036
vt 0.981742 0.651069
vt 0.614696 0.316406
vt 0.273368 0.000000
vt 1.000000 0.000000
vt 0.667366 0.667366
vt 0.000000 0.000000
vt 0.871048 0.000000
vt 0.789091 0.324104
vt 0.871048 0.871048
vt 0.876649 0.351277
vt 0.869624 0.869624
vt 0.879617 0.000000
vt 0.158617 0.036897
vt 0.117340 0.000000
vt 1.000000 0.726632
vt 0.707369 0.496620
vt 0.118737 0.000000
vt 1.000000 1.000000
vt 0.783884 0.119539
vt 1.000000 0.120383
vt 0.118737 0.118737
vt 0.411175 0.878212
vt 0.406250 0.879180
vt 0.406250 0.875000
vt 0.415470 0.875000
vt 0.406250 0.812500
vt 0.421641 0.812500
vt 0.421613 0.870250
vt 0.406250 0.766865
vt 0.421645 0.750000
vt 0.391185 0.879996
vt 0.391167 0.875000
vt 0.390945 0.812500
vt 0.391167 0.875000
vt 0.390880 0.779840
vt 0.390945 0.812500
s 0
usemtl 
f 1669/2325/826 1668/2326/826 1670/2327/826 1653/2328/826
f 1669/2329/827 1653/2330/827 1673/2331/827 1660/2332/827
f 1654/2328/828 1673/2333/828 1653/2330/828
f 1672/2334/829 1673/2335/829 1654/2330/829 1671/2336/829
f 1674/2337/830 1676/2338/830 1653/2328/830 1670/2339/830 1675/2340/830
f 1676/2341/831 1654/2328/831 1653/2342/831
f 1677/2343/832 1671/2344/832 1654/2342/832 1676/2345/832
f 1662/2346/833 1667/2347/833 1655/2348/833 1663/2349/833
f 1663/2349/834 1655/2348/834 1656/2350/834 1678/2351/834 1661/2352/834
f 1678/2351/835 1656/2350/835 1657/2353/835 1659/2354/835
f 1665/2355/836 1664/2356/836 1655/2348/836 1667/2347/836
f 1666/2357/837 1656/2350/837 1655/2348/837 1664/2358/837
f 1658/2359/838 1657/2353/838 1656/2350/838 1666/2360/838
o Sphere_cell.056
v 0.001588 0.007064 0.003413
v 0.005930 0.025435 0.008600
v 0.212607 0.923880 0.318190
v 0.308658 0.831470 0.461940
v 0.146447 0.923880 0.353553
v 0.212607 0.831470 0.513280
v 0.106234 0.840513 0.527952
v 0.127775 0.831470 0.539013
v 0.329880 0.707107 0.621595
v 0.243889 0.764385 0.588800
v 0.334570 0.707107 0.619088
v 0.399886 0.766716 0.488651
v 0.369925 0.740967 0.553633
v 0.350023 0.831470 0.427992
v 0.219513 0.934075 0.269250
v 0.240754 0.923880 0.295091
v 0.098367 0.861561 0.489387
v 0.153483 0.932112 0.319168
v 0.186655 0.938050 0.279349
v 0.106234 0.840513 0.527952
v 0.127775 0.831470 0.539013
v 0.329880 0.707107 0.621595
v 0.243889 0.764385 0.588800
v 0.334570 0.707107 0.619088
v 0.369925 0.740967 0.553633
v 0.399886 0.766716 0.488651
v 0.350023 0.831470 0.427992
v 0.240754 0.923880 0.295091
v 0.219513 0.934075 0.269250
v 0.098367 0.861561 0.489387
v 0.146447 0.923880 0.353553
v 0.153483 0.932112 0.319168
v 0.186655 0.938050 0.279349
vn -0.5456 -0.3963 0.7385
vn 0.8155 -0.5490 0.1832
vn 0.7778 -0.0064 -0.6285
vn 0.7726 0.0005 -0.6348
vn -0.9800 -0.0021 0.1988
vn -0.9496 0.2309 -0.2118
vn -0.7508 0.3204 -0.5776
vn -0.3306 0.3280 -0.8849
vn -0.2428 0.3198 -0.9159
vn 0.1850 0.9565 0.2254
vn 0.3002 0.8810 0.3658
vn 0.4036 0.7715 0.4918
vn 0.1374 0.9565 0.2571
vn 0.2230 0.8810 0.4173
vn 0.2999 0.7715 0.5611
vn 0.1374 0.8810 0.4528
vn 0.1847 0.7715 0.6088
vt 0.201224 0.000000
vt 1.000000 0.000000
vt 0.989994 0.661146
vt 0.678914 0.404871
vt 0.272235 0.062366
vt 0.671154 0.651082
vt 0.669005 0.669005
vt 0.000000 0.000000
vt 0.728269 0.000000
vt 0.703598 0.314618
vt 0.728269 0.728269
vt 0.786710 0.512524
vt 0.724507 0.724507
vt 0.887111 0.000000
vt 0.877122 0.078346
vt 0.180294 0.000000
vt 1.000000 0.798776
vt 1.000000 1.000000
vt 0.180294 0.180294
vt 0.860405 0.119703
vt 1.000000 0.113038
vt 1.000000 0.107491
vt 0.113038 0.113038
vt 0.109421 0.000000
vt 1.000000 0.890579
vt 0.112889 0.000000
vt 0.343750 0.890563
vt 0.343750 0.875000
vt 0.358917 0.875000
vt 0.358870 0.886198
vt 0.343750 0.812500
vt 0.359104 0.812500
vt 0.343750 0.767017
vt 0.359158 0.780529
vt 0.343718 0.890566
vt 0.321464 0.884042
vt 0.312500 0.875000
vt 0.312500 0.812500
vt 0.312500 0.778786
vt 0.327654 0.750000
vt 0.328853 0.750000
vt 0.281577 0.832852
vt 0.281621 0.818617
vt 0.287064 0.812500
vt 0.311263 0.875000
vt 0.287064 0.812500
s 0
usemtl 
f 1698/2361/839 1679/2362/839 1700/2363/839 1701/2364/839 1699/2365/839
f 1702/2366/840 1700/2367/840 1679/2368/840 1704/2369/840 1703/2370/840
f 1679/2368/841 1680/2362/841 1704/2371/841
f 1705/2372/842 1704/2373/842 1680/2368/842 1707/2374/842 1706/2375/842
f 1708/2376/843 1679/2362/843 1698/2377/843
f 1679/2378/844 1708/2379/844 1683/2380/844 1710/2381/844
f 1697/2382/845 1679/2378/845 1710/2383/845
f 1697/2384/846 1680/2362/846 1679/2378/846
f 1697/2385/847 1707/2386/847 1680/2362/847
f 1711/2387/848 1681/2388/848 1694/2389/848 1693/2390/848
f 1694/2389/849 1681/2388/849 1682/2391/849 1692/2392/849
f 1692/2392/850 1682/2391/850 1691/2393/850 1690/2394/850
f 1711/2395/851 1696/2396/851 1709/2397/851 1681/2388/851
f 1682/2391/852 1681/2388/852 1709/2397/852 1684/2398/852
f 1691/2393/853 1682/2391/853 1684/2398/853 1688/2399/853 1687/2400/853 1689/2401/853
f 1695/2402/854 1685/2403/854 1686/2404/854 1684/2398/854 1709/2405/854
f 1688/2399/855 1684/2398/855 1686/2406/855
o Sphere_cell.057
v -0.001868 0.007624 -0.003946
v -0.020545 0.081477 -0.032381
v -0.212607 0.831470 -0.513279
v -0.108386 0.831470 -0.544895
v -0.236421 0.900229 -0.355391
v -0.298314 0.840451 -0.448508
v -0.273934 0.807122 -0.513977
v -0.290955 0.831470 -0.471402
v -0.183127 0.766946 -0.603987
v -0.231522 0.790906 -0.558944
v -0.063092 0.767266 -0.627589
v -0.122984 0.770060 -0.618284
v -0.044441 0.891173 -0.439495
v -0.055403 0.831470 -0.550113
v -0.081134 0.906137 -0.407887
v -0.133516 0.922102 -0.360935
v -0.232085 0.902278 -0.353383
v -0.149185 0.920054 -0.360165
v -0.236421 0.900229 -0.355391
v -0.298314 0.840451 -0.448508
v -0.273934 0.807122 -0.513977
v -0.290955 0.831470 -0.471402
v -0.183127 0.766946 -0.603987
v -0.231522 0.790906 -0.558944
v -0.122984 0.770060 -0.618284
v -0.063092 0.767266 -0.627589
v -0.044441 0.891173 -0.439495
v -0.055403 0.831470 -0.550113
v -0.081134 0.906137 -0.407887
v -0.232085 0.902278 -0.353383
v -0.149185 0.920054 -0.360165
v -0.133516 0.922102 -0.360935
vn -0.6563 0.1208 0.7448
vn -0.8326 -0.0007 0.5539
vn -0.9080 -0.3961 -0.1365
vn -0.7016 -0.5373 -0.4680
vn -0.1475 -0.6347 -0.7586
vn 0.9952 -0.0005 -0.0983
vn 0.6852 0.3481 0.6398
vn 0.0455 0.3690 0.9283
vn -0.4896 0.2053 0.8475
vn -0.0018 0.3638 0.9315
vn -0.2999 0.7715 -0.5611
vn -0.2231 0.8810 -0.4173
vn -0.1374 0.8810 -0.4528
vn -0.1847 0.7715 -0.6088
vn -0.0624 0.7715 -0.6332
vn -0.0464 0.8810 -0.4709
vt 1.000000 1.000000
vt 0.000000 0.000000
vt 1.000000 0.143287
vt 0.143287 0.143287
vt 1.000000 0.201049
vt 1.000000 0.233110
vt 0.201049 0.201049
vt 0.464722 0.209694
vt 1.000000 0.271346
vt 0.233110 0.233110
vt 0.597038 0.248520
vt 0.271346 0.271346
vt 0.637879 0.268505
vt 1.000000 0.271330
vt 1.000000 0.152712
vt 0.271330 0.271330
vt 0.590449 0.209851
vt 1.000000 0.122969
vt 0.152712 0.152712
vt 0.503016 0.138374
vt 1.000000 0.000000
vt 0.132460 0.000000
vt 0.152443 0.152443
vt 1.000000 0.154156
vt 1.000000 0.152443
vt 0.132460 0.132460
vt 0.267989 0.134498
vt 0.812500 0.812500
vt 0.812500 0.792115
vt 0.827932 0.800264
vt 0.837990 0.812500
vt 0.843419 0.859045
vt 0.842513 0.860390
vt 0.812500 0.872413
vt 0.837990 0.812500
vt 0.843396 0.818574
vt 0.805997 0.873875
vt 0.781250 0.863000
vt 0.781250 0.812500
vt 0.812500 0.872413
vt 0.781250 0.781638
vt 0.796853 0.780073
vt 0.765946 0.780234
vt 0.765974 0.812500
vt 0.766041 0.852880
vt 0.781250 0.863000
s 0
usemtl 
f 1712/2407/856 1713/2408/856 1730/2409/856
f 1730/2410/857 1731/2411/857 1712/2407/857
f 1732/2412/858 1712/2407/858 1731/2413/858 1733/2414/858
f 1734/2415/859 1712/2407/859 1732/2416/859 1735/2417/859
f 1712/2407/860 1734/2418/860 1736/2419/860 1737/2420/860
f 1738/2421/861 1712/2407/861 1737/2422/861 1739/2423/861
f 1743/2424/862 1712/2407/862 1738/2425/862 1740/2426/862
f 1713/2427/863 1712/2407/863 1743/2428/863
f 1741/2429/864 1730/2430/864 1713/2407/864
f 1741/2431/865 1713/2407/865 1743/2432/865 1742/2433/865
f 1714/2434/866 1721/2435/866 1718/2436/866 1719/2437/866
f 1716/2438/867 1728/2439/867 1729/2440/867 1714/2434/867 1719/2441/867 1717/2442/867
f 1727/2443/868 1726/2444/868 1715/2445/868 1714/2434/868 1729/2446/868
f 1714/2434/869 1715/2445/869 1723/2447/869 1720/2448/869 1721/2435/869
f 1722/2449/870 1723/2447/870 1715/2445/870 1725/2450/870
f 1724/2451/871 1725/2450/871 1715/2445/871 1726/2452/871
o Sphere_cell.058
v -0.003775 -0.003640 -0.002344
v -0.025690 -0.020161 -0.008154
v -0.092702 -0.064926 -0.138026
v -0.768177 -0.555570 -0.318190
v -0.653281 -0.707107 -0.270598
v -0.691341 -0.555570 -0.461940
v -0.587938 -0.707107 -0.392847
v -0.653281 -0.382683 -0.653281
v -0.587937 -0.555570 -0.587938
v -0.525916 -0.796142 -0.279845
v -0.536859 -0.757522 -0.358718
v -0.546811 -0.707107 -0.442960
v -0.548786 -0.623038 -0.548786
v -0.511216 -0.359038 -0.777374
v -0.515072 -0.372048 -0.770860
v -0.545686 -0.555570 -0.622612
v -0.517781 -0.382683 -0.764484
v -0.749545 -0.382683 -0.535984
v -0.745907 -0.382432 -0.540536
v -0.758493 -0.385079 -0.523072
v -0.657966 -0.707107 -0.255156
v -0.766085 -0.592476 -0.221251
v -0.630043 -0.727750 -0.260972
v -0.779042 -0.555570 -0.282374
v -0.780270 -0.531081 -0.323199
v -0.761808 -0.397016 -0.509024
v -0.772899 -0.579670 -0.234820
v -0.517779 -0.357369 -0.774371
v -0.654493 -0.377032 -0.654493
v -0.545686 -0.555570 -0.622612
v -0.517781 -0.382683 -0.764484
v -0.515072 -0.372048 -0.770860
v -0.511216 -0.359038 -0.777374
v -0.536859 -0.757522 -0.358718
v -0.546811 -0.707107 -0.442960
v -0.548786 -0.623038 -0.548786
v -0.749545 -0.382683 -0.535984
v -0.745907 -0.382432 -0.540536
v -0.525916 -0.796142 -0.279845
v -0.630043 -0.727750 -0.260972
v -0.657966 -0.707107 -0.255156
v -0.766085 -0.592476 -0.221251
v -0.779042 -0.555570 -0.282374
v -0.772899 -0.579670 -0.234820
v -0.758493 -0.385079 -0.523072
v -0.761808 -0.397016 -0.509024
v -0.780270 -0.531081 -0.323199
v -0.517779 -0.357369 -0.774371
v -0.654493 -0.377032 -0.654493
vn -0.0021 -0.3292 0.9443
vn 0.8350 -0.4253 -0.3492
vn 0.8168 0.0800 -0.5714
vn -0.3364 0.9232 -0.1857
vn -0.6173 0.6791 0.3972
vn -0.0325 -0.3116 0.9497
vn -0.6225 0.6627 0.4163
vn -0.5508 0.4511 0.7023
vn 0.0304 0.9004 -0.4341
vn -0.3186 0.9239 -0.2118
vn -0.8448 -0.4696 -0.2563
vn -0.7412 -0.6326 -0.2248
vn -0.6088 -0.7715 -0.1847
vn -0.7786 -0.4696 -0.4162
vn -0.6831 -0.6326 -0.3651
vn -0.5611 -0.7715 -0.2999
vn -0.6825 -0.4696 -0.5601
vn -0.5987 -0.6326 -0.4913
vn -0.4918 -0.7715 -0.4036
vn -0.7400 -0.2890 -0.6073
vn -0.6073 -0.2890 -0.7400
vn -0.5601 -0.4696 -0.6825
vn -0.4913 -0.6326 -0.5987
vn -0.4579 -0.2858 -0.8418
vt 0.000000 0.000000
vt 1.000000 0.241501
vt 1.000000 1.000000
vt 0.966353 0.250878
vt 0.981789 0.254832
vt 1.000000 0.260460
vt 0.241501 0.241501
vt 0.327822 0.222786
vt 0.429190 0.208328
vt 0.580137 0.205518
vt 0.695480 0.210087
vt 0.299138 0.000000
vt 1.000000 0.000000
vt 0.682206 0.000000
vt 0.777802 0.083996
vt 1.000000 0.279317
vt 0.284722 0.000000
vt 1.000000 0.246573
vt 0.277455 0.277455
vt 0.631501 0.247919
vt 0.711700 0.246398
vt 1.000000 0.270365
vt 0.284722 0.284722
vt 0.321518 0.281471
vt 0.789436 0.263252
vt 0.888315 0.264411
vt 0.270365 0.270365
vt 1.000000 0.277455
vt 1.000000 0.700862
vt 0.302393 0.000000
vt 0.302393 0.302393
vt 0.682718 0.297899
vt 1.000000 0.317794
vt 0.937500 0.312500
vt 0.944676 0.312500
vt 0.937500 0.321353
vt 0.937500 0.250000
vt 0.941138 0.250000
vt 0.955231 0.297278
vt 0.953057 0.302560
vt 0.937500 0.239626
vt 0.906250 0.312500
vt 0.937500 0.321353
vt 0.906250 0.369819
vt 0.906250 0.250000
vt 0.906250 0.224663
vt 0.922175 0.205254
vt 0.903519 0.374805
vt 0.901182 0.375000
vt 0.875000 0.375000
vt 0.875000 0.312500
vt 0.875000 0.284674
vt 0.891635 0.250000
vt 0.891635 0.250000
vt 0.901182 0.375000
vt 0.900177 0.375084
vt 0.875000 0.376883
vt 0.843750 0.383408
vt 0.843750 0.378543
vt 0.844755 0.375000
vt 0.864521 0.312500
vt 0.842588 0.382878
vt 0.843750 0.378543
vt 0.843750 0.383408
s 0
usemtl 
f 1745/2453/872 1782/2454/872 1744/2455/872
f 1774/2456/873 1775/2457/873 1776/2458/873 1744/2455/873 1782/2459/873 1777/2460/873 1778/2461/873 1779/2462/873 1773/2463/873
f 1776/2464/874 1746/2465/874 1744/2455/874
f 1744/2455/875 1746/2453/875 1781/2466/875 1780/2467/875 1788/2468/875
f 1745/2465/876 1744/2455/876 1788/2469/876
f 1782/2470/877 1745/2455/877 1785/2471/877 1784/2472/877 1783/2473/877
f 1787/2474/878 1745/2455/878 1788/2475/878 1789/2476/878 1790/2477/878 1786/2478/878
f 1787/2479/879 1785/2480/879 1745/2455/879
f 1746/2465/880 1776/2481/880 1791/2482/880
f 1746/2455/881 1791/2483/881 1792/2484/881 1781/2485/881
f 1747/2486/882 1767/2487/882 1768/2488/882
f 1747/2486/883 1748/2489/883 1764/2490/883 1765/2491/883 1770/2492/883 1767/2487/883
f 1764/2490/884 1748/2489/884 1766/2493/884
f 1749/2494/885 1747/2486/885 1768/2495/885 1769/2496/885
f 1748/2489/886 1747/2486/886 1749/2494/886 1750/2497/886
f 1748/2489/887 1750/2497/887 1754/2498/887 1753/2499/887 1766/2493/887
f 1763/2500/888 1761/2501/888 1751/2502/888 1752/2503/888 1749/2494/888 1769/2496/888
f 1752/2503/889 1756/2504/889 1755/2505/889 1750/2497/889 1749/2494/889
f 1755/2506/890 1754/2498/890 1750/2497/890
f 1751/2502/891 1761/2507/891 1762/2508/891 1772/2509/891
f 1771/2510/892 1758/2511/892 1760/2512/892 1751/2502/892 1772/2509/892
f 1752/2503/893 1751/2502/893 1760/2512/893 1759/2513/893
f 1752/2503/894 1759/2513/894 1756/2504/894
f 1757/2514/895 1758/2515/895 1771/2516/895
o Sphere_cell.059
v -0.001608 0.018299 0.004788
v -0.000135 0.009810 0.001617
v 0.003542 0.023675 0.007325
v 0.074658 0.980785 0.180240
v 0.038060 0.980785 0.191342
v -0.000000 0.980785 0.195090
v -0.038060 0.980785 0.191342
v -0.074658 0.980785 0.180240
v 0.152368 0.932547 0.318146
v 0.184905 0.938380 0.279054
v -0.084116 0.951890 0.276433
v -0.056154 0.952651 0.282306
v 0.130462 0.936550 0.314964
v 0.060422 0.946014 0.303764
v -0.000000 0.951044 0.293133
v -0.130427 0.954979 0.246429
v -0.108158 0.954231 0.261115
v 0.107283 0.980785 0.162802
v 0.000608 0.999693 0.003054
v -0.090589 0.980785 0.171724
v -0.003543 0.999088 0.008555
v -0.084116 0.951890 0.276433
v -0.056154 0.952651 0.282306
v 0.152368 0.932547 0.318146
v 0.130462 0.936550 0.314964
v 0.060422 0.946014 0.303764
v -0.000000 0.951044 0.293133
v -0.130427 0.954979 0.246429
v -0.108158 0.954231 0.261115
v -0.090589 0.980785 0.171724
v -0.003543 0.999088 0.008555
v 0.184905 0.938380 0.279054
v 0.107283 0.980785 0.162802
v 0.000608 0.999693 0.003054
vn -0.1542 -0.2970 0.9423
vn 0.7510 -0.3204 0.5773
vn -0.1892 -0.2897 0.9382
vn -0.0809 -0.3610 0.9291
vn -0.5352 -0.2793 0.7973
vn -0.9533 -0.0545 -0.2970
vn 0.8635 -0.0215 -0.5039
vn -0.8805 0.0003 -0.4740
vn 0.0464 0.9951 0.0868
vn 0.1374 0.9565 0.2571
vn 0.0286 0.9951 0.0942
vn 0.0846 0.9565 0.2790
vn 0.0097 0.9951 0.0980
vn 0.0286 0.9565 0.2902
vn -0.0096 0.9951 0.0980
vn -0.0286 0.9565 0.2902
vn -0.0278 0.9951 0.0944
vn -0.0846 0.9565 0.2790
vn -0.0464 0.9951 0.0869
vn -0.1374 0.9565 0.2571
vn 0.8317 0.0002 -0.5553
vt 0.000000 0.000000
vt 1.000000 0.000000
vt 0.886523 0.886523
vt 0.890949 0.000000
vt 0.885849 0.885849
vt 0.094952 0.000000
vt 1.000000 0.886523
vt 0.914759 0.805142
vt 0.644334 0.543825
vt 0.413037 0.317346
vt 0.200028 0.105840
vt 1.000000 1.000000
vt 1.000000 0.091966
vt 0.094952 0.094952
vt 0.562788 0.092687
vt 0.091190 0.000000
vt 1.000000 0.109051
vt 0.091190 0.091190
vt 0.368802 0.066542
vt 0.975771 0.049234
vt 1.000000 0.048562
vt 0.312500 0.937500
vt 0.342727 0.937500
vt 0.327635 0.998042
vt 0.321391 0.884430
vt 0.343124 0.890986
vt 0.312500 0.888916
vt 0.281250 0.937500
vt 0.296626 0.999002
vt 0.281250 0.899311
vt 0.265453 0.999313
vt 0.250000 0.937500
vt 0.250000 0.904835
vt 0.234126 0.999004
vt 0.218750 0.937500
vt 0.218750 0.906600
vt 0.187500 0.937500
vt 0.203374 0.999004
vt 0.202383 0.997034
vt 0.187500 0.908335
vt 0.202988 0.905764
vt 0.172617 0.997034
vt 0.172739 0.937500
vt 0.172525 0.909157
vt 0.951053 0.011625
vt 0.933160 0.518188
vt 0.892454 0.892454
s 0
usemtl 
f 1793/2517/896 1795/2518/896 1816/2519/896
f 1795/2517/897 1824/2520/897 1816/2521/897
f 1814/2522/898 1793/2518/898 1816/2523/898 1817/2524/898 1818/2525/898 1819/2526/898 1815/2527/898
f 1794/2517/899 1795/2518/899 1793/2528/899
f 1820/2529/900 1793/2528/900 1814/2530/900 1821/2531/900
f 1820/2532/901 1794/2518/901 1793/2528/901
f 1795/2528/902 1794/2517/902 1824/2533/902
f 1794/2528/903 1820/2534/903 1822/2535/903 1823/2536/903 1811/2537/903
f 1796/2538/904 1825/2539/904 1826/2540/904
f 1801/2541/905 1802/2542/905 1825/2539/905 1796/2538/905 1805/2543/905
f 1797/2544/906 1796/2538/906 1826/2545/906
f 1805/2543/907 1796/2538/907 1797/2544/907 1806/2546/907
f 1826/2547/908 1798/2548/908 1797/2544/908
f 1806/2546/909 1797/2544/909 1798/2548/909 1807/2549/909
f 1826/2550/910 1799/2551/910 1798/2548/910
f 1807/2549/911 1798/2548/911 1799/2551/911 1804/2552/911
f 1800/2553/912 1799/2551/912 1826/2554/912 1813/2555/912
f 1804/2552/913 1799/2551/913 1800/2553/913 1809/2556/913 1803/2557/913
f 1800/2553/914 1813/2558/914 1812/2559/914
f 1809/2556/915 1800/2553/915 1812/2559/915 1808/2560/915
f 1811/2561/916 1810/2562/916 1824/2563/916 1794/2517/916
o Sphere_cell.060
v 0.010463 0.030821 -0.000184
v 0.004306 0.010622 0.000496
v 0.012066 0.033954 0.005801
v 0.382683 0.923880 0.000000
v 0.375330 0.923880 0.074658
v 0.353553 0.923880 0.146447
v 0.466164 0.874376 0.092730
v 0.382014 0.907414 0.158235
v 0.468302 0.878115 0.000000
v 0.315873 0.926956 0.195531
v 0.305806 0.939557 0.126669
v 0.294897 0.948757 0.058659
v 0.346483 0.917650 0.184280
v 0.329875 0.923880 0.190745
v 0.466758 0.876581 -0.044828
v 0.284623 0.953622 0.000119
v 0.289836 0.951229 -0.027287
v 0.379125 0.923880 -0.036134
v 0.466164 0.874376 0.092730
v 0.382014 0.907414 0.158235
v 0.315873 0.926956 0.195531
v 0.305806 0.939557 0.126669
v 0.294897 0.948757 0.058659
v 0.346483 0.917650 0.184280
v 0.329875 0.923880 0.190745
v 0.466758 0.876581 -0.044828
v 0.379125 0.923880 -0.036134
v 0.289836 0.951229 -0.027287
v 0.468302 0.878115 0.000000
v 0.284623 0.953622 0.000119
vn 0.4877 -0.3464 0.8013
vn 0.8818 -0.4716 -0.0038
vn -0.9412 0.2801 0.1887
vn 0.2539 -0.2829 0.9249
vn 0.4559 -0.3388 0.8230
vn -0.0811 -0.0089 -0.9967
vn -0.9481 0.2819 0.1471
vn -0.9386 0.2789 -0.2029
vn -0.9235 0.2723 -0.2701
vn -0.0984 0.0006 -0.9951
vn 0.2901 0.9566 -0.0285
vn 0.4709 0.8810 -0.0464
vn 0.2902 0.9565 0.0286
vn 0.4709 0.8810 0.0464
vn 0.2790 0.9565 0.0846
vn 0.4528 0.8810 0.1374
vn 0.2571 0.9565 0.1374
vn 0.4173 0.8810 0.2231
vt 0.127131 0.000000
vt 1.000000 0.000000
vt 1.000000 0.830773
vt 0.377112 0.240026
vt 0.830772 0.830772
vt 0.000000 0.000000
vt 0.833132 0.000000
vt 0.834745 0.271713
vt 1.000000 0.878631
vt 0.677091 0.568289
vt 0.361287 0.261702
vt 0.094693 0.000000
vt 0.875831 0.488212
vt 0.878631 0.878631
vt 0.869985 0.000000
vt 0.869985 0.869985
vt 1.000000 0.166868
vt 1.000000 1.000000
vt 1.000000 0.092533
vt 0.096475 0.092537
vt 1.000000 0.094888
vt 0.096769 0.000000
vt 0.830148 0.830148
vt 0.903230 0.000000
vt 0.876476 0.405922
vt 0.515125 0.875000
vt 0.514938 0.905039
vt 0.500000 0.907663
vt 0.500000 0.875000
vt 0.500000 0.844048
vt 0.515240 0.843010
vt 0.499651 0.907628
vt 0.468750 0.902323
vt 0.468750 0.875000
vt 0.500000 0.844048
vt 0.468750 0.841519
vt 0.437500 0.892219
vt 0.437500 0.875000
vt 0.468750 0.902323
vt 0.437500 0.863864
vt 0.468750 0.841519
vt 0.416576 0.875000
vt 0.411919 0.878379
vt 0.422262 0.870762
vt 0.437500 0.863864
s 0
usemtl 
f 1850/2564/917 1828/2565/917 1845/2566/917 1846/2567/917
f 1845/2568/918 1828/2569/918 1852/2570/918 1835/2571/918
f 1829/2565/919 1847/2572/919 1848/2573/919 1849/2574/919 1856/2575/919
f 1851/2576/920 1847/2577/920 1829/2569/920 1850/2578/920
f 1850/2579/921 1829/2569/921 1828/2565/921
f 1827/2569/922 1852/2580/922 1828/2581/922
f 1828/2581/923 1829/2569/923 1856/2582/923
f 1856/2583/924 1854/2584/924 1828/2581/924
f 1854/2585/925 1827/2565/925 1828/2581/925
f 1852/2586/926 1827/2569/926 1854/2587/926 1853/2588/926
f 1844/2589/927 1843/2590/927 1842/2591/927 1830/2592/927
f 1830/2592/928 1855/2593/928 1841/2594/928 1844/2589/928
f 1842/2595/929 1838/2596/929 1831/2597/929 1830/2592/929
f 1855/2598/930 1830/2592/930 1831/2597/930 1833/2599/930
f 1837/2600/931 1832/2601/931 1831/2597/931 1838/2602/931
f 1831/2597/932 1832/2601/932 1834/2603/932 1833/2604/932
f 1840/2605/933 1832/2601/933 1837/2600/933 1836/2606/933
f 1832/2601/934 1840/2605/934 1839/2607/934 1834/2608/934
o Sphere_cell.061
v 0.005863 -0.007036 -0.000314
v 0.033112 -0.038844 0.005776
v 0.544895 -0.831470 -0.108386
v 0.555570 -0.831470 0.000000
v 0.559617 -0.790605 -0.230560
v 0.702662 -0.704217 -0.069207
v 0.699891 -0.707107 -0.073263
v 0.653357 -0.740713 -0.129961
v 0.701357 -0.707107 -0.058380
v 0.691584 -0.719846 -0.000000
v 0.659610 -0.735982 0.125011
v 0.648742 -0.744649 0.128117
v 0.546310 -0.830380 0.107493
v 0.494153 -0.864298 0.000000
v 0.469331 -0.875112 -0.046596
v 0.513617 -0.831470 -0.211495
v 0.441369 -0.873274 -0.181538
v 0.461338 -0.877007 -0.091766
v 0.559617 -0.790605 -0.230560
v 0.653357 -0.740713 -0.129961
v 0.702662 -0.704217 -0.069207
v 0.699891 -0.707107 -0.073263
v 0.701357 -0.707107 -0.058380
v 0.691584 -0.719846 -0.000000
v 0.659610 -0.735982 0.125011
v 0.648742 -0.744649 0.128117
v 0.494153 -0.864298 0.000000
v 0.469331 -0.875112 -0.046596
v 0.513617 -0.831470 -0.211495
v 0.441369 -0.873274 -0.181538
v 0.461338 -0.877007 -0.091766
v 0.546310 -0.830380 0.107493
vn 0.4678 0.5369 -0.7021
vn 0.6951 0.6688 0.2635
vn 0.3838 0.4798 0.7890
vn 0.0841 0.2410 0.9669
vn -0.1963 -0.0013 0.9805
vn -0.2887 -0.0644 0.9553
vn -0.7525 -0.4284 0.5003
vn -0.3833 0.0005 -0.9236
vn -0.8650 -0.4710 0.1728
vn 0.6088 -0.7715 -0.1847
vn 0.4528 -0.8810 -0.1374
vn 0.7708 -0.6326 -0.0759
vn 0.6332 -0.7715 -0.0624
vn 0.4709 -0.8810 -0.0464
vn 0.6332 -0.7715 0.0624
vn 0.4708 -0.8808 0.0495
vt 0.248810 0.000000
vt 1.000000 0.000000
vt 1.000000 0.668408
vt 0.981467 0.652645
vt 0.719085 0.422468
vt 0.671174 0.631787
vt 0.668408 0.668408
vt 0.000000 0.000000
vt 0.698606 0.000000
vt 0.683361 0.432605
vt 0.698606 0.698606
vt 0.697962 0.000000
vt 0.689304 0.689304
vt 1.000000 0.781748
vt 0.302038 0.000000
vt 0.781748 0.781748
vt 0.789128 0.789128
vt 0.832396 0.000000
vt 0.821912 0.239382
vt 1.000000 0.751190
vt 0.647900 0.438396
vt 0.169250 0.000000
vt 1.000000 1.000000
vt 0.169250 0.169250
vt 0.722742 0.165748
vt 1.000000 0.167604
vt 0.531250 0.233111
vt 0.531250 0.187500
vt 0.562166 0.187500
vt 0.562202 0.208037
vt 0.562101 0.159227
vt 0.531250 0.156702
vt 0.516596 0.250000
vt 0.515625 0.251192
vt 0.513225 0.250000
vt 0.500000 0.243598
vt 0.500000 0.187500
vt 0.531250 0.156702
vt 0.500000 0.165297
vt 0.515749 0.157983
vt 0.500000 0.243598
vt 0.470228 0.235488
vt 0.468974 0.231132
vt 0.469743 0.187500
s 0
usemtl 
f 1875/2609/935 1857/2610/935 1877/2611/935 1878/2612/935 1876/2613/935
f 1879/2614/936 1877/2615/936 1857/2616/936 1881/2617/936 1880/2618/936
f 1857/2616/937 1858/2610/937 1881/2619/937
f 1858/2616/938 1882/2620/938 1881/2621/938
f 1858/2610/939 1888/2622/939 1882/2623/939
f 1888/2624/940 1858/2616/940 1857/2610/940
f 1888/2625/941 1857/2616/941 1884/2626/941 1883/2627/941
f 1857/2610/942 1875/2628/942 1885/2629/942 1886/2630/942
f 1857/2631/943 1886/2632/943 1887/2633/943 1884/2634/943
f 1864/2635/944 1859/2636/944 1872/2637/944 1861/2638/944
f 1873/2639/945 1872/2637/945 1859/2636/945 1874/2640/945
f 1863/2641/946 1862/2642/946 1865/2643/946
f 1866/2644/947 1860/2645/947 1859/2636/947 1864/2635/947 1863/2641/947 1865/2643/947
f 1874/2646/948 1859/2636/948 1860/2645/948 1870/2647/948 1871/2648/948
f 1860/2645/949 1866/2649/949 1867/2650/949 1868/2651/949 1869/2652/949
f 1869/2652/950 1870/2647/950 1860/2645/950
o Sphere_cell.062
v 0.005718 -0.002276 -0.008214
v 0.544895 -0.195090 -0.815493
v 0.465277 -0.097854 -0.868857
v 0.550178 -0.098536 -0.823400
v 0.624570 -0.097385 -0.762494
v 0.434285 -0.382683 -0.810401
v 0.421280 -0.434717 -0.785968
v 0.460846 -0.195090 -0.860418
v 0.515743 -0.368068 -0.771864
v 0.601089 -0.286026 -0.733863
v 0.497505 -0.382683 -0.776610
v 0.618499 -0.195090 -0.755088
v 0.465277 -0.097854 -0.868857
v 0.550178 -0.098536 -0.823400
v 0.624570 -0.097385 -0.762494
v 0.460846 -0.195090 -0.860418
v 0.434285 -0.382683 -0.810401
v 0.421280 -0.434717 -0.785968
v 0.515743 -0.368068 -0.771864
v 0.601089 -0.286026 -0.733863
v 0.497505 -0.382683 -0.776610
v 0.618499 -0.195090 -0.755088
vn 0.0522 0.9952 -0.0826
vn -0.8821 -0.0007 -0.4710
vn 0.3999 -0.6935 0.5993
vn 0.7731 -0.0000 0.6343
vn 0.4691 -0.0975 -0.8777
vn 0.4513 -0.2890 -0.8443
vn 0.4162 -0.4696 -0.7786
vn 0.6314 -0.0975 -0.7693
vn 0.6073 -0.2890 -0.7400
vt 1.000000 0.174033
vt 1.000000 1.000000
vt 0.275839 0.275839
vt 0.634133 0.217521
vt 0.174033 0.174033
vt 0.393877 0.182151
vt 0.858470 0.230190
vt 1.000000 0.253649
vt 1.000000 0.303687
vt 0.253650 0.253650
vt 0.535018 0.262644
vt 0.609237 0.267202
vt 1.000000 0.275839
vt 0.303687 0.303687
vt 0.642738 0.283134
vt 0.656250 0.437500
vt 0.671740 0.437500
vt 0.671752 0.468651
vt 0.656250 0.468432
vt 0.656250 0.379870
vt 0.659336 0.375000
vt 0.671705 0.375000
vt 0.659336 0.375000
vt 0.671692 0.356189
vt 0.656250 0.468432
vt 0.640773 0.468801
vt 0.640774 0.437500
vt 0.640777 0.407203
vt 0.656250 0.379870
s 0
usemtl 
f 1901/2653/951 1889/2654/951 1903/2655/951 1902/2656/951
f 1889/2654/952 1901/2657/952 1904/2658/952 1905/2659/952 1906/2660/952
f 1908/2661/953 1889/2654/953 1906/2662/953 1909/2663/953 1907/2664/953
f 1903/2665/954 1889/2654/954 1908/2666/954 1910/2667/954
f 1890/2668/955 1896/2669/955 1891/2670/955 1892/2671/955
f 1896/2669/956 1890/2668/956 1897/2672/956 1899/2673/956 1894/2674/956
f 1899/2675/957 1895/2676/957 1894/2674/957
f 1890/2668/958 1892/2677/958 1893/2678/958 1900/2679/958
f 1890/2668/959 1900/2679/959 1898/2680/959 1897/2681/959
o Sphere_cell.063
v 0.000590 0.008861 -0.003382
v -0.000631 0.013314 -0.005374
v 0.074658 0.923880 -0.375330
v 0.014747 0.049874 -0.029936
v 0.146447 0.923880 -0.353553
v -0.074658 0.923880 -0.375330
v 0.000000 0.923880 -0.382683
v 0.258315 0.808688 -0.520173
v 0.267264 0.817713 -0.502980
v 0.178398 0.923880 -0.336475
v 0.146427 0.944576 -0.276575
v 0.259410 0.831470 -0.488264
v 0.112114 0.950618 -0.272301
v 0.000000 0.950524 -0.294848
v 0.056486 0.952136 -0.283972
v -0.059853 0.945537 -0.305394
v -0.042625 0.891718 -0.438654
v 0.000000 0.886102 -0.453359
v 0.212523 0.831587 -0.513077
v 0.095954 0.865531 -0.482395
v -0.130737 0.922734 -0.360547
v -0.080752 0.907182 -0.405969
v 0.178398 0.923880 -0.336475
v 0.259410 0.831470 -0.488264
v 0.146427 0.944576 -0.276575
v 0.267264 0.817713 -0.502980
v 0.112114 0.950618 -0.272301
v 0.056486 0.952136 -0.283972
v 0.000000 0.950524 -0.294848
v -0.042625 0.891718 -0.438654
v 0.000000 0.886102 -0.453359
v 0.095954 0.865531 -0.482395
v 0.212523 0.831587 -0.513077
v -0.080752 0.907182 -0.405969
v -0.130737 0.922734 -0.360547
v -0.059853 0.945537 -0.305394
v 0.258315 0.808688 -0.520173
vn -0.2815 -0.4551 -0.8448
vn -0.0487 -0.5309 -0.8460
vn 0.8873 -0.0077 0.4611
vn 0.8822 -0.0000 0.4709
vn 0.1633 0.2530 0.9536
vn -0.1891 0.2902 0.9381
vn -0.4972 0.2370 0.8346
vn -0.3445 -0.4285 -0.8353
vn -0.6408 0.1980 0.7417
vn -0.6875 -0.3474 -0.6377
vn 0.8737 -0.4288 -0.2297
vn 0.0286 0.9565 -0.2902
vn 0.0464 0.8810 -0.4709
vn 0.1374 0.8810 -0.4528
vn 0.0846 0.9565 -0.2790
vn 0.1369 0.9566 -0.2572
vn 0.2231 0.8810 -0.4173
vn 0.2991 0.7717 -0.5612
vn -0.0925 0.9565 -0.2766
vn -0.1374 0.8810 -0.4528
vn -0.0286 0.9565 -0.2902
vn -0.0464 0.8810 -0.4709
vt 0.000000 0.000000
vt 1.000000 0.232145
vt 1.000000 1.000000
vt 0.241721 0.000000
vt 1.000000 0.000000
vt 1.000000 0.223458
vt 0.805625 0.121199
vt 1.000000 0.101225
vt 0.223458 0.223458
vt 0.278677 0.210218
vt 1.000000 0.095418
vt 0.101225 0.101225
vt 0.095418 0.095418
vt 0.387126 0.093975
vt 0.684395 0.095539
vt 1.000000 0.100329
vt 0.100777 0.000000
vt 0.864686 0.211057
vt 1.000000 0.232906
vt 0.152338 0.152338
vt 0.267460 0.157855
vt 0.533282 0.177924
vt 1.000000 0.122566
vt 0.114143 0.101050
vt 1.000000 0.152338
vt 0.122566 0.122566
vt 0.621315 0.137484
vt 0.232785 0.000000
vt 1.000000 0.758279
vt 0.718750 0.906034
vt 0.718750 0.875000
vt 0.750000 0.875000
vt 0.750000 0.904264
vt 0.718750 0.835537
vt 0.750000 0.849450
vt 0.687500 0.875000
vt 0.687500 0.812580
vt 0.687500 0.904266
vt 0.672408 0.875000
vt 0.687500 0.904266
vt 0.672499 0.897731
vt 0.672273 0.812500
vt 0.676820 0.801174
vt 0.687421 0.812500
vt 0.672273 0.812500
vt 0.672270 0.805502
vt 0.781250 0.898471
vt 0.781250 0.875000
vt 0.804717 0.875000
vt 0.804717 0.875000
vt 0.781250 0.863707
vt 0.780752 0.898806
vt 0.750000 0.904264
vt 0.765416 0.853248
s 0
usemtl 
f 1912/2682/960 1947/2683/960 1911/2684/960
f 1947/2685/961 1914/2686/961 1911/2684/961
f 1911/2684/962 1914/2682/962 1936/2687/962
f 1933/2688/963 1935/2689/963 1911/2684/963 1936/2690/963 1934/2691/963
f 1937/2692/964 1911/2684/964 1935/2693/964
f 1911/2684/965 1937/2694/965 1938/2695/965 1939/2696/965 1946/2697/965
f 1912/2686/966 1911/2684/966 1946/2698/966
f 1943/2699/967 1947/2700/967 1912/2684/967 1940/2701/967 1941/2702/967 1942/2703/967
f 1945/2704/968 1912/2684/968 1946/2705/968
f 1940/2706/969 1912/2684/969 1945/2707/969 1944/2708/969
f 1936/2709/970 1914/2686/970 1947/2710/970
f 1925/2711/971 1913/2712/971 1917/2713/971 1924/2714/971
f 1917/2713/972 1913/2712/972 1930/2715/972 1928/2716/972
f 1930/2715/973 1913/2712/973 1915/2717/973 1929/2718/973
f 1923/2719/974 1915/2717/974 1913/2712/974 1925/2711/974
f 1920/2720/975 1915/2717/975 1923/2721/975 1921/2722/975
f 1929/2718/976 1915/2717/976 1920/2720/976 1922/2723/976
f 1918/2724/977 1929/2725/977 1922/2726/977 1919/2727/977
f 1926/2728/978 1916/2729/978 1931/2730/978
f 1931/2731/979 1916/2729/979 1932/2732/979
f 1926/2733/980 1924/2734/980 1917/2713/980 1916/2729/980
f 1932/2732/981 1916/2729/981 1917/2713/981 1928/2716/981 1927/2735/981
o Sphere_cell.064
v -0.002610 0.013725 -0.004535
v -0.108386 0.980785 -0.162212
v -0.212607 0.923880 -0.318190
v -0.074658 0.980785 -0.180240
v -0.146446 0.923880 -0.353553
v -0.007017 0.998756 -0.010502
v -0.233069 0.927674 -0.285295
v -0.122368 0.980785 -0.150737
v -0.001663 0.999572 -0.004015
v -0.061979 0.945804 -0.304011
v -0.039242 0.980785 -0.190983
v -0.148418 0.921126 -0.358312
v -0.133119 0.923100 -0.359113
v -0.231097 0.903523 -0.351281
v -0.233080 0.923880 -0.301388
v -0.231359 0.905839 -0.346253
v -0.233069 0.927674 -0.285295
v -0.122368 0.980785 -0.150737
v -0.007017 0.998756 -0.010502
v -0.061979 0.945804 -0.304011
v -0.039242 0.980785 -0.190983
v -0.001663 0.999572 -0.004015
v -0.148418 0.921126 -0.358312
v -0.133119 0.923100 -0.359113
v -0.231097 0.903523 -0.351281
v -0.233080 0.923880 -0.301388
v -0.231359 0.905839 -0.346253
vn -0.7723 0.0004 0.6353
vn 0.9804 -0.0008 -0.1970
vn -0.0018 -0.3635 -0.9316
vn -0.9720 -0.2284 0.0545
vn 0.6390 -0.1981 -0.7433
vn -0.0625 0.9951 -0.0761
vn -0.1850 0.9565 -0.2254
vn -0.3002 0.8810 -0.3658
vn -0.0464 0.9951 -0.0869
vn -0.1374 0.9565 -0.2571
vn -0.2231 0.8810 -0.4173
vn -0.0286 0.9951 -0.0942
vn -0.0836 0.9562 -0.2806
vn -0.1374 0.8810 -0.4528
vt 0.117988 0.000000
vt 1.000000 0.000000
vt 1.000000 0.951322
vt 0.979567 0.930101
vt 0.539848 0.473076
vt 0.933347 0.372573
vt 0.951322 0.951322
vt 0.000000 0.000000
vt 0.899685 0.000000
vt 0.122474 0.000000
vt 1.000000 0.858472
vt 0.257127 0.132723
vt 0.860725 0.791348
vt 0.858472 0.858472
vt 0.882012 0.000000
vt 0.878296 0.201834
vt 0.140997 0.121717
vt 1.000000 0.100315
vt 1.000000 1.000000
vt 0.858363 0.995954
vt 0.843750 0.937500
vt 0.858530 0.937500
vt 0.843750 0.875000
vt 0.854782 0.875000
vt 0.859026 0.879167
vt 0.843750 0.862799
vt 0.812500 0.937500
vt 0.829137 0.995954
vt 0.827777 0.998608
vt 0.812500 0.875000
vt 0.842637 0.861232
vt 0.812500 0.873138
vt 0.782259 0.937500
vt 0.797223 0.998608
vt 0.806053 0.875000
vt 0.782259 0.937500
vt 0.782020 0.899080
vt 0.812500 0.873138
vt 0.806506 0.874473
s 0
usemtl 
f 1964/2736/982 1948/2737/982 1969/2738/982 1966/2739/982 1965/2740/982
f 1968/2741/983 1969/2742/983 1948/2743/983 1967/2744/983
f 1971/2745/984 1948/2737/984 1972/2746/984 1970/2747/984
f 1974/2748/985 1972/2749/985 1948/2743/985 1964/2750/985 1973/2751/985
f 1971/2752/986 1967/2753/986 1948/2754/986
f 1953/2755/987 1949/2756/987 1955/2757/987
f 1955/2757/988 1949/2756/988 1950/2758/988 1962/2759/988 1954/2760/988
f 1962/2759/989 1950/2758/989 1963/2761/989
f 1951/2762/990 1949/2756/990 1953/2763/990 1956/2764/990
f 1950/2758/991 1949/2756/991 1951/2762/991 1952/2765/991
f 1961/2766/992 1963/2761/992 1950/2758/992 1952/2765/992 1959/2767/992
f 1958/2768/993 1951/2762/993 1956/2769/993
f 1960/2770/994 1952/2765/994 1951/2762/994 1958/2771/994 1957/2772/994
f 1959/2773/995 1952/2765/995 1960/2774/995
o Sphere_cell.065
v -0.005147 0.004395 0.002832
v -0.009981 0.011577 0.006275
v -0.023723 0.031810 0.015703
v -0.587938 0.707107 0.392847
v -0.691341 0.555570 0.461939
v -0.768177 0.555570 0.318189
v -0.525518 0.727308 0.430290
v -0.676897 0.466649 0.554101
v -0.640243 0.555570 0.524203
v -0.544401 0.707107 0.445898
v -0.859379 0.447279 0.215978
v -0.729325 0.470105 0.487319
v -0.813868 0.463046 0.337115
v -0.543061 0.751401 0.362862
v -0.783981 0.555570 0.266091
v -0.554732 0.746447 0.353771
v -0.717200 0.622804 0.297074
v -0.618421 0.707107 0.335816
v -0.676897 0.466649 0.554101
v -0.640243 0.555570 0.524203
v -0.544401 0.707107 0.445898
v -0.859379 0.447279 0.215978
v -0.813868 0.463046 0.337115
v -0.729325 0.470105 0.487319
v -0.717200 0.622804 0.297074
v -0.618421 0.707107 0.335816
v -0.554732 0.746447 0.353771
v -0.783981 0.555570 0.266091
v -0.525518 0.727308 0.430290
v -0.543061 0.751401 0.362862
vn 0.8457 0.3997 0.3536
vn 0.6341 -0.0010 0.7733
vn -0.3919 -0.8819 0.2620
vn -0.0086 0.4202 -0.9074
vn 0.7046 0.6304 -0.3257
vn 0.8500 0.4486 0.2762
vn 0.8105 0.5857 -0.0016
vn -0.0064 0.4237 -0.9058
vn 0.3246 0.5907 -0.7387
vn -0.5987 0.6326 0.4913
vn -0.6825 0.4696 0.5601
vn -0.4918 0.7715 0.4036
vn -0.5611 0.7715 0.2999
vn -0.6831 0.6326 0.3651
vn -0.7786 0.4696 0.4162
vn -0.7412 0.6326 0.2248
vn -0.8448 0.4696 0.2563
vt 1.000000 1.000000
vt 0.000000 0.000000
vt 1.000000 0.308645
vt 1.000000 0.357133
vt 0.308644 0.308644
vt 0.371328 0.308127
vt 0.783619 0.331701
vt 1.000000 0.182779
vt 0.357133 0.357133
vt 0.490955 0.307023
vt 0.777989 0.226242
vt 1.000000 0.000000
vt 0.187747 0.000000
vt 1.000000 0.310672
vt 0.706621 0.003102
vt 0.683482 0.683482
vt 0.409787 0.144199
vt 0.298310 0.000000
vt 1.000000 0.812253
vt 0.776652 0.575855
vt 0.619114 0.394695
vt 1.000000 0.293301
vt 0.298310 0.298310
vt 0.093750 0.750000
vt 0.093750 0.687500
vt 0.109193 0.687500
vt 0.109222 0.750000
vt 0.093750 0.656604
vt 0.109177 0.655354
vt 0.093750 0.772261
vt 0.109222 0.750000
vt 0.109092 0.760321
vt 0.093676 0.772301
vt 0.090301 0.769771
vt 0.079171 0.750000
vt 0.062500 0.687500
vt 0.079171 0.750000
vt 0.062500 0.715230
vt 0.062500 0.654052
vt 0.052062 0.687500
vt 0.062500 0.715230
vt 0.039222 0.648352
vt 0.062500 0.654052
s 0
usemtl 
f 1975/2775/996 1976/2776/996 2003/2777/996
f 1993/2778/997 1975/2775/997 2003/2779/997 1995/2780/997 1994/2781/997
f 1996/2782/998 1975/2775/998 1993/2783/998 1998/2784/998 1997/2785/998
f 1977/2786/999 1975/2775/999 1996/2787/999
f 1977/2776/1000 1976/2786/1000 1975/2775/1000
f 1976/2775/1001 1977/2776/1001 2003/2788/1001
f 1988/2789/1002 2003/2790/1002 1977/2776/1002
f 2000/2791/1003 2001/2792/1003 1977/2786/1003 1996/2793/1003 2002/2794/1003 1999/2795/1003
f 1988/2796/1004 1977/2775/1004 2001/2797/1004
f 1978/2798/1005 1979/2799/1005 1983/2800/1005 1984/2801/1005
f 1983/2800/1006 1979/2799/1006 1986/2802/1006 1982/2803/1006
f 2004/2804/1007 1978/2798/1007 1984/2805/1007 1981/2806/1007
f 1978/2798/1008 2004/2807/1008 1990/2808/1008 1992/2809/1008
f 1980/2810/1009 1979/2799/1009 1978/2798/1009 1992/2811/1009 1991/2812/1009
f 1986/2802/1010 1979/2799/1010 1980/2810/1010 1987/2813/1010
f 1989/2814/1011 1980/2810/1011 1991/2815/1011
f 1985/2816/1012 1987/2817/1012 1980/2810/1012 1989/2814/1012
o Sphere_cell.066
v -0.003530 0.006971 -0.004842
v -0.005576 0.013424 -0.008074
v -0.500000 0.707107 -0.500000
v -0.308658 0.831470 -0.461939
v -0.392847 0.707107 -0.587938
v -0.351745 0.656949 -0.656358
v -0.390836 0.555570 -0.729347
v -0.400473 0.517216 -0.747330
v -0.520623 0.671567 -0.520624
v -0.545424 0.703423 -0.449393
v -0.430326 0.555570 -0.708239
v -0.450262 0.581182 -0.673865
v -0.452480 0.762259 -0.452480
v -0.541106 0.707107 -0.449912
v -0.300484 0.839552 -0.449181
v -0.322064 0.831470 -0.450938
v -0.293791 0.831470 -0.469886
v -0.276031 0.806167 -0.514169
v -0.332500 0.707107 -0.620194
v -0.390836 0.555570 -0.729347
v -0.400473 0.517216 -0.747330
v -0.351745 0.656949 -0.656358
v -0.430326 0.555570 -0.708239
v -0.520623 0.671567 -0.520624
v -0.545424 0.703423 -0.449393
v -0.450262 0.581182 -0.673865
v -0.452480 0.762259 -0.452480
v -0.322064 0.831470 -0.450938
v -0.541106 0.707107 -0.449912
v -0.300484 0.839552 -0.449181
v -0.276031 0.806167 -0.514169
v -0.332500 0.707107 -0.620194
v -0.293791 0.831470 -0.469886
vn 0.8818 -0.0004 -0.4717
vn -0.7892 -0.6141 -0.0001
vn -0.2663 0.3628 0.8930
vn -0.2212 0.3967 0.8909
vn 0.9074 0.3972 0.1374
vn 0.8823 0.0009 -0.4707
vn 0.9608 0.2205 -0.1681
vn -0.4918 0.7715 -0.4036
vn -0.5987 0.6326 -0.4913
vn -0.3002 0.8810 -0.3658
vn -0.4036 0.7715 -0.4918
vn -0.4913 0.6326 -0.5987
vn -0.2999 0.7715 -0.5611
vn -0.3651 0.6326 -0.6831
vn -0.4162 0.4696 -0.7786
vn -0.2224 0.8817 -0.4161
vt 1.000000 0.710161
vt 0.843716 0.536713
vt 0.376711 0.000000
vt 1.000000 0.000000
vt 0.710161 0.710161
vt 0.000000 0.000000
vt 0.667952 0.000000
vt 0.685907 0.156013
vt 0.710962 0.515418
vt 0.713268 0.601842
vt 0.667952 0.667952
vt 0.722595 0.408779
vt 0.669437 0.655323
vt 0.666390 0.666390
vt 0.797079 0.000000
vt 0.789294 0.055688
vt 0.797079 0.797079
vt 0.765130 0.000000
vt 0.789330 0.557616
vt 0.233516 0.000000
vt 1.000000 0.623289
vt 0.772913 0.444331
vt 0.234870 0.000000
vt 1.000000 1.000000
vt 0.875000 0.777717
vt 0.875000 0.750000
vt 0.889608 0.750000
vt 0.875000 0.735342
vt 0.890226 0.748697
vt 0.843750 0.817888
vt 0.843750 0.812500
vt 0.848726 0.812500
vt 0.848726 0.812500
vt 0.843750 0.750000
vt 0.843750 0.698063
vt 0.875000 0.735342
vt 0.828324 0.750000
vt 0.838913 0.812500
vt 0.828417 0.799784
vt 0.828324 0.750000
vt 0.828298 0.729313
vt 0.828293 0.687500
vt 0.836877 0.687500
vt 0.843750 0.698063
vt 0.828294 0.673635
vt 0.838913 0.812500
s 0
usemtl 
f 2025/2818/1013 2024/2819/1013 2026/2820/1013 2005/2821/1013
f 2025/2822/1014 2005/2823/1014 2029/2824/1014 2028/2825/1014 2030/2826/1014 2027/2827/1014
f 2005/2823/1015 2006/2821/1015 2029/2828/1015
f 2031/2829/1016 2033/2830/1016 2029/2831/1016 2006/2823/1016 2034/2832/1016 2032/2833/1016
f 2034/2834/1017 2006/2823/1017 2035/2835/1017 2021/2836/1017
f 2035/2837/1018 2005/2821/1018 2026/2838/1018 2036/2839/1018
f 2035/2840/1019 2006/2821/1019 2005/2841/1019
f 2017/2842/1020 2007/2843/1020 2018/2844/1020
f 2007/2843/1021 2013/2845/1021 2014/2846/1021 2018/2844/1021
f 2019/2847/1022 2008/2848/1022 2020/2849/1022
f 2020/2850/1023 2008/2848/1023 2009/2851/1023 2007/2843/1023 2017/2842/1023
f 2007/2843/1024 2009/2851/1024 2016/2852/1024 2013/2853/1024
f 2023/2854/1025 2009/2851/1025 2008/2848/1025 2037/2855/1025 2022/2856/1025
f 2009/2851/1026 2023/2857/1026 2010/2858/1026 2011/2859/1026 2015/2860/1026 2016/2861/1026
f 2012/2862/1027 2015/2860/1027 2011/2859/1027
f 2008/2848/1028 2019/2847/1028 2037/2863/1028
o Sphere_cell.067
v 0.005324 0.006272 -0.008777
v 0.461940 0.555570 -0.691342
v 0.497525 0.606866 -0.607941
v 0.523983 0.555570 -0.640424
v 0.553819 0.466609 -0.677156
v 0.486807 0.626838 -0.595635
v 0.410057 0.669361 -0.613694
v 0.334468 0.701816 -0.624042
v 0.352002 0.655985 -0.657113
v 0.390715 0.555570 -0.729412
v 0.413065 0.466595 -0.771132
v 0.487330 0.470069 -0.729341
v 0.497525 0.606866 -0.607941
v 0.523983 0.555570 -0.640424
v 0.553819 0.466609 -0.677156
v 0.486807 0.626838 -0.595635
v 0.410057 0.669361 -0.613694
v 0.334468 0.701816 -0.624042
v 0.352002 0.655985 -0.657113
v 0.390715 0.555570 -0.729412
v 0.413065 0.466595 -0.771132
v 0.487330 0.470069 -0.729341
vn 0.7737 -0.0021 0.6335
vn 0.7655 0.0144 0.6433
vn 0.1565 0.6118 0.7754
vn -0.8825 0.0017 -0.4702
vn -0.8817 -0.0003 -0.4718
vn 0.2620 -0.8817 -0.3923
vn 0.3651 0.6326 -0.6831
vn 0.4162 0.4696 -0.7786
vn 0.4913 0.6326 -0.5987
vn 0.5601 0.4696 -0.6825
vt 1.000000 0.424666
vt 1.000000 1.000000
vt 0.358377 0.358377
vt 0.743348 0.393544
vt 1.000000 0.405253
vt 0.424666 0.424666
vt 1.000000 0.333578
vt 0.405253 0.405253
vt 0.712007 0.364595
vt 0.333578 0.333578
vt 1.000000 0.377487
vt 1.000000 0.267545
vt 0.377487 0.377487
vt 0.724786 0.307804
vt 1.000000 0.358377
vt 0.267545 0.267545
vt 0.632507 0.307971
vt 0.671730 0.728915
vt 0.671694 0.747818
vt 0.656250 0.734432
vt 0.656250 0.687500
vt 0.671733 0.687500
vt 0.656250 0.656591
vt 0.671733 0.655335
vt 0.640947 0.716894
vt 0.640842 0.708656
vt 0.640862 0.687500
vt 0.640893 0.655340
s 0
usemtl 
f 2050/2864/1029 2038/2865/1029 2052/2866/1029 2051/2867/1029
f 2053/2868/1030 2038/2865/1030 2050/2869/1030
f 2055/2870/1031 2038/2865/1031 2053/2871/1031 2054/2872/1031
f 2055/2873/1032 2056/2874/1032 2038/2865/1032
f 2058/2875/1033 2038/2865/1033 2056/2876/1033 2057/2877/1033
f 2052/2878/1034 2038/2865/1034 2058/2879/1034 2059/2880/1034
f 2046/2881/1035 2045/2882/1035 2044/2883/1035 2039/2884/1035 2047/2885/1035
f 2047/2885/1036 2039/2884/1036 2049/2886/1036 2048/2887/1036
f 2043/2888/1037 2040/2889/1037 2041/2890/1037 2039/2884/1037 2044/2883/1037
f 2039/2884/1038 2041/2890/1038 2042/2891/1038 2049/2886/1038
o Sphere_cell.068
v -0.004213 -0.000477 0.008958
v -0.382683 0.000000 0.923879
v -0.448188 0.274029 0.840162
v -0.380486 0.195090 0.903371
v -0.375538 0.189587 0.906628
v -0.287492 0.095886 0.942934
v -0.463664 -0.096280 0.869893
v -0.468187 0.000000 0.878176
v -0.459345 0.195090 0.861220
v -0.289890 0.000000 0.952027
v -0.286816 -0.096626 0.943063
v -0.375500 -0.190316 0.906565
v -0.375538 0.189587 0.906628
v -0.287492 0.095886 0.942934
v -0.448188 0.274029 0.840162
v -0.380486 0.195090 0.903371
v -0.463664 -0.096280 0.869893
v -0.468187 0.000000 0.878176
v -0.459345 0.195090 0.861220
v -0.289890 0.000000 0.952027
v -0.286816 -0.096626 0.943063
v -0.375500 -0.190316 0.906565
vn 0.6946 0.7061 0.1378
vn -0.8822 -0.0009 -0.4709
vn 0.9570 0.0036 0.2899
vn 0.6923 -0.7085 0.1365
vn -0.5893 -0.7058 -0.3931
vn -0.2889 0.0975 0.9524
vn -0.2889 -0.0975 0.9524
vn -0.4513 0.2890 0.8443
vn -0.4691 0.0975 0.8777
vn -0.4691 -0.0976 0.8777
vt 0.102857 0.000000
vt 1.000000 0.000000
vt 1.000000 0.798577
vt 0.577774 0.436998
vt 0.549943 0.412291
vt 0.000000 0.000000
vt 0.826875 0.000000
vt 0.834898 0.211506
vt 0.818748 0.631908
vt 0.798577 0.798577
vt 0.102690 0.000000
vt 1.000000 0.897143
vt 0.548729 0.454628
vt 1.000000 0.137875
vt 1.000000 1.000000
vt 0.102690 0.102690
vt 0.137968 0.137877
vt 1.000000 0.173125
vt 0.187500 0.560737
vt 0.187500 0.500000
vt 0.202958 0.500000
vt 0.202901 0.530718
vt 0.187502 0.439030
vt 0.203011 0.469044
vt 0.202958 0.500000
vt 0.186550 0.562500
vt 0.172005 0.588800
vt 0.172017 0.562500
vt 0.172045 0.500000
vt 0.187500 0.560737
vt 0.186550 0.562500
vt 0.187500 0.439033
vt 0.172060 0.469155
s 0
usemtl 
f 2073/2892/1039 2060/2893/1039 2074/2894/1039 2075/2895/1039 2072/2896/1039
f 2060/2897/1040 2076/2898/1040 2077/2899/1040 2078/2900/1040 2074/2901/1040
f 2080/2902/1041 2060/2893/1041 2073/2903/1041 2079/2904/1041
f 2081/2905/1042 2060/2906/1042 2080/2907/1042
f 2081/2908/1043 2076/2909/1043 2060/2906/1043
f 2064/2910/1044 2061/2911/1044 2069/2912/1044 2065/2913/1044
f 2071/2914/1045 2070/2915/1045 2069/2916/1045 2061/2911/1045
f 2063/2917/1046 2062/2918/1046 2068/2919/1046
f 2067/2920/1047 2061/2911/1047 2064/2921/1047 2063/2922/1047 2068/2919/1047
f 2071/2923/1048 2061/2911/1048 2067/2920/1048 2066/2924/1048
o Sphere_cell.069
v -0.001490 -0.003876 -0.002439
v -0.004050 -0.004472 -0.007490
v -0.007309 -0.011911 -0.004574
v -0.002050 -0.012202 -0.008280
v -0.461939 -0.831470 -0.308658
v -0.500000 -0.707107 -0.500000
v -0.392847 -0.831470 -0.392847
v -0.513280 -0.382683 -0.768177
v -0.461939 -0.555570 -0.691341
v -0.392847 -0.707107 -0.587938
v -0.308658 -0.831470 -0.461939
v -0.353553 -0.382683 -0.853553
v -0.318189 -0.555570 -0.768177
v -0.270598 -0.707107 -0.653281
v -0.212607 -0.831470 -0.513279
v -0.137950 -0.707107 -0.693520
v -0.108386 -0.831470 -0.544895
v -0.454185 -0.845964 -0.265917
v -0.425757 -0.854730 -0.284482
v -0.337445 -0.873349 -0.337445
v -0.255355 -0.882752 -0.382166
v -0.099864 -0.854818 -0.502053
v -0.071769 -0.846080 -0.521167
v -0.182596 -0.873388 -0.440825
v -0.055104 -0.832322 -0.548548
v -0.065373 -0.746139 -0.653107
v -0.097258 -0.701854 -0.701838
v -0.094198 -0.707107 -0.697829
v -0.154457 -0.604005 -0.776507
v -0.181238 -0.555570 -0.809721
v -0.243339 -0.415913 -0.868515
v -0.485585 -0.832492 -0.260384
v -0.510282 -0.360364 -0.777420
v -0.522662 -0.798374 -0.280189
v -0.535398 -0.758965 -0.357741
v -0.545650 -0.707107 -0.444375
v -0.547598 -0.625084 -0.547598
v -0.514589 -0.374912 -0.770138
v -0.544425 -0.555570 -0.623647
v -0.354166 -0.377405 -0.855032
v -0.439927 -0.336024 -0.823357
v -0.340258 -0.382683 -0.857586
v -0.425757 -0.854730 -0.284482
v -0.337445 -0.873349 -0.337445
v -0.255355 -0.882752 -0.382166
v -0.099864 -0.854818 -0.502053
v -0.071769 -0.846080 -0.521167
v -0.182596 -0.873388 -0.440825
v -0.065373 -0.746139 -0.653107
v -0.094198 -0.707107 -0.697829
v -0.097258 -0.701854 -0.701838
v -0.181238 -0.555570 -0.809721
v -0.243339 -0.415913 -0.868515
v -0.154457 -0.604005 -0.776507
v -0.454185 -0.845964 -0.265917
v -0.485585 -0.832492 -0.260384
v -0.510282 -0.360364 -0.777420
v -0.514589 -0.374912 -0.770138
v -0.547598 -0.625084 -0.547598
v -0.544425 -0.555570 -0.623647
v -0.545650 -0.707107 -0.444375
v -0.535398 -0.758965 -0.357741
v -0.522662 -0.798374 -0.280189
v -0.354166 -0.377405 -0.855032
v -0.340258 -0.382683 -0.857586
v -0.439927 -0.336024 -0.823357
v -0.513280 -0.382683 -0.768177
v -0.055104 -0.832322 -0.548548
vn 0.2249 -0.3990 0.8889
vn 0.3842 -0.4574 0.8019
vn 0.5930 -0.4576 0.6625
vn 0.8738 -0.3058 0.3781
vn 0.9979 -0.0249 -0.0600
vn 0.9943 0.0080 -0.1067
vn 0.8981 0.2437 -0.3662
vn 0.8975 0.2446 -0.3670
vn 0.7574 0.4818 -0.4407
vn -0.8007 0.4873 0.3483
vn 0.0322 -0.3145 0.9487
vn -0.8177 0.4817 0.3150
vn -0.8353 0.4228 0.3513
vn -0.4713 -0.0002 0.8820
vn 0.9952 -0.0000 -0.0977
vn 0.2369 0.8494 -0.4716
vn -0.4082 0.9008 -0.1480
vn -0.4173 -0.8810 -0.2231
vn -0.5606 -0.7730 -0.2970
vn -0.5987 -0.6326 -0.4913
vn -0.4918 -0.7715 -0.4036
vn -0.3658 -0.8810 -0.3002
vn -0.5601 -0.4696 -0.6825
vn -0.4913 -0.6326 -0.5987
vn -0.4036 -0.7715 -0.4918
vn -0.3002 -0.8810 -0.3658
vn -0.4162 -0.4696 -0.7786
vn -0.3651 -0.6326 -0.6831
vn -0.2999 -0.7715 -0.5611
vn -0.2230 -0.8810 -0.4173
vn -0.4513 -0.2890 -0.8443
vn -0.2779 -0.2890 -0.9161
vn -0.2563 -0.4696 -0.8448
vn -0.2248 -0.6326 -0.7412
vn -0.1847 -0.7715 -0.6088
vn -0.1374 -0.8810 -0.4528
vn -0.0759 -0.6326 -0.7708
vn -0.0602 -0.7720 -0.6327
vn -0.0464 -0.8810 -0.4709
vt 0.000000 0.000000
vt 1.000000 0.194825
vt 1.000000 1.000000
vt 1.000000 0.160034
vt 0.194825 0.194825
vt 0.312946 0.186575
vt 0.673564 0.168906
vt 1.000000 0.194737
vt 0.160034 0.160034
vt 0.494929 0.168843
vt 0.872665 0.186437
vt 0.194737 0.194737
vt 1.000000 0.207782
vt 0.209478 0.000000
vt 1.000000 0.000000
vt 1.000000 0.290668
vt 0.290669 0.290669
vt 0.929354 0.327549
vt 1.000000 0.332523
vt 1.000000 0.173331
vt 0.332523 0.332523
vt 0.576264 0.261215
vt 0.693656 0.229495
vt 0.174090 0.000000
vt 0.209813 0.209813
vt 1.000000 0.196420
vt 1.000000 0.260674
vt 0.260674 0.260674
vt 0.274740 0.254340
vt 0.283127 0.251432
vt 0.513106 0.210455
vt 0.627186 0.205778
vt 0.777121 0.208627
vt 0.896197 0.223686
vt 1.000000 0.242397
vt 1.000000 0.209813
vt 0.242397 0.242397
vt 0.292802 0.000000
vt 0.990595 0.780289
vt 0.571500 0.384554
vt 0.217197 0.000000
vt 1.000000 0.825911
vt 0.626267 0.441751
vt 0.217197 0.217197
vt 1.000000 0.260446
vt 0.921664 0.187500
vt 0.906250 0.187500
vt 0.906250 0.171768
vt 0.915797 0.177697
vt 0.906250 0.223938
vt 0.921679 0.204132
vt 0.875000 0.283830
vt 0.875000 0.250000
vt 0.891222 0.250000
vt 0.875000 0.187500
vt 0.875000 0.159175
vt 0.906250 0.171768
vt 0.843750 0.375000
vt 0.843750 0.312500
vt 0.864208 0.312500
vt 0.843750 0.250000
vt 0.843750 0.187500
vt 0.843750 0.152816
vt 0.875000 0.159175
vt 0.812500 0.375000
vt 0.812500 0.312500
vt 0.812500 0.250000
vt 0.812500 0.187500
vt 0.812500 0.159149
vt 0.843750 0.377589
vt 0.842258 0.383046
vt 0.828100 0.390545
vt 0.812500 0.376758
vt 0.810103 0.375000
vt 0.812500 0.376758
vt 0.793504 0.362987
vt 0.785062 0.312500
vt 0.781250 0.250000
vt 0.781250 0.292524
vt 0.781250 0.187500
vt 0.781250 0.171709
vt 0.812500 0.159149
vt 0.771921 0.252166
vt 0.771339 0.250000
vt 0.765932 0.187500
vt 0.771339 0.250000
vt 0.765875 0.230281
vt 0.765934 0.186904
vt 0.771683 0.177618
s 0
usemtl 
f 2084/2925/1049 2136/2926/1049 2082/2927/1049
f 2126/2928/1050 2082/2927/1050 2136/2929/1050 2124/2930/1050 2125/2931/1050
f 2128/2932/1051 2082/2927/1051 2126/2933/1051 2129/2934/1051 2127/2935/1051
f 2082/2927/1052 2128/2936/1052 2149/2937/1052
f 2149/2938/1053 2085/2939/1053 2082/2927/1053
f 2082/2927/1054 2085/2925/1054 2130/2940/1054
f 2082/2927/1055 2130/2941/1055 2131/2942/1055 2132/2943/1055
f 2134/2944/1056 2082/2927/1056 2132/2945/1056 2135/2946/1056 2133/2947/1056
f 2134/2948/1057 2083/2939/1057 2082/2927/1057
f 2083/2925/1058 2084/2939/1058 2082/2927/1058
f 2137/2949/1059 2136/2950/1059 2084/2927/1059
f 2083/2925/1060 2138/2951/1060 2084/2927/1060
f 2084/2927/1061 2138/2952/1061 2139/2953/1061 2148/2954/1061 2141/2955/1061 2140/2956/1061 2142/2957/1061 2143/2958/1061 2144/2959/1061
f 2137/2960/1062 2084/2927/1062 2144/2961/1062
f 2130/2962/1063 2085/2939/1063 2149/2963/1063
f 2145/2964/1064 2147/2965/1064 2083/2939/1064 2134/2966/1064 2146/2967/1064
f 2083/2927/1065 2147/2968/1065 2138/2969/1065
f 2113/2970/1066 2086/2971/1066 2100/2972/1066 2099/2973/1066
f 2116/2974/1067 2086/2971/1067 2113/2970/1067 2115/2975/1067
f 2118/2976/1068 2087/2977/1068 2117/2978/1068
f 2116/2974/1069 2117/2978/1069 2087/2977/1069 2088/2979/1069 2086/2971/1069
f 2086/2971/1070 2088/2979/1070 2101/2980/1070 2100/2981/1070
f 2089/2982/1071 2090/2983/1071 2120/2984/1071
f 2090/2983/1072 2091/2985/1072 2087/2977/1072 2118/2976/1072 2120/2984/1072
f 2088/2979/1073 2087/2977/1073 2091/2985/1073 2092/2986/1073
f 2088/2979/1074 2092/2986/1074 2102/2987/1074 2101/2988/1074
f 2090/2983/1075 2089/2982/1075 2093/2989/1075 2094/2990/1075
f 2091/2985/1076 2090/2983/1076 2094/2990/1076 2095/2991/1076
f 2092/2986/1077 2091/2985/1077 2095/2991/1077 2096/2992/1077
f 2092/2986/1078 2096/2992/1078 2105/2993/1078 2102/2987/1078
f 2093/2989/1079 2089/2982/1079 2119/2994/1079 2114/2995/1079 2122/2996/1079 2121/2997/1079
f 2123/2998/1080 2093/2989/1080 2121/2999/1080
f 2112/3000/1081 2111/3001/1081 2094/2990/1081 2093/2989/1081 2123/2998/1081
f 2097/3002/1082 2095/2991/1082 2094/2990/1082 2111/3001/1082 2110/3003/1082
f 2096/2992/1083 2095/2991/1083 2097/3002/1083 2098/3004/1083
f 2096/2992/1084 2098/3004/1084 2103/3005/1084 2105/3006/1084
f 2108/3007/1085 2109/3008/1085 2097/3002/1085 2110/3003/1085
f 2106/3009/1086 2098/3004/1086 2097/3002/1086 2109/3010/1086 2107/3011/1086
f 2106/3012/1087 2104/3013/1087 2103/3005/1087 2098/3004/1087
o Sphere_cell.070
v 0.000199 -0.020495 -0.007146
v 0.000000 -0.923880 -0.382683
v 0.000000 -0.980785 -0.195090
v 0.063060 -0.940134 -0.322890
v 0.036804 -0.980785 -0.191465
v -0.000142 -0.999359 -0.006494
v -0.018243 -0.980785 -0.193293
v -0.045969 -0.869570 -0.479760
v -0.036234 -0.923880 -0.379114
v 0.025794 -0.923880 -0.380143
v 0.000000 -0.905754 -0.416593
v 0.063060 -0.940134 -0.322890
v 0.036804 -0.980785 -0.191465
v -0.018243 -0.980785 -0.193293
v -0.036234 -0.923880 -0.379114
v -0.000142 -0.999359 -0.006494
v -0.045969 -0.869570 -0.479760
v 0.000000 -0.905754 -0.416593
v 0.025794 -0.923880 -0.380143
vn 0.9806 -0.0002 0.1958
vn -0.9953 0.0004 0.0965
vn 0.8446 0.2246 -0.4860
vn 0.0464 -0.8810 -0.4709
vn 0.0286 -0.9565 -0.2902
vn 0.0097 -0.9951 -0.0980
vn -0.0464 -0.8810 -0.4709
vn -0.0286 -0.9565 -0.2902
vn -0.0097 -0.9951 -0.0980
vt 0.477825 0.410331
vt 0.106865 0.000000
vt 1.000000 0.000000
vt 0.997994 0.948328
vt 0.932608 0.606942
vt 0.950400 0.950400
vt 0.000000 0.000000
vt 0.824997 0.000000
vt 0.877597 0.228015
vt 0.175003 0.000000
vt 1.000000 0.893135
vt 0.713760 0.591245
vt 0.519360 0.379334
vt 0.739203 0.125000
vt 0.750000 0.125000
vt 0.750000 0.137259
vt 0.750000 0.062500
vt 0.739203 0.125000
vt 0.719318 0.107148
vt 0.719782 0.062500
vt 0.734952 0.002308
vt 0.765167 0.125000
vt 0.765206 0.161731
vt 0.764979 0.062500
vt 0.765220 0.002085
s 0
usemtl 
f 2162/3014/1088 2161/3015/1088 2150/3016/1088 2165/3017/1088
f 2163/3018/1089 2165/3019/1089 2150/3020/1089 2166/3021/1089 2164/3022/1089
f 2166/3023/1090 2150/3016/1090 2161/3024/1090 2168/3025/1090 2167/3026/1090
f 2159/3027/1091 2151/3028/1091 2160/3029/1091
f 2152/3030/1092 2151/3028/1092 2159/3031/1092 2153/3032/1092 2154/3033/1092
f 2154/3033/1093 2155/3034/1093 2152/3030/1093
f 2158/3035/1094 2157/3036/1094 2160/3029/1094 2151/3028/1094
f 2158/3035/1095 2151/3028/1095 2152/3030/1095 2156/3037/1095
f 2155/3038/1096 2156/3037/1096 2152/3030/1096
o Sphere_cell.071
v 0.000264 -0.000885 0.010082
v -0.000001 0.000000 0.999999
v 0.190113 0.191215 0.962442
v 0.185940 0.195090 0.962471
v 0.093322 0.275013 0.947349
v -0.000000 0.189765 0.981309
v -0.095127 0.096038 0.981171
v 0.005621 0.195090 0.980231
v -0.096173 0.000000 0.990526
v -0.095378 -0.095835 0.981166
v -0.000000 -0.190265 0.981260
v 0.192980 0.000000 0.980992
v 0.185940 0.195090 0.962471
v 0.093322 0.275013 0.947349
v 0.190113 0.191215 0.962442
v -0.000000 0.189765 0.981309
v 0.005621 0.195090 0.980231
v -0.095127 0.096038 0.981171
v -0.096173 0.000000 0.990526
v -0.095378 -0.095835 0.981166
v -0.000000 -0.190265 0.981260
v 0.192980 0.000000 0.980992
vn 0.6537 0.7059 -0.2727
vn -0.6950 0.7055 -0.1387
vn -0.9952 0.0013 -0.0979
vn -0.6968 -0.7040 -0.1375
vn 0.6953 -0.7054 -0.1374
vn 0.9809 -0.0042 -0.1947
vn 0.0938 0.2890 0.9527
vn 0.0975 0.0975 0.9904
vn 0.0975 -0.0975 0.9904
vn -0.0976 0.0975 0.9904
vn -0.0976 -0.0975 0.9904
vt 0.124059 0.040151
vt 0.083915 0.000000
vt 1.000000 0.000000
vt 1.000000 0.901091
vt 0.932687 0.489932
vt 0.901091 0.901091
vt 0.000000 0.000000
vt 0.933573 0.000000
vt 0.933723 0.463086
vt 0.933646 0.000000
vt 0.942606 0.470743
vt 0.933573 0.933573
vt 1.000000 0.933617
vt 0.066354 0.000000
vt 0.933617 0.933617
vt 0.934045 0.003801
vt 0.916085 0.000000
vt 0.933902 0.933902
vt 0.280368 0.562500
vt 0.265628 0.589128
vt 0.250918 0.562500
vt 0.250000 0.560794
vt 0.250000 0.500000
vt 0.281035 0.500249
vt 0.281038 0.561258
vt 0.280368 0.562500
vt 0.250918 0.562500
vt 0.250000 0.439046
vt 0.280912 0.500000
vt 0.250000 0.500000
vt 0.250000 0.560794
vt 0.234617 0.530767
vt 0.234595 0.500000
vt 0.250000 0.439046
vt 0.234577 0.469298
s 0
usemtl 
f 2181/3039/1097 2183/3040/1097 2169/3041/1097 2182/3042/1097
f 2185/3043/1098 2182/3044/1098 2169/3045/1098 2186/3046/1098 2184/3047/1098
f 2169/3045/1099 2188/3048/1099 2187/3049/1099 2186/3050/1099
f 2189/3051/1100 2188/3052/1100 2169/3041/1100
f 2189/3053/1101 2169/3045/1101 2180/3054/1101
f 2169/3045/1102 2183/3055/1102 2180/3056/1102
f 2172/3057/1103 2173/3058/1103 2176/3059/1103
f 2174/3060/1104 2170/3061/1104 2190/3062/1104 2171/3063/1104 2172/3064/1104 2176/3065/1104
f 2170/3061/1105 2179/3066/1105 2190/3067/1105
f 2170/3068/1106 2174/3069/1106 2175/3070/1106 2177/3071/1106
f 2179/3072/1107 2170/3068/1107 2177/3071/1107 2178/3073/1107
o Sphere_cell.072
v 0.005282 -0.004077 0.000586
v 0.831469 -0.555570 0.000000
v 0.707107 -0.707107 0.000000
v 0.815493 -0.555570 0.162212
v 0.693520 -0.707107 0.137950
v 0.877320 -0.469790 0.000000
v 0.870795 -0.466315 -0.085101
v 0.797750 -0.555570 0.220704
v 0.759902 -0.592660 0.241116
v 0.863709 -0.463597 0.171803
v 0.703515 -0.703496 -0.066552
v 0.823616 -0.555570 -0.079733
v 0.661161 -0.734684 0.125322
v 0.701885 -0.707107 -0.053017
v 0.693016 -0.718670 0.000000
v 0.669242 -0.727421 0.133121
v 0.688918 -0.707107 0.153120
v 0.877320 -0.469790 0.000000
v 0.870795 -0.466315 -0.085101
v 0.797750 -0.555570 0.220704
v 0.863709 -0.463597 0.171803
v 0.759902 -0.592660 0.241116
v 0.823616 -0.555570 -0.079733
v 0.703515 -0.703496 -0.066552
v 0.661161 -0.734684 0.125322
v 0.693016 -0.718670 0.000000
v 0.701885 -0.707107 -0.053017
v 0.669242 -0.727421 0.133121
v 0.688918 -0.707107 0.153120
vn 0.4711 0.8821 0.0037
vn 0.0552 0.4376 0.8975
vn -0.1017 -0.0061 -0.9948
vn -0.6954 -0.6691 -0.2623
vn -0.5002 -0.3111 0.8081
vn 0.7708 -0.6326 -0.0759
vn 0.6332 -0.7715 -0.0624
vn 0.8786 -0.4696 -0.0865
vn 0.8786 -0.4696 0.0865
vn 0.7708 -0.6326 0.0759
vn 0.6332 -0.7715 0.0624
vn 0.6088 -0.7715 0.1847
vn 0.8448 -0.4696 0.2563
vn 0.7412 -0.6326 0.2248
vt 0.171692 0.000000
vt 1.000000 0.000000
vt 1.000000 0.821777
vt 0.440973 0.275453
vt 0.821777 0.821777
vt 0.000000 0.000000
vt 0.722294 0.000000
vt 0.758411 0.259125
vt 1.000000 0.828308
vt 0.765686 0.548933
vt 0.331525 0.000000
vt 1.000000 0.301353
vt 1.000000 1.000000
vt 0.331525 0.331525
vt 0.377817 0.328048
vt 0.560721 0.316895
vt 0.344624 0.298006
vt 0.458367 0.290711
vt 1.000000 0.277706
vt 0.301353 0.301353
vt 0.515012 0.251489
vt 0.515360 0.312500
vt 0.500000 0.312500
vt 0.500000 0.250000
vt 0.512010 0.250000
vt 0.500000 0.244189
vt 0.500000 0.343510
vt 0.515505 0.344766
vt 0.468750 0.312500
vt 0.500000 0.312500
vt 0.500000 0.343510
vt 0.468750 0.345749
vt 0.500000 0.250000
vt 0.468750 0.250000
vt 0.468750 0.239791
vt 0.470225 0.236141
vt 0.468750 0.239791
vt 0.465176 0.250000
vt 0.457031 0.312500
vt 0.451120 0.297202
s 0
usemtl 
f 2209/3074/1108 2191/3075/1108 2211/3076/1108 2208/3077/1108
f 2211/3078/1109 2191/3079/1109 2212/3080/1109 2210/3081/1109
f 2191/3075/1110 2209/3082/1110 2213/3083/1110 2214/3084/1110
f 2215/3085/1111 2191/3086/1111 2214/3087/1111 2217/3088/1111 2216/3089/1111
f 2218/3090/1112 2219/3091/1112 2212/3092/1112 2191/3086/1112 2215/3093/1112
f 2201/3094/1113 2202/3095/1113 2192/3096/1113 2193/3097/1113 2204/3098/1113
f 2204/3098/1114 2193/3097/1114 2205/3099/1114
f 2196/3100/1115 2192/3096/1115 2202/3095/1115 2197/3101/1115
f 2194/3102/1116 2192/3103/1116 2196/3104/1116 2200/3105/1116
f 2193/3106/1117 2192/3096/1117 2194/3102/1117 2195/3107/1117
f 2206/3108/1118 2203/3109/1118 2205/3099/1118 2193/3097/1118 2195/3107/1118
f 2206/3110/1119 2195/3107/1119 2207/3111/1119
f 2198/3112/1120 2194/3102/1120 2200/3105/1120
f 2207/3111/1121 2195/3107/1121 2194/3102/1121 2198/3112/1121 2199/3113/1121
o Sphere_cell.073
v 0.009770 -0.001168 0.001452
v 0.999999 0.000000 0.000000
v 0.962357 -0.190768 0.191425
v 0.980878 -0.194144 0.000000
v 0.962510 -0.190192 -0.190441
v 0.980911 0.000000 -0.193812
v 0.971765 0.094860 -0.191810
v 0.980645 -0.001440 0.195063
v 0.943706 -0.096291 0.284808
v 0.981146 0.095382 0.096044
v 0.990500 0.096450 0.000000
v 0.980878 -0.194144 0.000000
v 0.962510 -0.190192 -0.190441
v 0.962357 -0.190768 0.191425
v 0.980911 0.000000 -0.193812
v 0.971765 0.094860 -0.191810
v 0.980645 -0.001440 0.195063
v 0.943706 -0.096291 0.284808
v 0.990500 0.096450 0.000000
v 0.981146 0.095382 0.096044
vn -0.1949 -0.9808 -0.0016
vn -0.1971 0.0017 -0.9804
vn -0.1378 0.7085 0.6921
vn -0.2710 -0.7032 0.6573
vn -0.0990 0.9951 0.0014
vn 0.9904 0.0975 -0.0975
vn 0.9904 -0.0975 -0.0975
vn 0.9904 -0.0975 0.0976
vn 0.9904 0.0966 0.0985
vn 0.9524 -0.0975 0.2889
vt 1.000000 0.000000
vt 1.000000 0.915651
vt 0.534248 0.467852
vt 0.083911 0.000000
vt 0.000000 0.000000
vt 0.925061 0.000000
vt 0.933683 0.308644
vt 0.915651 0.915651
vt 0.522112 0.455626
vt 0.066563 0.000000
vt 1.000000 0.898026
vt 0.916089 0.000000
vt 0.898026 0.898026
vt 1.000000 0.074939
vt 1.000000 1.000000
vt 0.066563 0.066563
vt 0.369929 0.057358
vt 0.500000 0.530899
vt 0.500000 0.500000
vt 0.531045 0.500000
vt 0.531014 0.530390
vt 0.500000 0.437803
vt 0.531088 0.439069
vt 0.531045 0.500000
vt 0.468750 0.499539
vt 0.468750 0.438885
vt 0.500000 0.500000
vt 0.484470 0.530557
vt 0.468982 0.500000
vt 0.453350 0.469152
s 0
usemtl 
f 2220/3114/1122 2232/3115/1122 2231/3116/1122 2233/3117/1122
f 2220/3118/1123 2235/3119/1123 2234/3120/1123 2232/3121/1123
f 2236/3122/1124 2239/3123/1124 2220/3114/1124 2237/3124/1124
f 2220/3118/1125 2233/3125/1125 2237/3126/1125
f 2235/3127/1126 2220/3128/1126 2239/3129/1126 2238/3130/1126
f 2230/3131/1127 2221/3132/1127 2225/3133/1127 2226/3134/1127
f 2221/3132/1128 2223/3135/1128 2224/3136/1128 2225/3137/1128
f 2227/3138/1129 2222/3139/1129 2223/3135/1129 2221/3132/1129
f 2221/3140/1130 2230/3131/1130 2229/3141/1130 2227/3142/1130
f 2222/3139/1131 2227/3138/1131 2228/3143/1131
o Sphere_cell.074
v 0.000000 0.555570 -0.831470
v 0.001812 0.011141 -0.012381
v -0.000327 0.003516 -0.005632
v -0.003444 0.008486 -0.015030
v 0.004270 0.008678 -0.025777
v -0.162211 0.555570 -0.815493
v 0.000000 0.382683 -0.923879
v 0.151150 0.262852 -0.945343
v 0.069360 0.702472 -0.704079
v -0.158428 0.579199 -0.796474
v -0.193815 0.555570 -0.805906
v -0.245342 0.514977 -0.812840
v 0.000000 0.669886 -0.737653
v -0.290669 0.456509 -0.831591
v -0.176715 0.416485 -0.888407
v -0.095359 0.382683 -0.914487
v 0.000000 0.340079 -0.936803
v 0.185060 0.284873 -0.935323
v 0.138273 0.698804 -0.700302
v 0.161209 0.555570 -0.815592
v 0.179255 0.382683 -0.906224
v -0.158428 0.579199 -0.796474
v 0.000000 0.669886 -0.737653
v -0.193815 0.555570 -0.805906
v -0.245342 0.514977 -0.812840
v 0.069360 0.702472 -0.704079
v -0.290669 0.456509 -0.831591
v -0.095359 0.382683 -0.914487
v 0.000000 0.340079 -0.936803
v -0.176715 0.416485 -0.888407
v 0.161209 0.555570 -0.815592
v 0.179255 0.382683 -0.906224
v 0.138273 0.698804 -0.700302
v 0.185060 0.284873 -0.935323
v 0.151150 0.262852 -0.945343
vn -0.4350 -0.8476 -0.3040
vn -0.2695 -0.9163 -0.2963
vn 0.9753 -0.0990 0.1972
vn -0.3973 0.6682 0.6290
vn -0.5585 0.6135 0.5583
vn -0.7551 0.4254 0.4988
vn -0.6939 -0.7057 -0.1431
vn -0.4470 -0.8412 -0.3043
vn 0.5673 -0.8126 -0.1340
vn 0.9821 -0.0307 0.1859
vn 0.9808 0.0003 0.1948
vn -0.0011 0.7073 0.7069
vn 0.0759 0.6326 -0.7708
vn 0.0865 0.4696 -0.8786
vn 0.0938 0.2890 -0.9527
vn -0.2248 0.6326 -0.7412
vn -0.2563 0.4696 -0.8448
vn -0.0759 0.6326 -0.7708
vn -0.0865 0.4696 -0.8786
vn -0.0938 0.2890 -0.9527
vt 0.000000 0.000000
vt 1.000000 0.100443
vt 1.000000 1.000000
vt 0.102419 0.000000
vt 1.000000 0.000000
vt 1.000000 0.331182
vt 0.805435 0.242542
vt 0.882657 0.233484
vt 1.000000 0.226808
vt 0.331182 0.331182
vt 0.471669 0.298982
vt 0.226808 0.226808
vt 1.000000 0.208881
vt 0.210756 0.000000
vt 0.721152 0.109443
vt 1.000000 0.101378
vt 0.210756 0.210756
vt 0.406003 0.156009
vt 0.549915 0.130900
vt 1.000000 0.897581
vt 0.111685 0.000000
vt 0.110434 0.000000
vt 0.645633 0.226018
vt 1.000000 0.337244
vt 0.110434 0.110434
vt 0.284406 0.138544
vt 1.000000 0.333488
vt 0.337244 0.337244
vt 0.718943 0.687500
vt 0.750000 0.687500
vt 0.750000 0.734649
vt 0.734262 0.748144
vt 0.718968 0.746576
vt 0.718921 0.625000
vt 0.750000 0.625000
vt 0.718943 0.687500
vt 0.724874 0.585154
vt 0.750000 0.610806
vt 0.718916 0.592193
vt 0.781250 0.687500
vt 0.787582 0.687500
vt 0.781250 0.697246
vt 0.803492 0.651689
vt 0.796654 0.672826
vt 0.781250 0.637220
vt 0.781250 0.697245
vt 0.766533 0.625000
vt 0.766533 0.625000
s 0
usemtl 
f 2243/3144/1132 2274/3145/1132 2242/3146/1132
f 2274/3147/1133 2244/3148/1133 2242/3146/1133
f 2244/3144/1134 2241/3148/1134 2242/3146/1134
f 2242/3146/1135 2241/3144/1135 2265/3149/1135
f 2261/3150/1136 2263/3151/1136 2264/3152/1136 2242/3146/1136 2265/3153/1136 2262/3154/1136
f 2264/3155/1137 2266/3156/1137 2242/3146/1137
f 2243/3148/1138 2242/3146/1138 2266/3157/1138
f 2268/3158/1139 2274/3159/1139 2243/3146/1139 2266/3160/1139 2269/3161/1139 2267/3162/1139
f 2274/3163/1140 2273/3164/1140 2244/3148/1140
f 2241/3148/1141 2244/3146/1141 2273/3165/1141
f 2270/3166/1142 2272/3167/1142 2241/3146/1142 2273/3168/1142 2271/3169/1142
f 2265/3170/1143 2241/3146/1143 2272/3171/1143
f 2259/3172/1144 2240/3173/1144 2252/3174/1144 2248/3175/1144 2258/3176/1144
f 2260/3177/1145 2246/3178/1145 2240/3173/1145 2259/3179/1145
f 2247/3180/1146 2256/3181/1146 2246/3178/1146 2260/3177/1146 2257/3182/1146
f 2245/3183/1147 2250/3184/1147 2249/3185/1147
f 2253/3186/1148 2251/3187/1148 2250/3184/1148 2245/3183/1148 2254/3188/1148
f 2240/3173/1149 2245/3183/1149 2249/3189/1149 2252/3174/1149
f 2254/3188/1150 2245/3183/1150 2240/3173/1150 2246/3178/1150 2255/3190/1150
f 2255/3191/1151 2246/3178/1151 2256/3181/1151
o Sphere_cell.075
v -0.009504 0.004192 0.003003
v -0.037729 0.018668 0.045731
v -0.015411 0.006223 0.003790
v -0.653281 0.382683 0.653281
v -0.768177 0.382683 0.513280
v -0.853553 0.382683 0.353553
v -0.906127 0.382683 0.180240
v -0.880955 0.284908 0.364904
v -0.791604 0.289805 0.528932
v -0.605005 0.277688 0.733905
v -0.674332 0.284544 0.674332
v -0.860846 0.445139 0.215064
v -0.730028 0.468522 0.487789
v -0.677714 0.465180 0.554336
v -0.814760 0.461240 0.337485
v -0.909506 0.381451 0.149733
v -0.892192 0.409264 0.177468
v -0.920732 0.339795 0.164043
v -0.929283 0.272624 0.218363
v -0.925931 0.316121 0.184179
v -0.675564 0.461851 0.559747
v -0.588554 0.291661 0.741949
v -0.642443 0.382683 0.662176
v -0.648614 0.395032 0.648614
v -0.880955 0.284908 0.364904
v -0.791604 0.289805 0.528932
v -0.605005 0.277688 0.733905
v -0.674332 0.284544 0.674332
v -0.730028 0.468522 0.487789
v -0.814760 0.461240 0.337485
v -0.677714 0.465180 0.554336
v -0.860846 0.445139 0.215064
v -0.892192 0.409264 0.177468
v -0.920732 0.339795 0.164043
v -0.925931 0.316121 0.184179
v -0.929283 0.272624 0.218363
v -0.675564 0.461851 0.559747
v -0.642443 0.382683 0.662176
v -0.648614 0.395032 0.648614
v -0.588554 0.291661 0.741949
v -0.909506 0.381451 0.149733
vn -0.2417 -0.9570 0.1602
vn -0.2368 -0.9574 0.1653
vn 0.3912 0.8819 -0.2632
vn 0.1507 0.6494 -0.7453
vn 0.0029 0.3684 -0.9297
vn -0.2577 -0.2511 -0.9330
vn -0.3410 -0.5645 -0.7517
vn -0.3442 -0.8351 -0.4291
vn 0.6579 0.7294 0.1875
vn -0.2201 -0.9588 0.1795
vn 0.3521 -0.7425 0.5698
vn 0.6920 0.6620 0.2879
vn -0.5601 0.4696 0.6825
vn -0.6073 0.2890 0.7400
vn -0.6825 0.4696 0.5601
vn -0.7400 0.2890 0.6073
vn -0.7786 0.4696 0.4162
vn -0.8443 0.2890 0.4513
vn -0.8448 0.4696 0.2563
vn -0.9161 0.2890 0.2779
vn -0.8796 0.4693 0.0784
vn -0.9527 0.2890 0.0938
vt 0.115743 0.000000
vt 1.000000 0.000000
vt 1.000000 0.639760
vt 0.674949 0.426568
vt 0.358705 0.196378
vt 0.639760 0.639760
vt 0.000000 0.000000
vt 0.698264 0.000000
vt 0.490349 0.183077
vt 0.357511 0.000000
vt 1.000000 0.818293
vt 0.776482 0.550554
vt 0.848452 0.341299
vt 0.818293 0.818293
vt 0.864643 0.013992
vt 0.865114 0.865114
vt 0.864361 0.864361
vt 0.875374 0.000000
vt 0.124626 0.000000
vt 1.000000 0.883604
vt 0.441144 0.321530
vt 0.883604 0.883604
vt 0.369608 0.000000
vt 1.000000 1.000000
vt 0.357511 0.357511
vt 1.000000 0.301736
vt 0.686455 0.686455
vt 0.693366 0.000000
vt 0.673889 0.354817
vt 0.693366 0.693366
vt 0.630392 0.000000
vt 0.669045 0.303883
vt 0.125000 0.629464
vt 0.125000 0.625000
vt 0.127419 0.625000
vt 0.127419 0.625000
vt 0.125000 0.592303
vt 0.140543 0.589990
vt 0.143261 0.594674
vt 0.109116 0.654823
vt 0.093750 0.656031
vt 0.093750 0.625000
vt 0.110119 0.653620
vt 0.093750 0.594056
vt 0.062500 0.625000
vt 0.062500 0.653399
vt 0.062500 0.592424
vt 0.031250 0.625000
vt 0.039001 0.647578
vt 0.031250 0.634609
vt 0.031250 0.602824
vt 0.036769 0.588319
vt 0.026164 0.625000
vt 0.028066 0.610711
vt 0.025949 0.624572
s 0
usemtl 
f 2310/3192/1152 2275/3193/1152 2302/3194/1152 2300/3195/1152 2299/3196/1152
f 2302/3197/1153 2275/3198/1153 2301/3199/1153
f 2303/3200/1154 2305/3201/1154 2275/3193/1154 2306/3202/1154 2304/3203/1154
f 2307/3204/1155 2306/3205/1155 2275/3198/1155 2315/3206/1155
f 2315/3207/1156 2275/3198/1156 2277/3193/1156
f 2315/3208/1157 2277/3198/1157 2308/3209/1157
f 2308/3210/1158 2277/3193/1158 2310/3211/1158 2309/3212/1158
f 2310/3213/1159 2277/3198/1159 2275/3193/1159
f 2311/3214/1160 2276/3193/1160 2275/3215/1160 2305/3216/1160
f 2276/3198/1161 2301/3217/1161 2275/3215/1161
f 2301/3218/1162 2276/3198/1162 2314/3219/1162
f 2312/3220/1163 2314/3221/1163 2276/3198/1163 2311/3222/1163 2313/3223/1163
f 2298/3224/1164 2278/3225/1164 2297/3226/1164
f 2297/3227/1165 2278/3225/1165 2285/3228/1165 2284/3229/1165 2296/3230/1165
f 2288/3231/1166 2287/3232/1166 2279/3233/1166 2278/3225/1166 2298/3224/1166 2295/3234/1166
f 2285/3228/1167 2278/3225/1167 2279/3233/1167 2283/3235/1167
f 2280/3236/1168 2279/3233/1168 2287/3232/1168 2289/3237/1168
f 2283/3235/1169 2279/3233/1169 2280/3236/1169 2282/3238/1169
f 2281/3239/1170 2280/3236/1170 2289/3237/1170 2286/3240/1170 2291/3241/1170
f 2282/3238/1171 2280/3236/1171 2281/3239/1171 2294/3242/1171 2293/3243/1171
f 2290/3244/1172 2281/3239/1172 2291/3241/1172
f 2292/3245/1173 2294/3242/1173 2281/3239/1173 2290/3246/1173
o Sphere_cell.076
v 0.003554 -0.008007 0.004352
v 0.392847 -0.831470 0.392847
v 0.308658 -0.831470 0.461940
v 0.449269 -0.707107 0.541634
v 0.487288 -0.766692 0.401593
v 0.470852 -0.740936 0.470853
v 0.275824 -0.806824 0.513377
v 0.354082 -0.764371 0.529921
v 0.444833 -0.707107 0.545274
v 0.246367 -0.848742 0.458771
v 0.261628 -0.831470 0.487078
v 0.426711 -0.831470 0.351585
v 0.363845 -0.875241 0.299725
v 0.332567 -0.877036 0.332567
v 0.265597 -0.872899 0.397494
v 0.487288 -0.766692 0.401593
v 0.470852 -0.740936 0.470853
v 0.449269 -0.707107 0.541634
v 0.354082 -0.764371 0.529921
v 0.444833 -0.707107 0.545274
v 0.275824 -0.806824 0.513377
v 0.246367 -0.848742 0.458771
v 0.261628 -0.831470 0.487078
v 0.426711 -0.831470 0.351585
v 0.363845 -0.875241 0.299725
v 0.332567 -0.877036 0.332567
v 0.265597 -0.872899 0.397494
vn 0.8361 0.5482 0.0196
vn -0.3906 0.3963 0.8309
vn -0.8807 0.0017 0.4737
vn 0.6358 0.0013 -0.7718
vn -0.6276 -0.4716 -0.6194
vn -0.9245 -0.3494 -0.1524
vn 0.4918 -0.7715 0.4036
vn 0.3658 -0.8810 0.3002
vn 0.4036 -0.7715 0.4918
vn 0.3002 -0.8810 0.3658
vn 0.2230 -0.8810 0.4173
vn 0.2999 -0.7715 0.5611
vt 0.271658 0.000000
vt 1.000000 0.000000
vt 1.000000 0.668379
vt 0.978288 0.649012
vt 0.610197 0.313611
vt 0.668379 0.668379
vt 0.000000 0.000000
vt 0.766281 0.000000
vt 0.725594 0.299825
vt 0.790233 0.373327
vt 0.766281 0.766281
vt 0.807091 0.000000
vt 1.000000 0.728342
vt 0.559681 0.350260
vt 0.167356 0.000000
vt 0.439371 0.165666
vt 1.000000 0.169494
vt 1.000000 1.000000
vt 0.167356 0.167356
vt 0.178474 0.169706
vt 1.000000 0.192909
vt 0.390298 0.220055
vt 0.375000 0.232999
vt 0.375000 0.187500
vt 0.390316 0.187500
vt 0.390332 0.157896
vt 0.375000 0.156682
vt 0.343750 0.187500
vt 0.375000 0.232999
vt 0.360205 0.250000
vt 0.358911 0.250000
vt 0.343750 0.221221
vt 0.343935 0.159331
vt 0.328449 0.187500
vt 0.328429 0.175818
vt 0.343750 0.159480
vt 0.328470 0.199886
s 0
usemtl 
f 2331/3247/1174 2316/3248/1174 2335/3249/1174 2333/3250/1174 2332/3251/1174
f 2335/3252/1175 2316/3253/1175 2336/3254/1175 2334/3255/1175
f 2338/3256/1176 2336/3257/1176 2316/3253/1176 2337/3258/1176
f 2316/3248/1177 2331/3259/1177 2339/3260/1177 2340/3261/1177
f 2341/3262/1178 2342/3263/1178 2316/3264/1178 2340/3265/1178
f 2342/3266/1179 2337/3267/1179 2316/3264/1179
f 2320/3268/1180 2321/3269/1180 2317/3270/1180 2327/3271/1180
f 2328/3272/1181 2327/3271/1181 2317/3270/1181 2329/3273/1181
f 2318/3274/1182 2317/3270/1182 2321/3275/1182 2319/3276/1182 2324/3277/1182 2323/3278/1182
f 2330/3279/1183 2329/3273/1183 2317/3270/1183 2318/3274/1183
f 2318/3274/1184 2326/3280/1184 2325/3281/1184 2330/3282/1184
f 2322/3283/1185 2326/3280/1185 2318/3274/1185 2323/3278/1185
o Sphere_cell.077
v -0.007085 -0.003169 -0.000776
v -0.037996 -0.028552 -0.010794
v -0.346238 -0.036606 -0.104284
v -0.961939 -0.195090 -0.191342
v -0.906127 -0.382683 -0.180240
v -0.815493 -0.555570 -0.162212
v -0.774112 -0.578604 -0.233820
v -0.767207 -0.591491 -0.220323
v -0.822132 -0.555570 -0.094799
v -0.798551 -0.576619 -0.158842
v -0.849990 -0.520672 -0.001349
v -0.923780 -0.382683 -0.001010
v -0.967704 -0.237992 -0.000675
v -0.943750 -0.098341 -0.283970
v -0.966563 -0.147219 -0.192262
v -0.971582 -0.195090 -0.093442
v -0.968222 -0.232393 -0.012659
v -0.934609 -0.195090 -0.281436
v -0.806970 -0.526374 -0.243809
v -0.880259 -0.382683 -0.265516
v -0.792111 -0.555570 -0.239290
v -0.774112 -0.578604 -0.233820
v -0.767207 -0.591491 -0.220323
v -0.798551 -0.576619 -0.158842
v -0.822132 -0.555570 -0.094799
v -0.923780 -0.382683 -0.001010
v -0.967704 -0.237992 -0.000675
v -0.849990 -0.520672 -0.001349
v -0.971582 -0.195090 -0.093442
v -0.968222 -0.232393 -0.012659
v -0.943750 -0.098341 -0.283970
v -0.966563 -0.147219 -0.192262
v -0.934609 -0.195090 -0.281436
v -0.806970 -0.526374 -0.243809
v -0.880259 -0.382683 -0.265516
v -0.792111 -0.555570 -0.239290
vn 0.5481 -0.4468 -0.7070
vn 0.4722 -0.7707 0.4278
vn 0.4590 -0.7481 0.4793
vn 0.0006 -0.0021 1.0000
vn -0.2165 0.8829 0.4167
vn 0.2878 0.0021 -0.9577
vn 0.2903 -0.0004 -0.9570
vn 0.2896 0.0250 -0.9568
vn -0.2154 0.8811 0.4210
vn -0.9904 -0.0975 -0.0976
vn -0.9527 -0.2890 -0.0938
vn -0.8786 -0.4696 -0.0865
vn -0.7708 -0.6326 -0.0759
vn -0.9161 -0.2890 -0.2779
vn -0.8448 -0.4696 -0.2563
vn -0.7412 -0.6326 -0.2248
vn -0.9524 -0.0975 -0.2889
vt 0.272705 0.000000
vt 1.000000 0.000000
vt 1.000000 0.720286
vt 0.720286 0.720286
vt 0.000000 0.000000
vt 0.801488 0.000000
vt 0.774587 0.303842
vt 0.751270 0.516451
vt 0.801488 0.801488
vt 0.879031 0.403226
vt 0.808001 0.808001
vt 0.921413 0.000000
vt 0.115742 0.000000
vt 1.000000 0.849127
vt 0.687229 0.568900
vt 0.368870 0.257801
vt 0.849127 0.849127
vt 0.654555 0.000000
vt 0.758772 0.328137
vt 0.836094 0.691474
vt 1.000000 0.727295
vt 0.835860 0.695091
vt 0.654555 0.654555
vt 1.000000 1.000000
vt 0.884258 0.000000
vt 1.000000 0.078587
vt 0.968750 0.437500
vt 0.984739 0.437500
vt 0.968750 0.452836
vt 0.968750 0.375000
vt 0.999825 0.375000
vt 0.999887 0.423206
vt 0.997894 0.425072
vt 0.999750 0.325116
vt 0.968750 0.312500
vt 0.981737 0.312500
vt 0.968750 0.303819
vt 0.953448 0.437500
vt 0.953374 0.375000
vt 0.953303 0.323055
vt 0.953308 0.312500
vt 0.955468 0.297685
vt 0.968750 0.303819
vt 0.953312 0.303000
vt 0.953481 0.468495
s 0
usemtl 
f 2364/3284/1186 2344/3285/1186 2365/3286/1186
f 2365/3287/1187 2344/3288/1187 2370/3289/1187 2367/3290/1187 2366/3291/1187
f 2344/3288/1188 2343/3285/1188 2370/3292/1188
f 2368/3293/1189 2370/3294/1189 2343/3288/1189 2369/3295/1189
f 2372/3296/1190 2345/3285/1190 2373/3297/1190 2374/3298/1190 2371/3299/1190
f 2373/3300/1191 2345/3288/1191 2376/3301/1191 2377/3302/1191 2375/3303/1191
f 2364/3304/1192 2378/3305/1192 2376/3306/1192 2345/3288/1192 2344/3285/1192
f 2345/3288/1193 2343/3285/1193 2344/3307/1193
f 2345/3288/1194 2372/3308/1194 2369/3309/1194 2343/3307/1194
f 2346/3310/1195 2358/3311/1195 2357/3312/1195
f 2346/3310/1196 2347/3313/1196 2354/3314/1196 2355/3315/1196 2359/3316/1196 2358/3311/1196
f 2353/3317/1197 2354/3314/1197 2347/3313/1197 2348/3318/1197 2351/3319/1197
f 2351/3319/1198 2348/3318/1198 2352/3320/1198
f 2347/3313/1199 2346/3310/1199 2360/3321/1199 2362/3322/1199
f 2348/3318/1200 2347/3313/1200 2362/3322/1200 2361/3323/1200 2363/3324/1200
f 2350/3325/1201 2352/3326/1201 2348/3318/1201 2363/3324/1201 2349/3327/1201
f 2346/3310/1202 2357/3312/1202 2356/3328/1202 2360/3321/1202
o Sphere_cell.078
v 0.043053 -0.021677 0.101359
v 0.003479 -0.001498 0.004975
v 0.015435 0.002587 0.015351
v 0.707106 0.000000 0.707107
v 0.693520 -0.195090 0.693520
v 0.544895 -0.195090 0.815493
v 0.807419 0.030772 0.580121
v 0.565437 -0.435617 0.688948
v 0.609792 -0.382683 0.688972
v 0.674843 -0.282163 0.674843
v 0.723535 -0.195090 0.656946
v 0.800606 0.000000 0.593176
v 0.527094 -0.382683 0.756841
v 0.515746 -0.368049 0.771869
v 0.375811 -0.198142 0.904826
v 0.681740 0.173359 0.705943
v 0.672088 0.160155 0.715538
v 0.695284 0.169756 0.695284
v 0.707964 0.164444 0.680655
v 0.376266 -0.192030 0.905967
v 0.555497 -0.001335 0.831360
v 0.723535 -0.195090 0.656946
v 0.800606 0.000000 0.593176
v 0.674843 -0.282163 0.674843
v 0.609792 -0.382683 0.688972
v 0.565437 -0.435617 0.688948
v 0.527094 -0.382683 0.756841
v 0.515746 -0.368049 0.771869
v 0.681740 0.173359 0.705943
v 0.672088 0.160155 0.715538
v 0.695284 0.169756 0.695284
v 0.707964 0.164444 0.680655
v 0.807419 0.030772 0.580121
v 0.376266 -0.192030 0.905967
v 0.555497 -0.001335 0.831360
v 0.375811 -0.198142 0.904826
vn 0.5271 0.3836 -0.7583
vn 0.5324 -0.4444 -0.7204
vn -0.7071 -0.6929 0.1411
vn -0.8998 -0.3132 0.3039
vn -0.5856 0.7110 0.3893
vn -0.5718 0.7318 0.3707
vn 0.0501 0.9571 -0.2854
vn 0.3855 0.7204 -0.5765
vn -0.9241 -0.0025 0.3822
vn -0.5882 0.7067 0.3932
vn 0.7693 0.0975 0.6314
vn 0.7693 -0.0975 0.6314
vn 0.7400 -0.2890 0.6073
vn 0.6073 -0.2890 0.7400
vn 0.5601 -0.4696 0.6825
vn 0.6305 0.0973 0.7701
vn 0.6314 -0.0975 0.7693
vn 0.4690 -0.1006 0.8775
vn 0.4513 -0.2890 0.8443
vt 0.000000 0.000000
vt 1.000000 0.231327
vt 1.000000 1.000000
vt 0.231327 0.231327
vt 0.273042 0.230460
vt 0.572909 0.254556
vt 0.719750 0.279117
vt 0.897309 0.316007
vt 1.000000 0.345189
vt 1.000000 0.138633
vt 0.345189 0.345189
vt 0.501169 0.280207
vt 0.542409 0.265824
vt 0.152666 0.000000
vt 1.000000 0.000000
vt 0.647287 0.000000
vt 1.000000 0.329368
vt 0.332981 0.000000
vt 0.332981 0.332981
vt 0.641227 0.330794
vt 1.000000 0.330862
vt 0.330862 0.330862
vt 1.000000 0.234280
vt 0.567843 0.416076
vt 0.151476 0.000000
vt 0.596623 0.231170
vt 1.000000 0.352713
vt 0.151476 0.151476
vt 0.400816 0.509858
vt 0.378137 0.552682
vt 0.375000 0.554384
vt 0.375000 0.500000
vt 0.398495 0.500000
vt 0.375000 0.437500
vt 0.382690 0.437500
vt 0.398495 0.500000
vt 0.375000 0.408490
vt 0.343750 0.379876
vt 0.346833 0.375000
vt 0.365293 0.375000
vt 0.343750 0.437500
vt 0.346833 0.375000
vt 0.359379 0.355864
vt 0.365293 0.375000
vt 0.372218 0.555538
vt 0.370008 0.551308
vt 0.343964 0.500000
vt 0.343750 0.499572
vt 0.312651 0.438480
vt 0.312653 0.437500
vt 0.312663 0.436442
s 0
usemtl 
f 2381/3329/1203 2411/3330/1203 2380/3331/1203
f 2380/3331/1204 2411/3332/1204 2401/3333/1204 2400/3334/1204 2402/3335/1204 2403/3336/1204 2404/3337/1204
f 2414/3338/1205 2380/3331/1205 2404/3339/1205 2405/3340/1205 2406/3341/1205
f 2414/3342/1206 2379/3343/1206 2380/3331/1206
f 2380/3331/1207 2379/3329/1207 2408/3344/1207 2407/3345/1207
f 2407/3346/1208 2381/3343/1208 2380/3331/1208
f 2381/3331/1209 2407/3347/1209 2409/3348/1209 2410/3349/1209
f 2381/3331/1210 2410/3350/1210 2411/3351/1210
f 2414/3352/1211 2412/3353/1211 2379/3343/1211
f 2413/3354/1212 2408/3355/1212 2379/3331/1212 2412/3356/1212
f 2385/3357/1213 2397/3358/1213 2396/3359/1213 2382/3360/1213 2390/3361/1213
f 2382/3360/1214 2383/3362/1214 2389/3363/1214 2390/3364/1214
f 2383/3362/1215 2388/3365/1215 2389/3363/1215
f 2392/3366/1216 2391/3367/1216 2387/3368/1216 2388/3365/1216 2383/3362/1216 2384/3369/1216
f 2391/3370/1217 2386/3371/1217 2387/3372/1217
f 2396/3359/1218 2394/3373/1218 2395/3374/1218 2399/3375/1218 2382/3360/1218
f 2399/3376/1219 2384/3369/1219 2383/3362/1219 2382/3360/1219
f 2398/3377/1220 2393/3378/1220 2384/3369/1220 2399/3376/1220
f 2393/3379/1221 2392/3366/1221 2384/3369/1221
o Sphere_cell.079
v 0.002688 0.008411 -0.001950
v 0.212608 0.923880 -0.318190
v 0.308658 0.831470 -0.461940
v 0.270598 0.923880 -0.270598
v 0.318190 0.923880 -0.212607
v 0.426746 0.868377 -0.228728
v 0.463845 0.826655 -0.315541
v 0.461299 0.831881 -0.308230
v 0.335608 0.923880 -0.180021
v 0.265108 0.948246 -0.142341
v 0.232463 0.955155 -0.155327
v 0.166986 0.948789 -0.249912
v 0.148660 0.944640 -0.275142
v 0.201235 0.953636 -0.201235
v 0.180688 0.923880 -0.335251
v 0.261581 0.831470 -0.487103
v 0.269276 0.817970 -0.501552
v 0.312016 0.826509 -0.466965
v 0.382260 0.831470 -0.401536
v 0.401382 0.831470 -0.382448
v 0.392155 0.831993 -0.392155
v 0.426746 0.868377 -0.228728
v 0.461299 0.831881 -0.308230
v 0.335608 0.923880 -0.180021
v 0.265108 0.948246 -0.142341
v 0.166986 0.948789 -0.249912
v 0.148660 0.944640 -0.275142
v 0.232463 0.955155 -0.155327
v 0.201235 0.953636 -0.201235
v 0.261581 0.831470 -0.487103
v 0.269276 0.817970 -0.501552
v 0.180688 0.923880 -0.335251
v 0.312016 0.826509 -0.466965
v 0.382260 0.831470 -0.401536
v 0.392155 0.831993 -0.392155
v 0.401382 0.831470 -0.382448
v 0.463845 0.826655 -0.315541
vn 0.8271 -0.2793 0.4877
vn 0.4714 0.0001 0.8819
vn -0.3183 0.2264 0.9206
vn -0.7980 0.2801 0.5336
vn -0.8825 0.0004 -0.4703
vn 0.5871 -0.5563 -0.5881
vn 0.1374 0.9565 -0.2571
vn 0.2230 0.8810 -0.4173
vn 0.2999 0.7715 -0.5611
vn 0.3002 0.8810 -0.3658
vn 0.4036 0.7715 -0.4918
vn 0.1850 0.9565 -0.2254
vn 0.2254 0.9565 -0.1850
vn 0.3658 0.8810 -0.3002
vn 0.4812 0.7837 -0.3928
vn 0.2571 0.9565 -0.1374
vn 0.4173 0.8810 -0.2230
vt 0.284033 0.209256
vt 1.000000 0.174588
vt 1.000000 1.000000
vt 0.214237 0.214237
vt 1.000000 0.097623
vt 0.174588 0.174588
vt 0.653107 0.121135
vt 1.000000 0.091367
vt 0.097623 0.097623
vt 1.000000 0.101386
vt 0.092531 0.091362
vt 0.434825 0.092794
vt 0.804744 0.097419
vt 1.000000 0.223000
vt 0.101386 0.101386
vt 0.316527 0.121321
vt 0.932790 0.210040
vt 0.654671 0.209801
vt 0.693994 0.209277
vt 0.733004 0.209759
vt 1.000000 0.214237
vt 0.223000 0.223000
vt 0.378367 0.214715
vt 0.656250 0.902359
vt 0.656250 0.875000
vt 0.671327 0.875000
vt 0.671166 0.897802
vt 0.656250 0.812500
vt 0.671566 0.812500
vt 0.671578 0.805715
vt 0.656250 0.810007
vt 0.625000 0.875000
vt 0.625000 0.812854
vt 0.628930 0.812500
vt 0.625000 0.907682
vt 0.656250 0.902359
vt 0.593750 0.909350
vt 0.593750 0.875000
vt 0.625000 0.812854
vt 0.593889 0.812500
vt 0.621140 0.812500
vt 0.595035 0.810080
vt 0.593642 0.909345
vt 0.578421 0.901762
vt 0.578358 0.875000
vt 0.578305 0.837462
vt 0.593750 0.812778
s 0
usemtl 
f 2437/3380/1222 2436/3381/1222 2415/3382/1222 2451/3383/1222
f 2439/3384/1223 2415/3382/1223 2436/3385/1223 2438/3386/1223
f 2442/3387/1224 2415/3382/1224 2439/3388/1224
f 2441/3389/1225 2415/3382/1225 2442/3390/1225 2443/3391/1225 2440/3392/1225
f 2445/3393/1226 2415/3382/1226 2441/3394/1226 2446/3395/1226 2444/3396/1226
f 2448/3397/1227 2449/3398/1227 2450/3399/1227 2451/3400/1227 2415/3382/1227 2445/3401/1227 2447/3402/1227
f 2426/3403/1228 2416/3404/1228 2429/3405/1228 2427/3406/1228
f 2416/3404/1229 2417/3407/1229 2430/3408/1229 2429/3405/1229
f 2431/3409/1230 2430/3408/1230 2417/3407/1230 2432/3410/1230
f 2417/3407/1231 2416/3404/1231 2418/3411/1231 2435/3412/1231 2433/3413/1231
f 2432/3410/1232 2417/3407/1232 2433/3413/1232
f 2428/3414/1233 2418/3411/1233 2416/3404/1233 2426/3415/1233
f 2425/3416/1234 2419/3417/1234 2418/3411/1234 2428/3414/1234
f 2435/3418/1235 2418/3411/1235 2419/3417/1235 2422/3419/1235 2434/3420/1235
f 2434/3420/1236 2422/3419/1236 2421/3421/1236
f 2425/3422/1237 2424/3423/1237 2423/3424/1237 2419/3417/1237
f 2420/3425/1238 2422/3426/1238 2419/3417/1238 2423/3424/1238
o Sphere_cell.080
v 0.004437 -0.004953 0.002855
v 0.039931 -0.045324 0.009049
v 0.653281 -0.707107 0.270598
v 0.587938 -0.707107 0.392847
v 0.587938 -0.555570 0.587938
v 0.500000 -0.707107 0.500000
v 0.489325 -0.765491 0.401407
v 0.492254 -0.765761 0.397320
v 0.452279 -0.707107 0.539163
v 0.449625 -0.702929 0.545756
v 0.472523 -0.738997 0.472523
v 0.525900 -0.555570 0.638850
v 0.532173 -0.536960 0.646509
v 0.590563 -0.548623 0.590563
v 0.678902 -0.555570 0.477097
v 0.690776 -0.556399 0.461562
v 0.700567 -0.555570 0.444679
v 0.730896 -0.552598 0.391292
v 0.733375 -0.555570 0.383300
v 0.750859 -0.578412 0.311016
v 0.758953 -0.593062 0.243114
v 0.688277 -0.707107 0.155234
v 0.665885 -0.730230 0.132453
v 0.660247 -0.735298 0.127008
v 0.649209 -0.744046 0.129716
v 0.525699 -0.768538 0.351261
v 0.590833 -0.762580 0.244731
v 0.489325 -0.765491 0.401407
v 0.492254 -0.765761 0.397320
v 0.452279 -0.707107 0.539163
v 0.449625 -0.702929 0.545756
v 0.472523 -0.738997 0.472523
v 0.525900 -0.555570 0.638850
v 0.532173 -0.536960 0.646509
v 0.690776 -0.556399 0.461562
v 0.700567 -0.555570 0.444679
v 0.730896 -0.552598 0.391292
v 0.590563 -0.548623 0.590563
v 0.678902 -0.555570 0.477097
v 0.750859 -0.578412 0.311016
v 0.758953 -0.593062 0.243114
v 0.733375 -0.555570 0.383300
v 0.688277 -0.707107 0.155234
v 0.665885 -0.730230 0.132453
v 0.660247 -0.735298 0.127008
v 0.525699 -0.768538 0.351261
v 0.590833 -0.762580 0.244731
v 0.649209 -0.744046 0.129716
vn -0.6476 -0.6342 -0.4223
vn -0.8434 -0.5373 0.0009
vn -0.7734 -0.0002 0.6339
vn 0.4618 0.8315 0.3086
vn 0.6301 0.7711 -0.0913
vn 0.5057 0.3218 -0.8004
vn -0.0624 -0.2225 -0.9729
vn -0.6430 -0.6347 -0.4286
vn 0.6298 -0.7737 0.0679
vn 0.6088 -0.7715 0.1847
vn 0.7412 -0.6326 0.2248
vn 0.7786 -0.4696 0.4162
vn 0.6831 -0.6326 0.3651
vn 0.5611 -0.7715 0.2999
vn 0.4918 -0.7715 0.4036
vn 0.6825 -0.4696 0.5601
vn 0.5987 -0.6326 0.4913
vn 0.5601 -0.4696 0.6825
vn 0.4913 -0.6326 0.5987
vn 0.4036 -0.7715 0.4918
vn 0.5005 0.3119 -0.8076
vt 0.000000 0.000000
vt 0.717368 0.000000
vt 1.000000 0.271969
vt 1.000000 1.000000
vt 1.000000 0.331898
vt 0.271969 0.271969
vt 0.617947 0.297350
vt 0.962875 0.327896
vt 0.933147 0.377690
vt 1.000000 0.385353
vt 0.331898 0.331898
vt 0.881645 0.312817
vt 1.000000 0.304924
vt 0.385353 0.385353
vt 0.533570 0.355941
vt 0.806825 0.320191
vt 0.844036 0.315472
vt 1.000000 0.278622
vt 0.304924 0.304924
vt 0.343774 0.302582
vt 0.688194 0.286126
vt 0.289923 0.000000
vt 1.000000 0.000000
vt 0.312899 0.312899
vt 1.000000 0.304263
vt 0.870707 0.279869
vt 1.000000 0.282632
vt 0.304263 0.304263
vt 0.589806 0.285805
vt 0.468750 0.238379
vt 0.468750 0.231933
vt 0.469782 0.235832
vt 0.468750 0.238379
vt 0.464678 0.250000
vt 0.437500 0.250000
vt 0.437500 0.222121
vt 0.450686 0.297037
vt 0.437500 0.303079
vt 0.423346 0.312500
vt 0.421770 0.313574
vt 0.410002 0.312500
vt 0.406250 0.250000
vt 0.437500 0.303079
vt 0.406250 0.312158
vt 0.406250 0.219127
vt 0.437500 0.222121
vt 0.390658 0.220658
vt 0.391916 0.220522
vt 0.406250 0.219127
vt 0.375000 0.250000
vt 0.375000 0.233973
vt 0.375000 0.312500
vt 0.402491 0.312500
vt 0.375000 0.315011
vt 0.406250 0.312158
vt 0.359610 0.319228
vt 0.359614 0.312500
vt 0.375000 0.315011
vt 0.361083 0.250000
vt 0.359677 0.251723
vt 0.375000 0.233973
vt 0.289923 0.289923
vt 0.497691 0.341413
vt 0.904062 0.318030
vt 1.000000 0.312899
s 0
usemtl 
f 2453/3427/1239 2480/3428/1239 2479/3429/1239 2452/3430/1239
f 2482/3431/1240 2452/3430/1240 2479/3432/1240 2483/3433/1240 2481/3434/1240
f 2484/3435/1241 2485/3436/1241 2452/3430/1241 2482/3437/1241
f 2487/3438/1242 2488/3439/1242 2452/3430/1242 2485/3440/1242 2489/3441/1242 2490/3442/1242 2486/3443/1242
f 2492/3444/1243 2452/3430/1243 2488/3445/1243 2493/3446/1243 2491/3447/1243
f 2492/3448/1244 2453/3449/1244 2452/3430/1244
f 2453/3430/1245 2496/3450/1245 2499/3451/1245
f 2497/3452/1246 2480/3453/1246 2453/3430/1246 2499/3454/1246 2498/3455/1246
f 2495/3456/1247 2476/3457/1247 2475/3458/1247
f 2476/3457/1248 2495/3459/1248 2494/3460/1248 2454/3461/1248 2478/3462/1248
f 2472/3463/1249 2471/3464/1249 2454/3461/1249 2494/3460/1249
f 2470/3465/1250 2469/3466/1250 2468/3467/1250
f 2455/3468/1251 2454/3461/1251 2471/3469/1251 2470/3465/1251 2468/3467/1251 2467/3470/1251
f 2454/3461/1252 2455/3468/1252 2477/3471/1252 2478/3472/1252
f 2458/3473/1253 2459/3474/1253 2477/3475/1253 2455/3468/1253 2457/3476/1253 2462/3477/1253
f 2456/3478/1254 2466/3479/1254 2465/3480/1254
f 2457/3476/1255 2455/3468/1255 2467/3481/1255 2466/3479/1255 2456/3478/1255
f 2464/3482/1256 2463/3483/1256 2456/3478/1256 2465/3484/1256
f 2460/3485/1257 2457/3476/1257 2456/3478/1257 2463/3483/1257 2461/3486/1257
f 2462/3487/1258 2457/3476/1258 2460/3485/1258
f 2492/3488/1259 2473/3489/1259 2474/3490/1259 2496/3491/1259 2453/3430/1259
o Sphere_cell.081
v 0.003352 0.002334 -0.005500
v 0.353553 0.382683 -0.853553
v 0.513280 0.382683 -0.768178
v 0.413196 0.464769 -0.772163
v 0.340756 0.382683 -0.857435
v 0.255165 0.285766 -0.913973
v 0.351146 0.394453 -0.847741
v 0.487845 0.468336 -0.730111
v 0.555044 0.464915 -0.677316
v 0.458794 0.195090 -0.861515
v 0.370300 0.238427 -0.893982
v 0.496278 0.195090 -0.841480
v 0.599394 0.195090 -0.770767
v 0.544703 0.196229 -0.815206
v 0.619556 0.195090 -0.754220
v 0.683596 0.238164 -0.684843
v 0.647303 0.395598 -0.649300
v 0.652221 0.382683 -0.654151
v 0.413196 0.464769 -0.772163
v 0.351146 0.394453 -0.847741
v 0.340756 0.382683 -0.857435
v 0.255165 0.285766 -0.913973
v 0.487845 0.468336 -0.730111
v 0.555044 0.464915 -0.677316
v 0.370300 0.238427 -0.893982
v 0.458794 0.195090 -0.861515
v 0.496278 0.195090 -0.841480
v 0.544703 0.196229 -0.815206
v 0.599394 0.195090 -0.770767
v 0.619556 0.195090 -0.754220
v 0.683596 0.238164 -0.684843
v 0.647303 0.395598 -0.649300
v 0.652221 0.382683 -0.654151
vn -0.7492 0.6623 -0.0011
vn -0.2627 0.8819 0.3915
vn -0.3009 -0.8835 -0.3590
vn 0.1082 -0.9808 -0.1620
vn 0.4450 -0.8847 0.1385
vn 0.7061 0.0029 0.7081
vn 0.2874 0.6622 0.6920
vn 0.2563 0.4696 -0.8448
vn 0.2779 0.2890 -0.9161
vn 0.4513 0.2890 -0.8443
vn 0.4162 0.4696 -0.7786
vn 0.5601 0.4696 -0.6825
vn 0.6073 0.2890 -0.7400
vt 0.618980 0.425177
vt 0.561069 0.376550
vt 0.130356 0.000000
vt 1.000000 0.000000
vt 1.000000 0.733815
vt 0.733815 0.733815
vt 0.000000 0.000000
vt 0.643461 0.000000
vt 0.693781 0.369200
vt 0.181054 0.000000
vt 1.000000 0.869644
vt 0.550835 0.401487
vt 1.000000 0.282396
vt 1.000000 1.000000
vt 0.181054 0.181054
vt 0.353411 0.199475
vt 0.586967 0.224608
vt 0.891208 0.267130
vt 0.289055 0.282963
vt 1.000000 0.349362
vt 1.000000 0.383680
vt 0.349362 0.349362
vt 0.942332 0.379010
vt 1.000000 0.356539
vt 0.383680 0.383680
vt 0.687500 0.629255
vt 0.687500 0.625000
vt 0.689807 0.625000
vt 0.706659 0.592710
vt 0.689807 0.625000
vt 0.687500 0.576938
vt 0.656250 0.625000
vt 0.656250 0.562879
vt 0.665210 0.562500
vt 0.672118 0.562500
vt 0.687500 0.629255
vt 0.671800 0.654675
vt 0.656250 0.655964
vt 0.625237 0.625000
vt 0.640739 0.654727
vt 0.625252 0.629669
vt 0.644791 0.562500
vt 0.625147 0.576851
vt 0.640552 0.562500
s 0
usemtl 
f 2519/3492/1260 2520/3493/1260 2521/3494/1260 2500/3495/1260 2518/3496/1260
f 2518/3497/1261 2500/3498/1261 2523/3499/1261 2522/3500/1261
f 2525/3501/1262 2500/3495/1262 2521/3502/1262 2524/3503/1262
f 2529/3504/1263 2500/3505/1263 2525/3506/1263 2526/3507/1263 2527/3508/1263 2528/3509/1263
f 2529/3510/1264 2530/3511/1264 2500/3505/1264
f 2531/3512/1265 2500/3505/1265 2530/3513/1265 2532/3514/1265
f 2523/3515/1266 2500/3505/1266 2531/3516/1266
f 2506/3517/1267 2501/3518/1267 2504/3519/1267
f 2505/3520/1268 2504/3521/1268 2501/3518/1268 2510/3522/1268
f 2501/3518/1269 2502/3523/1269 2513/3524/1269 2511/3525/1269 2509/3526/1269 2510/3522/1269
f 2502/3523/1270 2501/3518/1270 2506/3527/1270 2503/3528/1270 2507/3529/1270
f 2517/3530/1271 2502/3523/1271 2507/3529/1271 2508/3531/1271 2516/3532/1271
f 2512/3533/1272 2513/3524/1272 2502/3523/1272 2517/3530/1272 2515/3534/1272 2514/3535/1272
o Sphere_cell.082
v 0.006323 -0.001776 -0.004225
v 0.044663 -0.013370 -0.014896
v 0.815493 -0.195090 -0.544895
v 0.906127 -0.195090 -0.375330
v 0.733982 -0.286136 -0.600891
v 0.755166 -0.195090 -0.618404
v 0.762497 -0.097428 -0.624560
v 0.831333 -0.001759 -0.555460
v 0.775964 -0.381220 -0.499650
v 0.771804 -0.368306 -0.515703
v 0.811861 -0.378278 -0.434375
v 0.866064 -0.338042 -0.358736
v 0.902849 -0.294973 -0.282262
v 0.910219 -0.276341 -0.277345
v 0.755166 -0.195090 -0.618404
v 0.762497 -0.097428 -0.624560
v 0.733982 -0.286136 -0.600891
v 0.771804 -0.368306 -0.515703
v 0.775964 -0.381220 -0.499650
v 0.811861 -0.378278 -0.434375
v 0.866064 -0.338042 -0.358736
v 0.902849 -0.294973 -0.282262
v 0.831333 -0.001759 -0.555460
v 0.906127 -0.195090 -0.375330
v 0.910219 -0.276341 -0.277345
vn -0.6343 -0.0011 -0.7731
vn -0.3928 0.7072 -0.5879
vn -0.5997 -0.6922 -0.4015
vn 0.3790 0.7312 0.5672
vn -0.3165 -0.9237 0.2157
vn -0.1116 -0.8420 0.5279
vn -0.0684 -0.7886 0.6112
vn 0.3946 0.7074 0.5865
vn 0.1851 -0.3185 0.9297
vn 0.7693 -0.0975 -0.6314
vn 0.7400 -0.2890 -0.6073
vn 0.8777 -0.0975 -0.4691
vn 0.8443 -0.2890 -0.4513
vn 0.9161 -0.2890 -0.2779
vt 1.000000 0.000000
vt 1.000000 0.724378
vt 0.642733 0.360009
vt 0.303092 0.000000
vt 0.790357 0.000116
vt 0.724378 0.724378
vt 0.000000 0.000000
vt 0.368350 0.101772
vt 0.262546 0.000000
vt 1.000000 0.696908
vt 1.000000 1.000000
vt 1.000000 0.209635
vt 0.262546 0.262546
vt 1.000000 0.228513
vt 0.624027 0.176566
vt 1.000000 0.141304
vt 0.228513 0.228513
vt 0.146610 0.000000
vt 0.857358 0.259889
vt 0.783435 0.783435
vt 0.861387 0.000000
vt 0.146610 0.146610
vt 1.000000 0.138613
vt 0.593750 0.499432
vt 0.593750 0.437500
vt 0.609206 0.437500
vt 0.609225 0.468787
vt 0.593750 0.379790
vt 0.609185 0.407166
vt 0.609206 0.437500
vt 0.562500 0.437500
vt 0.593315 0.498632
vt 0.578190 0.376468
vt 0.591040 0.375488
vt 0.593750 0.379790
vt 0.562500 0.389873
vt 0.548222 0.404222
vt 0.562095 0.437500
vt 0.547072 0.410430
s 0
usemtl 
f 2533/3536/1273 2548/3537/1273 2547/3538/1273 2549/3539/1273
f 2555/3540/1274 2548/3541/1274 2533/3542/1274
f 2550/3543/1275 2551/3544/1275 2533/3536/1275 2549/3545/1275
f 2533/3546/1276 2534/3542/1276 2555/3547/1276
f 2551/3548/1277 2552/3549/1277 2533/3546/1277
f 2553/3550/1278 2554/3551/1278 2533/3546/1278 2552/3552/1278
f 2554/3553/1279 2534/3536/1279 2533/3546/1279
f 2536/3554/1280 2555/3555/1280 2534/3542/1280 2557/3556/1280
f 2534/3546/1281 2554/3557/1281 2557/3558/1281
f 2540/3559/1282 2535/3560/1282 2538/3561/1282 2539/3562/1282
f 2535/3560/1283 2542/3563/1283 2537/3564/1283 2538/3565/1283
f 2556/3566/1284 2535/3560/1284 2540/3567/1284
f 2543/3568/1285 2541/3569/1285 2542/3570/1285 2535/3560/1285 2556/3566/1285 2544/3571/1285
f 2545/3572/1286 2544/3571/1286 2556/3573/1286 2546/3574/1286
o Sphere_cell.083
v 0.007588 0.003092 0.007216
v 0.010550 0.014869 0.017139
v 0.018430 0.005636 0.019190
v 0.587938 0.555570 0.587938
v 0.653281 0.382683 0.653281
v 0.693520 0.195090 0.693520
v 0.461940 0.555570 0.691342
v 0.369223 0.612254 0.688406
v 0.431093 0.623223 0.645177
v 0.544329 0.630717 0.544329
v 0.592408 0.627311 0.490131
v 0.381989 0.579108 0.712278
v 0.552958 0.382683 0.735614
v 0.489201 0.463767 0.732142
v 0.407936 0.555570 0.720207
v 0.667668 0.195090 0.714735
v 0.673332 0.182684 0.711660
v 0.682080 0.176044 0.705323
v 0.694809 0.171648 0.695434
v 0.707549 0.166756 0.680803
v 0.639222 0.555570 0.525447
v 0.710353 0.382683 0.583739
v 0.727712 0.308361 0.597955
v 0.714853 0.195090 0.667525
v 0.431093 0.623223 0.645177
v 0.544329 0.630717 0.544329
v 0.592408 0.627311 0.490131
v 0.369223 0.612254 0.688406
v 0.381989 0.579108 0.712278
v 0.667668 0.195090 0.714735
v 0.673332 0.182684 0.711660
v 0.552958 0.382683 0.735614
v 0.489201 0.463767 0.732142
v 0.407936 0.555570 0.720207
v 0.682080 0.176044 0.705323
v 0.694809 0.171648 0.695434
v 0.710353 0.382683 0.583739
v 0.727712 0.308361 0.597955
v 0.639222 0.555570 0.525447
v 0.714853 0.195090 0.667525
v 0.707549 0.166756 0.680803
vn -0.4497 0.7729 -0.4476
vn -0.8819 -0.0002 0.4714
vn -0.6365 -0.3962 0.6617
vn -0.5947 -0.4381 0.6741
vn -0.2828 -0.8305 0.4798
vn -0.0823 -0.9457 0.3144
vn -0.0455 -0.9587 0.2809
vn -0.0758 0.6536 -0.7530
vn 0.6313 0.0056 -0.7755
vn -0.6369 -0.3967 0.6610
vn 0.2226 -0.9749 0.0056
vn 0.6732 -0.4425 -0.5924
vn 0.6825 0.4696 0.5601
vn 0.7400 0.2890 0.6073
vn 0.7683 0.0964 0.6328
vn 0.5987 0.6326 0.4913
vn 0.4913 0.6326 0.5987
vn 0.5601 0.4696 0.6825
vn 0.6073 0.2890 0.7400
vn 0.6314 0.0975 0.7693
vn 0.4162 0.4696 0.7786
vn 0.3651 0.6326 0.6831
vt 0.547049 0.159620
vt 0.408629 0.000000
vt 1.000000 0.000000
vt 1.000000 0.649739
vt 0.847329 0.489702
vt 0.649739 0.649739
vt 0.000000 0.000000
vt 0.673319 0.000000
vt 0.673319 0.673319
vt 0.673673 0.673673
vt 0.671920 0.000000
vt 0.674908 0.019904
vt 0.695236 0.332095
vt 0.691898 0.472506
vt 0.680353 0.634987
vt 0.665943 0.000000
vt 0.671919 0.671919
vt 1.000000 0.655994
vt 0.334057 0.000000
vt 0.655994 0.655994
vt 0.668159 0.000000
vt 0.594860 0.594860
vt 0.309384 0.000000
vt 1.000000 0.594860
vt 0.822618 0.452614
vt 0.448922 0.129846
vt 1.000000 1.000000
vt 1.000000 0.331841
vt 0.671834 0.671834
vt 0.690616 0.000000
vt 0.678553 0.544212
vt 0.375000 0.687500
vt 0.375000 0.625000
vt 0.390523 0.625000
vt 0.390499 0.687500
vt 0.375000 0.562500
vt 0.380466 0.562500
vt 0.390529 0.600238
vt 0.390523 0.625000
vt 0.375000 0.554959
vt 0.378133 0.553439
vt 0.389994 0.717089
vt 0.375000 0.718494
vt 0.343750 0.687500
vt 0.343750 0.715403
vt 0.352607 0.625000
vt 0.343750 0.654312
vt 0.369564 0.562500
vt 0.370585 0.558526
vt 0.372327 0.556398
vt 0.375000 0.554959
vt 0.332010 0.687500
vt 0.332010 0.687500
vt 0.328350 0.710879
vt 0.328722 0.696088
s 0
usemtl 
f 2583/3575/1287 2584/3576/1287 2559/3577/1287 2585/3578/1287 2582/3579/1287
f 2585/3580/1288 2559/3581/1288 2586/3582/1288
f 2586/3583/1289 2559/3581/1289 2560/3577/1289
f 2586/3584/1290 2560/3581/1290 2588/3585/1290 2587/3586/1290 2589/3587/1290 2590/3588/1290 2591/3589/1290
f 2560/3581/1291 2592/3590/1291 2588/3591/1291
f 2560/3577/1292 2593/3592/1292 2592/3593/1292
f 2593/3594/1293 2560/3581/1293 2598/3595/1293
f 2559/3577/1294 2584/3596/1294 2558/3581/1294
f 2595/3597/1295 2558/3577/1295 2584/3598/1295 2596/3599/1295 2594/3600/1295
f 2558/3581/1296 2560/3577/1296 2559/3601/1296
f 2598/3602/1297 2560/3601/1297 2558/3581/1297
f 2598/3603/1298 2558/3581/1298 2595/3604/1298 2597/3605/1298
f 2561/3606/1299 2562/3607/1299 2579/3608/1299 2578/3609/1299
f 2562/3607/1300 2563/3610/1300 2581/3611/1300 2580/3612/1300 2579/3613/1300
f 2563/3610/1301 2576/3614/1301 2577/3615/1301 2581/3611/1301
f 2568/3616/1302 2567/3617/1302 2561/3606/1302 2578/3609/1302
f 2564/3618/1303 2561/3606/1303 2567/3617/1303 2566/3619/1303
f 2570/3620/1304 2562/3607/1304 2561/3606/1304 2564/3618/1304 2571/3621/1304
f 2573/3622/1305 2563/3610/1305 2562/3607/1305 2570/3620/1305
f 2563/3610/1306 2573/3622/1306 2574/3623/1306 2575/3624/1306 2576/3625/1306
f 2571/3621/1307 2564/3618/1307 2572/3626/1307
f 2572/3627/1308 2564/3618/1308 2566/3619/1308 2565/3628/1308 2569/3629/1308
o Sphere_cell.084
v 0.002807 0.010317 0.001771
v 0.191342 0.980785 0.038060
v 0.180240 0.980785 0.074658
v 0.162212 0.980785 0.108386
v 0.137950 0.980785 0.137950
v 0.314264 0.927319 0.196014
v 0.306159 0.928269 0.204569
v 0.280905 0.929272 0.230153
v 0.304165 0.940096 0.125989
v 0.293452 0.949204 0.058371
v 0.283433 0.953964 0.000768
v 0.219958 0.934471 0.267206
v 0.249590 0.932892 0.249590
v 0.195016 0.980785 0.000755
v 0.186445 0.938494 0.277635
v 0.109099 0.980785 0.161627
v 0.002434 0.999712 0.001626
v 0.306159 0.928269 0.204569
v 0.280905 0.929272 0.230153
v 0.314264 0.927319 0.196014
v 0.304165 0.940096 0.125989
v 0.293452 0.949204 0.058371
v 0.283433 0.953964 0.000768
v 0.219958 0.934471 0.267206
v 0.249590 0.932892 0.249590
v 0.195016 0.980785 0.000755
v 0.002434 0.999712 0.001626
v 0.186445 0.938494 0.277635
v 0.109099 0.980785 0.161627
vn 0.6560 -0.3630 0.6618
vn 0.9416 -0.2802 -0.1869
vn 0.4663 -0.3437 0.8152
vn -0.0031 -0.0004 -1.0000
vn 0.2462 -0.3206 0.9147
vn 0.0978 0.9952 0.0096
vn 0.2902 0.9565 0.0286
vn 0.0942 0.9951 0.0286
vn 0.2790 0.9565 0.0846
vn 0.2571 0.9565 0.1374
vn 0.0869 0.9951 0.0464
vn 0.0761 0.9951 0.0625
vn 0.2254 0.9565 0.1850
vn 0.1850 0.9565 0.2254
vn 0.0624 0.9951 0.0761
vn -0.8321 -0.0002 0.5547
vt 0.116522 0.000000
vt 1.000000 0.000000
vt 1.000000 0.882186
vt 0.781165 0.664119
vt 0.882186 0.882186
vt 0.000000 0.000000
vt 0.908033 0.000000
vt 0.903391 0.260284
vt 0.894555 0.565805
vt 0.110737 0.000000
vt 1.000000 0.883478
vt 0.539013 0.426379
vt 1.000000 0.091967
vt 1.000000 1.000000
vt 0.054990 0.048560
vt 0.689266 0.066328
vt 1.000000 0.107387
vt 0.110737 0.110737
vt 0.468750 0.937500
vt 0.499380 0.937500
vt 0.484060 0.998741
vt 0.468750 0.902814
vt 0.499567 0.908042
vt 0.452963 0.999353
vt 0.437500 0.937500
vt 0.437500 0.892810
vt 0.406250 0.937500
vt 0.406250 0.879821
vt 0.411383 0.878778
vt 0.437500 0.892810
vt 0.421641 0.999062
vt 0.390166 0.998166
vt 0.375000 0.937500
vt 0.375000 0.884898
vt 0.390751 0.880923
vt 0.344131 0.891042
vt 0.359608 0.886633
vt 0.375000 0.884898
vt 0.344504 0.937500
vt 0.359834 0.998166
vt 1.000000 0.891374
vt 0.585360 0.517894
vt 1.000000 0.048382
s 0
usemtl 
f 2617/3630/1309 2599/3631/1309 2618/3632/1309 2616/3633/1309
f 2618/3634/1310 2599/3635/1310 2621/3636/1310 2620/3637/1310 2619/3638/1310
f 2622/3639/1311 2599/3631/1311 2617/3640/1311 2623/3641/1311
f 2621/3642/1312 2599/3643/1312 2625/3644/1312 2624/3645/1312
f 2626/3646/1313 2599/3643/1313 2622/3647/1313
f 2600/3648/1314 2612/3649/1314 2615/3650/1314
f 2612/3649/1315 2600/3648/1315 2608/3651/1315 2609/3652/1315
f 2615/3653/1316 2601/3654/1316 2600/3648/1316
f 2600/3648/1317 2601/3654/1317 2607/3655/1317 2608/3651/1317
f 2601/3654/1318 2602/3656/1318 2605/3657/1318 2604/3658/1318 2607/3659/1318
f 2615/3660/1319 2602/3656/1319 2601/3654/1319
f 2615/3661/1320 2603/3662/1320 2602/3656/1320
f 2605/3657/1321 2602/3656/1321 2603/3662/1321 2611/3663/1321 2606/3664/1321
f 2613/3665/1322 2610/3666/1322 2611/3667/1322 2603/3662/1322 2627/3668/1322
f 2627/3668/1323 2603/3662/1323 2615/3669/1323
f 2599/3643/1324 2626/3670/1324 2614/3671/1324 2625/3672/1324
o Sphere_cell.085
v -0.003809 0.010061 0.000328
v -0.375330 0.923880 0.074658
v -0.382683 0.923880 -0.000000
v -0.375330 0.923880 -0.074658
v -0.254271 0.962102 0.024465
v -0.257914 0.961728 -0.000000
v -0.268354 0.954540 -0.080795
v -0.264983 0.958009 -0.052708
v -0.350110 0.925303 0.141715
v -0.280060 0.953345 0.055707
v -0.475196 0.874430 -0.000000
v -0.516280 0.849810 -0.050544
v -0.405970 0.907181 0.080752
v -0.357202 0.923880 0.134419
v -0.449438 0.876369 -0.135085
v -0.481729 0.865894 -0.095822
v -0.364700 0.923880 -0.109699
v -0.257914 0.961728 -0.000000
v -0.264983 0.958009 -0.052708
v -0.254271 0.962102 0.024465
v -0.268354 0.954540 -0.080795
v -0.280060 0.953345 0.055707
v -0.350110 0.925303 0.141715
v -0.405970 0.907181 0.080752
v -0.357202 0.923880 0.134419
v -0.475196 0.874430 -0.000000
v -0.516280 0.849810 -0.050544
v -0.481729 0.865894 -0.095822
v -0.449438 0.876369 -0.135085
v -0.364700 0.923880 -0.109699
vn 0.9558 0.2552 -0.1462
vn 0.7342 0.1765 0.6556
vn -0.6376 -0.3475 0.6875
vn -0.6385 -0.4284 -0.6394
vn 0.2878 -0.0016 -0.9577
vn -0.2790 0.9565 0.0846
vn -0.4528 0.8810 0.1374
vn -0.2902 0.9565 0.0286
vn -0.4709 0.8810 0.0464
vn -0.2902 0.9565 -0.0286
vn -0.4709 0.8810 -0.0464
vn -0.4528 0.8810 -0.1374
vn -0.2790 0.9565 -0.0846
vt 0.788508 0.085055
vt 1.000000 0.084874
vt 1.000000 1.000000
vt 0.091375 0.091375
vt 0.333504 0.088246
vt 0.327511 0.093219
vt 1.000000 0.119974
vt 0.084874 0.084874
vt 0.397442 0.137355
vt 0.767351 0.168790
vt 1.000000 0.192429
vt 0.119974 0.119974
vt 0.152981 0.121337
vt 0.192429 0.192429
vt 0.622020 0.177062
vt 1.000000 0.167077
vt 1.000000 0.091376
vt 0.167077 0.167077
vt 0.569404 0.121130
vt 0.061147 0.876563
vt 0.031250 0.907363
vt 0.031250 0.875000
vt 0.057264 0.875000
vt 0.057264 0.875000
vt 0.031250 0.863707
vt 0.015265 0.916980
vt 0.000000 0.916569
vt 0.000000 0.875000
vt 0.000000 0.841556
vt 0.968750 0.875000
vt 1.000000 0.875000
vt 1.000000 0.916569
vt 0.968750 0.912484
vt 1.000000 0.841556
vt 0.968750 0.835782
vt 0.984467 0.824904
vt 0.953530 0.842867
vt 0.968750 0.835782
vt 0.953496 0.875000
vt 0.968750 0.912484
vt 0.953456 0.908675
s 0
usemtl 
f 2645/3673/1325 2647/3674/1325 2628/3675/1325 2648/3676/1325 2646/3677/1325
f 2649/3678/1326 2650/3679/1326 2628/3675/1326 2647/3680/1326
f 2651/3681/1327 2653/3682/1327 2654/3683/1327 2628/3675/1327 2650/3684/1327 2652/3685/1327
f 2628/3675/1328 2654/3686/1328 2655/3687/1328 2656/3688/1328
f 2648/3689/1329 2628/3675/1329 2656/3690/1329 2657/3691/1329
f 2636/3692/1330 2637/3693/1330 2629/3694/1330 2641/3695/1330
f 2641/3696/1331 2629/3694/1331 2640/3697/1331
f 2632/3698/1332 2633/3699/1332 2630/3700/1332 2629/3694/1332 2637/3693/1332
f 2630/3700/1333 2638/3701/1333 2640/3697/1333 2629/3694/1333
f 2631/3702/1334 2630/3703/1334 2633/3704/1334 2635/3705/1334
f 2638/3706/1335 2630/3703/1335 2631/3702/1335 2643/3707/1335 2639/3708/1335
f 2642/3709/1336 2643/3710/1336 2631/3702/1336 2644/3711/1336
f 2644/3711/1337 2631/3702/1337 2635/3712/1337 2634/3713/1337
o Sphere_cell.086
v -0.001110 0.007590 -0.006907
v -0.137950 0.707107 -0.693520
v 0.000000 0.707107 -0.707107
v -0.062090 0.765670 -0.629632
v -0.123284 0.768798 -0.619793
v -0.182846 0.765977 -0.605300
v -0.203529 0.707107 -0.673626
v -0.239366 0.555570 -0.792088
v -0.245229 0.517469 -0.811489
v -0.158059 0.581508 -0.794615
v -0.196886 0.555570 -0.804974
v 0.000000 0.672028 -0.735895
v 0.067451 0.703736 -0.703230
v 0.000000 0.739291 -0.667890
v 0.062161 0.707107 -0.700984
v -0.062090 0.765670 -0.629632
v -0.123284 0.768798 -0.619793
v -0.182846 0.765977 -0.605300
v -0.203529 0.707107 -0.673626
v -0.239366 0.555570 -0.792088
v -0.245229 0.517469 -0.811489
v 0.000000 0.672028 -0.735895
v 0.067451 0.703736 -0.703230
v -0.196886 0.555570 -0.804974
v -0.158059 0.581508 -0.794615
v 0.062161 0.707107 -0.700984
v 0.000000 0.739291 -0.667890
vn 0.1542 0.6345 0.7574
vn -0.9570 -0.0004 0.2901
vn 0.5587 -0.6134 -0.5582
vn 0.5959 0.5378 0.5963
vn 0.0624 0.7715 -0.6332
vn 0.0759 0.6326 -0.7708
vn -0.1847 0.7715 -0.6088
vn -0.2248 0.6326 -0.7412
vn -0.2563 0.4696 -0.8448
vn -0.0624 0.7715 -0.6332
vn -0.0759 0.6326 -0.7708
vt 0.730116 0.367130
vt 0.727307 0.727307
vt 0.000000 0.000000
vt 0.727220 0.000000
vt 0.323471 0.096667
vt 0.228620 0.000000
vt 1.000000 0.000000
vt 1.000000 0.727307
vt 0.779908 0.531331
vt 1.000000 0.332192
vt 1.000000 1.000000
vt 0.228620 0.228620
vt 0.345480 0.234830
vt 0.440543 0.244733
vt 0.831412 0.300921
vt 0.332192 0.332192
vt 0.359098 0.328958
vt 0.678489 0.298085
vt 1.000000 0.272780
vt 0.750000 0.750000
vt 0.750000 0.766174
vt 0.735918 0.750000
vt 0.734781 0.748610
vt 0.750000 0.735532
vt 0.735919 0.750000
vt 0.796700 0.750000
vt 0.796690 0.779586
vt 0.781250 0.781004
vt 0.781250 0.750000
vt 0.796700 0.750000
vt 0.781250 0.698198
vt 0.788197 0.687500
vt 0.796708 0.687500
vt 0.796707 0.673726
vt 0.750000 0.766175
vt 0.765644 0.779432
vt 0.781250 0.698198
vt 0.750000 0.735532
s 0
usemtl 
f 2674/3714/1338 2675/3715/1338 2658/3716/1338 2673/3717/1338
f 2677/3718/1339 2678/3719/1339 2658/3720/1339 2675/3721/1339 2676/3722/1339
f 2680/3723/1340 2658/3724/1340 2678/3725/1340 2681/3726/1340 2682/3727/1340 2679/3728/1340
f 2658/3724/1341 2680/3729/1341 2683/3730/1341 2684/3731/1341 2673/3732/1341
f 2660/3733/1342 2671/3734/1342 2672/3735/1342
f 2670/3736/1343 2669/3737/1343 2660/3733/1343 2672/3738/1343
f 2664/3739/1344 2663/3740/1344 2662/3741/1344 2659/3742/1344
f 2664/3743/1345 2659/3742/1345 2667/3744/1345 2668/3745/1345 2665/3746/1345
f 2668/3745/1346 2666/3747/1346 2665/3746/1346
f 2671/3748/1347 2660/3733/1347 2659/3742/1347 2662/3741/1347 2661/3749/1347
f 2667/3750/1348 2659/3742/1348 2660/3733/1348 2669/3751/1348
o Sphere_cell.087
v -0.006378 -0.000708 -0.003704
v -0.195039 -0.019914 -0.059608
v -0.339122 -0.035117 -0.103197
v -0.906127 -0.195090 -0.375330
v -0.815493 -0.195090 -0.544895
v -0.693519 -0.195090 -0.693520
v -0.654977 -0.374777 -0.654977
v -0.519662 -0.355372 -0.773606
v -0.758604 -0.380815 -0.525834
v -0.774680 -0.364414 -0.512815
v -0.771892 -0.367957 -0.515762
v -0.788529 -0.346729 -0.498229
v -0.943471 -0.097153 -0.285293
v -0.831326 -0.001739 -0.555475
v -0.923785 -0.001023 -0.382645
v -0.654977 -0.374777 -0.654977
v -0.758604 -0.380815 -0.525834
v -0.519662 -0.355372 -0.773606
v -0.771892 -0.367957 -0.515762
v -0.774680 -0.364414 -0.512815
v -0.788529 -0.346729 -0.498229
v -0.906127 -0.195090 -0.375330
v -0.943471 -0.097153 -0.285293
v -0.923785 -0.001023 -0.382645
v -0.831326 -0.001739 -0.555475
v -0.693519 -0.195090 -0.693520
vn 0.3190 -0.9236 0.2128
vn -0.1382 -0.6953 0.7053
vn -0.1407 -0.6932 0.7069
vn -0.1439 -0.6925 0.7069
vn -0.2310 -0.3795 0.8959
vn -0.2691 0.7120 0.6486
vn 0.0011 1.0000 -0.0035
vn 0.3908 0.7076 -0.5887
vn -0.2618 0.7284 0.6331
vn -0.9524 -0.0975 -0.2889
vn -0.8777 -0.0975 -0.4691
vn -0.8443 -0.2890 -0.4513
vn -0.7693 -0.0975 -0.6314
vn -0.7400 -0.2890 -0.6073
vn -0.6073 -0.2890 -0.7400
vt 1.000000 0.000000
vt 1.000000 0.720667
vt 0.642341 0.382338
vt 0.264261 0.000000
vt 0.720667 0.720667
vt 0.000000 0.000000
vt 1.000000 0.677839
vt 0.944035 0.686926
vt 1.000000 0.632036
vt 0.677839 0.677839
vt 0.632036 0.632036
vt 0.849720 0.000000
vt 0.796611 0.246419
vt 0.849720 0.849720
vt 0.853166 0.000000
vt 0.875048 0.875048
vt 1.000000 0.790969
vt 0.120945 0.000000
vt 0.790544 0.392720
vt 0.790969 0.790969
vt 0.735739 0.000000
vt 0.146834 0.000000
vt 1.000000 1.000000
vt 0.937500 0.499672
vt 0.937785 0.437500
vt 0.953265 0.468875
vt 0.906250 0.499443
vt 0.906250 0.437500
vt 0.937500 0.437500
vt 0.937439 0.499787
vt 0.906250 0.379906
vt 0.906931 0.381087
vt 0.910308 0.386979
vt 0.875000 0.437500
vt 0.906250 0.499443
vt 0.906250 0.379906
vt 0.875000 0.377634
vt 0.903524 0.375622
vt 0.844139 0.384099
vt 0.875000 0.377634
vt 0.874580 0.437500
s 0
usemtl 
f 2685/3752/1349 2701/3753/1349 2700/3754/1349 2702/3755/1349
f 2701/3756/1350 2685/3757/1350 2686/3752/1350 2704/3758/1350 2703/3759/1350
f 2687/3752/1351 2705/3760/1351 2704/3761/1351 2686/3757/1351
f 2705/3762/1352 2687/3757/1352 2707/3763/1352 2688/3764/1352
f 2707/3765/1353 2687/3757/1353 2686/3752/1353
f 2686/3757/1354 2699/3766/1354 2707/3767/1354
f 2685/3752/1355 2698/3768/1355 2699/3769/1355
f 2690/3770/1356 2698/3771/1356 2685/3757/1356 2702/3772/1356
f 2699/3773/1357 2686/3752/1357 2685/3774/1357
f 2708/3775/1358 2706/3776/1358 2697/3777/1358
f 2709/3778/1359 2689/3779/1359 2706/3780/1359 2708/3781/1359
f 2706/3780/1360 2689/3779/1360 2695/3782/1360 2694/3783/1360 2696/3784/1360
f 2710/3785/1361 2689/3779/1361 2709/3786/1361
f 2695/3787/1362 2689/3779/1362 2710/3785/1362 2691/3788/1362 2693/3789/1362
f 2692/3790/1363 2691/3791/1363 2710/3792/1363
o Sphere_cell.088
v 0.007559 0.014444 0.007520
v 0.007120 0.023941 0.006792
v 0.270598 0.923880 0.270598
v 0.392847 0.831470 0.392847
v 0.401277 0.766764 0.487434
v 0.351467 0.831470 0.426807
v 0.221696 0.933756 0.268816
v 0.242260 0.923880 0.293855
v 0.446057 0.769714 0.446057
v 0.487459 0.766777 0.401223
v 0.293632 0.923880 0.242531
v 0.281341 0.928721 0.232469
v 0.426785 0.831470 0.351494
v 0.251056 0.932263 0.251056
v 0.221696 0.933756 0.268816
v 0.242260 0.923880 0.293855
v 0.401277 0.766764 0.487434
v 0.351467 0.831470 0.426807
v 0.446057 0.769714 0.446057
v 0.487459 0.766777 0.401223
v 0.293632 0.923880 0.242531
v 0.426785 0.831470 0.351494
v 0.281341 0.928721 0.232469
v 0.251056 0.932263 0.251056
vn -0.7729 -0.0003 0.6346
vn 0.5466 -0.6346 0.5463
vn 0.6338 0.0008 -0.7735
vn -0.4672 0.3444 -0.8143
vn -0.7909 0.0103 0.6119
vn 0.6591 -0.0271 -0.7516
vn 0.2254 0.9565 0.1850
vn 0.3658 0.8810 0.3002
vn 0.4918 0.7715 0.4036
vn 0.1850 0.9565 0.2254
vn 0.3002 0.8810 0.3658
vn 0.4036 0.7715 0.4918
vt 0.112076 0.000000
vt 1.000000 0.000000
vt 1.000000 0.726485
vt 0.721715 0.510741
vt 0.197657 0.076027
vt 0.000000 0.000000
vt 0.726736 0.000000
vt 0.729453 0.364831
vt 0.726485 0.726485
vt 0.500105 0.287322
vt 0.274659 0.000000
vt 1.000000 0.881908
vt 0.960682 0.837879
vt 0.881908 0.881908
vt 0.887017 0.000000
vt 0.885397 0.432961
vt 0.887017 0.887017
vt 1.000000 0.273264
vt 1.000000 1.000000
vt 0.375000 0.884208
vt 0.375000 0.875000
vt 0.390125 0.875000
vt 0.390104 0.880318
vt 0.375000 0.812500
vt 0.390350 0.812500
vt 0.375000 0.781464
vt 0.390416 0.780573
vt 0.359750 0.885847
vt 0.359729 0.875000
vt 0.375000 0.884208
vt 0.359640 0.812500
vt 0.359618 0.779981
vt 0.375000 0.781464
vt 0.359640 0.812500
s 0
usemtl 
f 2725/3793/1364 2711/3794/1364 2727/3795/1364 2728/3796/1364 2726/3797/1364
f 2711/3798/1365 2730/3799/1365 2729/3800/1365 2727/3801/1365
f 2732/3802/1366 2730/3803/1366 2712/3794/1366 2733/3804/1366 2731/3805/1366
f 2733/3806/1367 2712/3798/1367 2725/3807/1367 2734/3808/1367
f 2712/3798/1368 2711/3794/1368 2725/3809/1368
f 2712/3798/1369 2730/3810/1369 2711/3811/1369
f 2724/3812/1370 2713/3813/1370 2721/3814/1370 2722/3815/1370
f 2721/3814/1371 2713/3813/1371 2714/3816/1371 2723/3817/1371
f 2723/3817/1372 2714/3816/1372 2719/3818/1372 2720/3819/1372
f 2717/3820/1373 2718/3821/1373 2713/3813/1373 2724/3822/1373
f 2716/3823/1374 2714/3816/1374 2713/3813/1374 2718/3821/1374
f 2715/3824/1375 2719/3825/1375 2714/3816/1375 2716/3826/1375
o Sphere_cell.089
v 0.003930 -0.007488 0.002507
v 0.513280 -0.831470 0.212608
v 0.461940 -0.831470 0.308658
v 0.647195 -0.745534 0.130139
v 0.488365 -0.766910 0.399865
v 0.524333 -0.769886 0.350348
v 0.589321 -0.763923 0.244105
v 0.401163 -0.896335 0.166166
v 0.544277 -0.831470 0.110425
v 0.364226 -0.875576 0.298276
v 0.378207 -0.885297 0.252710
v 0.427774 -0.831470 0.350289
v 0.647195 -0.745534 0.130139
v 0.589321 -0.763923 0.244105
v 0.488365 -0.766910 0.399865
v 0.524333 -0.769886 0.350348
v 0.401163 -0.896335 0.166166
v 0.544277 -0.831470 0.110425
v 0.364226 -0.875576 0.298276
v 0.378207 -0.885297 0.252710
v 0.427774 -0.831470 0.350289
vn 0.1909 -0.0034 -0.9816
vn 0.6430 0.6346 0.4289
vn -0.2370 -0.2773 -0.9311
vn -0.8853 -0.4288 -0.1801
vn -0.6336 0.0006 0.7736
vn 0.6088 -0.7715 0.1847
vn 0.4528 -0.8810 0.1374
vn 0.5611 -0.7715 0.2999
vn 0.4173 -0.8810 0.2230
vn 0.4918 -0.7715 0.4036
vn 0.3658 -0.8810 0.3002
vt 1.000000 0.000000
vt 1.000000 0.707659
vt 0.210704 0.000000
vt 0.707659 0.707659
vt 0.000000 0.000000
vt 0.728344 0.000000
vt 0.731162 0.139795
vt 0.725370 0.422058
vt 0.991414 0.781565
vt 0.147294 0.000000
vt 1.000000 0.167419
vt 1.000000 1.000000
vt 0.147294 0.147294
vt 0.700544 0.158020
vt 1.000000 0.271656
vt 0.167419 0.167419
vt 0.561996 0.209729
vt 0.468394 0.187946
vt 0.468411 0.230688
vt 0.437500 0.221446
vt 0.437500 0.187500
vt 0.468139 0.187500
vt 0.437501 0.143629
vt 0.406250 0.218450
vt 0.406250 0.187500
vt 0.437500 0.221446
vt 0.406250 0.151094
vt 0.437500 0.143629
vt 0.390797 0.187500
vt 0.390805 0.219945
vt 0.390791 0.157669
s 0
usemtl 
f 2735/3827/1376 2747/3828/1376 2752/3829/1376
f 2747/3830/1377 2735/3831/1377 2749/3832/1377 2750/3833/1377 2748/3834/1377
f 2735/3827/1378 2752/3835/1378 2751/3836/1378
f 2753/3837/1379 2735/3838/1379 2751/3839/1379 2754/3840/1379
f 2749/3841/1380 2735/3838/1380 2753/3842/1380 2755/3843/1380
f 2743/3844/1381 2738/3845/1381 2741/3846/1381 2736/3847/1381
f 2743/3848/1382 2736/3847/1382 2742/3849/1382
f 2740/3850/1383 2737/3851/1383 2736/3847/1383 2741/3852/1383
f 2736/3847/1384 2737/3851/1384 2745/3853/1384 2742/3854/1384
f 2746/3855/1385 2737/3851/1385 2740/3850/1385 2739/3856/1385
f 2745/3853/1386 2737/3851/1386 2746/3855/1386 2744/3857/1386
o Sphere_cell.090
v 0.010592 0.018197 0.021837
v 0.000807 0.003200 0.005954
v -0.002076 0.009609 0.014530
v 0.318189 0.555570 0.768178
v 0.162212 0.555570 0.815493
v -0.000000 0.555570 0.831469
v -0.162212 0.555570 0.815493
v 0.367487 0.612485 0.689120
v -0.154995 0.600642 0.779214
v -0.000000 0.623104 0.776046
v 0.296903 0.623349 0.716787
v 0.150209 0.630536 0.755152
v -0.165828 0.597935 0.778239
v 0.178756 0.396918 0.898665
v 0.084223 0.301419 0.940235
v 0.164096 0.382683 0.907717
v 0.323250 0.530831 0.780395
v 0.379747 0.578714 0.713841
v 0.351580 0.555570 0.750330
v -0.231191 0.552402 0.796329
v -0.005596 0.382683 0.923328
v -0.167210 0.507635 0.840622
v 0.000000 0.377994 0.925302
v 0.296903 0.623349 0.716787
v 0.150209 0.630536 0.755152
v 0.367487 0.612485 0.689120
v -0.154995 0.600642 0.779214
v -0.000000 0.623104 0.776046
v 0.379747 0.578714 0.713841
v 0.351580 0.555570 0.750330
v 0.323250 0.530831 0.780395
v 0.178756 0.396918 0.898665
v 0.164096 0.382683 0.907717
v 0.084223 0.301419 0.940235
v 0.000000 0.377994 0.925302
v -0.005596 0.382683 0.923328
v -0.167210 0.507635 0.840622
v -0.231191 0.552402 0.796329
v -0.165828 0.597935 0.778239
vn 0.8873 -0.0153 -0.4609
vn -0.1250 0.7731 -0.6219
vn -0.1591 0.7653 -0.6237
vn -0.5688 0.5881 -0.5750
vn 0.7341 -0.6631 0.1461
vn 0.8514 -0.5237 -0.0300
vn -0.1581 0.7647 -0.6247
vn -0.7587 -0.6178 0.2066
vn -0.6726 -0.6854 0.2788
vn 0.4162 0.4696 0.7786
vn 0.3651 0.6326 0.6831
vn 0.2248 0.6326 0.7412
vn 0.2563 0.4696 0.8448
vn 0.0938 0.2890 0.9527
vn 0.0759 0.6326 0.7708
vn 0.0839 0.4677 0.8799
vn -0.0759 0.6326 0.7708
vn -0.0822 0.4697 0.8790
vn -0.2332 0.6309 0.7400
vn -0.2563 0.4696 0.8448
vt 1.000000 0.648984
vt 0.327404 0.000000
vt 1.000000 0.000000
vt 0.675878 0.567074
vt 0.648984 0.648984
vt 0.000000 0.000000
vt 0.735829 0.000000
vt 0.736511 0.009292
vt 0.733456 0.205911
vt 0.713163 0.391274
vt 0.735829 0.735829
vt 0.754588 0.044469
vt 0.737427 0.737427
vt 1.000000 0.677979
vt 0.897528 0.610500
vt 0.802095 0.543904
vt 0.355676 0.210959
vt 0.313774 0.177746
vt 0.104790 0.000000
vt 0.677979 0.677979
vt 1.000000 1.000000
vt 1.000000 0.244840
vt 0.880875 0.207447
vt 0.878983 0.221012
vt 0.799688 0.607003
vt 0.757229 0.757229
vt 0.895210 0.000000
vt 0.312500 0.687500
vt 0.312500 0.678556
vt 0.319759 0.687500
vt 0.327972 0.710974
vt 0.312500 0.715455
vt 0.319759 0.687500
vt 0.327886 0.697186
vt 0.281250 0.687500
vt 0.281250 0.718419
vt 0.312500 0.678556
vt 0.281250 0.630146
vt 0.264221 0.597925
vt 0.278451 0.625000
vt 0.250000 0.623438
vt 0.250000 0.715354
vt 0.250000 0.687500
vt 0.250000 0.625000
vt 0.218750 0.706090
vt 0.218750 0.687500
vt 0.218750 0.670171
vt 0.249030 0.625000
vt 0.205676 0.687500
vt 0.218750 0.706090
vt 0.216550 0.704973
vt 0.205027 0.686355
s 0
usemtl 
f 2781/3858/1387 2784/3859/1387 2756/3860/1387
f 2779/3861/1388 2781/3862/1388 2756/3863/1388 2794/3864/1388 2782/3865/1388 2783/3866/1388 2780/3867/1388
f 2794/3868/1389 2756/3863/1389 2758/3860/1389
f 2793/3869/1390 2794/3870/1390 2758/3863/1390
f 2784/3871/1391 2785/3872/1391 2786/3873/1391 2787/3874/1391 2788/3875/1391 2789/3876/1391 2757/3860/1391
f 2757/3863/1392 2756/3860/1392 2784/3877/1392
f 2757/3863/1393 2758/3860/1393 2756/3878/1393
f 2758/3878/1394 2757/3863/1394 2793/3879/1394
f 2790/3880/1395 2791/3881/1395 2792/3882/1395 2793/3883/1395 2757/3863/1395 2789/3884/1395
f 2759/3885/1396 2772/3886/1396 2774/3887/1396
f 2763/3888/1397 2766/3889/1397 2759/3885/1397 2774/3890/1397 2773/3891/1397
f 2760/3892/1398 2759/3885/1398 2766/3889/1398 2767/3893/1398
f 2772/3894/1399 2759/3885/1399 2760/3892/1399 2769/3895/1399
f 2770/3896/1400 2771/3897/1400 2778/3898/1400
f 2765/3899/1401 2761/3900/1401 2760/3892/1401 2767/3893/1401
f 2769/3895/1402 2760/3892/1402 2761/3900/1402 2778/3901/1402 2771/3897/1402
f 2764/3902/1403 2762/3903/1403 2761/3900/1403 2765/3899/1403
f 2762/3903/1404 2777/3904/1404 2776/3905/1404 2778/3901/1404 2761/3900/1404
f 2775/3906/1405 2762/3903/1405 2764/3907/1405 2768/3908/1405
f 2777/3904/1406 2762/3903/1406 2775/3909/1406
o Sphere_cell.091
v 0.004079 -0.004605 -0.005316
v 0.008481 -0.010106 -0.013821
v 0.461940 -0.555570 -0.691342
v 0.587938 -0.555570 -0.587938
v 0.606759 -0.606592 -0.499318
v 0.593509 -0.627320 -0.488778
v 0.449044 -0.702176 -0.547028
v 0.521726 -0.669668 -0.521726
v 0.433198 -0.632420 -0.633733
v 0.431153 -0.623093 -0.645266
v 0.401046 -0.514794 -0.748484
v 0.413916 -0.555570 -0.717011
v 0.675784 -0.466264 -0.555780
v 0.639009 -0.555570 -0.525707
v 0.489451 -0.462926 -0.732516
v 0.620351 -0.469811 -0.620351
v 0.416717 -0.452717 -0.777551
v 0.606759 -0.606592 -0.499318
v 0.593509 -0.627320 -0.488778
v 0.449044 -0.702176 -0.547028
v 0.521726 -0.669668 -0.521726
v 0.401046 -0.514794 -0.748484
v 0.413916 -0.555570 -0.717011
v 0.431153 -0.623093 -0.645266
v 0.433198 -0.632420 -0.633733
v 0.675784 -0.466264 -0.555780
v 0.639009 -0.555570 -0.525707
v 0.620351 -0.469811 -0.620351
v 0.489451 -0.462926 -0.732516
v 0.416717 -0.452717 -0.777551
vn 0.6295 -0.0074 0.7770
vn -0.0005 -0.6135 0.7897
vn -0.8868 -0.4256 -0.1803
vn -0.8887 -0.4171 -0.1901
vn -0.8876 -0.4223 -0.1842
vn 0.6337 -0.0004 0.7736
vn 0.3322 0.8820 -0.3342
vn -0.8093 0.2039 -0.5508
vn -0.8816 0.0015 -0.4721
vn 0.4162 -0.4696 -0.7786
vn 0.3651 -0.6326 -0.6831
vn 0.5601 -0.4696 -0.6825
vn 0.4913 -0.6326 -0.5987
vn 0.6825 -0.4696 -0.5601
vn 0.5987 -0.6326 -0.4913
vt 1.000000 0.000000
vt 1.000000 0.595465
vt 0.423904 0.000000
vt 0.000000 0.000000
vt 0.667400 0.000000
vt 0.636144 0.289402
vt 0.595465 0.595465
vt 1.000000 0.601007
vt 0.332600 0.000000
vt 0.601007 0.601007
vt 0.678450 0.190052
vt 0.609466 0.545832
vt 0.598374 0.598374
vt 0.708691 0.000000
vt 0.358082 0.000000
vt 1.000000 0.576096
vt 0.744686 0.351548
vt 1.000000 0.260549
vt 1.000000 1.000000
vt 0.358082 0.358082
vt 0.511002 0.323616
vt 0.835478 0.274274
vt 0.262729 0.000000
vt 0.262729 0.262729
vt 1.000000 0.291309
vt 0.671694 0.349727
vt 0.656250 0.345992
vt 0.656250 0.312500
vt 0.666690 0.312500
vt 0.671714 0.327241
vt 0.666690 0.312500
vt 0.656250 0.284651
vt 0.625000 0.312500
vt 0.625000 0.343503
vt 0.625000 0.265441
vt 0.640606 0.252034
vt 0.654563 0.280804
vt 0.609540 0.344785
vt 0.609565 0.312500
vt 0.609587 0.291456
vt 0.609646 0.282908
s 0
usemtl 
f 2795/3910/1407 2813/3911/1407 2812/3912/1407
f 2795/3913/1408 2814/3914/1408 2815/3915/1408 2813/3916/1408
f 2795/3910/1409 2819/3917/1409 2814/3918/1409
f 2796/3910/1410 2819/3919/1410 2795/3913/1410
f 2817/3920/1411 2818/3921/1411 2819/3922/1411 2796/3913/1411 2816/3923/1411
f 2820/3924/1412 2795/3910/1412 2812/3925/1412 2821/3926/1412
f 2824/3927/1413 2795/3928/1413 2820/3929/1413 2822/3930/1413 2823/3931/1413
f 2824/3932/1414 2796/3910/1414 2795/3928/1414
f 2796/3928/1415 2824/3933/1415 2816/3934/1415
f 2811/3935/1416 2809/3936/1416 2797/3937/1416 2806/3938/1416 2805/3939/1416
f 2806/3940/1417 2797/3937/1417 2804/3941/1417
f 2798/3942/1418 2797/3937/1418 2809/3936/1418 2810/3943/1418
f 2804/3941/1419 2797/3937/1419 2798/3942/1419 2802/3944/1419 2801/3945/1419 2803/3946/1419
f 2807/3947/1420 2808/3948/1420 2798/3942/1420 2810/3943/1420
f 2798/3942/1421 2808/3948/1421 2799/3949/1421 2800/3950/1421 2802/3944/1421
o Sphere_cell.092
v 0.041142 -0.022052 0.101553
v 0.000991 -0.001865 0.007545
v 0.191342 -0.195090 0.961939
v 0.374636 -0.191501 0.906705
v 0.195348 -0.001755 0.980527
v 0.374217 -0.198698 0.905327
v 0.162489 -0.382683 0.907876
v 0.093048 -0.431450 0.888649
v 0.181101 -0.368129 0.910458
v 0.087650 -0.435174 0.887190
v 0.056496 -0.382683 0.918315
v 0.000973 -0.283235 0.953951
v 0.001109 -0.195090 0.980676
v 0.162489 -0.382683 0.907876
v 0.093048 -0.431450 0.888649
v 0.374217 -0.198698 0.905327
v 0.181101 -0.368129 0.910458
v 0.087650 -0.435174 0.887190
v 0.056496 -0.382683 0.918315
v 0.000973 -0.283235 0.953951
v 0.001109 -0.195090 0.980676
v 0.374636 -0.191501 0.906705
v 0.195348 -0.001755 0.980527
vn 0.6926 0.7080 -0.1379
vn 0.6805 0.7201 -0.1360
vn -0.6985 0.7019 0.1395
vn 0.9251 0.0187 -0.3792
vn 0.5983 -0.6940 -0.4005
vn 0.5911 -0.6990 -0.4025
vn -0.8849 -0.4465 -0.1328
vn -1.0000 0.0014 0.0004
vn 0.2779 -0.2890 0.9161
vn 0.2889 -0.1012 0.9520
vn 0.0976 -0.0972 0.9905
vn 0.0938 -0.2890 0.9527
vn 0.0865 -0.4696 0.8786
vt 0.151099 0.000000
vt 1.000000 0.000000
vt 1.000000 0.926608
vt 0.926608 0.926608
vt 0.000000 0.000000
vt 0.933798 0.933798
vt 0.933664 0.000000
vt 0.152866 0.000000
vt 1.000000 0.848901
vt 1.000000 0.170091
vt 1.000000 1.000000
vt 0.152866 0.152866
vt 0.738012 0.147207
vt 0.793795 0.149906
vt 0.170091 0.170091
vt 0.156151 0.000000
vt 0.156151 0.156151
vt 0.459448 0.126398
vt 1.000000 0.092395
vt 1.000000 0.066336
vt 0.092395 0.092395
vt 0.312370 0.437500
vt 0.281250 0.437500
vt 0.281250 0.379849
vt 0.281250 0.499341
vt 0.312360 0.438650
vt 0.250181 0.437500
vt 0.259795 0.375000
vt 0.278172 0.375000
vt 0.250181 0.437500
vt 0.250163 0.408133
vt 0.265673 0.356024
vt 0.266597 0.357371
vt 0.278172 0.375000
s 0
usemtl 
f 2846/3951/1422 2825/3952/1422 2847/3953/1422
f 2847/3954/1423 2825/3955/1423 2826/3952/1423
f 2847/3956/1424 2826/3955/1424 2845/3957/1424
f 2840/3958/1425 2825/3952/1425 2846/3959/1425
f 2839/3960/1426 2825/3961/1426 2840/3962/1426 2841/3963/1426 2838/3964/1426
f 2825/3961/1427 2839/3965/1427 2842/3966/1427 2826/3952/1427
f 2842/3967/1428 2843/3968/1428 2844/3969/1428 2826/3961/1428
f 2845/3970/1429 2826/3961/1429 2844/3971/1429
f 2830/3972/1430 2827/3973/1430 2833/3974/1430
f 2829/3975/1431 2827/3973/1431 2830/3972/1431 2828/3976/1431
f 2827/3973/1432 2829/3975/1432 2837/3977/1432
f 2835/3978/1433 2831/3979/1433 2833/3974/1433 2827/3973/1433 2837/3980/1433 2836/3981/1433
f 2835/3978/1434 2834/3982/1434 2832/3983/1434 2831/3984/1434
o Sphere_cell.093
v -0.001976 0.000320 0.010317
v -0.195091 0.000000 0.980785
v -0.284957 0.095682 0.943723
v -0.193238 0.096413 0.971471
v -0.097554 0.095316 0.981003
v -0.287717 0.000000 0.952686
v -0.285034 -0.095713 0.943697
v -0.098566 0.000000 0.990291
v -0.097743 -0.095667 0.980950
v -0.193234 -0.096611 0.971452
v -0.193238 0.096413 0.971471
v -0.097554 0.095316 0.981003
v -0.284957 0.095682 0.943723
v -0.287717 0.000000 0.952686
v -0.285034 -0.095713 0.943697
v -0.098566 0.000000 0.990291
v -0.097743 -0.095667 0.980950
v -0.193234 -0.096611 0.971452
vn 0.0209 0.9952 -0.0953
vn -0.9570 0.0004 -0.2902
vn 0.9952 -0.0010 0.0981
vn 0.0194 -0.9951 -0.0965
vn -0.0976 0.0975 0.9904
vn -0.0976 -0.0975 0.9904
vn -0.2889 0.0975 0.9524
vn -0.2889 -0.0975 0.9524
vt 0.066616 0.000000
vt 1.000000 0.000000
vt 1.000000 0.897485
vt 0.529650 0.453842
vt 0.000000 0.000000
vt 0.897898 0.000000
vt 0.906324 0.453146
vt 0.897485 0.897485
vt 0.066543 0.000000
vt 1.000000 0.933384
vt 0.529672 0.472050
vt 1.000000 0.102102
vt 1.000000 1.000000
vt 0.066543 0.066543
vt 0.528934 0.075542
vt 0.234211 0.500000
vt 0.234226 0.530536
vt 0.218750 0.530887
vt 0.218750 0.500000
vt 0.234211 0.500000
vt 0.218750 0.469049
vt 0.234194 0.469352
vt 0.203328 0.530653
vt 0.203320 0.500000
vt 0.203320 0.500000
vt 0.203315 0.469337
s 0
usemtl 
f 2859/3985/1435 2848/3986/1435 2860/3987/1435 2858/3988/1435
f 2848/3989/1436 2862/3990/1436 2861/3991/1436 2860/3992/1436
f 2864/3993/1437 2848/3986/1437 2859/3994/1437 2863/3995/1437
f 2862/3996/1438 2848/3997/1438 2864/3998/1438 2865/3999/1438
f 2855/4000/1439 2852/4001/1439 2851/4002/1439 2849/4003/1439
f 2855/4004/1440 2849/4003/1440 2857/4005/1440 2856/4006/1440
f 2849/4003/1441 2851/4002/1441 2850/4007/1441 2853/4008/1441
f 2857/4005/1442 2849/4003/1442 2853/4009/1442 2854/4010/1442
o Sphere_cell.094
v 0.003537 -0.016631 0.007732
v 0.000594 -0.008239 0.002676
v -0.002269 -0.035392 0.015940
v 0.146447 -0.923880 0.353553
v 0.074658 -0.923880 0.375330
v -0.000000 -0.923880 0.382683
v 0.242408 -0.850158 0.457897
v -0.000000 -0.897225 0.432550
v 0.088458 -0.886071 0.444706
v 0.188279 -0.865450 0.454546
v -0.074666 -0.923857 0.375371
v -0.000000 -0.953639 0.284579
v 0.090625 -0.980785 0.171705
v 0.102739 -0.981610 0.155783
v 0.045462 -0.969275 0.228555
v 0.077864 -0.978244 0.187980
v 0.211687 -0.923880 0.318681
v 0.263644 -0.873931 0.396358
v 0.107393 -0.980785 0.162742
v -0.090546 -0.912178 0.393278
v -0.082815 -0.901531 0.416337
v 0.242408 -0.850158 0.457897
v 0.188279 -0.865450 0.454546
v -0.000000 -0.897225 0.432550
v 0.088458 -0.886071 0.444706
v 0.090625 -0.980785 0.171705
v 0.102739 -0.981610 0.155783
v 0.077864 -0.978244 0.187980
v 0.045462 -0.969275 0.228555
v -0.000000 -0.953639 0.284579
v 0.211687 -0.923880 0.318681
v 0.107393 -0.980785 0.162742
v 0.263644 -0.873931 0.396358
v -0.090546 -0.912178 0.393278
v -0.082815 -0.901531 0.416337
v -0.074666 -0.923857 0.375371
vn 0.9164 0.3586 0.1777
vn -0.1527 0.4354 0.8872
vn -0.1807 0.4277 0.8857
vn -0.7881 -0.1754 -0.5901
vn 0.8313 -0.0002 -0.5559
vn 0.9424 0.1506 -0.2986
vn -0.2169 0.4468 0.8679
vn -0.9945 0.0651 -0.0815
vn -0.9535 0.1949 0.2297
vn 0.2230 -0.8810 0.4173
vn 0.1374 -0.9565 0.2571
vn 0.0464 -0.9951 0.0869
vn 0.1374 -0.8810 0.4528
vn 0.0846 -0.9565 0.2790
vn 0.0464 -0.8810 0.4709
vn 0.0286 -0.9565 0.2902
vn -0.0464 -0.8810 0.4709
vn -0.0287 -0.9565 0.2902
vn -0.1374 -0.8810 0.4528
vt 1.000000 0.805696
vt 0.170207 0.000000
vt 1.000000 0.000000
vt 0.000000 0.000000
vt 0.805696 0.805696
vt 0.802655 0.802655
vt 0.852932 0.000000
vt 0.849379 0.205539
vt 0.838263 0.424830
vt 0.817801 0.670430
vt 0.132304 0.000000
vt 1.000000 0.934073
vt 0.943891 0.877183
vt 0.885605 0.816470
vt 0.738842 0.661128
vt 0.534412 0.441733
vt 0.200673 0.079479
vt 0.933296 0.910413
vt 0.934073 0.934073
vt 0.831251 0.000000
vt 0.879014 0.323866
vt 0.831251 0.831251
vt 1.000000 1.000000
vt 1.000000 0.135932
vt 1.000000 0.147068
vt 0.135932 0.135932
vt 0.343395 0.158843
vt 0.327501 0.174860
vt 0.312500 0.164518
vt 0.312500 0.125000
vt 0.343315 0.125000
vt 0.312500 0.065291
vt 0.327294 0.062500
vt 0.342830 0.062500
vt 0.343315 0.125000
vt 0.342830 0.062500
vt 0.342156 0.059818
vt 0.281250 0.125000
vt 0.312500 0.164518
vt 0.281250 0.150571
vt 0.281250 0.075141
vt 0.250000 0.143027
vt 0.250000 0.125000
vt 0.281250 0.150571
vt 0.250000 0.092315
vt 0.281250 0.075141
vt 0.218750 0.140115
vt 0.218761 0.125000
vt 0.218750 0.125015
vt 0.214079 0.132854
s 0
usemtl 
f 2887/4011/1443 2898/4012/1443 2866/4013/1443
f 2866/4014/1444 2868/4013/1444 2887/4015/1444
f 2887/4016/1445 2868/4014/1445 2900/4017/1445 2889/4018/1445 2890/4019/1445 2888/4020/1445
f 2899/4021/1446 2867/4013/1446 2892/4022/1446 2891/4023/1446 2893/4024/1446 2894/4025/1446 2895/4026/1446 2876/4027/1446
f 2897/4028/1447 2892/4029/1447 2867/4014/1447 2898/4030/1447 2896/4031/1447
f 2866/4013/1448 2898/4032/1448 2867/4014/1448
f 2867/4014/1449 2868/4013/1449 2866/4033/1449
f 2899/4034/1450 2868/4033/1450 2867/4014/1450
f 2900/4035/1451 2868/4033/1451 2899/4036/1451
f 2883/4037/1452 2872/4038/1452 2875/4039/1452 2869/4040/1452 2882/4041/1452
f 2869/4040/1453 2881/4042/1453 2878/4043/1453 2884/4044/1453 2882/4045/1453
f 2884/4046/1454 2878/4043/1454 2879/4047/1454
f 2870/4048/1455 2869/4040/1455 2875/4049/1455 2874/4050/1455
f 2869/4040/1456 2870/4048/1456 2880/4051/1456 2881/4042/1456
f 2873/4052/1457 2871/4053/1457 2870/4048/1457 2874/4054/1457
f 2870/4048/1458 2871/4053/1458 2877/4055/1458 2880/4056/1458
f 2886/4057/1459 2901/4058/1459 2871/4053/1459 2873/4052/1459
f 2871/4053/1460 2901/4058/1460 2877/4055/1460
f 2901/4059/1461 2886/4057/1461 2885/4060/1461
o Sphere_cell.095
v -0.004552 -0.009030 0.004144
v -0.392847 -0.831470 0.392847
v -0.461940 -0.831470 0.308658
v -0.458816 -0.848773 0.246157
v -0.410607 -0.864469 0.274359
v -0.321961 -0.885053 0.321961
v -0.281591 -0.890621 0.341683
v -0.513315 -0.806807 0.275985
v -0.487089 -0.831470 0.261606
v -0.529666 -0.764622 0.353912
v -0.401057 -0.766994 0.487255
v -0.445831 -0.769976 0.445831
v -0.351457 -0.831470 0.426815
v -0.458816 -0.848773 0.246157
v -0.410607 -0.864469 0.274359
v -0.321961 -0.885053 0.321961
v -0.281591 -0.890621 0.341683
v -0.487089 -0.831470 0.261606
v -0.513315 -0.806807 0.275985
v -0.529666 -0.764622 0.353912
v -0.401057 -0.766994 0.487255
v -0.445831 -0.769976 0.445831
v -0.351457 -0.831470 0.426815
vn 0.3482 -0.4286 -0.8337
vn -0.4772 0.0049 -0.8788
vn -0.8310 0.3972 -0.3894
vn -0.5508 0.6343 0.5425
vn 0.7730 -0.0000 0.6344
vn -0.4036 -0.7715 0.4918
vn -0.3002 -0.8810 0.3658
vn -0.4918 -0.7715 0.4036
vn -0.3658 -0.8810 0.3002
vn -0.5611 -0.7715 0.2999
vn -0.4173 -0.8810 0.2230
vt 1.000000 0.193054
vt 1.000000 1.000000
vt 0.153063 0.153063
vt 0.336899 0.158365
vt 0.759731 0.178035
vt 0.193054 0.193054
vt 0.583393 0.209868
vt 1.000000 0.233763
vt 1.000000 0.274904
vt 0.233763 0.233763
vt 1.000000 0.272089
vt 0.274904 0.274904
vt 0.759488 0.269229
vt 1.000000 0.153063
vt 0.272089 0.272089
vt 0.593302 0.210034
vt 0.125000 0.218404
vt 0.125000 0.187500
vt 0.140364 0.187500
vt 0.140396 0.219903
vt 0.125000 0.151259
vt 0.140295 0.147494
vt 0.140364 0.187500
vt 0.093750 0.221095
vt 0.093750 0.187500
vt 0.125000 0.151259
vt 0.093750 0.165182
vt 0.078518 0.199894
vt 0.078442 0.187500
vt 0.093750 0.165182
vt 0.078442 0.187500
vt 0.078367 0.175797
s 0
usemtl 
f 2915/4061/1462 2902/4062/1462 2918/4063/1462 2917/4064/1462 2916/4065/1462
f 2915/4066/1463 2919/4067/1463 2920/4068/1463 2902/4062/1463
f 2921/4069/1464 2902/4062/1464 2920/4070/1464
f 2922/4071/1465 2902/4062/1465 2921/4072/1465 2923/4073/1465
f 2918/4074/1466 2902/4062/1466 2922/4075/1466 2924/4076/1466
f 2913/4077/1467 2903/4078/1467 2914/4079/1467 2912/4080/1467
f 2903/4078/1468 2907/4081/1468 2908/4082/1468 2914/4083/1468
f 2911/4084/1469 2904/4085/1469 2903/4078/1469 2913/4077/1469
f 2907/4086/1470 2903/4078/1470 2904/4085/1470 2906/4087/1470
f 2904/4085/1471 2911/4084/1471 2909/4088/1471 2910/4089/1471
f 2906/4090/1472 2904/4085/1472 2910/4091/1472 2905/4092/1472
o Sphere_cell.096
v -0.007970 -0.004135 0.005954
v -0.021002 -0.011778 0.019433
v -0.768177 -0.382683 0.513280
v -0.653886 -0.382683 0.652544
v -0.648999 -0.395479 0.647770
v -0.656728 -0.369657 0.655280
v -0.677145 -0.464537 0.555569
v -0.813970 -0.200350 0.544247
v -0.856595 -0.369807 0.356107
v -0.814247 -0.461080 0.338624
v -0.852985 -0.382683 0.354616
v -0.730236 -0.468055 0.487928
v -0.653886 -0.382683 0.652544
v -0.656728 -0.369657 0.655280
v -0.648999 -0.395479 0.647770
v -0.814247 -0.461080 0.338624
v -0.852985 -0.382683 0.354616
v -0.856595 -0.369807 0.356107
v -0.730236 -0.468055 0.487928
v -0.677145 -0.464537 0.555569
v -0.813970 -0.200350 0.544247
vn 0.7057 0.0052 0.7085
vn 0.2760 0.6930 0.6660
vn 0.6914 -0.6635 0.2859
vn 0.7342 -0.5500 0.3980
vn 0.2684 0.7033 0.6583
vn -0.5091 0.6937 -0.5095
vn -0.3814 0.0001 -0.9244
vn 0.3919 -0.8820 -0.2617
vn -0.7400 -0.2890 0.6073
vn -0.6825 -0.4696 0.5601
vn -0.8444 -0.2887 0.4513
vn -0.7786 -0.4696 0.4162
vt 0.704107 0.319073
vt 0.389582 0.000000
vt 1.000000 0.000000
vt 1.000000 0.617540
vt 0.617540 0.617540
vt 0.000000 0.000000
vt 0.770159 0.000000
vt 1.000000 0.615314
vt 0.357700 0.000000
vt 0.615314 0.615314
vt 1.000000 0.229841
vt 1.000000 1.000000
vt 0.773795 0.773795
vt 0.814534 0.000000
vt 0.811058 0.709091
vt 0.814534 0.814534
vt 0.773813 0.000000
vt 0.773813 0.773813
vt 0.642300 0.000000
vt 0.693230 0.261215
vt 0.093750 0.375000
vt 0.124836 0.375000
vt 0.124826 0.379340
vt 0.093750 0.435647
vt 0.124845 0.370374
vt 0.124836 0.375000
vt 0.093750 0.344137
vt 0.109354 0.345409
vt 0.062708 0.375000
vt 0.093750 0.435647
vt 0.062703 0.379290
vt 0.062708 0.375000
vt 0.062727 0.346659
s 0
usemtl 
f 2937/4093/1473 2939/4094/1473 2926/4095/1473 2938/4096/1473
f 2938/4097/1474 2926/4098/1474 2945/4099/1474
f 2939/4100/1475 2944/4101/1475 2925/4095/1475
f 2926/4095/1476 2939/4102/1476 2925/4098/1476
f 2945/4103/1477 2926/4104/1477 2925/4098/1477
f 2945/4105/1478 2925/4098/1478 2942/4106/1478
f 2941/4107/1479 2942/4108/1479 2925/4098/1479 2940/4109/1479
f 2940/4110/1480 2925/4098/1480 2944/4111/1480 2943/4112/1480
f 2927/4113/1481 2928/4114/1481 2930/4115/1481 2932/4116/1481
f 2929/4117/1482 2928/4118/1482 2927/4113/1482 2936/4119/1482 2931/4120/1482
f 2935/4121/1483 2927/4113/1483 2932/4122/1483 2933/4123/1483
f 2927/4113/1484 2935/4124/1484 2934/4125/1484 2936/4119/1484
o Sphere_cell.097
v 0.000200 0.014507 -0.003571
v 0.038060 0.980785 -0.191342
v 0.000000 0.980785 -0.195090
v -0.059353 0.946141 -0.303452
v -0.037071 0.980785 -0.191439
v 0.000000 0.999501 -0.005063
v 0.110889 0.951172 -0.270773
v 0.073580 0.980785 -0.180567
v 0.000000 0.951072 -0.293041
v 0.056142 0.952670 -0.282245
v -0.059353 0.946141 -0.303452
v -0.037071 0.980785 -0.191439
v 0.000000 0.999501 -0.005063
v 0.110889 0.951172 -0.270773
v 0.073580 0.980785 -0.180567
v 0.056142 0.952670 -0.282245
v 0.000000 0.951072 -0.293041
vn -0.9808 0.0001 0.1951
vn 0.9229 0.0004 0.3851
vn 0.1887 -0.2900 -0.9383
vn 0.0097 0.9951 -0.0980
vn 0.0286 0.9565 -0.2902
vn 0.0286 0.9951 -0.0942
vn 0.0846 0.9565 -0.2790
vn -0.0097 0.9951 -0.0980
vn -0.0286 0.9565 -0.2902
vt 0.100366 0.000000
vt 1.000000 0.000000
vt 0.995170 0.946444
vt 0.436264 0.369396
vt 0.933278 0.333848
vt 0.951425 0.951425
vt 0.000000 0.000000
vt 0.904718 0.000000
vt 0.095282 0.000000
vt 1.000000 0.899634
vt 0.683500 0.587976
vt 0.385165 0.291258
vt 0.733954 0.998315
vt 0.718750 0.937500
vt 0.750000 0.937500
vt 0.750000 0.904866
vt 0.718750 0.906621
vt 0.688420 0.937500
vt 0.703546 0.998315
vt 0.688420 0.937500
vt 0.688142 0.904975
vt 0.765220 0.998378
vt 0.780438 0.937500
vt 0.780734 0.899450
vt 0.750000 0.904866
s 0
usemtl 
f 2956/4126/1485 2946/4127/1485 2958/4128/1485 2957/4129/1485
f 2960/4130/1486 2958/4131/1486 2946/4132/1486 2959/4133/1486
f 2959/4134/1487 2946/4127/1487 2956/4135/1487 2962/4136/1487 2961/4137/1487
f 2951/4138/1488 2947/4139/1488 2948/4140/1488
f 2954/4141/1489 2948/4140/1489 2947/4139/1489 2955/4142/1489
f 2953/4143/1490 2947/4139/1490 2951/4144/1490
f 2955/4142/1491 2947/4139/1491 2953/4145/1491 2952/4146/1491
f 2951/4147/1492 2948/4140/1492 2950/4148/1492
f 2949/4149/1493 2950/4148/1493 2948/4140/1493 2954/4150/1493
o Sphere_cell.098
v -0.004940 0.004558 -0.003899
v -0.005719 0.006375 -0.010800
v -0.012002 0.011468 -0.006775
v -0.691341 0.555570 -0.461940
v -0.587937 0.555570 -0.587938
v -0.461939 0.555570 -0.691341
v -0.513280 0.382683 -0.768177
v -0.633995 0.382683 -0.669109
v -0.435844 0.367102 -0.814901
v -0.514255 0.376894 -0.769638
v -0.710111 0.380723 -0.584967
v -0.671374 0.382683 -0.631235
v -0.652959 0.383537 -0.652959
v -0.734811 0.401658 -0.538028
v -0.720253 0.555570 -0.407850
v -0.695822 0.629417 -0.325613
v -0.732175 0.463692 -0.489224
v -0.713440 0.382683 -0.579978
v -0.657626 0.655335 -0.352167
v -0.604299 0.683129 -0.403780
v -0.547090 0.702273 -0.448844
v -0.521631 0.669832 -0.521631
v -0.432714 0.555570 -0.706962
v -0.400977 0.514778 -0.748531
v -0.451142 0.579252 -0.675182
v -0.374719 0.432566 -0.812153
v -0.423228 0.382683 -0.816311
v -0.633995 0.382683 -0.669109
v -0.514255 0.376894 -0.769638
v -0.435844 0.367102 -0.814901
v -0.710111 0.380723 -0.584967
v -0.671374 0.382683 -0.631235
v -0.652959 0.383537 -0.652959
v -0.734811 0.401658 -0.538028
v -0.732175 0.463692 -0.489224
v -0.720253 0.555570 -0.407850
v -0.695822 0.629417 -0.325613
v -0.657626 0.655335 -0.352167
v -0.604299 0.683129 -0.403780
v -0.432714 0.555570 -0.706962
v -0.400977 0.514778 -0.748531
v -0.451142 0.579252 -0.675182
v -0.521631 0.669832 -0.521631
v -0.374719 0.432566 -0.812153
v -0.423228 0.382683 -0.816311
v -0.713440 0.382683 -0.579978
v -0.547090 0.702273 -0.448844
vn -0.2710 -0.9241 -0.2696
vn -0.2729 -0.9241 -0.2677
vn -0.6738 -0.4424 0.5918
vn -0.6738 -0.4390 0.5944
vn -0.5344 -0.8384 0.1070
vn 0.1569 0.5844 0.7961
vn 0.3067 0.6700 0.6760
vn 0.4756 0.7050 0.5260
vn 0.7603 0.6442 0.0838
vn 0.7892 0.6141 0.0006
vn 0.8868 0.4245 -0.1826
vn 0.6113 -0.5467 -0.5722
vn -0.4180 -0.9051 -0.0787
vn -0.6831 0.6326 -0.3651
vn -0.7786 0.4696 -0.4162
vn -0.5987 0.6326 -0.4913
vn -0.6825 0.4696 -0.5601
vn -0.7400 0.2890 -0.6073
vn -0.6073 0.2890 -0.7400
vn -0.4913 0.6326 -0.5987
vn -0.5601 0.4696 -0.6825
vn -0.3651 0.6326 -0.6831
vn -0.4162 0.4696 -0.7786
vn -0.4513 0.2890 -0.8443
vt 0.479794 0.209979
vt 0.226421 0.000000
vt 1.000000 0.000000
vt 1.000000 0.618933
vt 0.931279 0.565007
vt 0.618933 0.618933
vt 0.000000 0.000000
vt 0.674836 0.000000
vt 0.637504 0.415319
vt 0.698303 0.698303
vt 0.696217 0.696217
vt 0.658705 0.000000
vt 0.682222 0.253939
vt 0.693689 0.525690
vt 1.000000 0.698303
vt 0.323981 0.000000
vt 0.622124 0.000000
vt 0.658705 0.658705
vt 0.665279 0.000000
vt 0.647874 0.303857
vt 0.622124 0.622124
vt 0.665279 0.665279
vt 0.667551 0.667551
vt 0.666419 0.666419
vt 0.710135 0.000000
vt 0.713173 0.117935
vt 0.710842 0.195355
vt 0.684801 0.528920
vt 0.710135 0.710135
vt 0.771107 0.000000
vt 0.771107 0.771107
vt 0.773579 0.000000
vt 0.774974 0.172831
vt 1.000000 0.676019
vt 0.674836 0.674836
vt 0.918009 0.687500
vt 0.930323 0.717958
vt 0.921751 0.728647
vt 0.906250 0.740111
vt 0.906250 0.687500
vt 0.918009 0.687500
vt 0.906250 0.654285
vt 0.875000 0.734626
vt 0.875000 0.687500
vt 0.890286 0.747768
vt 0.899360 0.631859
vt 0.906250 0.654285
vt 0.875000 0.625309
vt 0.879921 0.625000
vt 0.891362 0.625000
vt 0.890333 0.624347
vt 0.870695 0.625000
vt 0.843750 0.625000
vt 0.843750 0.623071
vt 0.843750 0.697268
vt 0.843750 0.687500
vt 0.837397 0.687500
vt 0.843750 0.697268
vt 0.828271 0.672753
vt 0.818848 0.643033
vt 0.826132 0.625000
vt 0.828166 0.619809
s 0
usemtl 
f 2991/4151/1494 2992/4152/1494 2964/4153/1494 2995/4154/1494 2990/4155/1494
f 2995/4156/1495 2964/4157/1495 2993/4158/1495 2994/4159/1495
f 2965/4153/1496 2996/4160/1496 2963/4157/1496
f 2996/4161/1497 2965/4157/1497 2999/4162/1497 2998/4163/1497 2997/4164/1497
f 2963/4153/1498 2996/4165/1498 2980/4166/1498
f 3000/4167/1499 2999/4168/1499 2965/4157/1499
f 2965/4157/1500 3009/4169/1500 3001/4170/1500 3000/4171/1500
f 2965/4157/1501 2963/4153/1501 3009/4172/1501
f 2963/4157/1502 2964/4153/1502 3009/4173/1502
f 3009/4174/1503 2964/4157/1503 3003/4175/1503 3002/4176/1503 3004/4177/1503 3005/4178/1503
f 3003/4179/1504 2964/4157/1504 3006/4180/1504
f 3006/4181/1505 2964/4157/1505 2992/4182/1505 3007/4183/1505
f 2964/4157/1506 2963/4153/1506 2980/4184/1506 2993/4185/1506
f 2977/4186/1507 2978/4187/1507 2981/4188/1507 2982/4189/1507 2966/4190/1507
f 2977/4191/1508 2966/4190/1508 2979/4192/1508
f 2984/4193/1509 2967/4194/1509 2966/4190/1509 2982/4189/1509 2983/4195/1509
f 2976/4196/1510 2979/4197/1510 2966/4190/1510 2967/4194/1510 2975/4198/1510 2974/4199/1510 3008/4200/1510
f 2973/4201/1511 3008/4200/1511 2974/4199/1511
f 2970/4202/1512 2969/4203/1512 2972/4204/1512
f 2987/4205/1513 2968/4206/1513 2967/4194/1513 2984/4193/1513
f 2975/4198/1514 2967/4194/1514 2968/4206/1514 2969/4203/1514 2970/4202/1514
f 2985/4207/1515 2968/4206/1515 2987/4208/1515
f 2969/4203/1516 2968/4206/1516 2985/4207/1516 2986/4209/1516 2988/4210/1516 2989/4211/1516
f 2969/4203/1517 2989/4211/1517 2971/4212/1517 2972/4204/1517
o Sphere_cell.099
v 0.004659 0.006227 -0.001758
v 0.009843 0.011094 -0.002266
v 0.513280 0.831470 -0.212607
v 0.544895 0.831470 -0.108386
v 0.693520 0.707107 -0.137950
v 0.702800 0.703899 -0.070451
v 0.550148 0.831470 -0.055056
v 0.468943 0.875304 -0.046899
v 0.440829 0.873386 -0.182597
v 0.428576 0.867622 -0.228288
v 0.461025 0.877177 -0.091704
v 0.464203 0.829236 -0.310170
v 0.465792 0.825800 -0.314802
v 0.470581 0.822941 -0.314432
v 0.613045 0.725176 -0.299393
v 0.639025 0.719771 -0.264693
v 0.693896 0.694250 -0.172884
v 0.670148 0.707107 -0.214997
v 0.711224 0.684993 -0.141803
v 0.550148 0.831470 -0.055056
v 0.468943 0.875304 -0.046899
v 0.440829 0.873386 -0.182597
v 0.428576 0.867622 -0.228288
v 0.461025 0.877177 -0.091704
v 0.464203 0.829236 -0.310170
v 0.465792 0.825800 -0.314802
v 0.470581 0.822941 -0.314432
v 0.613045 0.725176 -0.299393
v 0.693896 0.694250 -0.172884
v 0.670148 0.707107 -0.214997
v 0.639025 0.719771 -0.264693
v 0.702800 0.703899 -0.070451
v 0.711224 0.684993 -0.141803
vn 0.0899 0.0082 0.9959
vn 0.0992 -0.0013 0.9951
vn -0.8650 0.4711 0.1726
vn -0.8264 0.2779 -0.4898
vn -0.1070 -0.3017 -0.9474
vn 0.5413 -0.6689 -0.5095
vn 0.5446 -0.6708 -0.5034
vn 0.6678 -0.7276 -0.1570
vn 0.6954 -0.6700 0.2596
vn 0.4918 0.7715 -0.4036
vn 0.5611 0.7715 -0.2999
vn 0.4176 0.8796 -0.2279
vn 0.4528 0.8810 -0.1374
vn 0.6088 0.7715 -0.1847
vn 0.7412 0.6326 -0.2248
vn 0.7719 0.6312 -0.0761
vn 0.4709 0.8810 -0.0464
vn 0.6356 0.7700 -0.0560
vt 1.000000 1.000000
vt 0.000000 0.000000
vt 1.000000 0.331320
vt 0.785024 0.209342
vt 1.000000 0.167459
vt 0.340196 0.328252
vt 1.000000 0.174809
vt 0.167459 0.167459
vt 0.368602 0.165662
vt 0.785719 0.169289
vt 0.174809 0.174809
vt 0.952143 0.211647
vt 1.000000 0.214943
vt 1.000000 0.311014
vt 0.214943 0.214943
vt 0.239291 0.217672
vt 1.000000 0.340884
vt 0.311014 0.311014
vt 0.504437 0.316261
vt 0.774343 0.328488
vt 1.000000 0.324017
vt 0.340884 0.340884
vt 0.325590 0.000000
vt 1.000000 0.000000
vt 1.000000 0.332928
vt 0.328765 0.325591
vt 0.594561 0.809651
vt 0.593750 0.811378
vt 0.593750 0.808214
vt 0.593139 0.812500
vt 0.562500 0.812500
vt 0.562500 0.756365
vt 0.572377 0.759081
vt 0.577898 0.836951
vt 0.562500 0.840850
vt 0.593139 0.812500
vt 0.531250 0.843414
vt 0.531250 0.812500
vt 0.562500 0.756365
vt 0.531250 0.750000
vt 0.549401 0.750000
vt 0.531356 0.740877
vt 0.538828 0.744697
vt 0.549401 0.750000
vt 0.515901 0.748654
vt 0.531250 0.740930
vt 0.515864 0.842147
vt 0.515874 0.812500
vt 0.515899 0.750000
s 0
usemtl 
f 3010/4213/1518 3011/4214/1518 3041/4215/1518
f 3029/4216/1519 3030/4217/1519 3010/4213/1519 3041/4218/1519
f 3032/4219/1520 3010/4213/1520 3030/4220/1520 3033/4221/1520 3031/4222/1520
f 3032/4223/1521 3034/4224/1521 3035/4225/1521 3010/4213/1521
f 3037/4226/1522 3010/4213/1522 3035/4227/1522 3036/4228/1522
f 3038/4229/1523 3010/4213/1523 3037/4230/1523 3040/4231/1523 3039/4232/1523
f 3042/4233/1524 3010/4213/1524 3038/4234/1524
f 3042/4235/1525 3011/4236/1525 3010/4213/1525
f 3041/4237/1526 3011/4213/1526 3042/4238/1526
f 3022/4239/1527 3021/4240/1527 3023/4241/1527
f 3021/4242/1528 3012/4243/1528 3025/4244/1528 3024/4245/1528 3023/4241/1528
f 3019/4246/1529 3018/4247/1529 3012/4243/1529 3021/4248/1529
f 3020/4249/1530 3013/4250/1530 3012/4243/1530 3018/4247/1530
f 3025/4251/1531 3012/4243/1531 3013/4250/1531 3014/4252/1531 3027/4253/1531
f 3028/4254/1532 3026/4255/1532 3027/4256/1532 3014/4252/1532
f 3014/4252/1533 3015/4257/1533 3028/4258/1533
f 3017/4259/1534 3016/4260/1534 3013/4250/1534 3020/4249/1534
f 3015/4261/1535 3014/4252/1535 3013/4250/1535 3016/4260/1535
o Sphere_cell.100
v -0.002144 0.005517 0.003145
v -0.308658 0.831470 0.461939
v -0.392847 0.707107 0.587938
v -0.392847 0.831470 0.392847
v -0.541095 0.752760 0.362660
v -0.461374 0.831470 0.309348
v -0.354931 0.899907 0.238192
v -0.523465 0.728409 0.430689
v -0.271461 0.707107 0.652820
v -0.281008 0.676599 0.675970
v -0.189934 0.864646 0.455359
v -0.213633 0.831470 0.512732
v -0.252895 0.885119 0.378484
v -0.307000 0.896363 0.307000
v -0.296477 0.627633 0.713048
v -0.351703 0.657102 0.656238
v -0.402987 0.684868 0.603113
v -0.454502 0.707107 0.537339
v -0.488935 0.719949 0.488935
v -0.541095 0.752760 0.362660
v -0.461374 0.831470 0.309348
v -0.354931 0.899907 0.238192
v -0.523465 0.728409 0.430689
v -0.189934 0.864646 0.455359
v -0.213633 0.831470 0.512732
v -0.271461 0.707107 0.652820
v -0.281008 0.676599 0.675970
v -0.307000 0.896363 0.307000
v -0.252895 0.885119 0.378484
v -0.296477 0.627633 0.713048
v -0.351703 0.657102 0.656238
v -0.454502 0.707107 0.537339
v -0.488935 0.719949 0.488935
v -0.402987 0.684868 0.603113
vn -0.5555 -0.0006 -0.8315
vn -0.8109 -0.5852 0.0007
vn 0.9241 0.0008 0.3822
vn 0.7517 0.4283 -0.5016
vn 0.9234 -0.0011 0.3838
vn -0.6747 -0.6707 0.3080
vn -0.6779 -0.6691 0.3047
vn -0.2999 0.7715 0.5611
vn -0.3651 0.6326 0.6831
vn -0.2231 0.8810 0.4173
vn -0.3002 0.8810 0.3658
vn -0.4036 0.7715 0.4918
vn -0.4913 0.6326 0.5987
vn -0.3658 0.8810 0.3002
vn -0.4918 0.7715 0.4036
vt 1.000000 0.000000
vt 1.000000 0.715217
vt 0.600040 0.390804
vt 0.143489 0.000000
vt 0.715217 0.715217
vt 0.000000 0.000000
vt 0.691970 0.000000
vt 0.849500 0.640211
vt 0.436122 0.108012
vt 0.357271 0.000000
vt 1.000000 0.822387
vt 0.853007 0.253285
vt 0.842123 0.523641
vt 0.822387 0.822387
vt 0.856511 0.000000
vt 0.357271 0.357271
vt 1.000000 0.321646
vt 1.000000 1.000000
vt 1.000000 0.376158
vt 0.321646 0.321646
vt 0.852619 0.316098
vt 1.000000 0.308030
vt 0.376158 0.376158
vt 0.538216 0.349613
vt 0.722128 0.328364
vt 0.156250 0.812500
vt 0.156250 0.750000
vt 0.187279 0.750000
vt 0.187166 0.812500
vt 0.187285 0.717222
vt 0.187300 0.737417
vt 0.187279 0.750000
vt 0.156250 0.740828
vt 0.171698 0.729376
vt 0.156250 0.848785
vt 0.187166 0.812500
vt 0.187100 0.834938
vt 0.125000 0.856390
vt 0.125000 0.812500
vt 0.138269 0.750000
vt 0.125000 0.756454
vt 0.138269 0.750000
vt 0.094064 0.858787
vt 0.094006 0.812500
vt 0.125000 0.856390
vt 0.093980 0.772944
vt 0.109570 0.760706
s 0
usemtl 
f 3043/4262/1536 3062/4263/1536 3063/4264/1536 3064/4265/1536
f 3062/4266/1537 3043/4267/1537 3065/4268/1537
f 3067/4269/1538 3068/4270/1538 3069/4271/1538 3043/4262/1538 3066/4272/1538
f 3070/4273/1539 3071/4274/1539 3066/4275/1539 3043/4267/1539 3064/4276/1539
f 3069/4277/1540 3072/4278/1540 3043/4279/1540
f 3073/4280/1541 3043/4279/1541 3072/4281/1541
f 3075/4282/1542 3065/4283/1542 3043/4279/1542 3073/4284/1542 3076/4285/1542 3074/4286/1542
f 3044/4287/1543 3045/4288/1543 3051/4289/1543 3054/4290/1543
f 3057/4291/1544 3052/4292/1544 3051/4293/1544 3045/4288/1544 3059/4294/1544 3058/4295/1544
f 3055/4296/1545 3044/4287/1545 3054/4297/1545 3053/4298/1545
f 3056/4299/1546 3046/4300/1546 3044/4287/1546 3055/4296/1546
f 3060/4301/1547 3045/4288/1547 3044/4287/1547 3046/4300/1547 3061/4302/1547
f 3060/4303/1548 3059/4294/1548 3045/4288/1548
f 3049/4304/1549 3048/4305/1549 3046/4300/1549 3056/4306/1549
f 3061/4302/1550 3046/4300/1550 3048/4305/1550 3047/4307/1550 3050/4308/1550
o Sphere_cell.101
v -0.006805 0.032566 -0.007367
v -0.137950 0.980785 -0.137950
v -0.233224 0.928376 -0.282185
v -0.237209 0.938203 -0.237209
v -0.240168 0.944916 -0.198891
v -0.123951 0.980785 -0.149438
v -0.007199 0.998966 -0.007614
v -0.149219 0.980785 -0.124217
v -0.233224 0.928376 -0.282185
v -0.237209 0.938203 -0.237209
v -0.240168 0.944916 -0.198891
v -0.123951 0.980785 -0.149438
v -0.007199 0.998966 -0.007614
v -0.149219 0.980785 -0.124217
vn -0.9668 -0.2536 -0.0302
vn 0.7720 0.0002 -0.6356
vn -0.6346 -0.0001 0.7729
vn -0.0761 0.9951 -0.0625
vn -0.2254 0.9565 -0.1850
vn -0.0625 0.9951 -0.0761
vn -0.1850 0.9565 -0.2254
vt 1.000000 0.119572
vt 1.000000 1.000000
vt 0.103330 0.103330
vt 0.513032 0.109921
vt 1.000000 0.050529
vt 0.119572 0.119572
vt 0.545248 0.068231
vt 0.614802 0.068206
vt 1.000000 0.103330
vt 0.059748 0.050813
vt 0.889547 0.995687
vt 0.875000 0.937500
vt 0.889516 0.937500
vt 0.889516 0.937500
vt 0.875000 0.890732
vt 0.889925 0.898104
vt 0.859975 0.996635
vt 0.860203 0.937500
vt 0.859915 0.879939
vt 0.860202 0.937500
s 0
usemtl 
f 3085/4309/1551 3077/4310/1551 3087/4311/1551 3086/4312/1551
f 3089/4313/1552 3077/4310/1552 3085/4314/1552 3088/4315/1552
f 3090/4316/1553 3087/4317/1553 3077/4310/1553 3089/4318/1553
f 3083/4319/1554 3078/4320/1554 3084/4321/1554
f 3084/4322/1555 3078/4320/1555 3080/4323/1555 3081/4324/1555
f 3083/4325/1556 3082/4326/1556 3078/4320/1556
f 3079/4327/1557 3080/4323/1557 3078/4320/1557 3082/4328/1557
o Sphere_cell.102
v 0.006990 0.006139 -0.006542
v 0.587938 0.555570 -0.587938
v 0.488819 0.626898 -0.593921
v 0.544443 0.630521 -0.544443
v 0.644189 0.623341 -0.432147
v 0.701971 0.530193 -0.470266
v 0.690630 0.555570 -0.462807
v 0.647917 0.397271 -0.647587
v 0.555989 0.466066 -0.675749
v 0.525770 0.555570 -0.638958
v 0.555989 0.466066 -0.675749
v 0.647917 0.397271 -0.647587
v 0.488819 0.626898 -0.593921
v 0.544443 0.630521 -0.544443
v 0.644189 0.623341 -0.432147
v 0.701971 0.530193 -0.470266
v 0.690630 0.555570 -0.462807
v 0.525770 0.555570 -0.638958
vn -0.4491 0.7728 0.4483
vn 0.5536 0.0027 0.8327
vn 0.6913 -0.6633 0.2865
vn -0.2855 -0.6643 -0.6908
vn 0.4913 0.6326 -0.5987
vn 0.5603 0.4695 -0.6824
vn 0.5987 0.6326 -0.4913
vn 0.6825 0.4696 -0.5601
vn -0.7731 -0.0002 -0.6343
vt 0.594455 0.594455
vt 0.000000 0.000000
vt 0.610994 0.000000
vt 0.604585 0.400525
vt 0.655336 0.151630
vt 0.610994 0.610994
vt 0.666150 0.000000
vt 0.666150 0.666150
vt 0.614570 0.000000
vt 0.614570 0.614570
vt 0.641501 0.000000
vt 0.625000 0.718413
vt 0.625000 0.687500
vt 0.640419 0.687500
vt 0.640402 0.716919
vt 0.640419 0.687500
vt 0.625000 0.630348
vt 0.640427 0.655143
vt 0.625000 0.718413
vt 0.594045 0.715451
vt 0.593965 0.687500
vt 0.625000 0.630348
vt 0.593939 0.678326
vt 0.641501 0.641501
vt 1.000000 0.000000
vt 1.000000 0.594455
vt 0.606254 0.254664
s 0
usemtl 
f 3103/4329/1558 3091/4330/1558 3105/4331/1558 3104/4332/1558
f 3107/4333/1559 3105/4334/1559 3091/4330/1559 3106/4335/1559
f 3106/4336/1560 3091/4330/1560 3102/4337/1560
f 3102/4338/1561 3091/4330/1561 3101/4339/1561
f 3094/4340/1562 3092/4341/1562 3108/4342/1562 3093/4343/1562
f 3108/4344/1563 3092/4341/1563 3098/4345/1563 3099/4346/1563
f 3092/4341/1564 3094/4347/1564 3095/4348/1564 3097/4349/1564
f 3098/4350/1565 3092/4341/1565 3097/4349/1565 3096/4351/1565
f 3101/4352/1566 3091/4353/1566 3103/4354/1566 3100/4355/1566
o Sphere_cell.103
v -0.006105 -0.003516 0.007208
v -0.018633 -0.012064 0.020044
v -0.513280 -0.382683 0.768178
v -0.652522 -0.382683 0.653905
v -0.655230 -0.369392 0.656873
v -0.647674 -0.395730 0.648905
v -0.425912 -0.555570 0.710599
v -0.469856 -0.528911 0.703189
v -0.383178 -0.576961 0.713630
v -0.447787 -0.287607 0.835729
v -0.391367 -0.555570 0.729063
v -0.434402 -0.382683 0.810338
v -0.601641 -0.287251 0.732931
v -0.528906 -0.289965 0.791563
v -0.652522 -0.382683 0.653905
v -0.655230 -0.369392 0.656873
v -0.647674 -0.395730 0.648905
v -0.469856 -0.528911 0.703189
v -0.425912 -0.555570 0.710599
v -0.391367 -0.555570 0.729063
v -0.434402 -0.382683 0.810338
v -0.383178 -0.576961 0.713630
v -0.447787 -0.287607 0.835729
v -0.601641 -0.287251 0.732931
v -0.528906 -0.289965 0.791563
vn -0.7100 0.0094 -0.7042
vn -0.5985 -0.2605 -0.7576
vn -0.2858 -0.6639 -0.6911
vn -0.2284 -0.6926 -0.6842
vn 0.8826 -0.0013 0.4701
vn -0.6670 0.6916 -0.2770
vn -0.1600 0.9568 0.2428
vn -0.3651 -0.6326 0.6831
vn -0.4513 -0.2890 0.8443
vn -0.4162 -0.4696 0.7786
vn -0.6073 -0.2890 0.7400
vn -0.5601 -0.4696 0.6825
vt 1.000000 0.615482
vt 0.681332 0.301434
vt 0.377183 0.000000
vt 1.000000 0.000000
vt 0.615482 0.615482
vt 0.000000 0.000000
vt 0.610650 0.610650
vt 0.673141 0.000000
vt 0.670421 0.087393
vt 0.663251 0.185847
vt 0.673141 0.673141
vt 0.692186 0.622796
vt 0.677364 0.677364
vt 0.794708 0.000000
vt 0.770282 0.212242
vt 0.303953 0.000000
vt 1.000000 0.622817
vt 1.000000 0.205292
vt 1.000000 1.000000
vt 0.303953 0.303953
vt 0.650857 0.247685
vt 0.171592 0.312500
vt 0.164082 0.312500
vt 0.171578 0.303677
vt 0.156250 0.405891
vt 0.156250 0.375000
vt 0.171682 0.375000
vt 0.171716 0.406676
vt 0.156250 0.322137
vt 0.140607 0.406795
vt 0.125198 0.379428
vt 0.125170 0.375000
vt 0.125155 0.370283
vt 0.156250 0.322137
s 0
usemtl 
f 3125/4356/1567 3123/4357/1567 3124/4358/1567 3109/4359/1567
f 3110/4359/1568 3125/4360/1568 3109/4361/1568
f 3125/4362/1569 3110/4361/1569 3130/4363/1569 3127/4364/1569 3126/4365/1569
f 3130/4366/1570 3110/4361/1570 3109/4359/1570
f 3128/4367/1571 3130/4368/1571 3109/4361/1571 3131/4369/1571 3129/4370/1571
f 3132/4371/1572 3109/4359/1572 3124/4372/1572
f 3131/4373/1573 3109/4374/1573 3132/4375/1573 3133/4376/1573
f 3119/4377/1574 3115/4378/1574 3117/4379/1574
f 3122/4380/1575 3111/4381/1575 3120/4382/1575 3118/4383/1575
f 3120/4382/1576 3111/4381/1576 3116/4384/1576 3115/4378/1576 3119/4377/1576
f 3121/4385/1577 3113/4386/1577 3112/4387/1577 3111/4381/1577 3122/4380/1577
f 3111/4381/1578 3112/4387/1578 3114/4388/1578 3116/4389/1578
o Sphere_cell.104
v 0.005579 0.000298 -0.005324
v 0.693520 0.195090 -0.693520
v 0.707107 0.000000 -0.707107
v 0.823017 0.095125 -0.551172
v 0.795434 0.162675 -0.574346
v 0.684725 0.236092 -0.684725
v 0.750349 0.195090 -0.624273
v 0.620342 0.192546 -0.753898
v 0.624257 0.195090 -0.750362
v 0.632140 0.000000 -0.768631
v 0.626115 -0.095458 -0.761471
v 0.700371 -0.096712 -0.700371
v 0.761779 -0.095240 -0.625774
v 0.830825 0.000000 -0.556355
v 0.823017 0.095125 -0.551172
v 0.795434 0.162675 -0.574346
v 0.684725 0.236092 -0.684725
v 0.750349 0.195090 -0.624273
v 0.620342 0.192546 -0.753898
v 0.624257 0.195090 -0.750362
v 0.632140 0.000000 -0.768631
v 0.626115 -0.095458 -0.761471
v 0.700371 -0.096712 -0.700371
v 0.761779 -0.095240 -0.625774
v 0.830825 0.000000 -0.556355
vn 0.5553 0.0003 0.8316
vn 0.4592 0.4502 0.7658
vn 0.1403 0.8835 0.4469
vn -0.4470 0.8835 -0.1402
vn -0.7729 0.0012 -0.6345
vn -0.0719 -0.9952 0.0670
vn -0.0654 -0.9951 0.0735
vn 0.3908 -0.7102 0.5856
vn 0.6073 0.2890 -0.7400
vn 0.6314 0.0975 -0.7693
vn 0.6314 -0.0975 -0.7693
vn 0.7400 0.2890 -0.6073
vn 0.7693 0.0975 -0.6314
vn 0.7693 -0.0975 -0.6314
vt 1.000000 0.217299
vt 1.000000 1.000000
vt 0.209995 0.209995
vt 1.000000 0.243889
vt 0.217299 0.217299
vt 1.000000 0.349834
vt 0.243889 0.243889
vt 0.568704 0.287013
vt 1.000000 0.283356
vt 0.349834 0.349834
vt 0.963396 0.286757
vt 1.000000 0.276029
vt 0.283356 0.283356
vt 0.759413 0.269199
vt 1.000000 0.334681
vt 0.276029 0.276029
vt 0.334681 0.334681
vt 1.000000 0.276224
vt 1.000000 0.209995
vt 0.276224 0.276224
vt 0.625000 0.576160
vt 0.625000 0.562500
vt 0.639563 0.562500
vt 0.640420 0.561685
vt 0.625000 0.500000
vt 0.640460 0.500000
vt 0.640477 0.469419
vt 0.640460 0.500000
vt 0.625000 0.469017
vt 0.610440 0.562500
vt 0.599543 0.552115
vt 0.593918 0.530475
vt 0.593912 0.500000
vt 0.609449 0.469489
s 0
usemtl 
f 3148/4390/1579 3134/4391/1579 3158/4392/1579
f 3149/4393/1580 3134/4391/1580 3148/4394/1580
f 3150/4395/1581 3134/4391/1581 3149/4396/1581 3151/4397/1581
f 3152/4398/1582 3134/4391/1582 3150/4399/1582 3153/4400/1582
f 3155/4401/1583 3134/4391/1583 3152/4402/1583 3154/4403/1583
f 3156/4404/1584 3134/4391/1584 3155/4405/1584
f 3156/4406/1585 3157/4407/1585 3134/4391/1585
f 3158/4408/1586 3134/4391/1586 3157/4409/1586
f 3139/4410/1587 3135/4411/1587 3142/4412/1587
f 3141/4413/1588 3142/4412/1588 3135/4411/1588 3136/4414/1588 3143/4415/1588
f 3144/4416/1589 3143/4417/1589 3136/4414/1589 3145/4418/1589
f 3140/4419/1590 3135/4411/1590 3139/4410/1590
f 3138/4420/1591 3137/4421/1591 3147/4422/1591 3136/4414/1591 3135/4411/1591 3140/4419/1591
f 3145/4418/1592 3136/4414/1592 3147/4422/1592 3146/4423/1592
o Sphere_cell.109
v 0.001683 -0.004425 0.008738
v 0.513280 -0.382683 0.768178
v 0.353553 -0.382683 0.853553
v 0.180240 -0.382683 0.906127
v 0.163744 -0.546645 0.819989
v 0.085859 -0.481454 0.862629
v 0.088373 -0.436822 0.886237
v 0.165295 -0.382683 0.907599
v 0.180967 -0.370399 0.909782
v 0.374654 -0.200910 0.904496
v 0.524161 -0.382683 0.759248
v 0.563434 -0.436833 0.689755
v 0.515220 -0.371170 0.771082
v 0.529808 -0.535280 0.649606
v 0.464561 -0.546743 0.695265
v 0.318390 -0.554590 0.768662
v 0.085859 -0.481454 0.862629
v 0.088373 -0.436822 0.886237
v 0.165295 -0.382683 0.907599
v 0.180967 -0.370399 0.909782
v 0.524161 -0.382683 0.759248
v 0.515220 -0.371170 0.771082
v 0.563434 -0.436833 0.689755
v 0.374654 -0.200910 0.904496
v 0.529808 -0.535280 0.649606
v 0.464561 -0.546743 0.695265
v 0.318390 -0.554590 0.768662
v 0.163744 -0.546645 0.819989
vn -0.7029 -0.6482 -0.2928
vn -0.9950 0.0032 0.0999
vn -0.5977 0.6943 0.4009
vn 0.7060 0.6939 -0.1417
vn 0.7704 -0.0032 -0.6375
vn -0.2130 -0.8314 -0.5132
vn 0.6073 -0.2890 0.7400
vn 0.5601 -0.4696 0.6825
vn 0.4513 -0.2890 0.8443
vn 0.4162 -0.4696 0.7786
vn 0.2779 -0.2890 0.9161
vn 0.2563 -0.4696 0.8448
vn 0.0938 -0.2890 0.9527
vn 0.0871 -0.4700 0.8783
vt 1.000000 0.180131
vt 1.000000 1.000000
vt 0.226499 0.220443
vt 1.000000 0.157222
vt 0.180131 0.180131
vt 0.408100 0.134688
vt 1.000000 0.139672
vt 0.157222 0.157222
vt 0.363367 0.136771
vt 0.773281 0.279448
vt 1.000000 0.346189
vt 0.141165 0.139935
vt 0.729384 0.268082
vt 1.000000 0.384639
vt 0.346189 0.346189
vt 0.384639 0.384639
vt 0.499019 0.340755
vt 0.746382 0.270195
vt 1.000000 0.220829
vt 0.343750 0.378836
vt 0.343750 0.375000
vt 0.346179 0.375000
vt 0.346179 0.375000
vt 0.343750 0.315691
vt 0.358888 0.319835
vt 0.359014 0.355424
vt 0.312500 0.435561
vt 0.312500 0.375000
vt 0.312500 0.312854
vt 0.281250 0.379093
vt 0.281250 0.375000
vt 0.312420 0.435719
vt 0.312500 0.312854
vt 0.281367 0.315727
vt 0.278659 0.375000
vt 0.281250 0.315879
vt 0.265817 0.355428
vt 0.265789 0.339294
s 0
usemtl 
f 3175/4424/1593 3159/4425/1593 3186/4426/1593
f 3176/4427/1594 3159/4425/1594 3175/4428/1594
f 3178/4429/1595 3182/4430/1595 3159/4425/1595 3176/4431/1595 3177/4432/1595
f 3179/4433/1596 3181/4434/1596 3159/4425/1596 3182/4435/1596 3180/4436/1596
f 3183/4437/1597 3159/4425/1597 3181/4438/1597
f 3159/4425/1598 3183/4439/1598 3184/4440/1598 3185/4441/1598 3186/4442/1598
f 3171/4443/1599 3160/4444/1599 3169/4445/1599
f 3169/4446/1600 3160/4444/1600 3173/4447/1600 3172/4448/1600 3170/4449/1600
f 3168/4450/1601 3161/4451/1601 3160/4444/1601 3171/4443/1601
f 3173/4447/1602 3160/4444/1602 3161/4451/1602 3174/4452/1602
f 3167/4453/1603 3162/4454/1603 3161/4451/1603 3168/4455/1603
f 3174/4456/1604 3161/4451/1604 3162/4454/1604 3163/4457/1604
f 3166/4458/1605 3162/4454/1605 3167/4453/1605
f 3163/4459/1606 3162/4454/1606 3166/4458/1606 3165/4460/1606 3164/4461/1606
o Sphere_cell.110
v -0.003975 0.007834 -0.003081
v -0.461939 0.831470 -0.308658
v -0.587938 0.707107 -0.392847
v -0.392847 0.831470 -0.392847
v -0.378346 0.885208 -0.252803
v -0.414600 0.875556 -0.223097
v -0.238174 0.899965 -0.354808
v -0.306904 0.896435 -0.306904
v -0.620250 0.707107 -0.332395
v -0.656064 0.657465 -0.351399
v -0.487073 0.831470 -0.261637
v -0.545958 0.704193 -0.447750
v -0.602973 0.685073 -0.402894
v -0.450758 0.764258 -0.450758
v -0.299900 0.840596 -0.447145
v -0.324244 0.831470 -0.449148
v -0.238174 0.899965 -0.354808
v -0.306904 0.896435 -0.306904
v -0.378346 0.885208 -0.252803
v -0.414600 0.875556 -0.223097
v -0.620250 0.707107 -0.332395
v -0.487073 0.831470 -0.261637
v -0.656064 0.657465 -0.351399
v -0.602973 0.685073 -0.402894
v -0.545958 0.704193 -0.447750
v -0.450758 0.764258 -0.450758
v -0.324244 0.831470 -0.449148
v -0.299900 0.840596 -0.447145
vn 0.5019 0.4281 0.7516
vn -0.4701 0.0013 0.8826
vn -0.3068 -0.6703 -0.6757
vn 0.2219 -0.3963 -0.8909
vn 0.8316 -0.0007 -0.5554
vn -0.4173 0.8810 -0.2231
vn -0.5611 0.7715 -0.2999
vn -0.6831 0.6326 -0.3651
vn -0.3658 0.8810 -0.3002
vn -0.4922 0.7701 -0.4059
vn -0.5987 0.6326 -0.4913
vn -0.3002 0.8810 -0.3658
vn -0.4036 0.7715 -0.4918
vt 0.464675 0.147427
vt 0.814142 0.158084
vt 1.000000 0.167284
vt 1.000000 1.000000
vt 0.144149 0.144149
vt 0.845091 0.328934
vt 1.000000 0.376573
vt 0.167284 0.167284
vt 0.378412 0.209591
vt 0.693997 0.349985
vt 1.000000 0.331548
vt 0.376573 0.376573
vt 0.341701 0.328761
vt 0.596053 0.274129
vt 0.937389 0.209912
vt 1.000000 0.201204
vt 1.000000 0.144149
vt 0.201204 0.201204
vt 0.921433 0.842317
vt 0.906250 0.848845
vt 0.906250 0.812500
vt 0.921548 0.812500
vt 0.906250 0.750000
vt 0.921703 0.750000
vt 0.921738 0.729526
vt 0.921703 0.750000
vt 0.906250 0.740912
vt 0.875000 0.856439
vt 0.875000 0.812500
vt 0.890110 0.750000
vt 0.875000 0.778722
vt 0.906250 0.740912
vt 0.890678 0.748799
vt 0.849535 0.812500
vt 0.844083 0.858826
vt 0.844041 0.818673
s 0
usemtl 
f 3204/4462/1607 3205/4463/1607 3206/4464/1607 3187/4465/1607 3203/4466/1607
f 3207/4467/1608 3209/4468/1608 3187/4465/1608 3206/4469/1608 3208/4470/1608
f 3210/4471/1609 3211/4472/1609 3187/4465/1609 3209/4473/1609
f 3187/4465/1610 3211/4474/1610 3212/4475/1610 3213/4476/1610 3214/4477/1610
f 3203/4478/1611 3187/4465/1611 3214/4479/1611
f 3192/4480/1612 3191/4481/1612 3188/4482/1612 3197/4483/1612
f 3197/4483/1613 3188/4482/1613 3189/4484/1613 3195/4485/1613
f 3196/4486/1614 3195/4487/1614 3189/4484/1614 3199/4488/1614
f 3194/4489/1615 3190/4490/1615 3188/4482/1615 3191/4481/1615
f 3198/4491/1616 3189/4484/1616 3188/4482/1616 3190/4490/1616 3200/4492/1616
f 3199/4493/1617 3189/4484/1617 3198/4494/1617
f 3202/4495/1618 3190/4490/1618 3194/4489/1618 3193/4496/1618 3201/4497/1618
f 3190/4490/1619 3202/4495/1619 3200/4492/1619
o Sphere_cell.111
v 0.002707 -0.009237 0.003161
v 0.002760 -0.016791 0.002798
v 0.318190 -0.923880 0.212608
v 0.162212 -0.980785 0.108386
v 0.270598 -0.923880 0.270598
v 0.137950 -0.980785 0.137950
v 0.213474 -0.923880 0.317479
v 0.265009 -0.874339 0.394506
v 0.109153 -0.980785 0.161582
v 0.362979 -0.876133 0.298162
v 0.331245 -0.878036 0.331245
v 0.104361 -0.981636 0.154393
v 0.376965 -0.886096 0.251880
v 0.398870 -0.897413 0.166200
v 0.115921 -0.983854 0.115921
v 0.120893 -0.984522 0.099224
v 0.139345 -0.983494 0.093107
v 0.177117 -0.980785 0.080500
v 0.184667 -0.979140 0.077826
v 0.353091 -0.923880 0.147313
v 0.213474 -0.923880 0.317479
v 0.109153 -0.980785 0.161582
v 0.265009 -0.874339 0.394506
v 0.362979 -0.876133 0.298162
v 0.331245 -0.878036 0.331245
v 0.376965 -0.886096 0.251880
v 0.104361 -0.981636 0.154393
v 0.115921 -0.983854 0.115921
v 0.120893 -0.984522 0.099224
v 0.177117 -0.980785 0.080500
v 0.184667 -0.979140 0.077826
v 0.139345 -0.983494 0.093107
v 0.398870 -0.897413 0.166200
v 0.353091 -0.923880 0.147313
vn -0.8311 -0.0004 0.5562
vn 0.6228 0.4713 0.6245
vn -0.9017 -0.0271 0.4316
vn 0.8874 0.4276 0.1724
vn 0.4662 0.0458 -0.8835
vn -0.9500 -0.1436 -0.2772
vn -0.3054 -0.1313 -0.9431
vn 0.3814 -0.0000 -0.9244
vn 0.4173 -0.8810 0.2231
vn 0.2571 -0.9565 0.1374
vn 0.0869 -0.9951 0.0464
vn 0.3658 -0.8810 0.3002
vn 0.2254 -0.9565 0.1850
vn 0.0761 -0.9951 0.0625
vn 0.3002 -0.8810 0.3658
vn 0.1850 -0.9565 0.2254
vn 0.0625 -0.9951 0.0761
vt 0.933710 0.023391
vt 0.879142 0.557093
vt 0.831595 0.831595
vt 0.000000 0.000000
vt 0.934512 0.000000
vt 0.166956 0.000000
vt 1.000000 0.000000
vt 1.000000 0.831594
vt 0.443238 0.278202
vt 1.000000 0.065488
vt 1.000000 1.000000
vt 1.000000 0.147206
vt 0.166956 0.166956
vt 0.462504 0.157550
vt 0.148052 0.000000
vt 0.934043 0.934043
vt 0.936631 0.000000
vt 0.936047 0.282340
vt 0.933184 0.113643
vt 0.935692 0.667090
vt 0.936631 0.936631
vt 0.931614 0.000000
vt 0.785866 0.663557
vt 0.068386 0.000000
vt 1.000000 0.851948
vt 0.437153 0.143061
vt 0.406250 0.150554
vt 0.406250 0.125000
vt 0.437091 0.125000
vt 0.406250 0.062500
vt 0.432087 0.062500
vt 0.436576 0.064307
vt 0.437091 0.125000
vt 0.408453 0.053689
vt 0.375000 0.156006
vt 0.375000 0.125000
vt 0.390554 0.157293
vt 0.375000 0.062500
vt 0.404047 0.053689
vt 0.377495 0.052519
vt 0.390619 0.050347
vt 0.344217 0.125000
vt 0.344145 0.158506
vt 0.344560 0.062500
vt 0.344560 0.062500
vt 0.345260 0.059732
vt 0.372505 0.052519
s 0
usemtl 
f 3236/4498/1620 3235/4499/1620 3237/4500/1620 3215/4501/1620 3241/4502/1620
f 3238/4503/1621 3215/4504/1621 3237/4505/1621 3239/4506/1621
f 3216/4501/1622 3241/4507/1622 3215/4508/1622
f 3247/4509/1623 3215/4508/1623 3238/4510/1623 3240/4511/1623
f 3247/4512/1624 3216/4504/1624 3215/4508/1624
f 3241/4513/1625 3216/4501/1625 3243/4514/1625 3242/4515/1625
f 3244/4516/1626 3246/4517/1626 3243/4518/1626 3216/4501/1626 3245/4519/1626
f 3248/4520/1627 3245/4521/1627 3216/4504/1627 3247/4522/1627
f 3228/4523/1628 3227/4524/1628 3217/4525/1628 3234/4526/1628
f 3217/4525/1629 3218/4527/1629 3232/4528/1629 3233/4529/1629 3234/4530/1629
f 3218/4527/1630 3231/4531/1630 3232/4528/1630
f 3225/4532/1631 3219/4533/1631 3217/4525/1631 3227/4524/1631 3224/4534/1631
f 3218/4527/1632 3217/4525/1632 3219/4533/1632 3220/4535/1632
f 3231/4536/1633 3218/4527/1633 3220/4535/1633 3229/4537/1633 3230/4538/1633
f 3221/4539/1634 3219/4533/1634 3225/4532/1634 3222/4540/1634
f 3223/4541/1635 3220/4535/1635 3219/4533/1635 3221/4539/1635
f 3220/4535/1636 3223/4542/1636 3226/4543/1636 3229/4544/1636
o Sphere_cell.112
v 0.000000 0.000000 -1.000000
v 0.000000 -0.195090 -0.980785
v -0.001009 -0.000520 -0.004118
v -0.382683 0.000000 -0.923879
v -0.375330 -0.195090 -0.906127
v -0.195090 0.000000 -0.980784
v -0.191341 -0.195090 -0.961939
v -0.180240 -0.382683 -0.906127
v -0.354456 -0.374902 -0.855734
v -0.439721 -0.333425 -0.824357
v -0.243018 -0.414037 -0.869655
v -0.334151 -0.382683 -0.859439
v -0.459370 -0.195090 -0.861207
v -0.468326 0.000000 -0.878101
v -0.464042 0.092076 -0.870158
v -0.379112 0.094729 -0.915259
v -0.193237 0.096444 -0.971468
v 0.095288 0.091679 -0.981585
v 0.000000 0.094452 -0.990697
v 0.096001 -0.092830 -0.981402
v 0.096532 0.000000 -0.990492
v 0.059678 -0.195090 -0.974908
v 0.034495 -0.261030 -0.957385
v 0.000000 -0.282376 -0.954307
v -0.354456 -0.374902 -0.855734
v -0.334151 -0.382683 -0.859439
v -0.243018 -0.414037 -0.869655
v -0.439721 -0.333425 -0.824357
v -0.468326 0.000000 -0.878101
v -0.464042 0.092076 -0.870158
v -0.459370 -0.195090 -0.861207
v -0.379112 0.094729 -0.915259
v -0.193237 0.096444 -0.971468
v 0.095288 0.091679 -0.981585
v 0.000000 0.094452 -0.990697
v 0.096532 0.000000 -0.990492
v 0.096001 -0.092830 -0.981402
v 0.059678 -0.195090 -0.974908
v 0.034495 -0.261030 -0.957385
v 0.000000 -0.282376 -0.954307
v -0.180240 -0.382683 -0.906127
vn -0.2390 -0.8485 0.4722
vn -0.8819 0.0003 0.4715
vn 0.0198 0.9952 0.0958
vn 0.9951 0.0039 0.0984
vn 0.9375 -0.3252 0.1238
vn 0.5259 -0.8156 0.2412
vn 0.0975 0.0975 -0.9904
vn 0.0975 -0.0975 -0.9904
vn 0.0938 -0.2890 -0.9527
vn -0.4691 0.0975 -0.8777
vn -0.4691 -0.0975 -0.8777
vn -0.4513 -0.2890 -0.8443
vn -0.2889 0.0975 -0.9524
vn -0.2889 -0.0975 -0.9524
vn -0.2779 -0.2890 -0.9161
vn -0.2563 -0.4696 -0.8448
vn -0.0976 0.0975 -0.9904
vn -0.0976 -0.0975 -0.9904
vn -0.0938 -0.2890 -0.9527
vt 0.534050 0.352021
vt 0.172044 0.000000
vt 1.000000 0.000000
vt 1.000000 0.784151
vt 0.617572 0.431951
vt 0.000000 0.000000
vt 0.827818 0.000000
vt 0.835436 0.173244
vt 0.819338 0.533592
vt 0.784151 0.784151
vt 0.870963 0.706312
vt 0.827818 0.827818
vt 0.934523 0.000000
vt 0.943204 0.145206
vt 0.924759 0.434065
vt 0.065477 0.000000
vt 1.000000 0.934166
vt 0.525519 0.468467
vt 0.911755 0.000000
vt 0.928288 0.378066
vt 0.934166 0.934166
vt 0.088245 0.000000
vt 1.000000 0.827956
vt 0.771232 0.634304
vt 0.194971 0.103796
vt 0.734597 0.529371
vt 0.734537 0.500000
vt 0.750000 0.500000
vt 0.750000 0.530259
vt 0.750000 0.437500
vt 0.734480 0.470261
vt 0.740253 0.437500
vt 0.744237 0.415531
vt 0.750000 0.408419
vt 0.812500 0.500000
vt 0.827980 0.500000
vt 0.827974 0.529498
vt 0.812500 0.530348
vt 0.812500 0.437500
vt 0.827988 0.437500
vt 0.827988 0.437500
vt 0.812500 0.377592
vt 0.827989 0.391411
vt 0.781250 0.500000
vt 0.812500 0.530348
vt 0.781250 0.530897
vt 0.781250 0.437500
vt 0.781250 0.375000
vt 0.809002 0.375000
vt 0.812500 0.377592
vt 0.793396 0.363665
vt 0.809002 0.375000
vt 0.781250 0.374502
s 0
usemtl 
f 3274/4545/1637 3275/4546/1637 3251/4547/1637 3276/4548/1637 3273/4549/1637
f 3251/4550/1638 3278/4551/1638 3277/4552/1638 3279/4553/1638 3276/4554/1638
f 3280/4555/1639 3278/4556/1639 3251/4550/1639 3282/4557/1639 3283/4558/1639 3281/4559/1639
f 3282/4560/1640 3251/4547/1640 3285/4561/1640 3284/4562/1640
f 3287/4563/1641 3286/4564/1641 3285/4565/1641 3251/4550/1641
f 3287/4566/1642 3251/4547/1642 3275/4567/1642 3256/4568/1642 3288/4569/1642
f 3266/4570/1643 3269/4571/1643 3249/4572/1643 3267/4573/1643
f 3250/4574/1644 3249/4572/1644 3269/4571/1644 3268/4575/1644 3270/4576/1644
f 3250/4574/1645 3270/4576/1645 3271/4577/1645 3272/4578/1645
f 3252/4579/1646 3262/4580/1646 3263/4581/1646 3264/4582/1646
f 3262/4580/1647 3252/4579/1647 3253/4583/1647 3261/4584/1647
f 3261/4585/1648 3253/4583/1648 3257/4586/1648 3258/4587/1648
f 3254/4588/1649 3252/4579/1649 3264/4589/1649 3265/4590/1649
f 3253/4583/1650 3252/4579/1650 3254/4588/1650 3255/4591/1650
f 3253/4583/1651 3255/4591/1651 3289/4592/1651 3260/4593/1651 3257/4594/1651
f 3259/4595/1652 3260/4596/1652 3289/4597/1652
f 3249/4572/1653 3254/4588/1653 3265/4590/1653 3267/4573/1653
f 3255/4591/1654 3254/4588/1654 3249/4572/1654 3250/4574/1654
f 3255/4591/1655 3250/4574/1655 3272/4578/1655 3289/4592/1655
o Sphere_cell.113
v -0.005682 -0.000544 0.002398
v -0.923879 0.000000 0.382683
v -0.906127 -0.195090 0.375330
v -0.961939 -0.195090 0.191341
v -0.943486 0.093708 0.286407
v -0.828122 -0.048527 0.551742
v -0.878700 0.000000 0.467206
v -0.919598 0.047044 0.380910
v -0.816171 -0.195090 0.543627
v -0.857817 -0.367918 0.354854
v -0.968274 -0.163393 0.158721
v -0.971257 -0.098633 0.193195
v -0.966164 0.000000 0.243286
v -0.828122 -0.048527 0.551742
v -0.878700 0.000000 0.467206
v -0.943486 0.093708 0.286407
v -0.919598 0.047044 0.380910
v -0.816171 -0.195090 0.543627
v -0.966164 0.000000 0.243286
v -0.968274 -0.163393 0.158721
v -0.971257 -0.098633 0.193195
v -0.857817 -0.367918 0.354854
v -0.961939 -0.195090 0.191341
vn 0.2083 0.8969 0.3902
vn 0.5555 -0.0007 0.8315
vn 0.5102 -0.6875 0.5168
vn -0.0016 -0.6926 -0.7213
vn -0.2169 0.4509 -0.8658
vn -0.8777 -0.0975 0.4691
vn -0.8442 -0.2894 0.4512
vn -0.8777 0.0975 0.4691
vn -0.9524 0.0975 0.2889
vn -0.9524 -0.0975 0.2889
vn -0.9161 -0.2890 0.2779
vn -0.9904 -0.0975 0.0975
vt 1.000000 0.212663
vt 1.000000 1.000000
vt 0.101750 0.101750
vt 0.391533 0.124770
vt 0.689593 0.164080
vt 1.000000 0.224934
vt 0.212663 0.212663
vt 1.000000 0.184266
vt 0.224934 0.224934
vt 0.880380 0.084511
vt 1.000000 0.078677
vt 0.184266 0.184266
vt 1.000000 0.101750
vt 0.078677 0.078677
vt 0.307455 0.075654
vt 0.659329 0.080275
vt 0.093536 0.484454
vt 0.077778 0.500000
vt 0.062500 0.500000
vt 0.062500 0.437500
vt 0.093516 0.437500
vt 0.093516 0.437500
vt 0.062500 0.380037
vt 0.062500 0.515071
vt 0.046906 0.530021
vt 0.039279 0.500000
vt 0.031250 0.437500
vt 0.031250 0.468402
vt 0.062500 0.380037
vt 0.031250 0.436773
vt 0.025848 0.447655
vt 0.031250 0.468402
s 0
usemtl 
f 3303/4598/1656 3290/4599/1656 3305/4600/1656 3306/4601/1656 3304/4602/1656
f 3307/4603/1657 3290/4599/1657 3303/4604/1657
f 3311/4605/1658 3290/4599/1658 3307/4606/1658
f 3293/4607/1659 3309/4608/1659 3290/4599/1659 3311/4609/1659
f 3305/4610/1660 3290/4599/1660 3309/4611/1660 3310/4612/1660 3308/4613/1660
f 3295/4614/1661 3296/4615/1661 3291/4616/1661 3292/4617/1661 3298/4618/1661
f 3298/4619/1662 3292/4617/1662 3299/4620/1662
f 3291/4616/1663 3296/4615/1663 3297/4621/1663
f 3294/4622/1664 3302/4623/1664 3291/4616/1664 3297/4621/1664
f 3312/4624/1665 3292/4617/1665 3291/4616/1665 3302/4623/1665 3301/4625/1665
f 3299/4626/1666 3292/4617/1666 3312/4627/1666
f 3300/4628/1667 3312/4624/1667 3301/4629/1667
o Sphere_cell.114
v 0.006397 0.011772 0.002472
v 0.513280 0.831470 0.212608
v 0.653281 0.707107 0.270598
v 0.544504 0.831470 0.109677
v 0.467407 0.873533 0.094040
v 0.692941 0.707107 0.139857
v 0.698467 0.700232 0.140984
v 0.712005 0.657533 0.216491
v 0.669750 0.685386 0.277420
v 0.348754 0.916387 0.185019
v 0.621082 0.707107 0.330839
v 0.488141 0.831470 0.259640
v 0.384050 0.906235 0.159079
v 0.692941 0.707107 0.139857
v 0.698467 0.700232 0.140984
v 0.544504 0.831470 0.109677
v 0.467407 0.873533 0.094040
v 0.712005 0.657533 0.216491
v 0.669750 0.685386 0.277420
v 0.621082 0.707107 0.330839
v 0.488141 0.831470 0.259640
v 0.348754 0.916387 0.185019
v 0.384050 0.906235 0.159079
vn 0.1979 -0.0017 -0.9802
vn 0.6730 -0.5856 -0.4518
vn 0.4176 -0.6643 0.6200
vn -0.4717 0.0006 0.8818
vn -0.4888 0.3465 -0.8006
vn 0.7412 0.6326 0.2248
vn 0.4528 0.8810 0.1374
vn 0.6088 0.7715 0.1847
vn 0.4173 0.8810 0.2231
vn 0.5611 0.7715 0.2999
vn 0.6831 0.6326 0.3651
vt 1.000000 0.336831
vt 1.000000 1.000000
vt 0.169641 0.169641
vt 0.414242 0.210235
vt 0.974520 0.330201
vt 0.336831 0.336831
vt 1.000000 0.323862
vt 0.323862 0.323862
vt 0.670397 0.324744
vt 1.000000 0.332710
vt 0.677059 0.210468
vt 1.000000 0.128744
vt 0.338146 0.330180
vt 1.000000 0.169641
vt 0.128744 0.128744
vt 0.379373 0.138412
vt 0.468313 0.747165
vt 0.468301 0.750000
vt 0.437500 0.750000
vt 0.437500 0.741041
vt 0.453021 0.729554
vt 0.437500 0.863067
vt 0.437500 0.812500
vt 0.468363 0.812500
vt 0.468397 0.840949
vt 0.468363 0.812500
vt 0.468301 0.750000
vt 0.422198 0.812500
vt 0.437500 0.863067
vt 0.422378 0.869932
vt 0.422101 0.750000
vt 0.422100 0.748916
s 0
usemtl 
f 3327/4630/1668 3313/4631/1668 3329/4632/1668 3328/4633/1668 3326/4634/1668
f 3313/4631/1669 3327/4635/1669 3330/4636/1669
f 3313/4631/1670 3330/4637/1670 3331/4638/1670 3332/4639/1670
f 3333/4640/1671 3334/4641/1671 3313/4631/1671 3332/4642/1671
f 3329/4643/1672 3313/4631/1672 3334/4644/1672 3335/4645/1672
f 3319/4646/1673 3318/4647/1673 3315/4648/1673 3321/4649/1673 3320/4650/1673
f 3325/4651/1674 3314/4652/1674 3316/4653/1674 3317/4654/1674
f 3316/4655/1675 3314/4652/1675 3315/4648/1675 3318/4656/1675
f 3324/4657/1676 3314/4652/1676 3325/4658/1676 3322/4659/1676
f 3323/4660/1677 3315/4648/1677 3314/4652/1677 3324/4657/1677
f 3323/4661/1678 3321/4649/1678 3315/4648/1678
o Sphere_cell.115
v -0.003352 0.003217 0.005411
v -0.318190 0.555570 0.768177
v -0.461940 0.555570 0.691341
v -0.513280 0.382683 0.768178
v -0.500000 0.707107 0.500000
v -0.587938 0.555570 0.587937
v -0.423278 0.382683 0.816285
v -0.247333 0.551522 0.791922
v -0.466732 0.329508 0.811260
v -0.335176 0.472528 0.809186
v -0.586859 0.292689 0.742939
v -0.524719 0.314808 0.785297
v -0.640415 0.382683 0.663840
v -0.647762 0.397287 0.647762
v -0.675625 0.465828 0.556339
v -0.638799 0.555570 0.525963
v -0.606746 0.606408 0.499570
v -0.524514 0.726903 0.432287
v -0.543093 0.707107 0.447491
v -0.403813 0.683057 0.604349
v -0.459566 0.707107 0.533183
v -0.490174 0.718510 0.490174
v -0.296553 0.624462 0.715943
v -0.249956 0.555570 0.788876
v -0.247333 0.551522 0.791922
v -0.335176 0.472528 0.809186
v -0.423278 0.382683 0.816285
v -0.466732 0.329508 0.811260
v -0.524719 0.314808 0.785297
v -0.586859 0.292689 0.742939
v -0.640415 0.382683 0.663840
v -0.647762 0.397287 0.647762
v -0.675625 0.465828 0.556339
v -0.638799 0.555570 0.525963
v -0.606746 0.606408 0.499570
v -0.543093 0.707107 0.447491
v -0.524514 0.726903 0.432287
v -0.403813 0.683057 0.604349
v -0.459566 0.707107 0.533183
v -0.490174 0.718510 0.490174
v -0.296553 0.624462 0.715943
v -0.249956 0.555570 0.788876
vn 0.6076 -0.5506 0.5724
vn 0.0525 -0.9147 0.4006
vn -0.6913 -0.6633 -0.2866
vn -0.6344 -0.0013 -0.7730
vn -0.6335 0.0002 -0.7738
vn 0.6790 0.6681 -0.3044
vn 0.8630 0.4989 -0.0801
vn -0.2248 0.6326 0.7412
vn -0.2563 0.4696 0.8448
vn -0.3651 0.6326 0.6831
vn -0.4162 0.4696 0.7786
vn -0.4513 0.2890 0.8443
vn -0.4036 0.7715 0.4918
vn -0.4913 0.6326 0.5987
vn -0.5601 0.4696 0.6825
vn -0.6073 0.2890 0.7400
vn -0.5987 0.6326 0.4913
vn -0.6825 0.4696 0.5601
vn -0.4918 0.7715 0.4036
vt 0.528718 0.230600
vt 0.832463 0.223895
vt 1.000000 0.228753
vt 1.000000 1.000000
vt 0.247040 0.247040
vt 0.576464 0.253523
vt 1.000000 0.293971
vt 0.228753 0.228753
vt 0.293971 0.293971
vt 0.628791 0.313271
vt 0.688952 0.318914
vt 1.000000 0.357758
vt 0.357758 0.357758
vt 0.745847 0.393037
vt 1.000000 0.423720
vt 0.888039 0.327564
vt 1.000000 0.308663
vt 0.423720 0.423720
vt 0.694031 0.301475
vt 1.000000 0.320792
vt 0.308663 0.308663
vt 0.425730 0.301100
vt 0.522935 0.299663
vt 0.329536 0.319720
vt 0.967132 0.249953
vt 1.000000 0.247040
vt 0.187500 0.715914
vt 0.187500 0.687500
vt 0.201170 0.687500
vt 0.187500 0.657480
vt 0.201823 0.686036
vt 0.156250 0.740081
vt 0.156250 0.687500
vt 0.187296 0.716270
vt 0.156250 0.625000
vt 0.173859 0.625000
vt 0.156250 0.602386
vt 0.166910 0.607284
vt 0.173859 0.625000
vt 0.125000 0.755731
vt 0.125000 0.750000
vt 0.136792 0.750000
vt 0.125000 0.687500
vt 0.136792 0.750000
vt 0.127872 0.625000
vt 0.125000 0.630279
vt 0.156250 0.602386
vt 0.143587 0.595017
vt 0.109628 0.708468
vt 0.109629 0.687500
vt 0.109686 0.750000
vt 0.125000 0.630279
vt 0.109637 0.655058
vt 0.109702 0.759949
s 0
usemtl 
f 3361/4662/1679 3362/4663/1679 3363/4664/1679 3336/4665/1679 3360/4666/1679
f 3364/4667/1680 3365/4668/1680 3336/4665/1680 3363/4669/1680
f 3336/4665/1681 3365/4670/1681 3366/4671/1681 3367/4672/1681 3368/4673/1681
f 3336/4665/1682 3368/4674/1682 3369/4675/1682 3370/4676/1682
f 3371/4677/1683 3372/4678/1683 3336/4665/1683 3370/4679/1683
f 3373/4680/1684 3376/4681/1684 3336/4665/1684 3372/4682/1684 3375/4683/1684 3374/4684/1684
f 3376/4685/1685 3377/4686/1685 3360/4687/1685 3336/4665/1685
f 3358/4688/1686 3337/4689/1686 3359/4690/1686
f 3337/4689/1687 3345/4691/1687 3343/4692/1687 3359/4690/1687
f 3355/4693/1688 3338/4694/1688 3337/4689/1688 3358/4695/1688
f 3345/4691/1689 3337/4689/1689 3338/4694/1689 3339/4696/1689 3342/4697/1689
f 3339/4696/1690 3347/4698/1690 3344/4699/1690 3342/4700/1690
f 3357/4701/1691 3340/4702/1691 3356/4703/1691
f 3340/4702/1692 3341/4704/1692 3338/4694/1692 3355/4693/1692 3356/4705/1692
f 3348/4706/1693 3339/4696/1693 3338/4694/1693 3341/4704/1693 3349/4707/1693
f 3347/4708/1694 3339/4696/1694 3348/4706/1694 3346/4709/1694
f 3352/4710/1695 3351/4711/1695 3341/4704/1695 3340/4702/1695 3354/4712/1695
f 3349/4713/1696 3341/4704/1696 3351/4711/1696 3350/4714/1696
f 3353/4715/1697 3354/4712/1697 3340/4702/1697 3357/4701/1697
o Sphere_cell.116
v -0.004350 -0.000058 0.005838
v -0.009348 0.004227 0.012583
v -0.544895 0.195090 0.815493
v -0.555570 0.000000 0.831469
v -0.467315 0.327021 0.811800
v -0.449303 0.275444 0.839082
v -0.465303 -0.095927 0.869056
v -0.469733 0.000000 0.877350
v -0.460729 0.195090 0.860481
v -0.625124 -0.095511 0.762277
v -0.550282 -0.096640 0.823555
v -0.706269 0.000000 0.707793
v -0.724645 0.031950 0.680798
v -0.700611 0.093274 0.700610
v -0.652938 0.195090 0.726824
v -0.603028 0.275481 0.736389
v -0.587217 0.290678 0.743430
v -0.525067 0.312745 0.785818
v -0.467315 0.327021 0.811800
v -0.449303 0.275444 0.839082
v -0.469733 0.000000 0.877350
v -0.460729 0.195090 0.860481
v -0.465303 -0.095927 0.869056
v -0.550282 -0.096640 0.823555
v -0.625124 -0.095511 0.762277
v -0.706269 0.000000 0.707793
v -0.700611 0.093274 0.700610
v -0.652938 0.195090 0.726824
v -0.603028 0.275481 0.736389
v -0.587217 0.290678 0.743430
v -0.525067 0.312745 0.785818
v -0.724645 0.031950 0.680798
vn 0.7893 0.5729 0.2209
vn 0.8404 0.4518 0.2994
vn 0.8821 -0.0000 0.4710
vn 0.0525 -0.9952 -0.0825
vn -0.4990 -0.7086 -0.4989
vn -0.6320 0.3507 -0.6911
vn -0.6000 0.4505 -0.6611
vn -0.4049 0.6960 -0.5930
vn -0.0501 0.9157 -0.3988
vn -0.4513 0.2890 0.8443
vn -0.4691 0.0975 0.8777
vn -0.4691 -0.0975 0.8777
vn -0.6314 0.0975 0.7693
vn -0.6314 -0.0975 0.7693
vn -0.6073 0.2890 0.7400
vn -0.7667 0.0954 0.6349
vt 1.000000 1.000000
vt 0.000000 0.000000
vt 1.000000 0.228111
vt 0.228111 0.228111
vt 1.000000 0.202139
vt 0.790047 0.165463
vt 1.000000 0.173393
vt 0.202139 0.202139
vt 0.371182 0.181639
vt 0.582004 0.216920
vt 1.000000 0.275556
vt 0.173393 0.173393
vt 0.275556 0.275556
vt 0.822812 0.296080
vt 1.000000 0.311242
vt 1.000000 0.000000
vt 0.313110 0.000000
vt 0.313110 0.313110
vt 0.476655 0.304411
vt 0.761869 0.296803
vt 1.000000 0.302328
vt 1.000000 0.295586
vt 0.302328 0.302328
vt 1.000000 0.229767
vt 0.295586 0.295586
vt 0.678975 0.254679
vt 0.156250 0.601699
vt 0.156250 0.562500
vt 0.171761 0.562500
vt 0.171757 0.589271
vt 0.166832 0.606549
vt 0.156250 0.500000
vt 0.171765 0.500000
vt 0.171761 0.562500
vt 0.156250 0.469040
vt 0.171764 0.469268
vt 0.125173 0.500000
vt 0.133533 0.562500
vt 0.125000 0.529882
vt 0.156250 0.469040
vt 0.125173 0.500000
vt 0.140682 0.469402
vt 0.156250 0.601699
vt 0.143591 0.594347
vt 0.140794 0.589284
vt 0.133533 0.562500
vt 0.120010 0.510236
vt 0.125000 0.500344
vt 0.125000 0.529882
s 0
usemtl 
f 3378/4716/1698 3379/4717/1698 3396/4718/1698
f 3378/4716/1699 3396/4719/1699 3397/4720/1699
f 3398/4721/1700 3400/4722/1700 3378/4716/1700 3397/4723/1700 3399/4724/1700
f 3401/4725/1701 3402/4726/1701 3378/4716/1701 3400/4727/1701
f 3402/4728/1702 3403/4729/1702 3409/4730/1702 3378/4716/1702
f 3379/4731/1703 3378/4716/1703 3409/4732/1703
f 3379/4716/1704 3409/4733/1704 3404/4734/1704 3405/4735/1704 3406/4736/1704
f 3407/4737/1705 3379/4716/1705 3406/4738/1705
f 3396/4739/1706 3379/4716/1706 3407/4740/1706 3408/4741/1706
f 3395/4742/1707 3380/4743/1707 3386/4744/1707 3383/4745/1707 3382/4746/1707
f 3380/4743/1708 3381/4747/1708 3385/4748/1708 3386/4749/1708
f 3385/4748/1709 3381/4747/1709 3388/4750/1709 3384/4751/1709
f 3389/4752/1710 3381/4747/1710 3380/4743/1710 3392/4753/1710 3391/4754/1710
f 3388/4755/1711 3381/4747/1711 3389/4756/1711 3387/4757/1711
f 3380/4743/1712 3395/4758/1712 3394/4759/1712 3393/4760/1712 3392/4761/1712
f 3390/4762/1713 3389/4763/1713 3391/4764/1713
o Sphere_cell.117
v 0.059231 -0.061567 -0.112896
v 0.001336 -0.001464 -0.008553
v 0.191342 -0.195090 -0.961940
v 0.375330 -0.195090 -0.906127
v 0.353553 -0.382683 -0.853553
v 0.463186 -0.097645 -0.869997
v 0.463051 -0.106902 -0.869041
v 0.097741 -0.094179 -0.981098
v 0.378967 -0.098616 -0.914906
v 0.193229 -0.096859 -0.971429
v 0.062083 -0.195090 -0.974671
v 0.036811 -0.261589 -0.956988
v 0.182863 -0.338362 -0.919314
v 0.346996 -0.414740 -0.837723
v 0.414108 -0.441298 -0.785832
v 0.275914 -0.382683 -0.877105
v 0.419144 -0.436279 -0.786168
v 0.432530 -0.382683 -0.811340
v 0.459052 -0.195090 -0.861377
v 0.463186 -0.097645 -0.869997
v 0.463051 -0.106902 -0.869041
v 0.097741 -0.094179 -0.981098
v 0.193229 -0.096859 -0.971429
v 0.378967 -0.098616 -0.914906
v 0.062083 -0.195090 -0.974671
v 0.036811 -0.261589 -0.956988
v 0.346996 -0.414740 -0.837723
v 0.414108 -0.441298 -0.785832
v 0.182863 -0.338362 -0.919314
v 0.275914 -0.382683 -0.877105
v 0.432530 -0.382683 -0.811340
v 0.459052 -0.195090 -0.861377
v 0.419144 -0.436279 -0.786168
vn 0.8824 0.0356 0.4691
vn 0.0372 0.9951 -0.0912
vn -0.9381 0.3236 -0.1238
vn -0.4970 -0.8414 0.2122
vn -0.3741 -0.8781 0.2982
vn 0.5792 -0.5404 0.6104
vn 0.8821 0.0009 0.4710
vn 0.0975 -0.0975 -0.9904
vn 0.0938 -0.2890 -0.9527
vn 0.2779 -0.2890 -0.9161
vn 0.2563 -0.4696 -0.8448
vn 0.2889 -0.0975 -0.9524
vn 0.4691 -0.0975 -0.8777
vn 0.4513 -0.2890 -0.8443
vn 0.4162 -0.4696 -0.7786
vt 1.000000 1.000000
vt 0.000000 0.000000
vt 0.806757 0.000000
vt 1.000000 0.172966
vt 1.000000 0.065996
vt 0.172966 0.172966
vt 0.367767 0.129773
vt 0.788118 0.075352
vt 0.065996 0.065996
vt 0.617062 0.072421
vt 1.000000 0.089573
vt 1.000000 0.253803
vt 0.089573 0.089573
vt 0.412486 0.125711
vt 0.637019 0.166212
vt 0.815911 0.204004
vt 0.282421 0.000000
vt 1.000000 0.000000
vt 0.282421 0.282421
vt 1.000000 0.281413
vt 0.809475 0.201353
vt 1.000000 0.193243
vt 0.281413 0.281413
vt 0.399846 0.254598
vt 0.718750 0.468970
vt 0.718750 0.437500
vt 0.739861 0.437500
vt 0.734197 0.469828
vt 0.743850 0.415345
vt 0.718750 0.389767
vt 0.687500 0.437500
vt 0.687500 0.375000
vt 0.701499 0.375000
vt 0.687500 0.363411
vt 0.687500 0.468407
vt 0.672083 0.465752
vt 0.672071 0.437500
vt 0.672136 0.468718
vt 0.672071 0.437500
vt 0.672049 0.375000
vt 0.672806 0.353810
vt 0.672043 0.355625
s 0
usemtl 
f 3411/4765/1714 3410/4766/1714 3430/4767/1714 3429/4768/1714
f 3431/4769/1715 3411/4765/1715 3429/4770/1715 3433/4771/1715 3432/4772/1715
f 3411/4765/1716 3431/4773/1716 3434/4774/1716 3435/4775/1716
f 3437/4776/1717 3411/4765/1717 3435/4777/1717 3438/4778/1717 3439/4779/1717 3436/4780/1717
f 3437/4781/1718 3410/4782/1718 3411/4765/1718
f 3410/4765/1719 3437/4783/1719 3442/4784/1719
f 3441/4785/1720 3430/4786/1720 3410/4765/1720 3442/4787/1720 3440/4788/1720
f 3419/4789/1721 3412/4790/1721 3420/4791/1721 3417/4792/1721
f 3421/4793/1722 3420/4791/1722 3412/4790/1722 3422/4794/1722
f 3422/4794/1723 3412/4790/1723 3413/4795/1723 3414/4796/1723 3425/4797/1723
f 3425/4797/1724 3414/4796/1724 3423/4798/1724
f 3413/4795/1725 3412/4790/1725 3419/4789/1725 3418/4799/1725
f 3416/4800/1726 3428/4801/1726 3413/4795/1726 3418/4799/1726 3415/4802/1726
f 3414/4796/1727 3413/4795/1727 3428/4803/1727 3427/4804/1727
f 3424/4805/1728 3423/4798/1728 3414/4796/1728 3427/4804/1728 3426/4806/1728
o Sphere_cell.119
v 0.009408 -0.007078 -0.003599
v 0.073803 -0.025973 -0.023667
v 0.853553 -0.382683 -0.353553
v 0.768178 -0.555570 -0.318190
v 0.678878 -0.627102 -0.361324
v 0.711226 -0.630684 -0.294599
v 0.735705 -0.627087 -0.224021
v 0.730316 -0.555570 -0.389023
v 0.811243 -0.382683 -0.432711
v 0.902375 -0.296797 -0.281928
v 0.900761 -0.309652 -0.273881
v 0.791615 -0.555570 -0.240928
v 0.879651 -0.382683 -0.267521
v 0.813788 -0.378549 -0.430596
v 0.865501 -0.340053 -0.358502
v 0.711226 -0.630684 -0.294599
v 0.735705 -0.627087 -0.224021
v 0.678878 -0.627102 -0.361324
v 0.730316 -0.555570 -0.389023
v 0.811243 -0.382683 -0.432711
v 0.791615 -0.555570 -0.240928
v 0.879651 -0.382683 -0.267521
v 0.900761 -0.309652 -0.273881
v 0.813788 -0.378549 -0.430596
v 0.865501 -0.340053 -0.358502
v 0.902375 -0.296797 -0.281928
vn -0.5862 -0.7730 0.2427
vn -0.4724 -0.0016 -0.8814
vn 0.3966 0.4508 0.7997
vn 0.3382 0.1693 0.9257
vn 0.2900 -0.0005 0.9570
vn -0.0191 0.7362 -0.6765
vn 0.1104 0.8417 -0.5286
vn 0.7786 -0.4696 -0.4162
vn 0.6831 -0.6326 -0.3651
vn 0.8443 -0.2890 -0.4513
vn 0.9161 -0.2890 -0.2779
vn 0.8448 -0.4696 -0.2563
vn 0.7412 -0.6326 -0.2248
vt 0.301954 0.000000
vt 1.000000 0.000000
vt 1.000000 0.643386
vt 0.650247 0.324744
vt 0.770636 0.005511
vt 0.692834 0.444390
vt 0.643386 0.643386
vt 0.000000 0.000000
vt 1.000000 0.847337
vt 0.150902 0.000000
vt 0.847337 0.847337
vt 0.836400 0.686503
vt 0.856691 0.856691
vt 0.698046 0.000000
vt 0.751783 0.222884
vt 1.000000 1.000000
vt 0.758113 0.000000
vt 1.000000 0.228764
vt 0.758112 0.758112
vt 0.849098 0.000000
vt 0.811208 0.378745
vt 0.562500 0.375000
vt 0.562500 0.312500
vt 0.577899 0.312500
vt 0.577987 0.375000
vt 0.562500 0.281520
vt 0.577844 0.282997
vt 0.577899 0.312500
vt 0.562500 0.389203
vt 0.577988 0.375784
vt 0.577459 0.376377
vt 0.548192 0.403614
vt 0.546978 0.399332
vt 0.546988 0.375000
vt 0.547021 0.312500
vt 0.546988 0.375000
vt 0.547042 0.283003
s 0
usemtl 
f 3459/4807/1729 3443/4808/1729 3460/4809/1729 3458/4810/1729
f 3462/4811/1730 3461/4812/1730 3460/4813/1730 3443/4814/1730
f 3444/4808/1731 3465/4815/1731 3468/4816/1731
f 3465/4817/1732 3444/4814/1732 3443/4808/1732
f 3464/4818/1733 3465/4819/1733 3443/4814/1733 3459/4820/1733 3463/4821/1733
f 3443/4822/1734 3444/4814/1734 3466/4823/1734 3462/4824/1734
f 3466/4825/1735 3444/4814/1735 3468/4826/1735 3467/4827/1735
f 3445/4828/1736 3446/4829/1736 3450/4830/1736 3451/4831/1736
f 3446/4829/1737 3448/4832/1737 3447/4833/1737 3450/4834/1737
f 3457/4835/1738 3445/4828/1738 3451/4836/1738 3456/4837/1738
f 3452/4838/1739 3453/4839/1739 3455/4840/1739 3445/4828/1739 3457/4835/1739
f 3454/4841/1740 3446/4829/1740 3445/4828/1740 3455/4842/1740
f 3454/4841/1741 3449/4843/1741 3448/4832/1741 3446/4829/1741
o Sphere_cell.121
v -0.003817 -0.009559 0.000335
v -0.005672 -0.016537 0.000897
v -0.011945 -0.021718 -0.005519
v -0.016429 -0.029400 -0.008697
v -0.375330 -0.923880 0.074658
v -0.382683 -0.923880 -0.000000
v -0.375330 -0.923880 -0.074658
v -0.337558 -0.932499 -0.101762
v -0.449818 -0.876370 0.133824
v -0.364745 -0.923880 0.109554
v -0.278772 -0.951253 0.083605
v -0.284219 -0.952059 0.056535
v -0.289333 -0.951338 0.028741
v -0.324345 -0.939649 -0.064516
v -0.300466 -0.948820 -0.000000
v -0.454102 -0.846550 -0.263758
v -0.378804 -0.909271 -0.156906
v -0.358799 -0.923880 -0.129154
v -0.484971 -0.833244 -0.258560
v -0.498619 -0.838062 -0.213998
v -0.475485 -0.874276 -0.000000
v -0.459283 -0.878127 0.091357
v -0.488398 -0.862259 -0.097149
v -0.498241 -0.840170 -0.206378
v -0.364745 -0.923880 0.109554
v -0.278772 -0.951253 0.083605
v -0.284219 -0.952059 0.056535
v -0.289333 -0.951338 0.028741
v -0.324345 -0.939649 -0.064516
v -0.300466 -0.948820 -0.000000
v -0.378804 -0.909271 -0.156906
v -0.358799 -0.923880 -0.129154
v -0.454102 -0.846550 -0.263758
v -0.484971 -0.833244 -0.258560
v -0.449818 -0.876370 0.133824
v -0.459283 -0.878127 0.091357
v -0.498619 -0.838062 -0.213998
v -0.498241 -0.840170 -0.206378
v -0.488398 -0.862259 -0.097149
v -0.475485 -0.874276 -0.000000
v -0.337558 -0.932499 -0.101762
vn 0.8623 -0.2640 -0.4322
vn 0.7654 -0.2094 -0.6086
vn 0.6235 -0.0408 -0.7808
vn -0.8565 0.4726 0.2075
vn 0.9397 -0.2905 -0.1804
vn 0.8866 -0.2800 -0.3681
vn 0.7428 -0.1982 -0.6395
vn -0.0261 0.3106 -0.9502
vn -0.8204 0.5382 -0.1931
vn -0.8494 0.5235 -0.0671
vn -0.8648 0.4713 0.1732
vn -0.4528 -0.8810 0.1374
vn -0.2790 -0.9565 0.0846
vn -0.4709 -0.8810 0.0464
vn -0.2902 -0.9565 0.0286
vn -0.4709 -0.8810 -0.0464
vn -0.2902 -0.9565 -0.0286
vn -0.4528 -0.8810 -0.1374
vn -0.2790 -0.9565 -0.0846
vn -0.4173 -0.8810 -0.2231
vn 0.2829 0.0029 0.9591
vt 1.000000 1.000000
vt 0.000000 0.000000
vt 1.000000 0.112683
vt 0.115096 0.000000
vt 1.000000 0.000000
vt 1.000000 0.166667
vt 1.000000 0.095415
vt 0.095341 0.095341
vt 0.542077 0.094638
vt 0.741212 0.106583
vt 1.000000 0.113413
vt 0.095415 0.095415
vt 0.293613 0.097807
vt 0.732841 0.595125
vt 0.199338 0.000000
vt 1.000000 0.884904
vt 0.870578 0.747220
vt 1.000000 0.212687
vt 0.199338 0.199338
vt 0.212686 0.212686
vt 1.000000 0.207654
vt 0.206063 0.000000
vt 1.000000 0.168608
vt 0.206063 0.206063
vt 0.222976 0.204008
vt 0.468491 0.182461
vt 0.689742 0.170719
vt 0.900626 0.166923
vt 0.046025 0.157132
vt 0.031250 0.155944
vt 0.031250 0.125000
vt 0.046440 0.125000
vt 0.046375 0.094936
vt 0.031250 0.094050
vt 0.000000 0.158549
vt 0.000000 0.125000
vt 0.000000 0.097608
vt 0.015757 0.094842
vt 0.968750 0.166676
vt 0.968750 0.125000
vt 1.000000 0.125000
vt 1.000000 0.158549
vt 1.000000 0.097608
vt 0.968750 0.107681
vt 0.937500 0.134880
vt 0.945027 0.125000
vt 0.968750 0.166676
vt 0.937500 0.181616
vt 0.953447 0.115498
vt 0.935325 0.183069
vt 0.922043 0.186300
vt 0.916342 0.177301
vt 0.095341 0.000000
vt 0.166668 0.166668
vt 0.593447 0.120991
s 0
usemtl 
f 3469/4844/1742 3470/4845/1742 3509/4846/1742
f 3509/4847/1743 3472/4848/1743 3469/4844/1743
f 3472/4845/1744 3471/4848/1744 3469/4844/1744
f 3471/4845/1745 3503/4849/1745 3469/4844/1745
f 3496/4850/1746 3470/4844/1746 3479/4851/1746 3495/4852/1746
f 3497/4853/1747 3509/4854/1747 3470/4844/1747 3496/4855/1747 3498/4856/1747
f 3499/4857/1748 3501/4858/1748 3472/4848/1748 3509/4859/1748 3500/4860/1748
f 3502/4861/1749 3472/4844/1749 3501/4862/1749
f 3472/4844/1750 3502/4863/1750 3505/4864/1750
f 3472/4844/1751 3505/4865/1751 3471/4848/1751
f 3503/4866/1752 3471/4844/1752 3505/4867/1752 3506/4868/1752 3507/4869/1752 3508/4870/1752 3504/4871/1752
f 3477/4872/1753 3490/4873/1753 3473/4874/1753 3493/4875/1753
f 3494/4876/1754 3493/4875/1754 3473/4874/1754 3480/4877/1754
f 3489/4878/1755 3474/4879/1755 3473/4874/1755 3490/4873/1755
f 3480/4877/1756 3473/4874/1756 3474/4879/1756 3483/4880/1756 3481/4881/1756
f 3491/4882/1757 3475/4883/1757 3474/4884/1757 3489/4885/1757
f 3483/4886/1758 3474/4884/1758 3475/4883/1758 3482/4887/1758
f 3485/4888/1759 3486/4889/1759 3475/4883/1759 3491/4890/1759 3492/4891/1759
f 3476/4892/1760 3482/4887/1760 3475/4883/1760 3486/4889/1760
f 3492/4891/1761 3488/4893/1761 3487/4894/1761 3484/4895/1761 3485/4888/1761
f 3479/4896/1762 3470/4848/1762 3469/4844/1762 3503/4897/1762 3478/4898/1762
o Sphere_cell.124
v 0.000000 0.831470 -0.555570
v 0.000797 0.006308 -0.005100
v 0.108386 0.831470 -0.544895
v 0.137950 0.707107 -0.693520
v 0.151385 0.707107 -0.689444
v 0.252827 0.754360 -0.597808
v 0.249183 0.753033 -0.601580
v 0.257652 0.807652 -0.521952
v -0.041999 0.890633 -0.440747
v 0.000000 0.885092 -0.455250
v 0.213343 0.829893 -0.515055
v 0.096362 0.864415 -0.484444
v -0.060946 0.766658 -0.628540
v -0.053043 0.831470 -0.550346
v 0.000000 0.740696 -0.666178
v 0.069643 0.703967 -0.702824
v 0.064728 0.707107 -0.700731
v 0.139051 0.700228 -0.699057
v 0.252827 0.754360 -0.597808
v 0.249183 0.753033 -0.601580
v 0.151385 0.707107 -0.689444
v 0.257652 0.807652 -0.521952
v -0.041999 0.890633 -0.440747
v 0.000000 0.885092 -0.455250
v 0.213343 0.829893 -0.515055
v 0.096362 0.864415 -0.484444
v -0.060946 0.766658 -0.628540
v -0.053043 0.831470 -0.550346
v 0.000000 0.740696 -0.666178
v 0.064728 0.707107 -0.700731
v 0.069643 0.703967 -0.702824
v 0.139051 0.700228 -0.699057
vn 0.6769 -0.5836 -0.4486
vn 0.9648 -0.2401 0.1073
vn 0.3449 0.4282 0.8353
vn -0.9950 0.0010 0.0997
vn -0.5969 -0.5371 -0.5960
vn 0.0003 -0.7072 -0.7071
vn 0.0624 0.7715 -0.6332
vn 0.0759 0.6326 -0.7708
vn 0.0464 0.8810 -0.4709
vn 0.1417 0.8808 -0.4518
vn 0.1847 0.7715 -0.6088
vn 0.2248 0.6326 -0.7412
vn 0.2999 0.7715 -0.5611
vn -0.0624 0.7715 -0.6332
vn -0.0464 0.8810 -0.4709
vt 1.000000 0.283491
vt 1.000000 1.000000
vt 0.334954 0.334954
vt 0.404445 0.328401
vt 0.977740 0.284749
vt 1.000000 0.232231
vt 0.283491 0.283491
vt 1.000000 0.152659
vt 0.232231 0.232231
vt 0.354486 0.209400
vt 0.643971 0.177809
vt 0.891625 0.157977
vt 1.000000 0.271580
vt 0.152659 0.152659
vt 0.615519 0.209421
vt 0.271580 0.271580
vt 0.609802 0.296314
vt 0.972176 0.328346
vt 1.000000 0.331342
vt 1.000000 0.334954
vt 0.331342 0.331342
vt 0.750000 0.766881
vt 0.750000 0.812500
vt 0.718750 0.812500
vt 0.718750 0.750000
vt 0.735337 0.750000
vt 0.734281 0.748705
vt 0.735337 0.750000
vt 0.718750 0.747163
vt 0.718750 0.834782
vt 0.750000 0.848767
vt 0.688454 0.812500
vt 0.687500 0.811707
vt 0.687500 0.773081
vt 0.715585 0.750000
vt 0.718750 0.747163
vt 0.677073 0.800530
vt 0.686304 0.773748
vt 0.687500 0.773081
vt 0.765385 0.779928
vt 0.765293 0.812500
vt 0.750000 0.766881
vt 0.765117 0.852514
s 0
usemtl 
f 3528/4899/1763 3511/4900/1763 3541/4901/1763 3530/4902/1763 3529/4903/1763
f 3531/4904/1764 3511/4900/1764 3528/4905/1764
f 3532/4906/1765 3511/4900/1765 3531/4907/1765 3534/4908/1765 3535/4909/1765 3533/4910/1765
f 3536/4911/1766 3511/4900/1766 3532/4912/1766 3537/4913/1766
f 3536/4914/1767 3538/4915/1767 3539/4916/1767 3540/4917/1767 3511/4900/1767
f 3541/4918/1768 3511/4900/1768 3540/4919/1768
f 3524/4920/1769 3510/4921/1769 3512/4922/1769 3513/4923/1769 3526/4924/1769
f 3525/4925/1770 3526/4926/1770 3513/4923/1770 3527/4927/1770
f 3521/4928/1771 3512/4922/1771 3510/4921/1771 3519/4929/1771
f 3512/4922/1772 3521/4928/1772 3520/4930/1772
f 3520/4931/1773 3516/4932/1773 3514/4933/1773 3513/4923/1773 3512/4922/1773
f 3513/4923/1774 3514/4933/1774 3527/4934/1774
f 3517/4935/1775 3515/4936/1775 3516/4937/1775 3520/4931/1775
f 3522/4938/1776 3523/4939/1776 3510/4921/1776 3524/4940/1776
f 3518/4941/1777 3519/4929/1777 3510/4921/1777 3523/4939/1777
o Sphere_cell.126
v -0.007880 -0.014126 0.014723
v -0.005706 -0.007298 0.005336
v -0.013762 -0.029174 0.031408
v -0.392847 -0.707107 0.587938
v -0.500000 -0.707107 0.500000
v -0.400439 -0.764494 0.491683
v -0.530791 -0.762590 0.356425
v -0.447113 -0.768488 0.447113
v -0.611688 -0.671172 0.410170
v -0.587111 -0.707107 0.393855
v -0.593410 -0.628369 0.487547
v -0.451665 -0.625873 0.625495
v -0.543632 -0.631919 0.543632
v -0.430508 -0.624507 0.644301
v -0.346967 -0.609855 0.702524
v -0.293203 -0.637864 0.705323
v -0.288354 -0.653610 0.693333
v -0.302849 -0.669642 0.670738
v -0.371163 -0.739139 0.555484
v -0.337939 -0.707107 0.617287
v -0.530791 -0.762590 0.356425
v -0.447113 -0.768488 0.447113
v -0.587111 -0.707107 0.393855
v -0.611688 -0.671172 0.410170
v -0.593410 -0.628369 0.487547
v -0.451665 -0.625873 0.625495
v -0.543632 -0.631919 0.543632
v -0.430508 -0.624507 0.644301
v -0.293203 -0.637864 0.705323
v -0.288354 -0.653610 0.693333
v -0.302849 -0.669642 0.670738
v -0.371163 -0.739139 0.555484
v -0.337939 -0.707107 0.617287
v -0.400439 -0.764494 0.491683
v -0.346967 -0.609855 0.702524
vn 0.8023 -0.5555 -0.2182
vn 0.7986 -0.5592 -0.2224
vn 0.5522 -0.6343 -0.5411
vn -0.5545 -0.0014 -0.8322
vn -0.7750 0.6125 -0.1557
vn -0.4494 0.7730 0.4478
vn -0.4484 0.7731 0.4487
vn -0.4137 0.7792 0.4709
vn 0.1781 0.6987 0.6929
vn 0.2985 0.6434 0.7049
vn 0.9251 -0.0043 0.3797
vn 0.8322 -0.5319 -0.1565
vn 0.8265 -0.5381 -0.1654
vn -0.3651 -0.6326 0.6831
vn -0.2999 -0.7715 0.5611
vn -0.4913 -0.6326 0.5987
vn -0.4036 -0.7715 0.4918
vn -0.5987 -0.6326 0.4913
vn -0.4918 -0.7715 0.4036
vt 0.000000 0.000000
vt 1.000000 0.000000
vt 1.000000 1.000000
vt 1.000000 0.272948
vt 1.000000 0.275529
vt 0.272948 0.272948
vt 0.512469 0.270004
vt 0.747059 0.328742
vt 1.000000 0.363206
vt 0.275529 0.275529
vt 1.000000 0.404078
vt 0.363206 0.363206
vt 1.000000 0.406616
vt 0.404078 0.404078
vt 0.626942 0.400727
vt 1.000000 0.333305
vt 0.406616 0.406616
vt 0.533875 0.388623
vt 0.335934 0.000000
vt 0.341320 0.000000
vt 0.341320 0.341320
vt 1.000000 0.338081
vt 0.338081 0.338081
vt 1.000000 0.350029
vt 0.350029 0.350029
vt 1.000000 0.372333
vt 0.790262 0.304489
vt 1.000000 0.279769
vt 0.372333 0.372333
vt 0.574781 0.335747
vt 0.176806 0.290077
vt 0.156250 0.284067
vt 0.156250 0.250000
vt 0.170286 0.250000
vt 0.182539 0.265452
vt 0.187273 0.272064
vt 0.187298 0.278558
vt 0.156250 0.233902
vt 0.125000 0.281011
vt 0.125000 0.250000
vt 0.156250 0.284067
vt 0.150442 0.283504
vt 0.141219 0.221159
vt 0.125000 0.219152
vt 0.094007 0.264821
vt 0.094044 0.250000
vt 0.109463 0.282475
vt 0.094118 0.222116
vt 0.094044 0.250000
s 0
usemtl 
f 3542/4942/1778 3544/4943/1778 3543/4944/1778
f 3544/4942/1779 3575/4945/1779 3543/4944/1779
f 3562/4946/1780 3543/4944/1780 3575/4947/1780 3563/4948/1780
f 3564/4949/1781 3565/4950/1781 3543/4944/1781 3562/4951/1781
f 3566/4952/1782 3543/4944/1782 3565/4953/1782
f 3567/4954/1783 3543/4944/1783 3566/4955/1783 3568/4956/1783
f 3576/4957/1784 3543/4944/1784 3567/4958/1784 3569/4959/1784
f 3576/4960/1785 3542/4943/1785 3543/4944/1785
f 3576/4961/1786 3544/4943/1786 3542/4944/1786
f 3576/4962/1787 3570/4963/1787 3544/4944/1787
f 3570/4964/1788 3571/4965/1788 3544/4944/1788
f 3571/4966/1789 3572/4967/1789 3544/4944/1789
f 3573/4968/1790 3575/4969/1790 3544/4944/1790 3572/4970/1790 3574/4971/1790
f 3556/4972/1791 3555/4973/1791 3545/4974/1791 3561/4975/1791 3559/4976/1791 3558/4977/1791 3557/4978/1791
f 3561/4975/1792 3545/4974/1792 3560/4979/1792
f 3554/4980/1793 3546/4981/1793 3545/4974/1793 3555/4982/1793 3553/4983/1793
f 3547/4984/1794 3560/4979/1794 3545/4974/1794 3546/4981/1794 3549/4985/1794
f 3550/4986/1795 3551/4987/1795 3546/4981/1795 3554/4980/1795 3552/4988/1795
f 3548/4989/1796 3549/4985/1796 3546/4981/1796 3551/4990/1796
o Sphere_cell.129
v 0.006707 -0.006954 -0.002635
v 0.009410 -0.011347 -0.004325
v 0.653281 -0.707107 -0.270598
v 0.693520 -0.707107 -0.137950
v 0.710138 -0.632119 -0.294149
v 0.734929 -0.628312 -0.223135
v 0.703098 -0.703455 -0.071130
v 0.722053 -0.671659 -0.143625
v 0.677076 -0.629078 -0.361272
v 0.620998 -0.707107 -0.330996
v 0.558291 -0.765848 -0.297205
v 0.560723 -0.789250 -0.232455
v 0.699593 -0.707107 -0.076284
v 0.655426 -0.738982 -0.130372
v 0.710138 -0.632119 -0.294149
v 0.734929 -0.628312 -0.223135
v 0.722053 -0.671659 -0.143625
v 0.703098 -0.703455 -0.071130
v 0.677076 -0.629078 -0.361272
v 0.620998 -0.707107 -0.330996
v 0.558291 -0.765848 -0.297205
v 0.699593 -0.707107 -0.076284
v 0.655426 -0.738982 -0.130372
v 0.560723 -0.789250 -0.232455
vn 0.5838 0.7729 -0.2488
vn 0.6562 0.6128 0.4403
vn -0.4729 -0.0020 -0.8811
vn -0.3804 0.1188 -0.9171
vn -0.5721 -0.5765 0.5834
vn -0.4692 -0.5380 0.7002
vn -0.8269 -0.5381 -0.1634
vn 0.6831 -0.6326 -0.3651
vn 0.5611 -0.7715 -0.2999
vn 0.7412 -0.6326 -0.2248
vn 0.6087 -0.7716 -0.1847
vn 0.7708 -0.6326 -0.0759
vn 0.6332 -0.7715 -0.0624
vt 0.356876 0.000000
vt 1.000000 0.000000
vt 1.000000 0.697943
vt 0.675545 0.349892
vt 0.697943 0.697943
vt 0.000000 0.000000
vt 0.667740 0.000000
vt 0.685764 0.331126
vt 1.000000 0.641895
vt 0.617348 0.310064
vt 0.273441 0.000000
vt 0.641895 0.641895
vt 1.000000 1.000000
vt 1.000000 0.249887
vt 0.726482 0.298156
vt 0.976475 0.328756
vt 1.000000 0.332260
vt 0.250530 0.249937
vt 1.000000 0.726559
vt 0.250923 0.000000
vt 0.577994 0.282341
vt 0.562500 0.280928
vt 0.562500 0.250000
vt 0.577939 0.250000
vt 0.562581 0.208707
vt 0.577858 0.220479
vt 0.531250 0.264620
vt 0.531250 0.250000
vt 0.546914 0.282498
vt 0.562500 0.208744
vt 0.531250 0.233981
vt 0.516046 0.251506
vt 0.517281 0.250000
vt 0.531250 0.264620
vt 0.531250 0.233981
s 0
usemtl 
f 3595/4991/1797 3577/4992/1797 3592/4993/1797 3591/4994/1797
f 3592/4995/1798 3577/4996/1798 3594/4997/1798 3593/4998/1798
f 3578/4992/1799 3595/4999/1799 3596/5000/1799 3597/5001/1799
f 3595/5002/1800 3578/4996/1800 3577/4992/1800
f 3577/5003/1801 3578/4996/1801 3600/5004/1801
f 3599/5005/1802 3598/5006/1802 3594/5007/1802 3577/5003/1802 3600/5008/1802
f 3578/4992/1803 3597/5009/1803 3600/5010/1803
f 3585/5011/1804 3581/5012/1804 3579/5013/1804 3586/5014/1804
f 3588/5015/1805 3587/5016/1805 3586/5014/1805 3579/5013/1805
f 3584/5017/1806 3580/5018/1806 3579/5013/1806 3581/5012/1806 3582/5019/1806
f 3588/5020/1807 3579/5013/1807 3580/5018/1807 3590/5021/1807
f 3583/5022/1808 3589/5023/1808 3580/5018/1808 3584/5024/1808
f 3589/5023/1809 3590/5025/1809 3580/5018/1809
o Sphere_cell.130
v -0.006490 0.001443 -0.002018
v -0.020139 0.007453 0.002095
v -0.923879 0.382683 -0.000000
v -0.980785 0.195090 -0.000000
v -0.961939 0.195090 -0.191342
v -0.924528 0.000000 -0.380542
v -0.944077 -0.093762 -0.284439
v -0.980669 0.001196 -0.195068
v -0.920919 0.339979 0.161584
v -0.906419 0.195090 -0.374369
v -0.871679 0.474761 -0.030297
v -0.910575 0.367732 -0.181125
v -0.907918 0.382683 -0.162057
v -0.882106 0.460835 -0.000000
v -0.909888 0.380841 0.147730
v -0.910575 0.367732 -0.181125
v -0.907918 0.382683 -0.162057
v -0.871679 0.474761 -0.030297
v -0.882106 0.460835 -0.000000
v -0.920919 0.339979 0.161584
v -0.909888 0.380841 0.147730
v -0.944077 -0.093762 -0.284439
v -0.924528 0.000000 -0.380542
v -0.980669 0.001196 -0.195068
v -0.980785 0.195090 -0.000000
v -0.906419 0.195090 -0.374369
vn 0.2669 -0.7164 -0.6446
vn -0.1249 -0.7378 0.6634
vn -0.1391 -0.7062 0.6942
vn 0.3812 -0.0061 -0.9245
vn 0.4551 0.8482 0.2711
vn 0.3994 0.6913 -0.6022
vn 0.4040 0.7704 0.4932
vn 0.2568 0.2474 0.9343
vn -0.8784 0.4695 0.0890
vn -0.9527 0.2890 0.0938
vn -0.8786 0.4696 -0.0865
vn -0.9527 0.2890 -0.0938
vn -0.9904 0.0975 -0.0976
vn -0.9161 0.2890 -0.2779
vn -0.9524 0.0975 -0.2889
vn -0.9528 -0.0963 -0.2878
vt 0.120396 0.000000
vt 1.000000 0.000000
vt 1.000000 0.898361
vt 0.898361 0.898361
vt 0.000000 0.000000
vt 0.932677 0.734316
vt 0.897308 0.897308
vt 0.875071 0.000000
vt 0.933335 0.343319
vt 0.138336 0.000000
vt 1.000000 0.879604
vt 1.000000 1.000000
vt 0.173121 0.000000
vt 0.625057 0.133565
vt 0.672901 0.136114
vt 1.000000 0.171014
vt 0.138336 0.138336
vt 0.173121 0.173121
vt 0.310749 0.162937
vt 1.000000 0.135673
vt 0.135673 0.135673
vt 1.000000 0.124929
vt 0.000000 0.625000
vt 0.025078 0.625000
vt 0.000000 0.653253
vt 0.027649 0.610772
vt 0.025078 0.625000
vt 0.000373 0.562500
vt 0.971903 0.625000
vt 1.000000 0.625000
vt 1.000000 0.653253
vt 0.994315 0.658346
vt 0.968750 0.562500
vt 1.000000 0.562500
vt 0.968750 0.620019
vt 0.968750 0.500383
vt 0.937663 0.562500
vt 0.937857 0.500000
vt 0.953424 0.469962
vt 0.968559 0.500000
s 0
usemtl 
f 3623/5026/1810 3601/5027/1810 3622/5028/1810
f 3622/5029/1811 3601/5030/1811 3602/5027/1811
f 3608/5031/1812 3622/5032/1812 3602/5030/1812 3620/5033/1812 3604/5034/1812
f 3610/5035/1813 3601/5027/1813 3623/5036/1813
f 3602/5027/1814 3601/5037/1814 3618/5038/1814
f 3616/5039/1815 3617/5040/1815 3618/5041/1815 3601/5037/1815 3610/5042/1815
f 3602/5037/1816 3618/5043/1816 3619/5044/1816 3621/5045/1816
f 3621/5046/1817 3620/5047/1817 3602/5037/1817
f 3603/5048/1818 3615/5049/1818 3614/5050/1818
f 3609/5051/1819 3615/5052/1819 3603/5048/1819 3625/5053/1819
f 3613/5054/1820 3603/5055/1820 3614/5056/1820 3611/5057/1820
f 3605/5058/1821 3625/5059/1821 3603/5055/1821 3613/5054/1821 3612/5060/1821
f 3625/5059/1822 3605/5058/1822 3624/5061/1822
f 3626/5062/1823 3605/5058/1823 3612/5060/1823
f 3606/5063/1824 3624/5061/1824 3605/5058/1824 3626/5062/1824
f 3607/5064/1825 3624/5065/1825 3606/5063/1825
o Sphere_cell.132
v 0.001505 0.005275 0.004990
v 0.003671 0.009298 0.008679
v 0.270598 0.707107 0.653281
v 0.108386 0.831470 0.544895
v 0.137950 0.707107 0.693520
v -0.000000 0.707107 0.707107
v 0.125122 0.831470 0.539818
v 0.327975 0.707107 0.622613
v 0.244797 0.762437 0.590993
v -0.067792 0.703347 0.703515
v -0.064239 0.707107 0.700780
v -0.000000 0.761936 0.640298
v 0.091777 0.831470 0.546531
v 0.105505 0.839364 0.530409
v 0.332525 0.703167 0.623829
v 0.366803 0.614080 0.688008
v -0.163926 0.600121 0.776950
v -0.154725 0.602329 0.777856
v -0.000000 0.624694 0.774741
v 0.296446 0.624804 0.715684
v 0.149967 0.632050 0.753934
v -0.153055 0.612764 0.769457
v 0.125122 0.831470 0.539818
v 0.244797 0.762437 0.590993
v 0.327975 0.707107 0.622613
v -0.067792 0.703347 0.703515
v -0.064239 0.707107 0.700780
v -0.000000 0.761936 0.640298
v 0.091777 0.831470 0.546531
v 0.105505 0.839364 0.530409
v 0.332525 0.703167 0.623829
v 0.366803 0.614080 0.688008
v -0.163926 0.600121 0.776950
v -0.154725 0.602329 0.777856
v 0.296446 0.624804 0.715684
v 0.149967 0.632050 0.753934
v -0.000000 0.624694 0.774741
v -0.153055 0.612764 0.769457
vn 0.5429 0.3976 -0.7397
vn -0.7856 0.3969 -0.4746
vn 0.8820 -0.0002 -0.4713
vn 0.3639 0.5153 -0.7759
vn 0.9287 -0.2451 -0.2782
vn 0.1246 -0.7730 0.6221
vn -0.7868 0.3958 -0.4736
vn 0.2999 0.7715 0.5611
vn 0.3651 0.6326 0.6831
vn 0.1374 0.8810 0.4528
vn 0.1847 0.7715 0.6088
vn 0.2248 0.6326 0.7412
vn 0.0464 0.8810 0.4709
vn 0.0624 0.7715 0.6332
vn 0.0759 0.6326 0.7708
vn -0.0624 0.7715 0.6332
vn -0.0759 0.6326 0.7708
vn -0.2248 0.6326 0.7412
vt 0.331704 0.000000
vt 1.000000 0.000000
vt 1.000000 0.798327
vt 0.944418 0.735057
vt 0.592474 0.317280
vt 0.345340 0.017358
vt 0.798327 0.798327
vt 0.000000 0.000000
vt 0.668406 0.000000
vt 0.671995 0.016742
vt 0.724314 0.313938
vt 0.790637 0.734809
vt 1.000000 0.666974
vt 0.347725 0.000000
vt 0.666974 0.666974
vt 1.000000 1.000000
vt 1.000000 0.346374
vt 1.000000 0.261597
vt 0.346374 0.346374
vt 0.428708 0.320048
vt 0.605345 0.283508
vt 0.791212 0.263654
vt 0.988000 0.260727
vt 0.261597 0.261597
vt 0.345766 0.268737
vt 1.000000 0.331594
vt 0.312500 0.750000
vt 0.327167 0.750000
vt 0.312500 0.777807
vt 0.327167 0.750000
vt 0.312500 0.716055
vt 0.327956 0.711632
vt 0.327930 0.748392
vt 0.281250 0.817840
vt 0.281250 0.812500
vt 0.286268 0.812500
vt 0.281250 0.750000
vt 0.312500 0.716055
vt 0.281250 0.719043
vt 0.276461 0.812500
vt 0.250000 0.750000
vt 0.276461 0.812500
vt 0.250000 0.777555
vt 0.250000 0.716009
vt 0.235448 0.750000
vt 0.250000 0.777555
vt 0.218750 0.711089
vt 0.218750 0.706786
vt 0.234711 0.748449
vt 0.216875 0.705875
s 0
usemtl 
f 3657/5066/1826 3627/5067/1826 3656/5068/1826 3649/5069/1826 3650/5070/1826 3651/5071/1826
f 3656/5072/1827 3627/5073/1827 3652/5074/1827 3653/5075/1827 3654/5076/1827 3655/5077/1827
f 3628/5067/1828 3657/5078/1828 3658/5079/1828
f 3657/5080/1829 3628/5073/1829 3627/5067/1829
f 3627/5081/1830 3628/5073/1830 3658/5082/1830
f 3659/5083/1831 3627/5081/1831 3658/5084/1831 3661/5085/1831 3662/5086/1831 3663/5087/1831 3660/5088/1831
f 3627/5081/1832 3659/5089/1832 3664/5090/1832 3652/5091/1832
f 3629/5092/1833 3634/5093/1833 3635/5094/1833
f 3634/5095/1834 3629/5092/1834 3646/5096/1834 3642/5097/1834 3641/5098/1834
f 3640/5099/1835 3630/5100/1835 3633/5101/1835
f 3633/5101/1836 3630/5100/1836 3631/5102/1836 3629/5092/1836 3635/5094/1836
f 3646/5103/1837 3629/5092/1837 3631/5102/1837 3647/5104/1837
f 3639/5105/1838 3630/5100/1838 3640/5099/1838
f 3632/5106/1839 3631/5102/1839 3630/5100/1839 3639/5107/1839 3638/5108/1839
f 3647/5104/1840 3631/5102/1840 3632/5106/1840 3645/5109/1840
f 3637/5110/1841 3632/5106/1841 3638/5111/1841
f 3648/5112/1842 3644/5113/1842 3645/5109/1842 3632/5106/1842 3637/5110/1842 3636/5114/1842
f 3644/5113/1843 3648/5112/1843 3643/5115/1843
o Sphere_cell.134
v 0.006520 0.008278 0.000773
v 0.555570 0.831470 0.000000
v 0.468195 0.873318 0.092210
v 0.470265 0.877066 0.000000
v 0.469306 0.875205 -0.045083
v 0.550350 0.831470 -0.053003
v 0.702811 0.704194 -0.067878
v 0.699087 0.700265 0.138431
v 0.705781 0.707107 -0.013464
v 0.705807 0.707107 0.013192
v 0.706386 0.707698 0.000000
v 0.544976 0.831470 0.107567
v 0.693581 0.707107 0.137326
v 0.468195 0.873318 0.092210
v 0.470265 0.877066 0.000000
v 0.469306 0.875205 -0.045083
v 0.550350 0.831470 -0.053003
v 0.702811 0.704194 -0.067878
v 0.705781 0.707107 -0.013464
v 0.706386 0.707698 0.000000
v 0.705807 0.707107 0.013192
v 0.699087 0.700265 0.138431
v 0.544976 0.831470 0.107567
v 0.693581 0.707107 0.137326
vn -0.8822 0.4709 -0.0007
vn -0.0976 -0.0006 -0.9952
vn 0.7069 -0.7073 -0.0007
vn -0.1957 0.0008 0.9807
vn 0.4709 0.8810 -0.0464
vn 0.6338 0.7704 -0.0685
vn 0.4709 0.8810 0.0464
vn 0.6332 0.7715 0.0624
vn 0.7708 0.6326 0.0759
vt 0.726410 0.165766
vt 1.000000 0.167612
vt 1.000000 1.000000
vt 0.169243 0.169243
vt 1.000000 0.332030
vt 0.167612 0.167612
vt 0.424365 0.209676
vt 0.332030 0.332030
vt 0.505673 0.329160
vt 0.548723 0.328574
vt 0.591653 0.329123
vt 1.000000 0.335519
vt 0.796257 0.209458
vt 1.000000 0.169243
vt 0.335519 0.335519
vt 0.354344 0.328946
vt 0.515243 0.842080
vt 0.500000 0.843338
vt 0.500000 0.812500
vt 0.515282 0.812500
vt 0.500000 0.750297
vt 0.503050 0.750000
vt 0.515324 0.750000
vt 0.468986 0.812500
vt 0.500000 0.812500
vt 0.469054 0.840804
vt 0.468891 0.750000
vt 0.497012 0.750000
vt 0.497012 0.750000
vt 0.468883 0.747178
s 0
usemtl 
f 3679/5116/1844 3680/5117/1844 3665/5118/1844 3678/5119/1844
f 3682/5120/1845 3665/5118/1845 3680/5121/1845 3681/5122/1845
f 3665/5118/1846 3682/5123/1846 3683/5124/1846 3684/5125/1846 3685/5126/1846 3686/5127/1846
f 3687/5128/1847 3678/5129/1847 3665/5118/1847 3686/5130/1847 3688/5131/1847
f 3669/5132/1848 3668/5133/1848 3666/5134/1848 3670/5135/1848
f 3666/5134/1849 3675/5136/1849 3673/5137/1849 3671/5138/1849 3670/5135/1849
f 3676/5139/1850 3666/5140/1850 3668/5133/1850 3667/5141/1850
f 3666/5134/1851 3676/5139/1851 3677/5142/1851 3674/5143/1851 3675/5136/1851
f 3674/5144/1852 3677/5142/1852 3672/5145/1852
o Sphere_cell.135
v -0.004703 0.003163 0.000614
v -0.653281 0.707107 0.270598
v -0.693520 0.707107 0.137950
v -0.815493 0.555570 0.162211
v -0.707107 0.707107 -0.000000
v -0.831469 0.555570 -0.000000
v -0.909259 0.382624 0.148621
v -0.890941 0.411651 0.177219
v -0.860286 0.446927 0.213632
v -0.755552 0.624730 -0.165227
v -0.737992 0.651856 -0.146796
v -0.696652 0.707107 -0.106149
v -0.644154 0.753691 -0.062841
v -0.555968 0.746219 0.352046
v -0.590840 0.762574 0.244734
v -0.639314 0.762743 -0.000000
v -0.619930 0.768684 0.123312
v -0.619347 0.707107 0.334084
v -0.715337 0.625262 0.296302
v -0.784594 0.555570 0.264070
v -0.880740 0.463392 -0.000000
v -0.870397 0.477231 -0.029902
v -0.769228 0.613048 -0.153009
v -0.821847 0.555570 -0.097699
v -0.890941 0.411651 0.177219
v -0.860286 0.446927 0.213632
v -0.737992 0.651856 -0.146796
v -0.696652 0.707107 -0.106149
v -0.644154 0.753691 -0.062841
v -0.555968 0.746219 0.352046
v -0.590840 0.762574 0.244734
v -0.639314 0.762743 -0.000000
v -0.619930 0.768684 0.123312
v -0.619347 0.707107 0.334084
v -0.909259 0.382624 0.148621
v -0.715337 0.625262 0.296302
v -0.784594 0.555570 0.264070
v -0.880740 0.463392 -0.000000
v -0.870397 0.477231 -0.029902
v -0.769228 0.613048 -0.153009
v -0.821847 0.555570 -0.097699
v -0.755552 0.624730 -0.165227
vn -0.1480 -0.6451 0.7496
vn 0.4350 0.2987 -0.8495
vn 0.7588 0.6339 -0.1499
vn -0.4037 -0.7691 -0.4955
vn -0.2634 -0.5328 -0.8042
vn -0.5611 0.7715 0.2999
vn -0.6831 0.6326 0.3651
vn -0.7412 0.6326 0.2248
vn -0.8448 0.4696 0.2563
vn -0.6088 0.7715 0.1847
vn -0.6332 0.7715 0.0624
vn -0.7708 0.6326 0.0759
vn -0.8786 0.4696 0.0865
vn -0.8786 0.4696 -0.0865
vn -0.6332 0.7715 -0.0624
vn -0.7708 0.6326 -0.0759
vn -0.7412 0.6326 -0.2248
vn 0.0054 -0.4243 0.9055
vt 1.000000 0.134120
vt 1.000000 1.000000
vt 0.181525 0.181525
vt 0.645864 0.151886
vt 0.281679 0.281679
vt 0.413302 0.278637
vt 0.700539 0.275591
vt 1.000000 0.282938
vt 1.000000 0.289954
vt 0.282938 0.282938
vt 0.383297 0.274275
vt 0.589807 0.268565
vt 0.802843 0.274365
vt 1.000000 0.000000
vt 0.999404 0.865147
vt 0.307745 0.145676
vt 0.172070 0.000000
vt 0.921488 0.268795
vt 1.000000 0.281872
vt 0.172070 0.172070
vt 0.576633 0.218486
vt 0.062500 0.777876
vt 0.062500 0.750000
vt 0.078729 0.750000
vt 0.089784 0.769656
vt 0.078729 0.750000
vt 0.062500 0.716244
vt 0.031250 0.750000
vt 0.031250 0.687500
vt 0.051657 0.687500
vt 0.051657 0.687500
vt 0.031250 0.635472
vt 0.038775 0.648225
vt 0.031250 0.780946
vt 0.000000 0.777961
vt 0.000000 0.750000
vt 0.000000 0.687500
vt 0.000000 0.654177
vt 0.025778 0.625000
vt 1.000000 0.687500
vt 0.981178 0.687500
vt 0.994526 0.659180
vt 1.000000 0.654177
vt 0.975954 0.750000
vt 1.000000 0.750000
vt 1.000000 0.777961
vt 0.984521 0.773412
vt 0.968750 0.727212
vt 0.968750 0.711206
vt 0.965717 0.716024
vt 0.968750 0.727212
vt 0.706849 0.253735
vt 1.000000 0.181525
vt 0.289954 0.289954
vt 0.671617 0.327276
vt 0.497527 0.319829
s 0
usemtl 
f 3723/5146/1853 3689/5147/1853 3714/5148/1853 3713/5149/1853
f 3689/5147/1854 3730/5150/1854 3715/5151/1854 3716/5152/1854 3717/5153/1854
f 3718/5154/1855 3689/5147/1855 3717/5155/1855 3720/5156/1855 3721/5157/1855 3719/5158/1855
f 3689/5159/1856 3723/5160/1856 3726/5161/1856 3727/5162/1856
f 3728/5163/1857 3730/5164/1857 3689/5147/1857 3727/5165/1857 3729/5166/1857
f 3703/5167/1858 3690/5168/1858 3722/5169/1858 3702/5170/1858
f 3722/5171/1859 3690/5168/1859 3724/5172/1859
f 3724/5172/1860 3690/5168/1860 3691/5173/1860 3692/5174/1860 3725/5175/1860
f 3725/5176/1861 3692/5174/1861 3696/5177/1861 3697/5178/1861
f 3705/5179/1862 3691/5173/1862 3690/5168/1862 3703/5167/1862
f 3704/5180/1863 3693/5181/1863 3691/5173/1863 3705/5179/1863
f 3692/5174/1864 3691/5173/1864 3693/5181/1864 3694/5182/1864
f 3696/5177/1865 3692/5174/1865 3694/5182/1865 3709/5183/1865 3695/5184/1865
f 3694/5185/1866 3712/5186/1866 3710/5187/1866 3709/5188/1866
f 3700/5189/1867 3693/5190/1867 3704/5191/1867 3701/5192/1867
f 3694/5185/1868 3693/5190/1868 3700/5189/1868 3699/5193/1868 3711/5194/1868 3712/5186/1868
f 3698/5195/1869 3711/5194/1869 3699/5196/1869
f 3708/5197/1870 3714/5198/1870 3689/5147/1870 3718/5199/1870 3706/5200/1870 3707/5201/1870
o Sphere_cell.136
v 0.006660 -0.003396 0.002413
v 0.906127 -0.195090 0.375330
v 0.853553 -0.382683 0.353553
v 0.768178 -0.555570 0.318190
v 0.732530 -0.550619 0.390469
v 0.736625 -0.555570 0.377221
v 0.760498 -0.591335 0.242882
v 0.752390 -0.576393 0.311650
v 0.864624 -0.461480 0.172667
v 0.797039 -0.555570 0.223046
v 0.811316 -0.382683 0.432573
v 0.861265 -0.195090 0.459261
v 0.875118 -0.034887 0.466655
v 0.942896 -0.097628 0.287028
v 0.961907 -0.191598 0.192629
v 0.905879 -0.382683 0.181060
v 0.917786 -0.066960 0.380160
v 0.736625 -0.555570 0.377221
v 0.752390 -0.576393 0.311650
v 0.732530 -0.550619 0.390469
v 0.760498 -0.591335 0.242882
v 0.797039 -0.555570 0.223046
v 0.864624 -0.461480 0.172667
v 0.861265 -0.195090 0.459261
v 0.875118 -0.034887 0.466655
v 0.811316 -0.382683 0.432573
v 0.942896 -0.097628 0.287028
v 0.961907 -0.191598 0.192629
v 0.905879 -0.382683 0.181060
v 0.917786 -0.066960 0.380160
vn -0.6306 -0.7705 0.0931
vn -0.0567 -0.4393 -0.8965
vn -0.4714 0.0001 0.8819
vn 0.2695 0.7091 -0.6516
vn 0.1957 0.0020 -0.9807
vn 0.1759 0.9481 -0.2648
vn 0.9524 -0.0975 0.2889
vn 0.9171 -0.2874 0.2763
vn 0.8448 -0.4696 0.2563
vn 0.7412 -0.6326 0.2248
vn 0.8777 -0.0975 0.4691
vn 0.8443 -0.2890 0.4513
vn 0.7786 -0.4696 0.4162
vn 0.6831 -0.6326 0.3651
vt 0.369060 0.068603
vt 0.304370 0.000000
vt 1.000000 0.000000
vt 1.000000 0.722307
vt 0.682852 0.397446
vt 0.722308 0.722308
vt 0.000000 0.000000
vt 0.822134 0.000000
vt 0.757337 0.507019
vt 0.167340 0.000000
vt 1.000000 0.695630
vt 0.696275 0.467549
vt 0.395332 0.214612
vt 1.000000 1.000000
vt 0.102265 0.102265
vt 1.000000 0.084803
vt 0.713281 0.138384
vt 1.000000 0.177866
vt 0.095243 0.085122
vt 0.167340 0.167340
vt 0.580971 0.126384
vt 1.000000 0.102265
vt 0.468544 0.438619
vt 0.452970 0.468723
vt 0.437500 0.478548
vt 0.437500 0.437500
vt 0.468544 0.437500
vt 0.437500 0.375000
vt 0.468602 0.375000
vt 0.468602 0.375000
vt 0.437500 0.312500
vt 0.456562 0.312500
vt 0.468628 0.346514
vt 0.437500 0.303912
vt 0.450824 0.297749
vt 0.422031 0.488823
vt 0.422032 0.437500
vt 0.422040 0.375000
vt 0.422057 0.314290
vt 0.424667 0.312500
s 0
usemtl 
f 3748/5202/1871 3750/5203/1871 3731/5204/1871 3751/5205/1871 3749/5206/1871
f 3751/5207/1872 3731/5208/1872 3753/5209/1872 3752/5210/1872
f 3755/5211/1873 3731/5204/1873 3750/5212/1873 3756/5213/1873 3754/5214/1873
f 3731/5215/1874 3757/5216/1874 3758/5217/1874
f 3759/5218/1875 3753/5219/1875 3731/5215/1875 3758/5220/1875
f 3731/5215/1876 3755/5221/1876 3760/5222/1876 3757/5223/1876
f 3745/5224/1877 3744/5225/1877 3747/5226/1877 3732/5227/1877
f 3745/5228/1878 3732/5227/1878 3733/5229/1878 3746/5230/1878
f 3746/5231/1879 3733/5229/1879 3734/5232/1879 3740/5233/1879 3739/5234/1879
f 3734/5232/1880 3738/5235/1880 3737/5236/1880 3740/5233/1880
f 3743/5237/1881 3742/5238/1881 3732/5227/1881 3747/5226/1881
f 3741/5239/1882 3733/5229/1882 3732/5227/1882 3742/5238/1882
f 3735/5240/1883 3736/5241/1883 3734/5232/1883 3733/5229/1883 3741/5239/1883
f 3738/5235/1884 3734/5232/1884 3736/5241/1884
o Sphere_cell.137
v 0.006822 -0.002464 0.000127
v 0.034797 -0.011539 -0.009530
v 0.030404 -0.009287 -0.008036
v 0.906127 -0.382683 -0.180240
v 0.923879 -0.382683 -0.000000
v 0.864968 -0.461455 0.170642
v 0.906240 -0.382683 0.179100
v 0.961999 -0.195090 0.190736
v 0.878085 -0.468358 -0.000000
v 0.871549 -0.464807 -0.085633
v 0.902086 -0.382683 -0.193563
v 0.901622 -0.308048 -0.272710
v 0.899718 -0.394910 -0.178965
v 0.903235 -0.295723 -0.280212
v 0.910857 -0.276455 -0.275121
v 0.975856 -0.195090 0.050049
v 0.980514 -0.195984 0.000000
v 0.976173 -0.195090 -0.046825
v 0.962177 -0.192637 -0.191389
v 0.906240 -0.382683 0.179100
v 0.961999 -0.195090 0.190736
v 0.864968 -0.461455 0.170642
v 0.878085 -0.468358 -0.000000
v 0.871549 -0.464807 -0.085633
v 0.902086 -0.382683 -0.193563
v 0.901622 -0.308048 -0.272710
v 0.899718 -0.394910 -0.178965
v 0.903235 -0.295723 -0.280212
v 0.975856 -0.195090 0.050049
v 0.980514 -0.195984 0.000000
v 0.976173 -0.195090 -0.046825
v 0.910857 -0.276455 -0.275121
v 0.962177 -0.192637 -0.191389
vn -0.1962 -0.0025 0.9806
vn -0.4716 -0.8818 -0.0006
vn -0.4260 -0.6878 -0.5877
vn -0.4158 -0.6631 -0.6224
vn -0.3952 -0.4393 -0.8067
vn -0.2500 0.1475 -0.9569
vn -0.1852 0.3189 -0.9295
vn 0.1945 0.9809 0.0064
vn 0.0634 0.8482 -0.5258
vn -0.3333 -0.0246 -0.9425
vn -0.0001 0.7068 -0.7074
vn 0.9173 -0.2872 -0.2758
vn 0.8448 -0.4696 -0.2563
vn 0.9529 -0.2881 -0.0951
vn 0.8786 -0.4696 -0.0865
vn 0.9527 -0.2890 0.0938
vn 0.8786 -0.4696 0.0865
vt 0.083833 0.000000
vt 1.000000 0.000000
vt 1.000000 0.822465
vt 0.712183 0.574350
vt 0.000000 0.000000
vt 0.829135 0.000000
vt 0.835281 0.277610
vt 0.822466 0.822466
vt 0.829135 0.829135
vt 0.824755 0.824755
vt 0.854128 0.000000
vt 0.854554 0.369852
vt 0.852215 0.434592
vt 1.000000 0.855244
vt 0.145872 0.000000
vt 0.855244 0.855244
vt 0.863738 0.000000
vt 0.855902 0.855902
vt 0.084065 0.000000
vt 1.000000 0.916167
vt 0.655725 0.584845
vt 0.533385 0.466939
vt 0.423092 0.352453
vt 0.086054 0.000000
vt 1.000000 1.000000
vt 1.000000 0.136262
vt 0.113556 0.087069
vt 0.531250 0.437500
vt 0.531250 0.375000
vt 0.533652 0.375000
vt 0.546747 0.399866
vt 0.547871 0.404008
vt 0.546686 0.410392
vt 0.531250 0.370580
vt 0.500000 0.375000
vt 0.507648 0.437500
vt 0.500000 0.437202
vt 0.500000 0.344028
vt 0.515805 0.345620
vt 0.468849 0.437500
vt 0.468948 0.375000
vt 0.491826 0.437500
vt 0.468948 0.375000
vt 0.469002 0.346523
s 0
usemtl 
f 3781/5242/1885 3761/5243/1885 3782/5244/1885 3780/5245/1885
f 3761/5246/1886 3784/5247/1886 3783/5248/1886 3782/5249/1886
f 3762/5243/1887 3784/5250/1887 3761/5246/1887
f 3784/5251/1888 3762/5246/1888 3786/5252/1888 3785/5253/1888 3787/5254/1888
f 3762/5243/1889 3788/5255/1889 3786/5256/1889
f 3788/5257/1890 3762/5246/1890 3763/5243/1890
f 3763/5246/1891 3792/5258/1891 3788/5259/1891
f 3793/5260/1892 3761/5243/1892 3781/5261/1892 3789/5262/1892 3790/5263/1892 3791/5264/1892
f 3793/5265/1893 3763/5243/1893 3761/5266/1893
f 3763/5246/1894 3762/5243/1894 3761/5266/1894
f 3792/5267/1895 3763/5266/1895 3793/5268/1895
f 3779/5269/1896 3764/5270/1896 3771/5271/1896 3772/5272/1896 3774/5273/1896 3775/5274/1896
f 3764/5270/1897 3773/5275/1897 3771/5271/1897
f 3765/5276/1898 3764/5270/1898 3779/5269/1898 3778/5277/1898 3777/5278/1898
f 3773/5275/1899 3764/5270/1899 3765/5276/1899 3769/5279/1899 3770/5280/1899
f 3768/5281/1900 3767/5282/1900 3765/5276/1900 3777/5278/1900 3776/5283/1900
f 3769/5279/1901 3765/5276/1901 3767/5284/1901 3766/5285/1901
o Sphere_cell.138
v -0.004498 -0.003950 -0.000048
v -0.010443 -0.015917 -0.004738
v -0.831469 -0.555570 -0.000000
v -0.707107 -0.707107 -0.000000
v -0.693520 -0.707107 -0.137950
v -0.513279 -0.831470 -0.212608
v -0.764876 -0.594431 -0.219736
v -0.849085 -0.522580 -0.000182
v -0.822735 -0.555570 -0.088676
v -0.796981 -0.578569 -0.158530
v -0.797639 -0.577852 0.157821
v -0.822671 -0.555570 0.089331
v -0.693589 -0.707107 0.137243
v -0.654997 -0.739396 0.129600
v -0.606783 -0.789440 -0.000000
v -0.503824 -0.836940 -0.208691
v -0.500136 -0.837210 -0.214524
v -0.557139 -0.821224 -0.110822
v -0.526815 -0.831470 -0.167988
v -0.486518 -0.832373 -0.259107
v -0.523261 -0.798435 -0.278911
v -0.658466 -0.707107 -0.253505
v -0.681034 -0.683184 -0.246416
v -0.627583 -0.729934 -0.259954
v -0.849085 -0.522580 -0.000182
v -0.822735 -0.555570 -0.088676
v -0.796981 -0.578569 -0.158530
v -0.797639 -0.577852 0.157821
v -0.822671 -0.555570 0.089331
v -0.693589 -0.707107 0.137243
v -0.654997 -0.739396 0.129600
v -0.503824 -0.836940 -0.208691
v -0.526815 -0.831470 -0.167988
v -0.500136 -0.837210 -0.214524
v -0.606783 -0.789440 -0.000000
v -0.557139 -0.821224 -0.110822
v -0.486518 -0.832373 -0.259107
v -0.658466 -0.707107 -0.253505
v -0.681034 -0.683184 -0.246416
v -0.523261 -0.798435 -0.278911
v -0.627583 -0.729934 -0.259954
v -0.764876 -0.594431 -0.219736
vn -0.0233 0.3748 -0.9268
vn -0.4711 0.7689 -0.4323
vn -0.4739 0.7716 0.4242
vn 0.1948 0.0006 0.9808
vn 0.6985 -0.5338 0.4767
vn 0.7011 -0.5377 0.4683
vn 0.8205 -0.5383 0.1922
vn 0.4733 -0.0016 -0.8809
vn 0.0321 0.3117 -0.9496
vn 0.0300 0.3136 -0.9491
vn -0.8790 -0.4689 0.0866
vn -0.7708 -0.6326 0.0759
vn -0.6332 -0.7715 0.0624
vn -0.6332 -0.7715 -0.0624
vn -0.8786 -0.4696 -0.0865
vn -0.7708 -0.6326 -0.0759
vn -0.7412 -0.6326 -0.2248
vn -0.6088 -0.7715 -0.1847
vn -0.4528 -0.8810 -0.1374
vn -0.4173 -0.8810 -0.2231
vn -0.5592 -0.7726 -0.3007
vt 0.000000 0.000000
vt 1.000000 0.271861
vt 1.000000 1.000000
vt 1.000000 0.192084
vt 0.271861 0.271861
vt 0.473670 0.242146
vt 0.705857 0.217412
vt 1.000000 0.241349
vt 0.192980 0.192109
vt 0.647176 0.217381
vt 1.000000 0.296638
vt 0.241349 0.241349
vt 0.821577 0.278180
vt 0.299347 0.000000
vt 1.000000 0.000000
vt 0.987278 0.205672
vt 1.000000 0.205410
vt 0.299347 0.299347
vt 0.553418 0.251645
vt 0.780114 0.220885
vt 0.900519 0.210968
vt 0.205410 0.205410
vt 1.000000 0.210418
vt 0.238162 0.211303
vt 1.000000 0.243550
vt 1.000000 0.354779
vt 0.243550 0.243550
vt 0.722318 0.309652
vt 0.871133 0.331683
vt 1.000000 0.274501
vt 0.354779 0.354779
vt 0.000000 0.312500
vt 0.017210 0.312500
vt 0.000000 0.324396
vt 0.031084 0.303310
vt 0.017210 0.312500
vt 0.000000 0.250000
vt 0.031090 0.250000
vt 0.031085 0.233773
vt 0.031090 0.250000
vt 0.000000 0.208623
vt 1.000000 0.208623
vt 1.000000 0.250000
vt 0.968750 0.250000
vt 0.968750 0.192649
vt 0.982917 0.312500
vt 1.000000 0.312500
vt 0.999966 0.324426
vt 0.968750 0.303014
vt 0.955453 0.296472
vt 0.944699 0.259867
vt 0.941527 0.250000
vt 0.968750 0.303014
vt 0.950879 0.187500
vt 0.968750 0.192649
vt 0.937500 0.238528
vt 0.937500 0.187500
vt 0.937500 0.183800
vt 0.922114 0.186889
vt 0.935432 0.183617
vt 0.937500 0.183800
vt 0.922061 0.204102
vt 0.922112 0.187500
s 0
usemtl 
f 3795/5286/1902 3835/5287/1902 3794/5288/1902
f 3818/5289/1903 3794/5288/1903 3835/5290/1903 3820/5291/1903 3819/5292/1903
f 3821/5293/1904 3794/5288/1904 3818/5294/1904 3822/5295/1904
f 3824/5296/1905 3794/5288/1905 3821/5297/1905 3823/5298/1905
f 3824/5299/1906 3795/5300/1906 3794/5288/1906
f 3825/5301/1907 3827/5302/1907 3795/5288/1907 3824/5303/1907 3828/5304/1907 3829/5305/1907 3826/5306/1907
f 3795/5288/1908 3827/5307/1908 3830/5308/1908
f 3830/5309/1909 3833/5310/1909 3795/5288/1909
f 3832/5311/1910 3795/5288/1910 3833/5312/1910 3834/5313/1910 3831/5314/1910
f 3835/5315/1911 3795/5288/1911 3832/5316/1911
f 3796/5317/1912 3805/5318/1912 3801/5319/1912
f 3804/5320/1913 3805/5321/1913 3796/5317/1913 3797/5322/1913 3806/5323/1913
f 3807/5324/1914 3806/5325/1914 3797/5322/1914 3808/5326/1914
f 3808/5327/1915 3797/5328/1915 3798/5329/1915 3811/5330/1915
f 3802/5331/1916 3796/5332/1916 3801/5333/1916
f 3803/5334/1917 3798/5329/1917 3797/5328/1917 3796/5332/1917 3802/5331/1917
f 3800/5335/1918 3816/5336/1918 3815/5337/1918 3798/5329/1918 3803/5338/1918
f 3812/5339/1919 3811/5340/1919 3798/5329/1919 3815/5337/1919 3817/5341/1919 3799/5342/1919
f 3812/5339/1920 3799/5342/1920 3809/5343/1920
f 3799/5342/1921 3813/5344/1921 3810/5345/1921 3809/5346/1921
f 3799/5342/1922 3817/5341/1922 3814/5347/1922 3813/5348/1922
o Sphere_cell.139
v 0.001368 -0.010094 -0.003938
v 0.006087 -0.030428 -0.008841
v -0.000562 -0.022100 -0.013554
v -0.001718 -0.029484 -0.017906
v 0.074658 -0.923880 -0.375330
v 0.146447 -0.923880 -0.353553
v 0.212608 -0.923880 -0.318190
v 0.064511 -0.939658 -0.324316
v 0.157905 -0.953688 -0.236544
v 0.114933 -0.948860 -0.277473
v 0.184019 -0.951219 -0.225623
v 0.297227 -0.876075 -0.363886
v -0.007375 -0.838206 -0.542241
v 0.000000 -0.840446 -0.538776
v 0.260377 -0.877921 -0.389682
v 0.182011 -0.874205 -0.439413
v 0.097119 -0.862341 -0.488249
v -0.053627 -0.833149 -0.547145
v -0.070418 -0.846386 -0.520727
v -0.047060 -0.867246 -0.484002
v 0.028188 -0.923880 -0.379907
v 0.000000 -0.904153 -0.419589
v 0.240897 -0.923880 -0.294973
v 0.157905 -0.953688 -0.236544
v 0.114933 -0.948860 -0.277473
v -0.007375 -0.838206 -0.542241
v 0.000000 -0.840446 -0.538776
v 0.260377 -0.877921 -0.389682
v 0.182011 -0.874205 -0.439413
v 0.097119 -0.862341 -0.488249
v -0.053627 -0.833149 -0.547145
v -0.070418 -0.846386 -0.520727
v -0.047060 -0.867246 -0.484002
v 0.000000 -0.904153 -0.419589
v 0.028188 -0.923880 -0.379907
v 0.064511 -0.939658 -0.324316
v 0.184019 -0.951219 -0.225623
v 0.297227 -0.876075 -0.363886
v 0.240897 -0.923880 -0.294973
vn -0.9895 0.1432 0.0199
vn -0.8328 -0.2301 0.5035
vn -0.6795 -0.2798 0.6783
vn -0.3480 -0.2784 0.8952
vn 0.1426 -0.2006 0.9692
vn 0.8449 0.0681 0.5305
vn 0.5359 0.4736 -0.6989
vn 0.4885 0.4716 -0.7341
vn 0.1468 0.5369 -0.8307
vn -0.5235 0.4919 -0.6957
vn -0.8646 0.3141 -0.3922
vn -0.8742 -0.1991 0.4429
vn -0.8437 -0.2254 0.4872
vn 0.7736 0.0004 0.6336
vn 0.0464 -0.8810 -0.4709
vn 0.0286 -0.9565 -0.2902
vn 0.1374 -0.8810 -0.4528
vn 0.0846 -0.9565 -0.2790
vn 0.2230 -0.8810 -0.4173
vn 0.1374 -0.9565 -0.2571
vn 0.3002 -0.8810 -0.3658
vn 0.1849 -0.9566 -0.2254
vn -0.0464 -0.8810 -0.4709
vt 0.000000 0.000000
vt 1.000000 0.000000
vt 1.000000 1.000000
vt 1.000000 0.106353
vt 1.000000 0.092593
vt 0.106353 0.106353
vt 0.584329 0.097427
vt 0.096627 0.092599
vt 1.000000 0.095290
vt 0.097205 0.000000
vt 1.000000 0.166859
vt 0.168791 0.000000
vt 1.000000 0.205729
vt 0.168791 0.168791
vt 0.266768 0.167020
vt 0.481192 0.170652
vt 0.713650 0.182217
vt 0.979777 0.203547
vt 0.205729 0.205729
vt 1.000000 0.211147
vt 0.212638 0.000000
vt 0.212639 0.212639
vt 1.000000 0.199206
vt 0.199206 0.199206
vt 1.000000 0.178978
vt 1.000000 0.108544
vt 0.178978 0.178978
vt 0.521904 0.143023
vt 0.728641 0.123819
vt 0.169899 0.000000
vt 1.000000 0.902795
vt 0.595214 0.471550
vt 0.750000 0.181429
vt 0.718750 0.166621
vt 0.718750 0.125000
vt 0.738201 0.125000
vt 0.750000 0.138342
vt 0.718789 0.107699
vt 0.687500 0.158596
vt 0.687500 0.125000
vt 0.718750 0.107671
vt 0.687500 0.097564
vt 0.656250 0.156084
vt 0.656250 0.125000
vt 0.687500 0.158596
vt 0.656319 0.092261
vt 0.687500 0.097564
vt 0.640962 0.157133
vt 0.641005 0.125000
vt 0.656250 0.156084
vt 0.656250 0.092266
vt 0.641005 0.125000
vt 0.641107 0.094973
vt 0.765506 0.186389
vt 0.752248 0.182944
vt 0.750000 0.181429
vt 0.750000 0.138342
vt 0.765428 0.163303
vt 0.771300 0.177411
s 0
usemtl 
f 3838/5349/1923 3839/5350/1923 3836/5351/1923
f 3843/5352/1924 3836/5351/1924 3839/5349/1924
f 3859/5353/1925 3836/5351/1925 3843/5354/1925 3860/5355/1925
f 3836/5351/1926 3859/5356/1926 3872/5357/1926
f 3872/5358/1927 3837/5350/1927 3836/5351/1927
f 3836/5351/1928 3837/5349/1928 3873/5359/1928
f 3873/5360/1929 3838/5350/1929 3836/5351/1929
f 3861/5361/1930 3838/5351/1930 3873/5362/1930 3863/5363/1930 3864/5364/1930 3865/5365/1930 3862/5366/1930
f 3861/5367/1931 3866/5368/1931 3838/5351/1931
f 3866/5369/1932 3839/5350/1932 3838/5351/1932
f 3839/5351/1933 3866/5370/1933 3867/5371/1933
f 3839/5351/1934 3867/5372/1934 3868/5373/1934
f 3843/5374/1935 3839/5351/1935 3868/5375/1935 3869/5376/1935 3870/5377/1935
f 3873/5378/1936 3837/5350/1936 3872/5379/1936 3858/5380/1936
f 3849/5381/1937 3852/5382/1937 3840/5383/1937 3856/5384/1937 3857/5385/1937
f 3856/5384/1938 3840/5383/1938 3871/5386/1938
f 3851/5387/1939 3841/5388/1939 3840/5383/1939 3852/5382/1939
f 3871/5389/1940 3840/5383/1940 3841/5388/1940 3845/5390/1940
f 3850/5391/1941 3842/5392/1941 3841/5388/1941 3851/5393/1941
f 3844/5394/1942 3845/5395/1942 3841/5388/1942 3842/5392/1942
f 3847/5396/1943 3874/5397/1943 3842/5392/1943 3850/5398/1943
f 3844/5399/1944 3842/5392/1944 3874/5400/1944 3846/5401/1944
f 3853/5402/1945 3848/5403/1945 3849/5404/1945 3857/5405/1945 3855/5406/1945 3854/5407/1945
o Sphere_cell.140
v -0.000021 -0.003735 0.004310
v -0.001587 -0.007130 0.007743
v -0.009372 -0.022964 0.025187
v -0.000000 -0.555570 0.831469
v -0.000000 -0.707107 0.707107
v -0.137950 -0.707107 0.693520
v 0.137003 -0.707107 0.693613
v 0.129281 -0.739816 0.654517
v 0.161070 -0.555570 0.815605
v 0.161823 -0.548282 0.819427
v -0.000000 -0.789692 0.606476
v -0.230913 -0.596200 0.759976
v -0.089170 -0.555570 0.822687
v -0.158553 -0.578424 0.797098
v 0.084392 -0.483158 0.861863
v -0.000000 -0.522315 0.849245
v -0.291481 -0.637785 0.706111
v -0.286506 -0.654072 0.693720
v -0.240247 -0.707107 0.662488
v -0.110928 -0.820778 0.557672
v 0.137003 -0.707107 0.693613
v 0.129281 -0.739816 0.654517
v -0.110928 -0.820778 0.557672
v -0.000000 -0.789692 0.606476
v 0.161070 -0.555570 0.815605
v 0.161823 -0.548282 0.819427
v -0.089170 -0.555570 0.822687
v -0.000000 -0.522315 0.849245
v 0.084392 -0.483158 0.861863
v -0.158553 -0.578424 0.797098
v -0.230913 -0.596200 0.759976
v -0.291481 -0.637785 0.706111
v -0.286506 -0.654072 0.693720
v -0.240247 -0.707107 0.662488
vn 0.4648 -0.5385 -0.7028
vn -0.9417 0.1151 -0.3160
vn -0.6540 0.6793 0.3328
vn -0.4287 0.7700 0.4725
vn 0.7043 0.6469 0.2923
vn -0.6702 -0.3517 -0.6536
vn -0.7042 0.6470 0.2924
vn -0.9255 0.0053 -0.3786
vn -0.7461 -0.3013 -0.5937
vn -0.7271 -0.3147 -0.6101
vn 0.0865 -0.4696 0.8786
vn 0.0759 -0.6326 0.7708
vn 0.0624 -0.7715 0.6332
vn -0.0865 -0.4696 0.8786
vn -0.0759 -0.6326 0.7708
vn -0.0624 -0.7715 0.6332
vn -0.2248 -0.6326 0.7412
vn -0.1847 -0.7715 0.6088
vn 0.9809 0.0007 -0.1943
vt 0.218475 0.000000
vt 1.000000 0.000000
vt 1.000000 0.703205
vt 0.574956 0.326080
vt 0.000000 0.000000
vt 1.000000 1.000000
vt 1.000000 0.276769
vt 0.802602 0.191829
vt 1.000000 0.179734
vt 0.276769 0.276769
vt 0.438384 0.241758
vt 0.597120 0.217260
vt 1.000000 0.220414
vt 0.179734 0.179734
vt 0.219324 0.000000
vt 0.282936 0.000000
vt 1.000000 0.664403
vt 0.664403 0.664403
vt 0.652393 0.000000
vt 0.693822 0.475978
vt 0.652393 0.652393
vt 0.776403 0.000000
vt 0.776403 0.776403
vt 0.250000 0.324522
vt 0.250000 0.312500
vt 0.281030 0.312500
vt 0.281035 0.315135
vt 0.265535 0.338678
vt 0.281036 0.250000
vt 0.250000 0.250000
vt 0.250000 0.208496
vt 0.281031 0.233562
vt 0.232822 0.312500
vt 0.218750 0.250000
vt 0.218750 0.303074
vt 0.218907 0.192623
vt 0.250000 0.208496
vt 0.194650 0.250000
vt 0.203054 0.295743
vt 0.187693 0.278591
vt 0.187664 0.271874
vt 0.218750 0.192873
vt 0.775923 0.028280
vt 0.888470 0.560465
vt 0.296795 0.000000
vt 0.779586 0.000000
s 0
usemtl 
f 3897/5408/1946 3875/5409/1946 3882/5410/1946 3898/5411/1946
f 3876/5412/1947 3877/5409/1947 3875/5413/1947
f 3877/5412/1948 3905/5414/1948 3875/5413/1948
f 3902/5415/1949 3903/5416/1949 3875/5413/1949 3905/5417/1949 3904/5418/1949 3901/5419/1949
f 3884/5420/1950 3875/5413/1950 3903/5421/1950
f 3897/5422/1951 3876/5409/1951 3875/5413/1951
f 3905/5423/1952 3877/5409/1952 3906/5424/1952
f 3906/5425/1953 3877/5412/1953 3907/5426/1953
f 3908/5427/1954 3907/5428/1954 3877/5412/1954 3897/5429/1954
f 3897/5430/1955 3877/5412/1955 3876/5409/1955
f 3890/5431/1956 3878/5432/1956 3899/5433/1956 3900/5434/1956 3889/5435/1956
f 3895/5436/1957 3899/5433/1957 3878/5432/1957 3879/5437/1957
f 3895/5436/1958 3879/5437/1958 3885/5438/1958 3896/5439/1958
f 3887/5440/1959 3878/5432/1959 3890/5431/1959
f 3880/5441/1960 3879/5437/1960 3878/5432/1960 3887/5440/1960 3888/5442/1960
f 3894/5443/1961 3885/5444/1961 3879/5437/1961 3880/5441/1961
f 3893/5445/1962 3880/5441/1962 3888/5442/1962 3886/5446/1962 3891/5447/1962 3892/5448/1962
f 3894/5449/1963 3880/5441/1963 3893/5445/1963
f 3883/5450/1964 3881/5451/1964 3882/5452/1964 3875/5412/1964 3884/5453/1964
o Sphere_cell.141
v -0.007192 -0.003615 -0.003053
v -0.853553 -0.382683 -0.353553
v -0.768177 -0.382683 -0.513280
v -0.933879 -0.195090 -0.283842
v -0.942572 -0.102632 -0.286406
v -0.791587 -0.555570 -0.241018
v -0.774360 -0.577603 -0.235818
v -0.879640 -0.382683 -0.267556
v -0.781294 -0.529008 -0.323623
v -0.779970 -0.555570 -0.279316
v -0.762764 -0.394864 -0.509663
v -0.759376 -0.382683 -0.524004
v -0.907720 -0.195090 -0.370079
v -0.771130 -0.370975 -0.515253
v -0.904627 -0.200443 -0.374709
v -0.791587 -0.555570 -0.241018
v -0.879640 -0.382683 -0.267556
v -0.774360 -0.577603 -0.235818
v -0.933879 -0.195090 -0.283842
v -0.942572 -0.102632 -0.286406
v -0.779970 -0.555570 -0.279316
v -0.781294 -0.529008 -0.323623
v -0.762764 -0.394864 -0.509663
v -0.759376 -0.382683 -0.524004
v -0.907720 -0.195090 -0.370079
v -0.771130 -0.370975 -0.515253
v -0.904627 -0.200443 -0.374709
vn -0.2898 -0.0007 0.9571
vn 0.6223 -0.6630 -0.4161
vn 0.1412 0.6926 -0.7074
vn -0.9161 -0.2890 -0.2779
vn -0.8448 -0.4696 -0.2563
vn -0.7412 -0.6326 -0.2248
vn -0.9524 -0.0975 -0.2889
vn -0.8443 -0.2890 -0.4513
vn -0.7786 -0.4696 -0.4162
vn -0.6825 -0.4696 -0.5601
vn -0.7400 -0.2890 -0.6073
vt 0.752364 0.700248
vt 0.735873 0.735873
vt 0.000000 0.000000
vt 0.896654 0.000000
vt 0.888410 0.139443
vt 0.836599 0.428154
vt 0.278714 0.000000
vt 1.000000 0.000000
vt 1.000000 0.735873
vt 0.897089 0.638322
vt 0.788983 0.531467
vt 0.317066 0.041683
vt 1.000000 0.103346
vt 1.000000 1.000000
vt 0.278714 0.278714
vt 0.309500 0.267386
vt 0.754576 0.139612
vt 0.768266 0.136653
vt 0.937500 0.375000
vt 0.953006 0.375000
vt 0.953039 0.437500
vt 0.938392 0.437500
vt 0.937500 0.435717
vt 0.953006 0.375000
vt 0.937500 0.322102
vt 0.945288 0.312500
vt 0.952961 0.312500
vt 0.952954 0.303413
vt 0.953051 0.467120
vt 0.938392 0.437500
vt 0.906250 0.375000
vt 0.937500 0.435717
vt 0.906250 0.378901
vt 0.937500 0.322102
vt 0.906250 0.370597
vt 0.903856 0.375000
vt 0.906250 0.370597
vt 0.903856 0.375000
vt 0.906250 0.378901
s 0
usemtl 
f 3924/5454/1965 3926/5455/1965 3909/5456/1965 3928/5457/1965 3927/5458/1965 3925/5459/1965
f 3932/5460/1966 3909/5461/1966 3926/5462/1966 3929/5463/1966 3930/5464/1966 3931/5465/1966
f 3928/5466/1967 3909/5467/1967 3932/5468/1967 3934/5469/1967 3935/5470/1967 3933/5471/1967
f 3910/5472/1968 3916/5473/1968 3912/5474/1968 3921/5475/1968 3923/5476/1968
f 3916/5477/1969 3910/5472/1969 3917/5478/1969 3918/5479/1969 3914/5480/1969
f 3918/5479/1970 3915/5481/1970 3914/5480/1970
f 3913/5482/1971 3921/5483/1971 3912/5474/1971
f 3911/5484/1972 3910/5472/1972 3923/5485/1972 3922/5486/1972
f 3917/5487/1973 3910/5472/1973 3911/5484/1973 3919/5488/1973
f 3920/5489/1974 3919/5490/1974 3911/5484/1974
f 3920/5491/1975 3911/5484/1975 3922/5492/1975
o Sphere_cell.142
v 0.000000 -0.555570 -0.831470
v 0.005107 -0.007298 -0.010827
v 0.024006 -0.026770 -0.046726
v 0.000503 -0.002142 -0.003370
v 0.180240 -0.382683 -0.906127
v 0.162212 -0.555570 -0.815493
v 0.318190 -0.555570 -0.768178
v -0.162211 -0.555570 -0.815493
v 0.000000 -0.382683 -0.923879
v 0.000000 -0.707107 -0.707107
v 0.036089 -0.263220 -0.956564
v -0.242041 -0.415625 -0.869069
v -0.179871 -0.386219 -0.904274
v 0.000000 -0.285429 -0.953381
v -0.173179 -0.382683 -0.906822
v -0.092096 -0.707107 -0.698036
v -0.063968 -0.744923 -0.654727
v -0.155156 -0.599636 -0.780024
v -0.179605 -0.555570 -0.810216
v 0.069301 -0.702775 -0.703836
v 0.059342 -0.707107 -0.701262
v 0.000000 -0.728149 -0.681467
v 0.143878 -0.670080 -0.723323
v 0.399124 -0.514817 -0.749498
v 0.347142 -0.555570 -0.752702
v 0.310793 -0.579121 -0.750321
v 0.414960 -0.451600 -0.779164
v 0.414080 -0.443367 -0.784599
v 0.182744 -0.340379 -0.918714
v 0.346610 -0.416626 -0.836792
v 0.271447 -0.382683 -0.878460
v -0.179871 -0.386219 -0.904274
v -0.173179 -0.382683 -0.906822
v -0.242041 -0.415625 -0.869069
v 0.036089 -0.263220 -0.956564
v 0.000000 -0.285429 -0.953381
v -0.155156 -0.599636 -0.780024
v -0.179605 -0.555570 -0.810216
v -0.092096 -0.707107 -0.698036
v -0.063968 -0.744923 -0.654727
v 0.059342 -0.707107 -0.701262
v 0.000000 -0.728149 -0.681467
v 0.069301 -0.702775 -0.703836
v 0.347142 -0.555570 -0.752702
v 0.310793 -0.579121 -0.750321
v 0.399124 -0.514817 -0.749498
v 0.143878 -0.670080 -0.723323
v 0.414960 -0.451600 -0.779164
v 0.182744 -0.340379 -0.918714
v 0.271447 -0.382683 -0.878460
v 0.414080 -0.443367 -0.784599
v 0.346610 -0.416626 -0.836792
vn 0.8420 0.5136 0.1647
vn 0.4920 0.8442 -0.2129
vn -0.5238 0.8164 -0.2432
vn -0.8968 -0.2452 0.3684
vn 0.3920 -0.6255 0.6746
vn 0.4365 -0.6145 0.6572
vn 0.4402 -0.6131 0.6560
vn 0.8823 -0.0001 0.4707
vn 0.9072 0.1763 0.3820
vn 0.9029 0.2998 0.3080
vn 0.4974 0.8412 -0.2120
vn 0.0865 -0.4696 -0.8786
vn 0.0759 -0.6326 -0.7708
vn 0.0624 -0.7715 -0.6332
vn 0.0938 -0.2890 -0.9527
vn 0.2779 -0.2890 -0.9161
vn 0.2563 -0.4696 -0.8448
vn 0.2248 -0.6326 -0.7412
vn 0.4162 -0.4696 -0.7786
vn 0.3651 -0.6326 -0.6831
vn -0.2563 -0.4696 -0.8448
vn -0.2248 -0.6326 -0.7412
vn -0.0759 -0.6326 -0.7708
vn -0.0624 -0.7715 -0.6332
vn -0.0938 -0.2890 -0.9527
vn -0.0865 -0.4696 -0.8786
vt 0.000000 0.000000
vt 1.000000 0.000000
vt 1.000000 1.000000
vt 1.000000 0.089391
vt 0.783263 0.139134
vt 1.000000 0.172706
vt 0.089391 0.089391
vt 0.200661 0.092396
vt 0.760978 0.136706
vt 0.584467 0.212410
vt 0.874255 0.261381
vt 1.000000 0.291047
vt 0.172706 0.172706
vt 0.471279 0.195276
vt 0.292812 0.000000
vt 0.292812 0.292812
vt 0.626417 0.308618
vt 0.945980 0.328842
vt 1.000000 0.333003
vt 0.882763 0.286342
vt 1.000000 0.289497
vt 0.333003 0.333003
vt 0.473147 0.314346
vt 0.806168 0.288584
vt 0.289497 0.289497
vt 1.000000 0.260942
vt 0.270124 0.000000
vt 0.270125 0.270125
vt 1.000000 0.264682
vt 0.718005 0.130993
vt 1.000000 0.093771
vt 0.264682 0.264682
vt 0.397288 0.212658
vt 0.544520 0.171121
vt 0.750000 0.312500
vt 0.750000 0.375000
vt 0.718750 0.375000
vt 0.718750 0.312500
vt 0.750000 0.250000
vt 0.718750 0.265271
vt 0.734380 0.251787
vt 0.736557 0.250000
vt 0.750000 0.239425
vt 0.743627 0.414450
vt 0.718750 0.389095
vt 0.750000 0.407402
vt 0.702305 0.375000
vt 0.687500 0.362729
vt 0.687500 0.312500
vt 0.687500 0.302787
vt 0.672708 0.353062
vt 0.672114 0.350086
vt 0.672122 0.327233
vt 0.681206 0.312500
vt 0.793259 0.363091
vt 0.781250 0.373722
vt 0.781250 0.312500
vt 0.784735 0.312500
vt 0.781250 0.294325
vt 0.770863 0.250000
vt 0.765502 0.230995
vt 0.780026 0.375000
s 0
usemtl 
f 3937/5493/1976 3938/5494/1976 3939/5495/1976
f 3939/5495/1977 3938/5493/1977 3970/5496/1977
f 3967/5497/1978 3969/5498/1978 3939/5495/1978 3970/5499/1978 3971/5500/1978 3968/5501/1978
f 3972/5502/1979 3974/5503/1979 3975/5504/1979 3939/5495/1979 3969/5505/1979 3973/5506/1979
f 3975/5507/1980 3937/5494/1980 3939/5495/1980
f 3937/5495/1981 3975/5508/1981 3977/5509/1981 3976/5510/1981 3978/5511/1981
f 3979/5512/1982 3981/5513/1982 3937/5495/1982 3978/5514/1982 3982/5515/1982 3980/5516/1982
f 3937/5495/1983 3981/5517/1983 3983/5518/1983
f 3983/5519/1984 3938/5494/1984 3937/5495/1984
f 3938/5495/1985 3983/5520/1985 3986/5521/1985
f 3984/5522/1986 3970/5523/1986 3938/5495/1986 3986/5524/1986 3987/5525/1986 3985/5526/1986
f 3936/5527/1987 3944/5528/1987 3940/5529/1987 3941/5530/1987
f 3945/5531/1988 3936/5527/1988 3941/5530/1988 3958/5532/1988 3955/5533/1988 3956/5534/1988
f 3945/5531/1989 3956/5534/1989 3957/5535/1989
f 3946/5536/1990 3964/5537/1990 3940/5529/1990 3944/5528/1990 3949/5538/1990
f 3966/5539/1991 3940/5529/1991 3964/5537/1991
f 3965/5540/1992 3942/5541/1992 3941/5530/1992 3940/5529/1992 3966/5539/1992
f 3958/5532/1993 3941/5530/1993 3942/5541/1993 3961/5542/1993
f 3963/5543/1994 3962/5544/1994 3959/5545/1994 3960/5546/1994 3942/5541/1994 3965/5540/1994
f 3960/5546/1995 3961/5542/1995 3942/5541/1995
f 3947/5547/1996 3948/5548/1996 3943/5549/1996 3954/5550/1996
f 3954/5550/1997 3943/5549/1997 3953/5551/1997
f 3943/5549/1998 3936/5527/1998 3945/5531/1998 3951/5552/1998 3953/5551/1998
f 3952/5553/1999 3951/5552/1999 3945/5531/1999 3957/5535/1999
f 3944/5528/2000 3950/5554/2000 3949/5538/2000
f 3943/5549/2001 3948/5548/2001 3950/5554/2001 3944/5528/2001 3936/5527/2001
o Sphere_cell.143
v 0.008669 -0.006838 -0.005236
v 0.015188 -0.007789 -0.009115
v 0.691342 -0.555570 -0.461940
v 0.775651 -0.382804 -0.499163
v 0.761883 -0.396848 -0.509074
v 0.810878 -0.381221 -0.434330
v 0.676930 -0.466447 -0.554230
v 0.677951 -0.626934 -0.363349
v 0.729361 -0.555570 -0.390810
v 0.630448 -0.629865 -0.440491
v 0.640130 -0.630620 -0.427721
v 0.595527 -0.626644 -0.487189
v 0.640341 -0.555570 -0.524083
v 0.775651 -0.382804 -0.499163
v 0.761883 -0.396848 -0.509074
v 0.677951 -0.626934 -0.363349
v 0.729361 -0.555570 -0.390810
v 0.630448 -0.629865 -0.440491
v 0.640130 -0.630620 -0.427721
v 0.595527 -0.626644 -0.487189
v 0.676930 -0.466447 -0.554230
v 0.640341 -0.555570 -0.524083
v 0.810878 -0.381221 -0.434330
vn 0.3266 0.9237 -0.2000
vn -0.1488 0.6603 -0.7361
vn 0.5218 0.1569 0.8385
vn -0.4419 0.3461 -0.8276
vn 0.4715 -0.0003 0.8818
vn -0.5268 -0.7729 0.3538
vn -0.5327 -0.7727 0.3451
vn -0.6350 -0.0006 -0.7725
vn 0.6825 -0.4696 -0.5601
vn 0.5987 -0.6326 -0.4913
vn 0.7797 -0.4690 -0.4148
vn 0.6831 -0.6326 -0.3651
vt 0.734683 0.734683
vt 0.000000 0.000000
vt 0.769342 0.000000
vt 1.000000 0.000000
vt 1.000000 0.734683
vt 0.898334 0.619750
vt 0.359883 0.000000
vt 1.000000 0.230658
vt 1.000000 1.000000
vt 0.358216 0.000000
vt 0.770709 0.770709
vt 0.642822 0.000000
vt 0.692269 0.248625
vt 0.606429 0.113827
vt 0.642822 0.642822
vt 0.597115 0.000000
vt 0.597115 0.597115
vt 0.594348 0.000000
vt 1.000000 0.641784
vt 0.685792 0.308689
vt 0.405652 0.000000
vt 0.609117 0.345026
vt 0.593750 0.369879
vt 0.593750 0.312500
vt 0.609163 0.312500
vt 0.593750 0.281547
vt 0.597074 0.281858
vt 0.609128 0.283186
vt 0.590181 0.375000
vt 0.578263 0.375000
vt 0.578287 0.312500
vt 0.593750 0.369879
vt 0.578303 0.283067
s 0
usemtl 
f 4001/5555/2002 3989/5556/2002 4010/5557/2002
f 3989/5558/2003 4001/5559/2003 4002/5560/2003 4008/5561/2003
f 4010/5562/2004 3989/5563/2004 3988/5556/2004
f 3989/5563/2005 4008/5564/2005 3988/5558/2005
f 4010/5565/2006 3988/5556/2006 4003/5566/2006 4004/5567/2006
f 4006/5568/2007 4003/5569/2007 3988/5556/2007 4005/5570/2007
f 4005/5571/2008 3988/5556/2008 4007/5572/2008
f 3988/5558/2009 4008/5573/2009 4009/5574/2009 4007/5575/2009
f 3994/5576/2010 3992/5577/2010 3990/5578/2010 4000/5579/2010
f 4000/5579/2011 3990/5578/2011 3998/5580/2011 3997/5581/2011 3999/5582/2011
f 3991/5583/2012 3993/5584/2012 3996/5585/2012 3990/5578/2012 3992/5586/2012
f 3998/5580/2013 3990/5578/2013 3996/5585/2013 3995/5587/2013
o Sphere_cell.146
v 0.002445 0.005627 -0.006035
v 0.004684 0.006514 -0.018913
v 0.270598 0.707107 -0.653281
v 0.318190 0.555570 -0.768178
v 0.411091 0.465155 -0.773056
v 0.389373 0.555570 -0.730129
v 0.332451 0.703368 -0.623683
v 0.254221 0.753012 -0.598916
v 0.327841 0.707107 -0.622684
v 0.140176 0.699101 -0.699677
v 0.154604 0.707107 -0.688468
v 0.249915 0.751462 -0.603349
v 0.163204 0.555570 -0.815192
v 0.181387 0.382683 -0.905779
v 0.187289 0.284243 -0.935044
v 0.252737 0.286896 -0.914354
v 0.337811 0.382683 -0.858329
v 0.350607 0.397088 -0.846440
v 0.411091 0.465155 -0.773056
v 0.389373 0.555570 -0.730129
v 0.332451 0.703368 -0.623683
v 0.254221 0.753012 -0.598916
v 0.327841 0.707107 -0.622684
v 0.249915 0.751462 -0.603349
v 0.154604 0.707107 -0.688468
v 0.140176 0.699101 -0.699677
v 0.181387 0.382683 -0.905779
v 0.187289 0.284243 -0.935044
v 0.163204 0.555570 -0.815192
v 0.252737 0.286896 -0.914354
v 0.337811 0.382683 -0.858329
v 0.350607 0.397088 -0.846440
vn 0.8236 -0.5575 0.1048
vn 0.5069 0.4244 0.7503
vn -0.6746 0.5847 0.4506
vn -0.9852 0.0261 -0.1695
vn -0.9807 -0.0004 -0.1955
vn 0.1227 -0.9563 -0.2654
vn 0.7479 -0.6638 -0.0007
vn 0.1847 0.7715 -0.6088
vn 0.2248 0.6326 -0.7412
vn 0.2563 0.4696 -0.8448
vn 0.2779 0.2890 -0.9161
vn 0.2999 0.7715 -0.5611
vn 0.3651 0.6326 -0.6831
vn 0.4162 0.4696 -0.7786
vn 0.8829 -0.0030 0.4695
vt 1.000000 1.000000
vt 0.000000 0.000000
vt 1.000000 0.265992
vt 1.000000 0.284248
vt 0.332189 0.332189
vt 0.373466 0.328584
vt 0.284248 0.284248
vt 0.311936 0.285725
vt 0.911081 0.328048
vt 1.000000 0.335693
vt 0.338115 0.000000
vt 1.000000 0.000000
vt 1.000000 0.111911
vt 0.338115 0.338115
vt 0.578767 0.227974
vt 0.853074 0.140238
vt 0.111911 0.111911
vt 1.000000 0.131700
vt 0.629607 0.197292
vt 1.000000 0.268271
vt 0.131700 0.131700
vt 0.558501 0.185800
vt 0.687500 0.772291
vt 0.687500 0.750000
vt 0.714826 0.750000
vt 0.718537 0.746698
vt 0.714827 0.750000
vt 0.687500 0.687500
vt 0.718551 0.687500
vt 0.718551 0.687500
vt 0.687500 0.630207
vt 0.690339 0.625000
vt 0.718543 0.625000
vt 0.718543 0.625000
vt 0.707068 0.593087
vt 0.718536 0.592203
vt 0.686092 0.773070
vt 0.672867 0.750000
vt 0.672025 0.687500
vt 0.672057 0.748458
vt 0.672213 0.654814
vt 0.672025 0.687500
vt 1.000000 0.332189
vt 0.265992 0.265992
vt 0.581471 0.306326
s 0
usemtl 
f 4011/5588/2014 4012/5589/2014 4029/5590/2014
f 4032/5591/2015 4011/5588/2015 4017/5592/2015 4033/5593/2015
f 4032/5594/2016 4034/5595/2016 4035/5596/2016 4036/5597/2016 4011/5588/2016
f 4036/5598/2017 4012/5599/2017 4011/5588/2017
f 4038/5600/2018 4012/5588/2018 4036/5601/2018 4039/5602/2018 4037/5603/2018
f 4038/5604/2019 4040/5605/2019 4012/5588/2019
f 4042/5606/2020 4029/5607/2020 4012/5588/2020 4040/5608/2020 4041/5609/2020
f 4022/5610/2021 4013/5611/2021 4021/5612/2021
f 4020/5613/2022 4021/5614/2022 4013/5611/2022 4014/5615/2022 4023/5616/2022
f 4023/5617/2023 4014/5615/2023 4028/5618/2023 4027/5619/2023 4024/5620/2023
f 4024/5621/2024 4027/5619/2024 4026/5622/2024 4025/5623/2024
f 4022/5610/2025 4018/5624/2025 4019/5625/2025 4013/5611/2025
f 4030/5626/2026 4014/5615/2026 4013/5611/2026 4019/5625/2026 4031/5627/2026
f 4015/5628/2027 4028/5618/2027 4014/5615/2027 4030/5629/2027
f 4017/5630/2028 4011/5588/2028 4029/5631/2028 4016/5632/2028
o Sphere_cell.147
v -0.004399 0.011236 -0.009154
v -0.270598 0.707107 -0.653281
v -0.318189 0.555570 -0.768177
v -0.184566 0.765862 -0.604924
v -0.274688 0.805517 -0.515781
v -0.232238 0.789371 -0.560672
v -0.331148 0.707107 -0.620917
v -0.350395 0.657342 -0.656714
v -0.389322 0.555570 -0.730156
v -0.399055 0.516422 -0.748566
v -0.373343 0.433347 -0.812417
v -0.292687 0.456679 -0.830884
v -0.340885 0.444613 -0.822971
v -0.247138 0.515093 -0.812231
v -0.205033 0.707107 -0.673170
v -0.240900 0.555570 -0.791623
v -0.184566 0.765862 -0.604924
v -0.232238 0.789371 -0.560672
v -0.274688 0.805517 -0.515781
v -0.331148 0.707107 -0.620917
v -0.350395 0.657342 -0.656714
v -0.389322 0.555570 -0.730156
v -0.399055 0.516422 -0.748566
v -0.373343 0.433347 -0.812417
v -0.340885 0.444613 -0.822971
v -0.292687 0.456679 -0.830884
v -0.247138 0.515093 -0.812231
v -0.205033 0.707107 -0.673170
v -0.240900 0.555570 -0.791623
vn 0.7006 0.5376 0.4691
vn -0.8815 0.0012 0.4722
vn -0.8827 -0.0016 0.4700
vn -0.8883 -0.4192 0.1877
vn 0.1302 -0.8518 -0.5074
vn 0.7540 -0.4292 -0.4972
vn 0.9573 0.0001 -0.2891
vn -0.2999 0.7715 -0.5611
vn -0.3651 0.6326 -0.6831
vn -0.4162 0.4696 -0.7786
vn -0.1847 0.7715 -0.6088
vn -0.2248 0.6326 -0.7412
vn -0.2563 0.4696 -0.8448
vt 0.649548 0.250795
vt 1.000000 0.235340
vt 1.000000 1.000000
vt 0.273332 0.273332
vt 0.773662 0.329945
vt 1.000000 0.377798
vt 0.235340 0.235340
vt 0.841984 0.307459
vt 1.000000 0.289844
vt 0.377798 0.377798
vt 1.000000 0.228175
vt 0.289492 0.289492
vt 0.228175 0.228175
vt 0.548496 0.218197
vt 1.000000 0.210825
vt 1.000000 0.228969
vt 0.210825 0.210825
vt 0.783374 0.248833
vt 1.000000 0.272727
vt 0.228969 0.228969
vt 0.329190 0.227030
vt 0.827881 0.799457
vt 0.812500 0.791343
vt 0.812500 0.750000
vt 0.827978 0.750000
vt 0.827978 0.750000
vt 0.812500 0.687500
vt 0.827963 0.687500
vt 0.828007 0.729475
vt 0.827949 0.673348
vt 0.812500 0.647388
vt 0.818605 0.643316
vt 0.797081 0.779251
vt 0.797054 0.750000
vt 0.797054 0.750000
vt 0.797015 0.687500
vt 0.797010 0.672867
vt 0.803878 0.651750
vt 0.812500 0.647388
s 0
usemtl 
f 4060/5633/2029 4061/5634/2029 4043/5635/2029 4059/5636/2029
f 4062/5637/2030 4063/5638/2030 4043/5635/2030 4061/5639/2030
f 4064/5640/2031 4065/5641/2031 4043/5635/2031 4063/5642/2031
f 4066/5643/2032 4043/5635/2032 4065/5644/2032
f 4043/5635/2033 4066/5645/2033 4067/5646/2033 4068/5647/2033
f 4069/5648/2034 4043/5635/2034 4068/5649/2034
f 4070/5650/2035 4059/5651/2035 4043/5635/2035 4069/5652/2035 4071/5653/2035
f 4047/5654/2036 4048/5655/2036 4044/5656/2036 4049/5657/2036
f 4049/5658/2037 4044/5656/2037 4045/5659/2037 4051/5660/2037 4050/5661/2037
f 4052/5662/2038 4051/5660/2038 4045/5659/2038 4055/5663/2038 4053/5664/2038
f 4046/5665/2039 4057/5666/2039 4044/5656/2039 4048/5655/2039
f 4045/5659/2040 4044/5656/2040 4057/5667/2040 4058/5668/2040
f 4045/5659/2041 4058/5668/2041 4056/5669/2041 4054/5670/2041 4055/5671/2041
o Sphere_cell.148
v 0.000395 -0.008720 0.005493
v 0.003292 -0.012733 0.007991
v 0.212607 -0.831470 0.513280
v 0.108386 -0.831470 0.544895
v -0.000000 -0.831470 0.555570
v 0.231507 -0.790939 0.558908
v 0.273476 -0.806945 0.514466
v 0.130065 -0.741081 0.652859
v -0.109541 -0.822360 0.555882
v -0.000000 -0.791112 0.604746
v -0.107340 -0.831470 0.544998
v -0.081964 -0.899977 0.419329
v -0.000000 -0.896453 0.433995
v 0.244382 -0.848766 0.459780
v 0.088773 -0.885205 0.446295
v 0.189000 -0.864442 0.456288
v 0.259510 -0.831470 0.488210
v 0.231507 -0.790939 0.558908
v 0.273476 -0.806945 0.514466
v -0.109541 -0.822360 0.555882
v -0.000000 -0.791112 0.604746
v -0.107340 -0.831470 0.544998
v -0.081964 -0.899977 0.419329
v 0.244382 -0.848766 0.459780
v 0.189000 -0.864442 0.456288
v 0.088773 -0.885205 0.446295
v -0.000000 -0.896453 0.433995
v 0.259510 -0.831470 0.488210
v 0.130065 -0.741081 0.652859
vn 0.7002 0.5378 0.4696
vn 0.3260 0.6579 0.6789
vn -0.4666 0.5380 0.7020
vn -0.9803 -0.0011 -0.1974
vn 0.1723 -0.4279 -0.8873
vn 0.1770 -0.4279 -0.8863
vn 0.8827 0.0005 -0.4700
vn 0.2230 -0.8810 0.4173
vn 0.2999 -0.7715 0.5611
vn 0.1847 -0.7715 0.6088
vn 0.1374 -0.8810 0.4528
vn 0.0464 -0.8810 0.4709
vn 0.0624 -0.7714 0.6332
vn -0.0624 -0.7715 0.6332
vn -0.0464 -0.8810 0.4709
vt 0.234219 0.000000
vt 1.000000 0.000000
vt 1.000000 0.701941
vt 0.462772 0.213002
vt 0.701941 0.701941
vt 0.000000 0.000000
vt 0.703039 0.703039
vt 0.781094 0.000000
vt 0.751083 0.323865
vt 0.781094 0.781094
vt 0.855517 0.000000
vt 0.789832 0.712694
vt 0.855517 0.855517
vt 0.854940 0.854940
vt 0.805908 0.000000
vt 0.820964 0.150347
vt 0.840880 0.416930
vt 0.851638 0.647880
vt 0.805908 0.805908
vt 0.765781 0.000000
vt 0.789326 0.415017
vt 0.327760 0.187500
vt 0.312500 0.187500
vt 0.312500 0.165199
vt 0.327761 0.175802
vt 0.327757 0.199825
vt 0.312500 0.207869
vt 0.281250 0.187500
vt 0.281250 0.232874
vt 0.281250 0.151157
vt 0.312500 0.165199
vt 0.250000 0.187500
vt 0.250000 0.143550
vt 0.281250 0.151157
vt 0.250000 0.207782
vt 0.219052 0.187500
vt 0.250000 0.207782
vt 0.219023 0.192078
vt 0.250000 0.143550
vt 0.219052 0.187500
vt 0.219444 0.141179
s 0
usemtl 
f 4090/5672/2042 4073/5673/2042 4100/5674/2042 4089/5675/2042
f 4100/5676/2043 4073/5677/2043 4072/5673/2043
f 4100/5678/2044 4072/5677/2044 4091/5679/2044 4092/5680/2044
f 4091/5681/2045 4072/5677/2045 4094/5682/2045 4093/5683/2045
f 4073/5673/2046 4094/5684/2046 4072/5677/2046
f 4094/5685/2047 4073/5677/2047 4095/5686/2047 4096/5687/2047 4097/5688/2047 4098/5689/2047
f 4095/5690/2048 4073/5677/2048 4090/5691/2048 4099/5692/2048
f 4088/5693/2049 4074/5694/2049 4087/5695/2049 4085/5696/2049
f 4074/5694/2050 4088/5693/2050 4078/5697/2050 4077/5698/2050
f 4075/5699/2051 4074/5694/2051 4077/5698/2051 4079/5700/2051
f 4074/5694/2052 4075/5699/2052 4086/5701/2052 4087/5702/2052
f 4075/5699/2053 4076/5703/2053 4084/5704/2053 4086/5705/2053
f 4076/5703/2054 4075/5699/2054 4079/5700/2054 4081/5706/2054
f 4082/5707/2055 4076/5703/2055 4081/5708/2055 4080/5709/2055
f 4084/5710/2056 4076/5703/2056 4082/5711/2056 4083/5712/2056
o Sphere_cell.149
v 0.005484 0.001778 0.003655
v 0.013170 0.001115 0.009038
v 0.906127 0.382683 0.180240
v 0.853553 0.382683 0.353553
v 0.768178 0.382683 0.513280
v 0.815493 0.195090 0.544895
v 0.708926 0.166274 0.679199
v 0.716075 0.195090 0.666036
v 0.728676 0.308218 0.596848
v 0.759480 0.382683 0.523878
v 0.762843 0.394687 0.509715
v 0.780240 0.555570 0.278426
v 0.774726 0.577349 0.235328
v 0.781556 0.528480 0.323731
v 0.865634 0.459924 0.172185
v 0.796970 0.555570 0.223272
v 0.901003 0.399448 0.141290
v 0.838354 0.019642 0.538605
v 0.903895 0.195090 0.379507
v 0.909834 0.370224 0.180977
v 0.904833 0.199709 0.374794
v 0.907619 0.382683 0.165092
v 0.829505 0.023981 0.554258
v 0.808712 0.031497 0.578433
v 0.708926 0.166274 0.679199
v 0.716075 0.195090 0.666036
v 0.728676 0.308218 0.596848
v 0.780240 0.555570 0.278426
v 0.781556 0.528480 0.323731
v 0.774726 0.577349 0.235328
v 0.759480 0.382683 0.523878
v 0.762843 0.394687 0.509715
v 0.796970 0.555570 0.223272
v 0.865634 0.459924 0.172185
v 0.903895 0.195090 0.379507
v 0.904833 0.199709 0.374794
v 0.838354 0.019642 0.538605
v 0.901003 0.399448 0.141290
v 0.907619 0.382683 0.165092
v 0.909834 0.370224 0.180977
v 0.829505 0.023981 0.554258
v 0.808712 0.031497 0.578433
vn -0.5132 -0.5412 0.6661
vn -0.6737 0.4387 0.5947
vn -0.6219 0.6640 0.4151
vn -0.0558 0.4353 -0.8985
vn 0.3917 -0.6604 -0.6407
vn 0.4003 -0.6931 -0.5995
vn -0.1109 -0.9721 0.2068
vn -0.3865 -0.7185 0.5783
vn 0.8786 0.4696 0.0865
vn 0.9527 0.2890 0.0938
vn 0.7412 0.6326 0.2248
vn 0.8448 0.4696 0.2563
vn 0.9161 0.2890 0.2779
vn 0.7786 0.4696 0.4162
vn 0.8443 0.2890 0.4513
vn 0.8777 0.0975 0.4691
vn 0.6825 0.4696 0.5601
vn 0.7400 0.2890 0.6073
vn 0.7693 0.0975 0.6314
vt 1.000000 1.000000
vt 0.000000 0.000000
vt 1.000000 0.326432
vt 0.326432 0.326432
vt 0.456469 0.319595
vt 1.000000 0.307557
vt 0.923565 0.258476
vt 1.000000 0.263786
vt 0.307557 0.307557
vt 0.459270 0.278142
vt 0.487263 0.274936
vt 0.840726 0.257181
vt 1.000000 0.142904
vt 0.263786 0.263786
vt 0.363657 0.242466
vt 0.761550 0.176630
vt 0.143768 0.000000
vt 1.000000 0.000000
vt 0.606330 0.141046
vt 1.000000 0.204302
vt 0.143768 0.143768
vt 0.182038 0.137393
vt 0.210344 0.135261
vt 0.595927 0.140140
vt 0.204302 0.204302
vt 0.490888 0.212708
vt 1.000000 0.232535
vt 0.232535 0.232535
vt 1.000000 0.328512
vt 0.475400 0.631240
vt 0.468750 0.652923
vt 0.468750 0.625000
vt 0.471376 0.625000
vt 0.468750 0.620849
vt 0.456517 0.687500
vt 0.453066 0.696483
vt 0.445467 0.687500
vt 0.468750 0.652923
vt 0.437500 0.677707
vt 0.437500 0.625000
vt 0.468750 0.620849
vt 0.437500 0.564039
vt 0.406250 0.629339
vt 0.406250 0.625000
vt 0.437500 0.677707
vt 0.437500 0.564039
vt 0.406250 0.562500
vt 0.436730 0.562500
vt 0.409134 0.506293
vt 0.406250 0.507683
vt 0.403884 0.625000
vt 0.406250 0.629339
vt 0.390777 0.600191
vt 0.380779 0.562500
vt 0.378493 0.553036
vt 0.401156 0.510090
vt 0.380779 0.562500
s 0
usemtl 
f 4101/5713/2057 4102/5714/2057 4125/5715/2057
f 4101/5713/2058 4125/5716/2058 4126/5717/2058 4127/5718/2058
f 4128/5719/2059 4130/5720/2059 4101/5713/2059 4127/5721/2059 4131/5722/2059 4132/5723/2059 4129/5724/2059
f 4138/5725/2060 4101/5713/2060 4130/5726/2060 4133/5727/2060 4134/5728/2060
f 4138/5729/2061 4102/5730/2061 4101/5713/2061
f 4135/5731/2062 4137/5732/2062 4102/5713/2062 4138/5733/2062 4139/5734/2062 4140/5735/2062 4136/5736/2062
f 4102/5713/2063 4137/5737/2063 4141/5738/2063 4142/5739/2063
f 4102/5713/2064 4142/5740/2064 4125/5741/2064
f 4117/5742/2065 4115/5743/2065 4103/5744/2065 4122/5745/2065
f 4103/5744/2066 4120/5746/2066 4122/5745/2066
f 4116/5747/2067 4113/5748/2067 4112/5749/2067
f 4115/5750/2068 4116/5747/2068 4112/5749/2068 4114/5751/2068 4104/5752/2068 4103/5744/2068
f 4120/5753/2069 4103/5744/2069 4104/5752/2069 4121/5754/2069
f 4111/5755/2070 4105/5756/2070 4104/5752/2070 4114/5757/2070
f 4121/5758/2071 4104/5752/2071 4105/5756/2071 4106/5759/2071 4119/5760/2071
f 4118/5761/2072 4119/5760/2072 4106/5759/2072 4123/5762/2072
f 4110/5763/2073 4105/5756/2073 4111/5764/2073
f 4106/5759/2074 4105/5756/2074 4110/5763/2074 4109/5765/2074 4108/5766/2074
f 4107/5767/2075 4124/5768/2075 4123/5762/2075 4106/5759/2075 4108/5769/2075
o Sphere_cell.145_cell
v -0.005651 -0.999352 0.003309
v -0.041536 -0.517313 0.032847
v -0.087948 -0.990099 0.047678
v -0.077945 -0.990101 0.062636
v -0.082940 -0.990186 0.055182
v -0.032872 -0.517294 0.014513
v -0.006798 -0.517203 0.003727
v -0.048401 -0.517372 0.020937
v -0.091264 -0.990181 0.039725
v -0.091079 -0.984268 0.038645
v -0.077945 -0.990101 0.062636
v -0.082940 -0.990186 0.055182
v -0.087948 -0.990099 0.047678
v -0.091264 -0.990181 0.039725
v -0.005651 -0.999352 0.003309
vn -0.0045 1.0000 -0.0011
vn -0.9189 0.0985 0.3821
vn -0.3824 -0.0014 -0.9240
vn 0.6370 0.0002 0.7708
vn -0.0761 -0.9951 0.0625
vn -0.0869 -0.9951 0.0464
vn -0.8428 0.0993 0.5289
vt 1.000000 0.000000
vt 1.000000 0.055055
vt 0.608986 0.047069
vt 0.849015 0.000000
vt 0.889214 0.000000
vt 1.000000 0.110822
vt 0.938718 0.938718
vt 0.878081 0.000000
vt 0.852182 0.328141
vt 0.907357 0.383206
vt 1.000000 0.475707
vt 1.000000 0.949785
vt 0.694573 0.635520
vt 0.696541 0.631664
vt 0.479787 0.479787
vt 0.479889 0.332352
vt 0.941140 0.641726
vt 0.950184 0.950184
vt 0.101256 0.032477
vt 0.108574 0.003204
vt 0.108553 0.032751
vt 0.071134 0.032465
vt 0.078926 0.003204
vt 0.086244 0.032477
vt 0.078904 0.032755
vt 0.908869 0.079552
vt 0.944945 0.000000
vt 0.000000 0.000000
vt 0.889178 0.000000
vt 0.899214 0.039888
s 0
usemtl 
f 4150/5770/2076 4144/5771/2076 4149/5772/2076 4148/5773/2076
f 4156/5774/2077 4155/5775/2077 4150/5776/2077 4152/5777/2077
f 4150/5778/2078 4148/5779/2078 4149/5780/2078 4157/5781/2078 4156/5782/2078 4152/5783/2078
f 4149/5784/2079 4144/5785/2079 4146/5786/2079 4157/5787/2079
f 4154/5788/2080 4143/5789/2080 4153/5790/2080
f 4151/5791/2081 4143/5792/2081 4154/5793/2081 4145/5794/2081
f 4146/5795/2082 4144/5796/2082 4150/5797/2082 4155/5798/2082 4147/5799/2082
o Sphere_cell.145_cell.001
v -0.086113 -0.507688 0.056051
v -0.254940 -0.951809 0.136566
v -0.089431 -0.508695 0.047600
v -0.260738 -0.954236 0.108823
v -0.134719 -0.494436 0.056893
v -0.131795 -0.493225 0.070904
v -0.124466 -0.493627 0.081951
v -0.205422 -0.795334 0.125243
v -0.095179 -0.508132 0.040286
v -0.247616 -0.952193 0.147595
v -0.209666 -0.966139 0.121535
v -0.211860 -0.966470 0.115125
v -0.223773 -0.965538 0.099329
v -0.220902 -0.943365 0.092343
v -0.227236 -0.965236 0.094952
v -0.247616 -0.952193 0.147595
v -0.209666 -0.966139 0.121535
v -0.211860 -0.966470 0.115125
v -0.223773 -0.965538 0.099329
v -0.227236 -0.965236 0.094952
v -0.260738 -0.954236 0.108823
v -0.254940 -0.951809 0.136566
vn 0.2576 0.9544 -0.1507
vn 0.5522 -0.0286 0.8332
vn 0.4293 0.8615 -0.2712
vn 0.5578 -0.0319 0.8294
vn 0.9106 -0.2878 -0.2967
vn 0.9024 -0.2885 -0.3199
vn 0.7503 -0.2880 -0.5950
vn 0.7414 -0.2871 -0.6065
vn -0.3847 0.0010 -0.9231
vn -0.7927 0.2897 0.5364
vn -0.9447 0.2785 0.1731
vn -0.2571 -0.9565 0.1374
vt 0.271158 0.168173
vt 0.171117 0.171117
vt 0.000000 0.000000
vt 0.144522 0.000000
vt 0.351496 0.145599
vt 1.000000 0.171117
vt 0.469129 0.000000
vt 1.000000 0.000000
vt 1.000000 1.000000
vt 1.000000 0.855478
vt 0.469129 0.469129
vt 0.470133 0.179777
vt 1.000000 0.154310
vt 1.000000 0.153525
vt 0.154310 0.154310
vt 0.153703 0.000000
vt 0.846297 0.000000
vt 1.000000 0.153474
vt 1.000000 0.193917
vt 0.077404 0.077404
vt 0.193917 0.193917
vt 0.153474 0.153474
vt 0.178922 0.143075
vt 0.094052 0.000000
vt 0.546324 0.000000
vt 0.686058 0.153027
vt 0.235645 0.130818
vt 0.212959 0.129648
vt 0.783314 0.240072
vt 1.000000 0.456362
vt 1.000000 0.903732
vt 0.783614 0.687725
vt 0.781495 0.532582
vt 0.457827 0.000000
vt 0.906662 0.000000
vt 0.903732 0.903732
vt 0.456362 0.456362
vt 0.083590 0.078583
vt 0.085566 0.093903
vt 0.078269 0.094325
vt 0.062904 0.091639
vt 0.063000 0.079567
vt 0.066509 0.079237
vt 0.079214 0.078218
s 0
usemtl 
f 4163/5800/2083 4164/5801/2083 4158/5802/2083 4166/5803/2083 4162/5804/2083
f 4164/5805/2084 4165/5806/2084 4158/5807/2084
f 4158/5808/2085 4160/5802/2085 4166/5809/2085
f 4158/5808/2086 4165/5810/2086 4173/5811/2086 4174/5812/2086
f 4175/5813/2087 4158/5808/2087 4174/5814/2087
f 4158/5808/2088 4175/5815/2088 4160/5807/2088
f 4160/5802/2089 4175/5816/2089 4176/5817/2089 4171/5818/2089 4166/5819/2089
f 4171/5820/2090 4176/5821/2090 4177/5822/2090
f 4178/5823/2091 4162/5824/2091 4166/5825/2091 4171/5826/2091 4177/5827/2091
f 4164/5828/2092 4163/5829/2092 4179/5830/2092 4173/5831/2092 4165/5832/2092
f 4162/5833/2093 4178/5834/2093 4179/5835/2093 4163/5836/2093
f 4168/5837/2094 4167/5838/2094 4159/5839/2094 4161/5840/2094 4172/5841/2094 4170/5842/2094 4169/5843/2094
o Sphere_cell.145_cell.002
v -0.162212 -0.980785 0.108386
v -0.150735 -0.980785 0.122371
v -0.087171 -0.508978 0.047927
v -0.048434 -0.516886 0.026949
v -0.084993 -0.507772 0.056403
v -0.043464 -0.516888 0.034429
v -0.045184 -0.539877 0.035836
v -0.077756 -0.508284 0.062571
v -0.079446 -0.515376 0.063958
v -0.088461 -0.553746 0.071347
v -0.089348 -0.989911 0.049090
v -0.079440 -0.989909 0.063863
v -0.084548 -0.989996 0.056262
v -0.204986 -0.968876 0.111245
v -0.170570 -0.980785 0.092748
v -0.210330 -0.966812 0.115613
v -0.208128 -0.966473 0.122090
v -0.192369 -0.966736 0.144294
v -0.200048 -0.966981 0.133668
v -0.185129 -0.967226 0.150583
v -0.079440 -0.989909 0.063863
v -0.084548 -0.989996 0.056262
v -0.089348 -0.989911 0.049090
v -0.204986 -0.968876 0.111245
v -0.170570 -0.980785 0.092748
v -0.210330 -0.966812 0.115613
v -0.208128 -0.966473 0.122090
v -0.200048 -0.966981 0.133668
v -0.192369 -0.966736 0.144294
v -0.185129 -0.967226 0.150583
v -0.150735 -0.980785 0.122371
vn 0.8291 -0.0957 -0.5508
vn 0.1595 0.9815 -0.1057
vn -0.6090 0.2895 0.7385
vn -0.6123 0.2858 0.7372
vn 0.8266 -0.0974 -0.5543
vn 0.1093 0.9798 -0.1675
vn -0.4735 -0.0003 -0.8808
vn -0.4971 0.0079 -0.8677
vn -0.9381 0.2821 0.2009
vn -0.9115 0.2869 0.2949
vn -0.7791 0.2888 0.5564
vn -0.6176 0.2849 0.7331
vn 0.6343 -0.0001 0.7731
vn -0.2254 -0.9565 0.1850
vn -0.0761 -0.9951 0.0625
vn -0.0869 -0.9951 0.0464
vn -0.2571 -0.9565 0.1374
vt 1.000000 0.053532
vt 0.956802 0.000000
vt 1.000000 0.000000
vt 0.053532 0.053532
vt 0.000000 0.000000
vt 1.000000 0.055930
vt 0.042903 0.000000
vt 0.055930 0.055930
vt 0.042903 0.042903
vt 0.084834 0.000000
vt 1.000000 0.043198
vt 0.192942 0.081699
vt 0.150720 0.039639
vt 0.111239 0.000000
vt 1.000000 1.000000
vt 1.000000 0.151303
vt 0.111239 0.111239
vt 0.721346 0.128764
vt 0.152717 0.000000
vt 0.151303 0.151303
vt 1.000000 0.152569
vt 1.000000 0.152724
vt 0.152569 0.152569
vt 0.152724 0.152724
vt 0.591804 0.152215
vt 1.000000 0.153066
vt 0.237769 0.152166
vt 1.000000 0.915166
vt 0.153066 0.153066
vt 0.918798 0.175583
vt 0.932033 0.331154
vt 0.940953 0.635347
vt 0.501902 0.339208
vt 0.479473 0.323953
vt 0.471071 0.173558
vt 0.477990 0.173459
vt 0.515423 0.173477
vt 0.102413 0.077930
vt 0.093750 0.077661
vt 0.093750 0.062500
vt 0.108532 0.062500
vt 0.108656 0.077393
vt 0.108553 0.033362
vt 0.108532 0.062500
vt 0.101104 0.033086
vt 0.086396 0.033086
vt 0.079261 0.062500
vt 0.079377 0.033355
vt 0.079125 0.077729
vt 0.079134 0.075576
vt 0.084419 0.078217
s 0
usemtl 
f 4185/5844/2095 4186/5845/2095 4183/5846/2095
f 4185/5847/2096 4183/5848/2096 4184/5846/2096 4187/5849/2096
f 4184/5848/2097 4188/5850/2097 4187/5851/2097
f 4188/5852/2098 4184/5848/2098 4189/5853/2098
f 4183/5846/2099 4186/5854/2099 4200/5855/2099 4201/5856/2099 4202/5857/2099
f 4182/5848/2100 4184/5846/2100 4183/5858/2100
f 4203/5859/2101 4183/5858/2101 4202/5860/2101 4204/5861/2101
f 4205/5862/2102 4182/5846/2102 4183/5858/2102 4203/5863/2102
f 4205/5864/2103 4184/5858/2103 4182/5848/2103
f 4206/5865/2104 4184/5858/2104 4205/5866/2104
f 4206/5867/2105 4207/5868/2105 4208/5869/2105 4184/5858/2105
f 4209/5870/2106 4189/5871/2106 4184/5858/2106 4208/5872/2106
f 4209/5873/2107 4210/5874/2107 4200/5875/2107 4186/5876/2107 4185/5877/2107 4187/5878/2107 4188/5879/2107 4189/5880/2107
f 4197/5881/2108 4198/5882/2108 4180/5883/2108 4181/5884/2108 4199/5885/2108
f 4191/5886/2109 4181/5887/2109 4180/5883/2109 4192/5888/2109
f 4192/5889/2110 4180/5883/2110 4194/5890/2110 4190/5891/2110
f 4195/5892/2111 4193/5893/2111 4194/5890/2111 4180/5883/2111 4198/5882/2111 4196/5894/2111
o Sphere_cell.145_cell.003
v -0.007054 -0.028629 0.004284
o Sphere_cell.145_cell.004
v -0.179873 -0.980785 0.075343
v -0.088520 -0.508415 0.045865
v -0.049435 -0.517092 0.025639
v -0.093489 -0.508015 0.039587
v -0.205830 -0.968987 0.108891
v -0.211544 -0.967027 0.111845
v -0.171638 -0.980785 0.090750
v -0.090617 -0.989863 0.047751
v -0.093853 -0.989953 0.039777
v -0.225458 -0.965819 0.094216
v -0.205830 -0.968987 0.108891
v -0.211544 -0.967027 0.111845
v -0.171638 -0.980785 0.090750
v -0.090617 -0.989863 0.047751
v -0.093853 -0.989953 0.039777
v -0.225458 -0.965819 0.094216
v -0.179873 -0.980785 0.075343
vn 0.1774 0.9810 -0.0780
vn 0.4603 0.0042 0.8877
vn 0.4688 0.0005 0.8833
vn 0.9226 -0.0978 -0.3733
vn -0.3630 -0.0001 -0.9318
vn -0.0869 -0.9951 0.0464
vn -0.2571 -0.9565 0.1374
vn -0.7424 0.2863 0.6057
vt 1.000000 0.000000
vt 0.963900 0.963900
vt 0.931951 0.000000
vt 0.000000 0.000000
vt 0.848123 0.000000
vt 1.000000 0.150669
vt 1.000000 1.000000
vt 1.000000 0.111017
vt 0.150669 0.150669
vt 0.406265 0.128364
vt 0.111017 0.111017
vt 0.110967 0.001329
vt 0.381059 0.312933
vt 0.219270 0.136529
vt 0.692062 0.158913
vt 0.843237 0.318953
vt 0.686654 0.627372
vt 0.063135 0.062500
vt 0.070932 0.033223
vt 0.077921 0.033509
vt 0.077409 0.062500
vt 0.063005 0.078926
vt 0.077441 0.075454
vt 0.077401 0.077606
vt 0.151876 0.000000
vt 1.000000 0.068049
vt 0.970796 0.143923
s 0
usemtl 
f 4213/5895/2112 4214/5896/2112 4215/5897/2112
f 4213/5898/2113 4223/5899/2113 4222/5900/2113 4214/5901/2113
f 4225/5902/2114 4214/5901/2114 4222/5903/2114 4224/5904/2114
f 4214/5901/2115 4225/5905/2115 4226/5906/2115
f 4228/5907/2116 4221/5908/2116 4215/5909/2116 4214/5910/2116 4226/5911/2116
f 4212/5912/2117 4220/5913/2117 4219/5914/2117 4218/5915/2117
f 4227/5916/2118 4212/5912/2118 4218/5915/2118 4216/5917/2118 4217/5918/2118
f 4223/5919/2119 4213/5895/2119 4215/5920/2119 4221/5921/2119
o Sphere_cell.145_cell.005
v -0.092984 -0.536542 0.061784
v -0.239403 -0.952623 0.159964
v -0.194744 -0.966066 0.144866
v -0.208524 -0.966165 0.123492
v -0.201475 -0.966461 0.134621
v -0.246737 -0.952239 0.148919
v -0.207280 -0.805253 0.127854
v -0.131158 -0.522616 0.087717
v -0.185731 -0.754732 0.132415
v -0.232216 -0.952297 0.170408
v -0.208524 -0.966165 0.123492
v -0.201475 -0.966461 0.134621
v -0.194744 -0.966066 0.144866
v -0.246737 -0.952239 0.148919
v -0.232216 -0.952297 0.170408
v -0.239403 -0.952623 0.159964
vn 0.8048 -0.2908 -0.5175
vn -0.5469 0.0269 -0.8367
vn -0.5539 0.0310 -0.8320
vn 0.5680 0.0249 0.8227
vn 0.5691 0.0242 0.8219
vn -0.7927 0.2897 0.5364
vn -0.2254 -0.9565 0.1850
vn -0.2571 -0.9565 0.1374
vt 1.000000 0.161849
vt 1.000000 1.000000
vt 0.162031 0.162031
vt 0.565638 0.161266
vt 0.712350 0.188963
vt 1.000000 0.475718
vt 0.161849 0.161849
vt 1.000000 0.824342
vt 0.475718 0.475718
vt 0.824342 0.824342
vt 1.000000 0.574287
vt 1.000000 0.162031
vt 0.574287 0.574287
vt 0.577611 0.188852
vt 0.540952 0.445487
vt 0.334111 0.238332
vt 0.525453 0.236936
vt 0.751472 0.236511
vt 0.758021 0.518786
vt 0.757648 0.661804
vt 0.093750 0.093430
vt 0.093750 0.078233
vt 0.101780 0.078667
vt 0.100746 0.093789
vt 0.085077 0.078555
vt 0.086442 0.093853
s 0
usemtl 
f 4239/5922/2120 4229/5923/2120 4241/5924/2120 4240/5925/2120
f 4242/5926/2121 4235/5927/2121 4229/5923/2121 4239/5928/2121
f 4236/5929/2122 4229/5923/2122 4235/5930/2122
f 4236/5931/2123 4237/5932/2123 4229/5923/2123
f 4241/5933/2124 4229/5923/2124 4237/5934/2124 4243/5935/2124
f 4244/5936/2125 4243/5937/2125 4237/5938/2125 4236/5939/2125 4235/5940/2125 4242/5941/2125
f 4230/5942/2126 4233/5943/2126 4231/5944/2126 4238/5945/2126
f 4232/5946/2127 4233/5943/2127 4230/5942/2127 4234/5947/2127
o Sphere_cell.145_cell.006
v -0.223948 -0.951922 0.182423
v -0.085351 -0.507564 0.058093
v -0.231104 -0.952247 0.172024
v -0.229267 -0.944230 0.170410
v -0.193111 -0.966177 0.146278
v -0.123306 -0.493715 0.083712
v -0.186652 -0.966626 0.151831
v -0.080419 -0.507443 0.064756
v -0.116173 -0.493401 0.094084
v -0.193111 -0.966177 0.146278
v -0.186652 -0.966626 0.151831
v -0.223948 -0.951922 0.182423
v -0.231104 -0.952247 0.172024
vn -0.5657 -0.0257 -0.8242
vn 0.6966 -0.2879 -0.6572
vn 0.2250 0.9569 -0.1838
vn 0.6342 -0.0001 0.7732
vn -0.7927 0.2897 0.5364
vn -0.2254 -0.9565 0.1850
vt 0.831543 0.831543
vt 0.831961 0.000000
vt 1.000000 0.000000
vt 1.000000 0.846428
vt 0.846352 0.846352
vt 0.846428 0.846428
vt 0.000000 0.000000
vt 0.049132 0.000000
vt 0.896176 0.846387
vt 0.038121 0.038121
vt 0.168039 0.000000
vt 0.227573 0.057935
vt 0.456542 0.000000
vt 0.903860 0.000000
vt 0.918212 0.168697
vt 0.470251 0.161712
vt 0.096141 0.000000
vt 0.543458 0.000000
vt 0.748838 0.205683
vt 0.311289 0.207641
vt 0.302111 0.206284
vt 0.103161 0.078544
vt 0.108661 0.078052
vt 0.108795 0.094201
vt 0.101882 0.092496
s 0
usemtl 
f 4248/5948/2128 4250/5949/2128 4246/5950/2128 4254/5951/2128 4257/5952/2128
f 4254/5953/2129 4246/5954/2129 4252/5955/2129 4255/5956/2129
f 4252/5957/2130 4246/5954/2130 4250/5958/2130 4253/5959/2130
f 4253/5960/2131 4256/5961/2131 4255/5962/2131 4252/5963/2131
f 4256/5964/2132 4253/5965/2132 4250/5966/2132 4248/5967/2132 4257/5968/2132
f 4249/5969/2133 4251/5970/2133 4245/5971/2133 4247/5972/2133
o Sphere_cell.145_cell.007
v -0.085242 -0.506394 0.056041
v -0.007492 -0.030230 0.004465
v -0.079435 -0.506198 0.063950
v -0.042751 -0.515098 0.033845
v -0.006803 -0.515226 0.003729
v -0.049828 -0.515096 0.021527
v -0.083705 -0.508132 0.035540
v -0.096563 -0.505475 0.040858
v -0.108119 -0.501737 0.045638
v -0.134354 -0.493106 0.056743
v -0.123791 -0.492302 0.082232
v -0.131438 -0.491894 0.070713
v -0.115819 -0.491895 0.093794
vn -0.1475 -0.9836 0.1034
vn -0.1739 -0.9823 0.0702
vn -0.2551 -0.9578 0.1323
vn -0.2569 -0.9567 0.1366
vn -0.2226 -0.9568 0.1872
vn -0.1729 -0.9824 0.0703
vn -0.3836 0.0012 -0.9235
vn 0.6370 0.0004 0.7709
vn -0.7926 0.2898 0.5364
vn -0.9447 0.2785 0.1731
vn -0.0025 -1.0000 0.0012
vt 0.000000 0.000000
vt 1.000000 0.000000
vt 1.000000 0.056505
vt 0.059326 0.059326
vt 1.000000 0.147619
vt 0.799871 0.000000
vt 0.147619 0.147619
vt 0.101533 0.000000
vt 0.216959 0.128636
vt 0.101533 0.101533
vt 0.170673 0.000000
vt 0.204686 0.065408
vt 0.829327 0.000000
vt 1.000000 0.044881
vt 0.827802 0.064278
vt 1.000000 1.000000
vt 0.799871 0.799871
vt 0.547632 0.000000
vt 1.000000 0.473763
vt 0.847130 0.320853
vt 0.726823 0.193768
vt 0.681162 0.145521
vt 0.640135 0.100843
vt 0.477863 0.477863
vt 0.004717 0.000000
vt 0.455073 0.000000
vt 0.469733 0.173051
vt 0.477728 0.325163
vt 0.544927 0.000000
vt 1.000000 0.004690
vt 1.000000 0.455063
vt 0.774026 0.229491
vt 0.456529 0.000000
vt 0.455063 0.455063
vt 0.004691 0.000000
vt 0.062927 0.000000
vt 0.457005 0.051248
vt 0.056505 0.056505
s 0
usemtl 
f 4258/5973/2134 4263/5974/2134 4261/5975/2134 4260/5976/2134
f 4258/5974/2135 4265/5977/2135 4264/5978/2135
f 4265/5979/2136 4258/5973/2136 4266/5980/2136
f 4267/5981/2137 4266/5982/2137 4258/5973/2137 4268/5983/2137 4269/5984/2137
f 4268/5985/2138 4258/5974/2138 4260/5986/2138 4270/5987/2138
f 4263/5974/2139 4258/5988/2139 4264/5989/2139
f 4267/5990/2140 4259/5974/2140 4262/5991/2140 4263/5992/2140 4264/5993/2140 4265/5994/2140 4266/5995/2140
f 4262/5996/2141 4259/5997/2141 4270/5998/2141 4260/5999/2141 4261/6000/2141
f 4270/6001/2142 4259/6002/2142 4269/6003/2142 4268/6004/2142
f 4267/6005/2143 4269/6006/2143 4259/6007/2143
f 4263/6008/2144 4262/6009/2144 4261/6010/2144
o Sphere_cell.144_cell
v -0.007171 -0.035562 0.007519
v -0.072316 -0.506919 0.072434
v -0.041030 -0.515555 0.041009
v -0.082881 -0.499364 0.099177
v -0.102554 -0.489252 0.123121
v -0.114735 -0.492585 0.095731
v -0.070840 -0.505081 0.084522
v -0.082378 -0.505370 0.069219
v -0.108855 -0.491323 0.109221
v -0.077938 -0.506953 0.065580
v -0.008536 -0.515997 0.008710
v -0.030536 -0.516020 0.035476
v -0.035326 -0.516019 0.030664
vn -0.2038 -0.9506 0.2340
vn -0.2241 -0.9563 0.1877
vn -0.2031 -0.9640 0.1714
vn 0.0004 -1.0000 -0.0005
vn -0.0291 -0.9992 0.0288
vn -0.1459 -0.9814 0.1245
vn 0.7721 -0.0046 0.6355
vn -0.8895 0.2792 0.3616
vn -0.6343 -0.0037 -0.7731
vn -0.1077 -0.9808 0.1623
vt 0.963435 0.142374
vt 0.792964 0.000000
vt 0.916014 0.000000
vt 1.000000 0.208866
vt 0.909519 0.193044
vt 0.832874 0.000000
vt 0.946737 0.000000
vt 1.000000 0.081235
vt 0.940485 0.000000
vt 1.000000 0.000000
vt 0.946737 0.946737
vt 0.832874 0.832874
vt 0.481007 0.481007
vt 0.659669 0.336936
vt 0.512659 0.512659
vt 0.040960 0.000000
vt 1.000000 0.481007
vt 1.000000 0.512659
vt 0.000000 0.000000
vt 1.000000 0.059515
vt 0.526215 0.000000
vt 1.000000 0.447186
vt 0.893473 0.350957
vt 0.823175 0.286883
vt 0.664252 0.137550
vt 0.630843 0.104597
vt 0.449116 0.234469
vt 0.447186 0.447186
vt 0.450520 0.000000
vt 0.464749 0.294385
vt 0.463181 0.313228
vt 0.450520 0.450520
vt 0.473785 0.000000
vt 0.473761 0.113613
vt 0.473045 0.153998
vt 0.029865 0.000000
vt 0.502845 0.502845
s 0
usemtl 
f 4275/6011/2145 4279/6012/2145 4274/6013/2145
f 4279/6014/2146 4276/6015/2146 4278/6016/2146 4277/6017/2146 4274/6018/2146
f 4280/6019/2147 4272/6020/2147 4277/6021/2147 4278/6022/2147
f 4283/6023/2148 4281/6024/2148 4282/6025/2148
f 4273/6026/2149 4283/6027/2149 4282/6028/2149
f 4273/6029/2150 4272/6020/2150 4280/6030/2150
f 4281/6031/2151 4271/6020/2151 4275/6032/2151 4274/6033/2151 4277/6034/2151 4273/6035/2151 4282/6036/2151
f 4279/6037/2152 4275/6038/2152 4271/6029/2152 4276/6039/2152
f 4280/6040/2153 4278/6041/2153 4276/6042/2153 4271/6029/2153 4281/6043/2153 4283/6044/2153 4273/6045/2153
f 4273/6046/2154 4277/6047/2154 4272/6029/2154
o Sphere_cell.144_cell.001
v -0.137950 -0.980785 0.137950
v -0.080376 -0.548482 0.080691
v -0.142510 -0.852308 0.156547
v -0.164807 -0.964973 0.183014
v -0.169234 -0.965297 0.178007
v -0.100471 -0.985639 0.105260
v -0.131748 -0.980785 0.143039
v -0.178929 -0.966642 0.161157
v -0.172497 -0.965965 0.172497
v -0.142964 -0.980785 0.131840
v -0.082769 -0.988471 0.082769
v -0.164807 -0.964973 0.183014
v -0.169234 -0.965297 0.178007
v -0.131748 -0.980785 0.143039
v -0.100471 -0.985639 0.105260
v -0.172497 -0.965965 0.172497
v -0.178929 -0.966642 0.161157
v -0.142964 -0.980785 0.131840
v -0.082769 -0.988471 0.082769
vn -0.7262 0.2901 0.6233
vn 0.7701 -0.0026 0.6379
vn -0.8413 0.2865 0.4585
vn -0.8393 0.2863 0.4622
vn 0.7769 -0.0003 0.6297
vn -0.6319 -0.0002 -0.7751
vn -0.0625 -0.9951 0.0761
vn -0.1850 -0.9565 0.2254
vn -0.2254 -0.9565 0.1850
vn -0.0761 -0.9951 0.0625
vt 0.575294 0.575294
vt 0.000000 0.000000
vt 0.575954 0.000000
vt 0.640874 0.295967
vt 0.320958 0.000000
vt 1.000000 0.000000
vt 1.000000 0.575294
vt 0.835322 0.000000
vt 1.000000 0.421164
vt 1.000000 1.000000
vt 0.666449 0.421653
vt 1.000000 0.424046
vt 0.119786 0.000000
vt 0.320958 0.320958
vt 0.835322 0.835322
vt 0.879650 0.018642
vt 0.863855 0.529846
vt 0.131709 0.036606
vt 0.131728 0.046712
vt 0.131556 0.062500
vt 0.125000 0.062500
vt 0.129008 0.079511
vt 0.125000 0.078778
vt 0.133297 0.079866
vt 0.122012 0.078512
vt 0.116692 0.078034
vt 0.118542 0.062500
vt 0.118750 0.037500
s 0
usemtl 
f 4295/6048/2155 4286/6049/2155 4296/6050/2155
f 4297/6051/2156 4298/6052/2156 4286/6053/2156 4295/6054/2156
f 4300/6055/2157 4299/6056/2157 4286/6057/2157 4285/6049/2157
f 4299/6058/2158 4296/6059/2158 4286/6057/2158
f 4302/6060/2159 4285/6053/2159 4286/6057/2159 4298/6061/2159
f 4300/6062/2160 4285/6049/2160 4302/6063/2160 4301/6064/2160
f 4294/6065/2161 4289/6066/2161 4290/6067/2161 4284/6068/2161
f 4288/6069/2162 4292/6070/2162 4284/6068/2162 4290/6067/2162 4287/6071/2162
f 4284/6068/2163 4292/6072/2163 4291/6073/2163 4293/6074/2163
f 4284/6068/2164 4293/6074/2164 4294/6075/2164
o Sphere_cell.144_cell.002
v -0.124326 -0.980785 0.149130
v -0.072671 -0.514702 0.073734
v -0.072318 -0.972807 0.074158
v -0.135484 -0.820431 0.149937
v -0.071927 -0.508810 0.073137
v -0.040848 -0.517776 0.041664
v -0.158574 -0.964341 0.190813
v -0.124672 -0.789913 0.149737
v -0.163645 -0.964951 0.184062
v -0.101458 -0.670786 0.121610
v -0.130607 -0.980785 0.143976
v -0.077055 -0.989117 0.079024
v -0.073485 -0.989620 0.075379
v -0.066794 -0.976420 0.079139
v -0.067640 -0.989621 0.080155
v -0.063679 -0.509443 0.075806
v -0.068336 -0.508235 0.081472
v -0.130607 -0.980785 0.143976
v -0.077055 -0.989117 0.079024
v -0.073485 -0.989620 0.075379
v -0.067640 -0.989621 0.080155
v -0.158574 -0.964341 0.190813
v -0.163645 -0.964951 0.184062
v -0.124326 -0.980785 0.149130
vn -0.7789 0.2832 0.5595
vn -0.7879 0.2827 0.5471
vn -0.7783 0.0034 -0.6279
vn -0.7716 -0.0000 -0.6361
vn -0.7146 -0.0012 -0.6996
vn 0.6296 -0.0996 -0.7705
vn 0.1255 0.9799 -0.1552
vn 0.1136 0.9866 -0.1169
vn -0.8906 0.2716 0.3649
vn -0.8797 0.0632 -0.4714
vn -0.7089 0.0180 -0.7051
vn -0.7099 -0.0012 -0.7043
vn 0.7851 -0.0008 0.6193
vn -0.0625 -0.9951 0.0761
vn -0.1850 -0.9565 0.2254
vn 0.6301 -0.0986 -0.7702
vt 1.000000 0.844865
vt 0.749658 0.593846
vt 1.000000 0.521759
vt 0.521759 0.521759
vt 0.521645 0.000000
vt 1.000000 0.000000
vt 0.844865 0.844865
vt 0.633165 0.633165
vt 0.000000 0.000000
vt 0.843616 0.843616
vt 0.887875 0.000000
vt 0.872622 0.523944
vt 1.000000 0.220579
vt 0.887875 0.887875
vt 0.221049 0.172616
vt 0.220579 0.220579
vt 0.047850 0.000000
vt 1.000000 0.071654
vt 1.000000 0.474076
vt 0.948692 0.000000
vt 1.000000 0.478355
vt 0.474076 0.474076
vt 1.000000 1.000000
vt 0.818377 0.284363
vt 0.813465 0.439671
vt 0.804994 0.548617
vt 0.794120 0.709604
vt 0.617137 0.548848
vt 0.336297 0.276934
vt 0.345195 0.272824
vt 0.663278 0.138742
vt 0.806991 0.273477
vt 0.139451 0.033760
vt 0.139400 0.062500
vt 0.132762 0.062500
vt 0.132918 0.035401
vt 0.133283 0.033765
vt 0.139400 0.062500
vt 0.139599 0.080561
vt 0.134282 0.079644
vt 0.132762 0.062500
vt 0.037178 0.000000
vt 0.047850 0.047850
s 0
usemtl 
f 4325/6076/2165 4324/6077/2165 4310/6078/2165
f 4310/6079/2166 4312/6080/2166 4306/6081/2166 4325/6082/2166
f 4325/6083/2167 4306/6084/2167 4304/6081/2167
f 4325/6085/2168 4304/6084/2168 4321/6086/2168 4320/6087/2168
f 4305/6081/2169 4322/6088/2169 4321/6089/2169 4304/6084/2169
f 4323/6090/2170 4322/6091/2170 4305/6084/2170 4316/6092/2170
f 4308/6084/2171 4307/6081/2171 4318/6093/2171
f 4307/6081/2172 4319/6094/2172 4318/6095/2172
f 4307/6084/2173 4306/6081/2173 4312/6096/2173 4319/6097/2173
f 4306/6098/2174 4307/6084/2174 4304/6081/2174
f 4307/6084/2175 4308/6081/2175 4304/6098/2175
f 4304/6098/2176 4308/6084/2176 4305/6081/2176
f 4319/6099/2177 4312/6100/2177 4310/6101/2177 4324/6102/2177 4326/6103/2177 4323/6104/2177 4316/6105/2177 4308/6106/2177 4318/6107/2177
f 4317/6108/2178 4303/6109/2178 4313/6110/2178 4314/6111/2178 4315/6112/2178
f 4303/6113/2179 4309/6114/2179 4311/6115/2179 4313/6116/2179
f 4308/6117/2180 4316/6118/2180 4305/6084/2180
o Sphere_cell.144_cell.003
v -0.198414 -0.945212 0.239302
v -0.184087 -0.953136 0.217429
v -0.193785 -0.897121 0.213566
v -0.204484 -0.947195 0.225903
v -0.178592 -0.954730 0.215176
v -0.089972 -0.498298 0.107804
v -0.107093 -0.492879 0.114757
v -0.103011 -0.491428 0.123676
v -0.184087 -0.953136 0.217429
v -0.204484 -0.947195 0.225903
v -0.178592 -0.954730 0.215176
v -0.198414 -0.945212 0.239302
vn -0.4132 -0.1337 -0.9008
vn -0.4088 -0.1330 -0.9029
vn 0.2003 0.9484 -0.2460
vn 0.7725 -0.0006 0.6350
vn -0.8895 0.2792 0.3616
vn -0.1850 -0.9565 0.2254
vt 1.000000 0.751300
vt 1.000000 0.843448
vt 0.816505 0.650062
vt 0.843448 0.843448
vt 0.751300 0.751300
vt 0.789865 0.000000
vt 0.871449 0.000000
vt 0.869507 0.843194
vt 0.210136 0.000000
vt 0.313633 0.081762
vt 0.128552 0.000000
vt 0.931158 0.387293
vt 1.000000 0.449330
vt 1.000000 0.896609
vt 0.897563 0.803563
vt 0.896609 0.896609
vt 0.449330 0.449330
vt 0.450777 0.302590
vt 0.849231 0.634138
vt 0.898588 0.676762
vt 0.138139 0.092867
vt 0.139716 0.091117
vt 0.139831 0.101570
vt 0.132769 0.099392
s 0
usemtl 
f 4329/6119/2181 4335/6120/2181 4336/6121/2181
f 4335/6122/2182 4329/6123/2182 4333/6124/2182 4332/6125/2182 4337/6126/2182
f 4333/6127/2183 4334/6128/2183 4332/6129/2183
f 4332/6130/2184 4334/6131/2184 4338/6132/2184 4337/6133/2184
f 4338/6134/2185 4334/6135/2185 4333/6136/2185 4329/6137/2185 4336/6138/2185
f 4328/6139/2186 4331/6140/2186 4327/6141/2186 4330/6142/2186
o Sphere_cell.144_cell.004
v -0.009907 -0.998620 0.009907
v -0.037731 -0.532587 0.044214
v -0.036806 -0.517977 0.043103
v -0.066507 -0.989798 0.078776
v -0.073189 -0.989799 0.073281
v -0.008542 -0.518180 0.008716
v -0.042926 -0.517962 0.036891
v -0.044196 -0.534397 0.037935
v -0.078374 -0.983568 0.066010
v -0.078934 -0.989799 0.066294
v -0.009907 -0.998620 0.009907
v -0.066507 -0.989798 0.078776
v -0.078934 -0.989799 0.066294
v -0.073189 -0.989799 0.073281
vn -0.6329 0.0979 0.7680
vn 0.0046 1.0000 -0.0021
vn -0.7087 0.0992 0.6985
vn -0.7393 0.0988 0.6661
vn 0.7725 -0.0006 0.6350
vn -0.6338 0.0001 -0.7735
vn -0.0625 -0.9951 0.0761
vn -0.0760 -0.9951 0.0626
vt 0.027542 0.027542
vt 0.000000 0.000000
vt 1.000000 0.000000
vt 0.998256 0.055554
vt 0.956819 0.000000
vt 0.998630 0.380109
vt 1.000000 1.000000
vt 0.956819 0.956819
vt 1.000000 0.969017
vt 0.957281 0.000000
vt 0.969017 0.969017
vt 0.942412 0.015220
vt 0.658710 0.134379
vt 0.648507 0.138582
vt 0.330683 0.271499
vt 0.050272 0.000000
vt 0.528674 0.004603
vt 0.475938 0.000000
vt 0.949728 0.000000
vt 0.940846 0.294617
vt 0.934706 0.292560
vt 0.491870 0.151009
vt 0.475665 0.145815
vt 0.137771 0.033187
vt 0.132330 0.033178
vt 0.139503 0.004489
vt 0.110332 0.033181
vt 0.110497 0.004489
vt 0.117670 0.033178
s 0
usemtl 
f 4340/6143/2187 4341/6144/2187 4352/6145/2187 4350/6146/2187
f 4345/6147/2188 4341/6145/2188 4344/6148/2188
f 4341/6149/2189 4345/6150/2189 4346/6151/2189
f 4351/6152/2190 4352/6145/2190 4341/6149/2190 4346/6153/2190 4347/6154/2190
f 4341/6155/2191 4340/6156/2191 4350/6157/2191 4349/6158/2191 4344/6159/2191
f 4344/6160/2192 4349/6161/2192 4351/6162/2192 4347/6163/2192 4346/6164/2192 4345/6165/2192
f 4342/6166/2193 4343/6167/2193 4339/6168/2193
f 4348/6169/2194 4339/6170/2194 4343/6171/2194
o Sphere_cell.144_cell.005
v -0.211162 -0.949377 0.211162
v -0.142521 -0.843723 0.156519
v -0.170879 -0.756019 0.160985
v -0.108177 -0.697050 0.129759
v -0.087033 -0.499496 0.104229
v -0.108056 -0.492997 0.112480
v -0.169727 -0.781319 0.183351
v -0.114181 -0.637588 0.137122
v -0.205284 -0.947457 0.224136
v -0.176552 -0.955709 0.212694
v -0.159584 -0.963856 0.192042
v -0.132241 -0.822881 0.158913
v -0.165334 -0.964449 0.184805
v -0.216687 -0.950531 0.198462
v -0.211465 -0.952173 0.196334
v -0.170831 -0.964537 0.179924
v -0.186120 -0.960120 0.186120
v -0.205284 -0.947457 0.224136
v -0.176552 -0.955709 0.212694
v -0.216687 -0.950531 0.198462
v -0.211465 -0.952173 0.196334
v -0.165334 -0.964449 0.184805
v -0.170831 -0.964537 0.179924
v -0.186120 -0.960120 0.186120
v -0.159584 -0.963856 0.192042
v -0.211162 -0.949377 0.211162
vn -0.3850 -0.0776 -0.9197
vn 0.3985 0.1377 0.9068
vn 0.4002 0.1368 0.9062
vn 0.7618 -0.2845 -0.5820
vn 0.7228 -0.2842 -0.6300
vn -0.3982 -0.0822 -0.9136
vn 0.6385 -0.2879 -0.7137
vn -0.3951 -0.0846 -0.9147
vn 0.7725 -0.0006 0.6350
vn -0.8895 0.2792 0.3616
vn -0.1850 -0.9565 0.2254
vn -0.2254 -0.9565 0.1850
vt 0.218435 0.000000
vt 1.000000 0.787083
vt 1.000000 0.887797
vt 0.435247 0.435247
vt 0.000000 0.000000
vt 0.787083 0.787083
vt 1.000000 0.493670
vt 1.000000 0.758709
vt 0.887797 0.887797
vt 0.758709 0.758709
vt 0.493670 0.493670
vt 0.460501 0.187319
vt 0.749701 0.172111
vt 1.000000 0.155469
vt 1.000000 0.416465
vt 0.749489 0.156506
vt 0.410485 0.000000
vt 1.000000 0.000000
vt 1.000000 0.435247
vt 0.416465 0.416465
vt 1.000000 1.000000
vt 0.470151 0.470151
vt 0.446255 0.429985
vt 1.000000 0.781565
vt 1.000000 0.411674
vt 0.410485 0.410485
vt 0.631228 0.432533
vt 1.000000 0.470151
vt 0.411675 0.411675
vt 0.819183 0.471274
vt 0.915995 0.373319
vt 0.907075 0.500514
vt 0.887024 0.793990
vt 0.799339 0.714345
vt 0.808153 0.584265
vt 0.900765 0.434891
vt 0.898849 0.647771
vt 0.735090 0.508704
vt 0.450898 0.265902
vt 0.710180 0.229823
vt 0.901925 0.228748
vt 0.136095 0.080625
vt 0.139605 0.081093
vt 0.139704 0.090041
vt 0.131838 0.099105
vt 0.125000 0.096995
vt 0.125000 0.085197
vt 0.129113 0.080346
vt 0.125000 0.096995
vt 0.117897 0.095728
vt 0.119011 0.093925
vt 0.125000 0.085197
s 0
usemtl 
f 4355/6172/2195 4358/6173/2195 4357/6174/2195 4356/6175/2195 4354/6176/2195
f 4358/6177/2196 4359/6178/2196 4360/6179/2196 4357/6180/2196
f 4360/6181/2197 4359/6182/2197 4370/6183/2197 4371/6184/2197
f 4374/6185/2198 4364/6186/2198 4377/6187/2198
f 4374/6188/2199 4354/6189/2199 4356/6190/2199 4364/6191/2199
f 4354/6192/2200 4373/6193/2200 4372/6194/2200 4355/6195/2200
f 4375/6196/2201 4354/6192/2201 4374/6197/2201
f 4376/6198/2202 4373/6199/2202 4354/6192/2202 4375/6200/2202
f 4356/6201/2203 4357/6202/2203 4360/6203/2203 4371/6204/2203 4377/6205/2203 4364/6206/2203
f 4378/6207/2204 4370/6208/2204 4359/6209/2204 4358/6210/2204 4355/6211/2204 4372/6212/2204
f 4365/6213/2205 4363/6214/2205 4362/6215/2205 4361/6216/2205 4353/6217/2205 4369/6218/2205 4368/6219/2205
f 4353/6220/2206 4366/6221/2206 4367/6222/2206 4369/6223/2206
o Sphere_cell.144_cell.006
v -0.222818 -0.951812 0.184369
v -0.135977 -0.815464 0.149793
v -0.073521 -0.509266 0.073295
v -0.183396 -0.961289 0.183396
v -0.171386 -0.964770 0.178479
v -0.217249 -0.950649 0.197171
v -0.166137 -0.733419 0.155205
v -0.174072 -0.965289 0.174072
v -0.177775 -0.965635 0.167772
v -0.181348 -0.965963 0.161719
v -0.098267 -0.646943 0.117751
v -0.080921 -0.502667 0.096789
v -0.109855 -0.493533 0.108468
v -0.115215 -0.494624 0.096125
v -0.090455 -0.504415 0.075837
v -0.187003 -0.965959 0.154850
v -0.081611 -0.519930 0.068592
v -0.185514 -0.960013 0.153802
v -0.079110 -0.509217 0.066541
v -0.083234 -0.507286 0.069920
v -0.071467 -0.507131 0.085282
v -0.183396 -0.961289 0.183396
v -0.171386 -0.964770 0.178479
v -0.174072 -0.965289 0.174072
v -0.177775 -0.965635 0.167772
v -0.181348 -0.965963 0.161719
v -0.187003 -0.965959 0.154850
v -0.222818 -0.951812 0.184369
v -0.217249 -0.950649 0.197171
vn 0.3975 0.0813 0.9140
vn 0.3935 0.0843 0.9155
vn 0.8324 -0.2883 -0.4733
vn 0.8313 -0.2883 -0.4752
vn 0.9379 -0.2471 -0.2433
vn 0.3960 0.0852 0.9143
vn 0.2279 0.9562 -0.1835
vn 0.7383 -0.2920 -0.6080
vn 0.7365 -0.2890 -0.6116
vn 0.2657 0.9403 -0.2130
vn 0.2286 0.9558 -0.1848
vn 0.7725 -0.0006 0.6350
vn -0.8895 0.2792 0.3616
vn -0.6338 -0.0000 -0.7735
vn -0.1850 -0.9565 0.2254
vn -0.2254 -0.9565 0.1850
vt 0.532969 0.157807
vt 0.360828 0.000000
vt 1.000000 0.000000
vt 1.000000 0.583051
vt 0.583051 0.583051
vt 0.000000 0.000000
vt 0.219652 0.000000
vt 0.732800 0.374930
vt 0.355350 0.000000
vt 1.000000 0.639172
vt 1.000000 1.000000
vt 0.355350 0.355350
vt 0.152927 0.000000
vt 1.000000 0.453552
vt 0.560699 0.000000
vt 0.453552 0.453552
vt 0.067633 0.000000
vt 0.207873 0.000000
vt 1.000000 0.780348
vt 0.234158 0.167263
vt 0.207873 0.207873
vt 0.067633 0.067633
vt 0.029566 0.000000
vt 0.114366 0.000000
vt 0.959403 0.000000
vt 1.000000 0.847073
vt 0.958796 0.826989
vt 0.959415 0.816263
vt 1.000000 0.040597
vt 0.941631 0.000000
vt 0.941631 0.941631
vt 0.841006 0.000000
vt 1.000000 0.439301
vt 0.956020 0.956020
vt 0.841006 0.841006
vt 1.000000 0.885634
vt 0.883770 0.344235
vt 0.822101 0.424803
vt 0.842586 0.306736
vt 0.452530 0.000000
vt 0.903212 0.000000
vt 0.902043 0.207795
vt 0.687905 0.207204
vt 0.451433 0.200249
vt 0.465069 0.316831
vt 0.466979 0.299329
vt 0.477541 0.309806
vt 0.911301 0.747002
vt 0.917157 0.753047
vt 0.903212 0.903212
vt 0.452530 0.452530
vt 0.462226 0.347475
vt 0.128217 0.080090
vt 0.125000 0.083913
vt 0.125000 0.079520
vt 0.110014 0.094322
vt 0.110087 0.078784
vt 0.115907 0.078779
vt 0.120392 0.079140
vt 0.117175 0.095599
s 0
usemtl 
f 4400/6224/2207 4401/6225/2207 4380/6226/2207 4407/6227/2207
f 4407/6228/2208 4380/6229/2208 4385/6230/2208
f 4402/6231/2209 4403/6232/2209 4380/6226/2209 4401/6233/2209
f 4380/6234/2210 4403/6235/2210 4404/6236/2210 4381/6226/2210
f 4389/6237/2211 4380/6234/2211 4381/6229/2211 4399/6238/2211
f 4389/6239/2212 4390/6240/2212 4391/6241/2212 4385/6242/2212 4380/6234/2212
f 4392/6243/2213 4391/6244/2213 4390/6245/2213 4399/6246/2213 4393/6247/2213
f 4395/6248/2214 4381/6226/2214 4404/6249/2214 4405/6250/2214 4396/6251/2214
f 4381/6226/2215 4395/6252/2215 4397/6253/2215
f 4381/6234/2216 4397/6254/2216 4398/6255/2216 4399/6256/2216
f 4399/6257/2217 4398/6258/2217 4393/6259/2217
f 4390/6260/2218 4389/6261/2218 4399/6262/2218
f 4392/6263/2219 4406/6264/2219 4407/6265/2219 4385/6266/2219 4391/6267/2219
f 4398/6268/2220 4397/6269/2220 4395/6270/2220 4396/6271/2220 4405/6272/2220 4406/6273/2220 4392/6274/2220 4393/6275/2220
f 4383/6276/2221 4382/6277/2221 4386/6278/2221
f 4379/6279/2222 4394/6280/2222 4388/6281/2222 4387/6282/2222 4386/6278/2222 4382/6277/2222 4384/6283/2222
o Sphere_cell.144_cell.007
v -0.149469 -0.980785 0.123914
v -0.073857 -0.515893 0.072376
v -0.074408 -0.973051 0.072295
v -0.072535 -0.509351 0.070817
v -0.075059 -0.509907 0.063222
v -0.044170 -0.517658 0.037911
v -0.079373 -0.976655 0.066827
v -0.078782 -0.515562 0.066273
v -0.087449 -0.552227 0.073381
v -0.180415 -0.966672 0.159189
v -0.185242 -0.966655 0.153399
v -0.183681 -0.960416 0.152300
v -0.144595 -0.980785 0.129852
v -0.079545 -0.989106 0.076593
v -0.075691 -0.989604 0.073353
v -0.079884 -0.983236 0.067247
v -0.080466 -0.989603 0.067546
v -0.180415 -0.966672 0.159189
v -0.185242 -0.966655 0.153399
v -0.144595 -0.980785 0.129852
v -0.079545 -0.989106 0.076593
v -0.075691 -0.989604 0.073353
v -0.080466 -0.989603 0.067546
v -0.149469 -0.980785 0.123914
vn 0.1473 0.9817 -0.1208
vn 0.7577 0.0024 0.6526
vn 0.7576 -0.0010 0.6527
vn -0.7754 0.4771 0.4137
vn -0.7364 0.2924 0.6101
vn -0.7343 0.2916 0.6130
vn 0.6334 -0.0007 0.7738
vn 0.6434 -0.0009 0.7655
vn 0.7686 -0.1000 -0.6319
vn -0.6337 0.0005 -0.7735
vn -0.2254 -0.9565 0.1850
vn -0.0761 -0.9951 0.0625
vn 0.7683 -0.0988 -0.6325
vt 1.000000 0.000000
vt 0.970866 0.970866
vt 0.932756 0.000000
vt 0.000000 0.000000
vt 1.000000 1.000000
vt 0.949248 0.949248
vt 0.946884 0.000000
vt 0.946884 0.946884
vt 1.000000 0.931825
vt 1.000000 0.154550
vt 0.931825 0.931825
vt 0.935338 0.166257
vt 0.934166 0.154556
vt 1.000000 0.111580
vt 0.154550 0.154550
vt 0.455395 0.127751
vt 0.780719 0.000000
vt 0.111580 0.111580
vt 0.912836 0.865002
vt 1.000000 0.952175
vt 0.780719 0.780719
vt 0.829390 0.780650
vt 0.467667 0.282146
vt 0.475362 0.151096
vt 0.927890 0.296795
vt 0.934375 0.299011
vt 0.940649 0.301158
vt 0.931771 0.595672
vt 0.917843 0.745663
vt 0.911698 0.739323
vt 0.509381 0.334177
vt 0.473238 0.297863
vt 0.110091 0.078020
vt 0.110163 0.062500
vt 0.116441 0.062500
vt 0.115069 0.078000
vt 0.110328 0.033818
vt 0.116471 0.033816
vt 0.116520 0.035436
vt 0.116441 0.062500
vt 0.110163 0.062500
vt 0.047824 0.000000
s 0
usemtl 
f 4411/6284/2223 4413/6285/2223 4412/6286/2223
f 4411/6287/2224 4409/6284/2224 4413/6288/2224
f 4409/6287/2225 4410/6284/2225 4413/6288/2225
f 4411/6288/2226 4412/6289/2226 4415/6290/2226 4409/6284/2226
f 4415/6291/2227 4416/6292/2227 4409/6288/2227
f 4425/6293/2228 4409/6288/2228 4416/6294/2228 4419/6295/2228 4426/6296/2228
f 4428/6297/2229 4409/6288/2229 4425/6298/2229 4427/6299/2229
f 4429/6300/2230 4410/6284/2230 4409/6288/2230 4428/6301/2230
f 4423/6302/2231 4414/6303/2231 4410/6288/2231 4429/6304/2231 4430/6305/2231
f 4412/6306/2232 4413/6307/2232 4414/6308/2232 4423/6309/2232 4430/6310/2232 4431/6311/2232 4426/6312/2232 4419/6313/2232 4416/6314/2232 4415/6315/2232
f 4418/6316/2233 4408/6317/2233 4420/6318/2233 4417/6319/2233
f 4424/6320/2234 4422/6321/2234 4421/6322/2234 4420/6323/2234 4408/6324/2234
f 4414/6325/2235 4413/6288/2235 4410/6287/2235
o Sphere_cell.133_cell
v -0.001660 0.008325 0.001438
v -0.004633 0.014408 0.002263
v -0.107064 0.491372 0.069564
v -0.082553 0.496686 0.067334
v -0.140878 0.482674 0.070119
v -0.041514 0.506374 0.034436
v -0.025266 0.506274 0.045093
v -0.041511 0.499543 0.075541
v -0.049009 0.496364 0.089594
v -0.002001 0.505996 0.001501
v -0.064674 0.503940 0.007502
v -0.052952 0.506156 0.006380
v -0.090641 0.481045 0.122675
v -0.109096 0.477869 0.121109
v -0.059036 0.489968 0.108391
v -0.067612 0.484394 0.124467
v -0.070173 0.502747 0.008028
v -0.160572 0.477993 0.052822
v -0.078426 0.500604 0.008819
v -0.128529 0.487390 0.013909
v -0.135556 0.471837 0.118474
v -0.176746 0.464226 0.101558
v -0.176643 0.462204 0.114312
v -0.176277 0.468875 0.073189
vn -0.1009 0.9814 0.1631
vn -0.1018 0.9806 0.1675
vn 0.0077 1.0000 -0.0023
vn -0.1793 0.9816 0.0654
vn 0.0023 1.0000 -0.0087
vn -0.1845 0.9525 0.2422
vn -0.1582 0.9560 0.2471
vn -0.1529 0.9576 0.2443
vn -0.2066 0.9768 0.0567
vn -0.2525 0.9673 0.0257
vn -0.2485 0.9682 0.0300
vn -0.2383 0.9417 0.2373
vn -0.2445 0.9401 0.2376
vn -0.3453 0.9265 0.1497
vn -0.3483 0.9259 0.1460
vn -0.0975 -0.0003 -0.9952
vn 0.8822 0.0005 0.4708
vn -0.4380 -0.0927 -0.8942
vn -0.0381 -0.2550 0.9662
vn -0.6728 -0.4122 0.6143
vn -0.7386 -0.1775 -0.6504
vn -0.9367 -0.3442 -0.0642
vt 1.000000 0.312841
vt 0.180228 0.180228
vt 0.000000 0.000000
vt 1.000000 0.000000
vt 0.256048 0.000000
vt 0.312840 0.312840
vt 1.000000 0.180228
vt 0.607175 0.000000
vt 0.223670 0.000000
vt 1.000000 1.000000
vt 0.364845 0.364845
vt 1.000000 0.658487
vt 0.607175 0.607175
vt 0.227460 0.000000
vt 1.000000 0.758170
vt 0.758170 0.758170
vt 0.891907 0.750430
vt 1.000000 0.820702
vt 0.820702 0.820702
vt 1.000000 0.743952
vt 0.223670 0.223670
vt 0.224019 0.000000
vt 0.824304 0.443176
vt 0.854036 0.000000
vt 1.000000 0.767641
vt 1.000000 0.775981
vt 0.767641 0.767641
vt 1.000000 0.772540
vt 0.213908 0.000000
vt 0.213908 0.213908
vt 0.196281 0.000000
vt 0.803720 0.000000
vt 1.000000 0.139045
vt 0.145964 0.000000
vt 0.193544 0.075462
vt 0.139045 0.139045
vt 0.475979 0.246851
vt 0.478191 0.307165
vt 0.477991 0.477991
vt 0.460216 0.000000
vt 0.472766 0.193362
vt 0.474829 0.225599
vt 0.835101 0.313177
vt 0.723057 0.194633
vt 0.671342 0.139849
vt 0.602181 0.064523
vt 0.543031 0.000000
vt 0.995580 0.473442
vt 1.000000 0.539784
vt 0.825893 0.555011
vt 1.000000 0.564213
vt 0.543031 0.543031
vt 0.637546 0.546221
vt 0.714025 0.549249
vt 0.567584 0.000000
vt 0.456858 0.456858
vt 0.439074 0.000000
vt 0.447851 0.159994
vt 1.000000 0.560926
vt 0.567584 0.567584
vt 0.699136 0.565531
s 0
usemtl 
f 4439/6326/2236 4438/6327/2236 4437/6328/2236 4435/6329/2236
f 4435/6328/2237 4440/6330/2237 4439/6331/2237
f 4437/6329/2238 4438/6332/2238 4441/6333/2238
f 4442/6334/2239 4435/6329/2239 4437/6335/2239 4443/6336/2239
f 4443/6337/2240 4437/6335/2240 4441/6338/2240
f 4434/6328/2241 4445/6339/2241 4444/6340/2241 4435/6335/2241
f 4435/6335/2242 4444/6341/2242 4447/6342/2242 4446/6343/2242
f 4435/6335/2243 4446/6344/2243 4440/6345/2243
f 4434/6329/2244 4435/6335/2244 4442/6346/2244 4448/6347/2244
f 4451/6348/2245 4449/6349/2245 4436/6329/2245 4450/6350/2245
f 4436/6328/2246 4434/6329/2246 4448/6351/2246 4450/6352/2246
f 4445/6353/2247 4434/6335/2247 4436/6328/2247 4452/6354/2247
f 4452/6355/2248 4436/6328/2248 4454/6356/2248
f 4454/6357/2249 4436/6329/2249 4453/6358/2249
f 4436/6328/2250 4449/6359/2250 4455/6360/2250 4453/6361/2250
f 4442/6362/2251 4443/6363/2251 4441/6364/2251 4432/6328/2251 4451/6365/2251 4450/6366/2251 4448/6367/2251
f 4438/6368/2252 4439/6369/2252 4440/6370/2252 4446/6371/2252 4447/6372/2252 4432/6329/2252 4441/6373/2252
f 4451/6374/2253 4432/6335/2253 4433/6328/2253
f 4452/6375/2254 4454/6376/2254 4432/6335/2254 4447/6377/2254 4444/6378/2254 4445/6379/2254
f 4433/6329/2255 4432/6335/2255 4454/6380/2255
f 4451/6381/2256 4433/6328/2256 4455/6382/2256 4449/6383/2256
f 4455/6384/2257 4433/6335/2257 4454/6385/2257 4453/6386/2257
o Sphere_cell.133_cell.001
v -0.192105 0.943509 0.158758
v -0.106990 0.493705 0.070119
v -0.083288 0.498313 0.069131
v -0.132773 0.954752 0.246020
v -0.162937 0.951000 0.243853
v -0.176160 0.964393 0.176160
v -0.049946 0.498143 0.091347
v -0.135982 0.965717 0.203512
v -0.116155 0.960481 0.214873
v -0.067858 0.486165 0.124924
v -0.054309 0.495040 0.099527
v -0.195712 0.962325 0.163028
v -0.182245 0.857108 0.218302
v -0.197538 0.954531 0.200470
v -0.199178 0.944716 0.240781
v -0.109006 0.480040 0.121686
v -0.132773 0.954752 0.246020
v -0.116155 0.960481 0.214873
v -0.135982 0.965717 0.203512
v -0.195712 0.962325 0.163028
v -0.176160 0.964393 0.176160
v -0.197538 0.954531 0.200470
v -0.199178 0.944716 0.240781
v -0.162937 0.951000 0.243853
vn 0.1619 -0.9554 -0.2471
vn 0.1732 -0.9479 -0.2672
vn -0.0757 0.1790 -0.9809
vn 0.4199 0.2766 -0.8644
vn 0.5288 0.2887 -0.7982
vn -0.9823 -0.1690 -0.0811
vn 0.8822 0.0005 0.4708
vn -0.0380 -0.2550 0.9662
vn -0.0396 0.9668 0.2524
vn -0.1850 0.9565 0.2254
vn -0.2272 0.9556 0.1878
vn -0.9820 -0.1694 -0.0832
vt 0.763063 0.015668
vt 0.771471 0.000000
vt 1.000000 0.000000
vt 1.000000 0.339216
vt 1.000000 0.253368
vt 0.339216 0.339216
vt 0.000000 0.000000
vt 1.000000 1.000000
vt 1.000000 0.158305
vt 0.483322 0.162160
vt 0.253367 0.253367
vt 0.841695 0.000000
vt 0.968716 0.123999
vt 0.370775 0.152737
vt 0.828992 0.489608
vt 0.844807 0.844807
vt 0.686719 0.686719
vt 0.202441 0.120878
vt 0.091543 0.000000
vt 0.541331 0.000000
vt 0.634777 0.102000
vt 0.664871 0.135084
vt 0.710424 0.547166
vt 0.541331 0.541331
vt 0.091543 0.091543
vt 0.214436 0.095114
vt 0.364746 0.101109
vt 0.430141 0.185207
vt 0.156250 0.920951
vt 0.156250 0.904786
vt 0.171236 0.908907
vt 0.171195 0.920255
vt 0.126232 0.908665
vt 0.141068 0.897885
vt 0.156250 0.920951
vt 0.125000 0.919496
vt 0.110569 0.917225
vt 0.125000 0.909485
vt 0.771471 0.771471
vt 1.000000 0.686719
vt 0.933092 0.790691
vt 0.176413 0.176413
s 0
usemtl 
f 4465/6387/2258 4471/6388/2258 4457/6389/2258 4466/6390/2258
f 4458/6389/2259 4462/6391/2259 4466/6392/2259 4457/6393/2259
f 4456/6389/2260 4458/6394/2260 4457/6393/2260
f 4475/6395/2261 4458/6394/2261 4456/6393/2261
f 4473/6396/2262 4462/6397/2262 4458/6393/2262 4475/6398/2262 4476/6399/2262 4474/6400/2262
f 4478/6401/2263 4469/6402/2263 4468/6403/2263
f 4473/6404/2264 4472/6405/2264 4465/6406/2264 4466/6407/2264 4462/6408/2264
f 4471/6409/2265 4465/6410/2265 4472/6411/2265 4479/6412/2265 4478/6413/2265 4468/6414/2265
f 4463/6415/2266 4460/6416/2266 4459/6417/2266 4464/6418/2266
f 4477/6419/2267 4470/6420/2267 4460/6416/2267 4463/6421/2267 4461/6422/2267
f 4461/6422/2268 4467/6423/2268 4477/6424/2268
f 4457/6394/2269 4471/6425/2269 4468/6426/2269 4469/6427/2269 4475/6428/2269 4456/6389/2269
o Sphere_cell.133_cell.002
v -0.108386 0.980785 0.162212
v -0.137950 0.980785 0.137950
v -0.081188 0.498244 0.068213
v -0.041423 0.507496 0.035624
v -0.092325 0.980785 0.170797
v -0.028962 0.506218 0.052020
v -0.048970 0.498250 0.089518
v -0.025731 0.507617 0.045962
v -0.058701 0.565653 0.107675
v -0.070217 0.645704 0.129160
v -0.194499 0.962934 0.161360
v -0.175062 0.964864 0.175062
v -0.135136 0.966180 0.202246
v -0.115996 0.965550 0.214819
v -0.115404 0.960740 0.213466
v -0.149249 0.980785 0.124181
v -0.084318 0.989102 0.070829
v -0.079891 0.989669 0.067201
v -0.072481 0.989928 0.072106
v -0.043332 0.881654 0.078510
v -0.056080 0.990126 0.082973
v -0.048344 0.990041 0.088082
v -0.048175 0.983920 0.087466
v -0.135136 0.966180 0.202246
v -0.115996 0.965550 0.214819
v -0.175062 0.964864 0.175062
v -0.194499 0.962934 0.161360
v -0.149249 0.980785 0.124181
v -0.084318 0.989102 0.070829
v -0.079891 0.989669 0.067201
v -0.072481 0.989928 0.072106
v -0.056080 0.990126 0.082973
v -0.048344 0.990041 0.088082
v -0.092325 0.980785 0.170797
vn 0.1022 -0.9827 -0.1543
vn 0.1160 -0.9795 -0.1645
vn -0.5276 -0.2911 0.7980
vn -0.5293 -0.2901 0.7973
vn -0.5322 -0.2893 0.7957
vn -0.6349 0.0001 -0.7726
vn -0.6339 0.0001 -0.7734
vn 0.5470 0.0981 -0.8314
vn 0.5489 0.0987 -0.8300
vn 0.8823 -0.0001 0.4707
vn -0.0464 0.9952 0.0867
vn -0.1374 0.9565 0.2571
vn -0.0624 0.9951 0.0761
vn -0.1850 0.9565 0.2254
vn -0.0761 0.9951 0.0625
vn -0.2254 0.9565 0.1850
vt 0.000000 0.000000
vt 1.000000 0.000000
vt 1.000000 0.138504
vt 0.248346 0.248346
vt 0.174626 0.000000
vt 0.138504 0.138504
vt 0.826551 0.000000
vt 1.000000 0.248346
vt 1.000000 0.732653
vt 1.000000 1.000000
vt 0.826551 0.826551
vt 0.549141 0.098861
vt 0.657306 0.082853
vt 0.886590 0.054376
vt 1.000000 0.042926
vt 0.732653 0.732653
vt 0.552449 0.108317
vt 0.042926 0.042926
vt 0.436375 0.057814
vt 1.000000 0.110412
vt 0.110413 0.110413
vt 0.111251 0.000000
vt 0.310746 0.000000
vt 1.000000 0.825374
vt 0.111251 0.111251
vt 0.110859 0.000000
vt 0.310746 0.310746
vt 0.110859 0.110859
vt 0.215213 0.110449
vt 0.273433 0.110550
vt 0.274682 0.121857
vt 0.604197 0.139213
vt 0.671605 0.141922
vt 0.809602 0.287616
vt 0.831890 0.311256
vt 0.709258 0.547741
vt 0.676126 0.612811
vt 0.674114 0.616679
vt 0.370976 0.304578
vt 0.207446 0.126333
vt 0.212197 0.126466
vt 0.524433 0.136288
vt 0.171314 0.967326
vt 0.163775 0.967599
vt 0.156250 0.937500
vt 0.171131 0.937500
vt 0.171193 0.920767
vt 0.171131 0.937500
vt 0.156250 0.921458
vt 0.132462 0.967349
vt 0.125000 0.937500
vt 0.148460 0.967997
vt 0.156250 0.921459
vt 0.125000 0.920014
vt 0.110408 0.966396
vt 0.110405 0.964553
vt 0.110446 0.937500
vt 0.117348 0.967238
vt 0.110249 0.917894
vt 0.110446 0.937500
s 0
usemtl 
f 4482/6429/2270 4483/6430/2270 4485/6431/2270 4486/6432/2270
f 4483/6429/2271 4487/6433/2271 4485/6434/2271
f 4488/6435/2272 4482/6430/2272 4486/6436/2272
f 4489/6437/2273 4482/6438/2273 4488/6439/2273
f 4504/6440/2274 4503/6441/2274 4505/6442/2274 4506/6443/2274 4482/6438/2274 4489/6444/2274 4494/6445/2274
f 4482/6438/2275 4506/6446/2275 4507/6447/2275 4508/6448/2275
f 4483/6430/2276 4482/6438/2276 4508/6449/2276 4509/6450/2276
f 4499/6451/2277 4487/6452/2277 4483/6438/2277 4509/6453/2277 4510/6454/2277
f 4499/6455/2278 4510/6456/2278 4511/6457/2278 4512/6458/2278 4502/6459/2278
f 4488/6460/2279 4486/6461/2279 4485/6462/2279 4487/6463/2279 4499/6464/2279 4502/6465/2279 4512/6466/2279 4513/6467/2279 4504/6468/2279 4494/6469/2279 4489/6470/2279
f 4501/6471/2280 4500/6472/2280 4480/6473/2280 4484/6474/2280
f 4493/6475/2281 4484/6476/2281 4480/6473/2281 4492/6477/2281
f 4498/6478/2282 4481/6479/2282 4480/6473/2282 4500/6480/2282
f 4492/6481/2283 4480/6473/2283 4481/6479/2283 4491/6482/2283
f 4497/6483/2284 4496/6484/2284 4495/6485/2284 4481/6479/2284 4498/6486/2284
f 4490/6487/2285 4491/6482/2285 4481/6479/2285 4495/6488/2285
o Sphere_cell.133_cell.003
v -0.318190 0.923880 0.212607
v -0.208834 0.781872 0.109934
v -0.142783 0.483950 0.070222
v -0.338757 0.910658 0.226350
v -0.347995 0.906663 0.224844
v -0.348723 0.925466 0.144446
v -0.348954 0.923880 0.155051
v -0.177528 0.463978 0.114533
v -0.241678 0.663860 0.164963
v -0.179518 0.469660 0.116166
v -0.292546 0.820258 0.204229
v -0.252861 0.951987 0.139212
v -0.285169 0.937503 0.179574
v -0.324643 0.915579 0.228155
v -0.305220 0.928611 0.203941
v -0.166110 0.476888 0.059426
v -0.176938 0.470626 0.073462
v -0.161640 0.479525 0.053618
v -0.263853 0.952008 0.118501
v -0.271121 0.950945 0.112302
v -0.260004 0.952567 0.121816
v -0.301620 0.944406 0.085661
v -0.252861 0.951987 0.139212
v -0.285169 0.937503 0.179574
v -0.305220 0.928611 0.203941
v -0.338757 0.910658 0.226350
v -0.324643 0.915579 0.228155
v -0.318190 0.923880 0.212607
v -0.263853 0.952008 0.118501
v -0.271121 0.950945 0.112302
v -0.260004 0.952567 0.121816
v -0.301620 0.944406 0.085661
v -0.347995 0.906663 0.224844
v -0.348723 0.925466 0.144446
v -0.348954 0.923880 0.155051
vn 0.6103 0.2359 -0.7563
vn 0.7652 0.0846 0.6382
vn 0.7623 0.0869 0.6414
vn 0.7457 0.1096 0.6572
vn 0.6142 0.2365 -0.7529
vn 0.3497 -0.9247 -0.1507
vn 0.8884 0.2910 -0.3551
vn -0.0383 -0.2552 0.9661
vn -0.6728 -0.4122 0.6143
vn -0.7392 -0.1778 -0.6496
vn -0.9367 -0.3429 -0.0708
vn -0.3481 0.8793 0.3250
vn -0.2571 0.9565 0.1374
vn -0.4173 0.8810 0.2230
vn -0.2790 0.9565 0.0846
vn 0.3476 -0.9264 -0.1450
vt 0.860747 0.860747
vt 0.874224 0.116064
vt 0.947484 0.119065
vt 1.000000 0.172652
vt 1.000000 1.000000
vt 0.195926 0.195926
vt 0.000000 0.000000
vt 1.000000 0.000000
vt 1.000000 0.295133
vt 0.219903 0.199578
vt 0.295133 0.295133
vt 0.635465 0.000000
vt 1.000000 0.167881
vt 1.000000 0.343511
vt 0.514615 0.200603
vt 0.343511 0.343511
vt 0.167881 0.167881
vt 0.341805 0.181139
vt 0.429153 0.188196
vt 0.172652 0.172652
vt 0.362632 0.000000
vt 1.000000 0.860747
vt 0.908924 0.908924
vt 1.000000 0.364534
vt 0.362632 0.362632
vt 0.896290 0.128719
vt 0.958435 0.133658
vt 1.000000 0.137470
vt 1.000000 0.557054
vt 0.950612 0.370609
vt 0.913992 0.220456
vt 0.138291 0.000000
vt 0.564793 0.175045
vt 0.557475 0.486457
vt 0.446794 0.110237
vt 0.440766 0.000000
vt 0.880200 0.000000
vt 0.898384 0.452730
vt 0.449333 0.155903
vt 0.138291 0.138291
vt 0.880543 0.121444
vt 1.000000 0.119800
vt 1.000000 0.559234
vt 0.565840 0.565840
vt 0.093750 0.875000
vt 0.093750 0.866058
vt 0.097669 0.869548
vt 0.069747 0.906507
vt 0.067199 0.905894
vt 0.062500 0.904727
vt 0.062500 0.876742
vt 0.066564 0.875000
vt 0.093750 0.880197
vt 0.089350 0.889963
vt 0.080091 0.905871
vt 0.091405 0.863365
vt 0.093750 0.866058
vt 0.066564 0.875000
vt 0.041932 0.897545
vt 0.062500 0.876742
vt 0.908924 0.000000
vt 0.997455 0.192832
vt 0.922019 0.055357
s 0
usemtl 
f 4531/6489/2286 4545/6490/2286 4543/6491/2286 4542/6492/2286 4516/6493/2286
f 4521/6494/2287 4516/6495/2287 4515/6496/2287 4522/6497/2287 4523/6498/2287
f 4522/6499/2288 4515/6495/2288 4536/6500/2288 4537/6501/2288 4524/6502/2288
f 4540/6503/2289 4524/6504/2289 4537/6505/2289 4538/6506/2289 4541/6507/2289
f 4515/6496/2290 4516/6493/2290 4542/6508/2290 4544/6509/2290
f 4531/6510/2291 4516/6493/2291 4529/6511/2291
f 4536/6512/2292 4515/6493/2292 4544/6513/2292
f 4540/6514/2293 4539/6515/2293 4546/6516/2293 4523/6517/2293 4522/6518/2293 4524/6519/2293
f 4546/6520/2294 4521/6521/2294 4523/6522/2294
f 4529/6523/2295 4530/6524/2295 4547/6525/2295 4545/6526/2295 4531/6527/2295
f 4546/6528/2296 4548/6529/2296 4547/6530/2296 4530/6531/2296 4521/6532/2296
f 4514/6533/2297 4517/6534/2297 4527/6535/2297
f 4534/6536/2298 4532/6537/2298 4533/6538/2298 4519/6539/2298 4520/6540/2298 4514/6533/2298 4528/6541/2298 4526/6542/2298 4525/6543/2298
f 4518/6544/2299 4517/6545/2299 4514/6533/2299 4520/6546/2299
f 4535/6547/2300 4519/6548/2300 4533/6538/2300
f 4529/6549/2301 4516/6496/2301 4521/6550/2301 4530/6551/2301
o Sphere_cell.133_cell.004
v -0.108743 0.492780 0.070416
v -0.204607 0.767918 0.109087
v -0.140899 0.484206 0.071768
v -0.302901 0.923880 0.231237
v -0.237530 0.938065 0.237530
v -0.247970 0.952930 0.141801
v -0.225913 0.957545 0.150950
v -0.197803 0.961987 0.162231
v -0.201033 0.944394 0.240624
v -0.184607 0.859959 0.218961
v -0.199410 0.954419 0.199410
v -0.110760 0.479261 0.121411
v -0.136008 0.473444 0.118880
v -0.253530 0.951403 0.142028
v -0.290979 0.820972 0.204479
v -0.174957 0.464623 0.115017
v -0.283900 0.937773 0.180069
v -0.321884 0.916880 0.228650
v -0.300017 0.930510 0.200465
v -0.313797 0.923880 0.217960
v -0.247970 0.952930 0.141801
v -0.225913 0.957545 0.150950
v -0.197803 0.961987 0.162231
v -0.201033 0.944394 0.240624
v -0.199410 0.954419 0.199410
v -0.253530 0.951403 0.142028
v -0.283900 0.937773 0.180069
v -0.300017 0.930510 0.200465
v -0.313797 0.923880 0.217960
v -0.321884 0.916880 0.228650
v -0.237530 0.938065 0.237530
v -0.302901 0.923880 0.231237
vn 0.2401 0.2233 -0.9447
vn 0.3284 0.2410 -0.9133
vn 0.9821 0.1708 0.0790
vn 0.9820 0.1691 0.0837
vn 0.2407 -0.9405 -0.2398
vn -0.0721 0.1141 -0.9908
vn -0.7494 -0.0818 -0.6571
vn -0.7630 -0.0876 -0.6405
vn -0.7664 -0.0866 -0.6365
vn 0.2370 -0.9415 -0.2397
vn -0.0380 -0.2551 0.9662
vn -0.1850 0.9565 0.2254
vn -0.2254 0.9565 0.1850
vn -0.3658 0.8810 0.3002
vn -0.2571 0.9565 0.1374
vt 1.000000 0.173210
vt 1.000000 1.000000
vt 0.000000 0.000000
vt 0.654308 0.000000
vt 0.173210 0.173210
vt 0.538642 0.108971
vt 1.000000 0.030729
vt 0.889850 0.189602
vt 1.000000 0.341261
vt 0.157636 0.157636
vt 0.490813 0.170969
vt 0.341261 0.341261
vt 1.000000 0.773638
vt 1.000000 0.000000
vt 0.773638 0.773638
vt 0.789610 0.000000
vt 1.000000 0.345692
vt 1.000000 0.832671
vt 0.826715 0.826715
vt 0.192802 0.000000
vt 1.000000 0.657478
vt 0.821651 0.686661
vt 0.832671 0.832671
vt 0.657478 0.657478
vt 0.801038 0.484870
vt 0.811599 0.561412
vt 1.000000 0.210390
vt 0.807198 0.000000
vt 0.372442 0.101416
vt 0.523819 0.107454
vt 0.799222 0.121004
vt 0.883464 0.127914
vt 0.906834 0.219772
vt 0.989823 0.561893
vt 0.825243 0.553468
vt 0.718407 0.547912
vt 0.435054 0.182469
vt 0.125000 0.890581
vt 0.140290 0.897531
vt 0.125000 0.908542
vt 0.103789 0.875000
vt 0.125000 0.908542
vt 0.109351 0.916854
vt 0.093750 0.911975
vt 0.093750 0.882282
vt 0.096634 0.875000
vt 0.098474 0.870266
vt 0.089877 0.890259
vt 0.082665 0.906906
vt 0.081261 0.905229
s 0
usemtl 
f 4569/6552/2302 4549/6553/2302 4550/6554/2302 4574/6555/2302
f 4549/6553/2303 4569/6556/2303 4570/6557/2303 4571/6558/2303
f 4572/6559/2304 4558/6560/2304 4549/6553/2304 4571/6561/2304 4573/6562/2304
f 4558/6563/2305 4560/6564/2305 4549/6553/2305
f 4551/6565/2306 4549/6553/2306 4560/6566/2306 4561/6567/2306
f 4550/6565/2307 4549/6553/2307 4551/6554/2307
f 4550/6553/2308 4551/6554/2308 4574/6568/2308
f 4575/6569/2309 4574/6570/2309 4551/6554/2309 4564/6571/2309 4563/6572/2309
f 4576/6573/2310 4575/6574/2310 4563/6575/2310 4578/6576/2310 4577/6577/2310
f 4561/6578/2311 4564/6579/2311 4551/6565/2311
f 4572/6580/2312 4579/6581/2312 4580/6582/2312 4578/6583/2312 4563/6584/2312 4564/6585/2312 4561/6586/2312 4560/6587/2312 4558/6588/2312
f 4553/6589/2313 4557/6590/2313 4559/6591/2313
f 4552/6592/2314 4553/6589/2314 4559/6593/2314 4556/6594/2314 4555/6595/2314 4567/6596/2314 4568/6597/2314
f 4552/6592/2315 4568/6597/2315 4566/6598/2315
f 4565/6599/2316 4567/6596/2316 4555/6595/2316 4554/6600/2316 4562/6601/2316
o Sphere_cell.133_cell.005
v -0.204473 0.766338 0.106055
v -0.109557 0.493378 0.068232
v -0.141090 0.484637 0.069749
v -0.252973 0.962462 0.025606
v -0.277157 0.954243 0.055130
v -0.079742 0.502038 0.008945
v -0.071920 0.504208 0.008196
v -0.160757 0.479970 0.052491
v -0.128991 0.489155 0.013952
v -0.108302 0.640958 0.011688
v -0.258302 0.953762 0.116684
v -0.250528 0.957707 0.103772
v -0.229532 0.966868 0.069453
v -0.176143 0.892989 0.018200
v -0.263731 0.952265 0.116945
v -0.285659 0.894223 0.081234
v -0.269828 0.951370 0.111767
v -0.286887 0.947708 0.096917
v -0.300841 0.944720 0.084688
v -0.213099 0.974056 0.042388
v -0.199511 0.978833 0.020447
v -0.250528 0.957707 0.103772
v -0.229532 0.966868 0.069453
v -0.258302 0.953762 0.116684
v -0.269828 0.951370 0.111767
v -0.286887 0.947708 0.096917
v -0.263731 0.952265 0.116945
v -0.300841 0.944720 0.084688
v -0.213099 0.974056 0.042388
v -0.199511 0.978833 0.020447
v -0.252973 0.962462 0.025606
v -0.277157 0.954243 0.055130
vn 0.2668 -0.9637 -0.0066
vn 0.2507 -0.9678 -0.0240
vn 0.8129 0.2023 0.5461
vn 0.8100 0.2038 0.5499
vn 0.7025 0.1625 0.6929
vn 0.0782 -0.1101 0.9908
vn -0.5838 -0.2316 0.7782
vn -0.6087 -0.2361 0.7575
vn -0.6116 -0.2355 0.7553
vn 0.8111 0.2065 0.5473
vn -0.0980 -0.0009 -0.9952
vn -0.7380 -0.1774 -0.6510
vn -0.2571 0.9565 0.1374
vn -0.2790 0.9565 0.0846
vn -0.2902 0.9565 0.0286
vt 0.764486 0.764486
vt 0.000000 0.000000
vt 1.000000 0.000000
vt 1.000000 0.759595
vt 0.759595 0.759595
vt 0.146294 0.000000
vt 0.619133 0.445959
vt 0.514369 0.000000
vt 1.000000 0.764486
vt 0.672477 0.000000
vt 0.910209 0.124289
vt 1.000000 0.172105
vt 1.000000 1.000000
vt 0.514369 0.514369
vt 0.379533 0.000000
vt 0.172105 0.172105
vt 0.341437 0.000000
vt 1.000000 0.172092
vt 0.170528 0.000000
vt 0.260158 0.000000
vt 1.000000 0.853706
vt 0.172092 0.172092
vt 0.171172 0.126828
vt 0.260158 0.260158
vt 0.170528 0.170528
vt 0.240519 0.119297
vt 1.000000 0.327523
vt 1.000000 0.620467
vt 0.672697 0.280456
vt 0.816941 0.299233
vt 0.474143 0.189932
vt 0.461909 0.000000
vt 0.916260 0.000000
vt 0.931975 0.210068
vt 0.849565 0.213526
vt 0.607552 0.219253
vt 0.476232 0.220616
vt 0.898685 0.460222
vt 0.907828 0.687863
vt 0.915735 0.915735
vt 0.458563 0.458563
vt 0.449760 0.164688
vt 0.849921 0.428111
vt 0.068609 0.906760
vt 0.067537 0.907820
vt 0.062500 0.912153
vt 0.062500 0.905193
vt 0.062500 0.912153
vt 0.046647 0.922215
vt 0.031250 0.930109
vt 0.031250 0.908349
vt 0.041592 0.897889
vt 0.050797 0.901171
vt 0.016058 0.917375
vt 0.016260 0.935356
s 0
usemtl 
f 4587/6602/2317 4582/6603/2317 4583/6604/2317 4586/6605/2317
f 4586/6606/2318 4583/6603/2318 4588/6607/2318 4589/6608/2318
f 4590/6609/2319 4582/6604/2319 4587/6610/2319
f 4603/6611/2320 4602/6612/2320 4604/6613/2320 4582/6614/2320 4590/6615/2320 4594/6616/2320
f 4581/6604/2321 4582/6614/2321 4604/6617/2321 4607/6618/2321
f 4581/6603/2322 4583/6604/2322 4582/6614/2322
f 4583/6614/2323 4581/6603/2323 4607/6619/2323
f 4606/6620/2324 4596/6621/2324 4588/6622/2324 4583/6614/2324 4607/6623/2324 4605/6624/2324
f 4596/6625/2325 4606/6626/2325 4608/6627/2325
f 4603/6628/2326 4594/6629/2326 4610/6630/2326 4609/6631/2326
f 4586/6632/2327 4589/6633/2327 4611/6634/2327 4610/6635/2327 4594/6636/2327 4590/6637/2327 4587/6638/2327
f 4608/6639/2328 4612/6640/2328 4611/6641/2328 4589/6642/2328 4588/6643/2328 4596/6644/2328
f 4595/6645/2329 4591/6646/2329 4592/6647/2329 4597/6648/2329
f 4597/6648/2330 4592/6649/2330 4593/6650/2330 4600/6651/2330 4585/6652/2330 4599/6653/2330 4598/6654/2330
f 4584/6655/2331 4585/6652/2331 4600/6651/2331 4601/6656/2331
o Sphere_cell.133_cell.006
v -0.162212 0.980785 0.108386
v -0.180240 0.980785 0.074658
v -0.191342 0.980785 0.038060
v -0.107771 0.493745 0.068741
v -0.207279 0.783164 0.108721
v -0.195345 0.956536 0.158802
v -0.082647 0.498264 0.066905
v -0.043034 0.508170 0.033563
v -0.064423 0.505687 0.007478
v -0.054288 0.507731 0.006508
v -0.064175 0.606122 0.007461
v -0.071176 0.675291 0.008135
v -0.081171 0.989719 0.064842
v -0.084611 0.989977 0.056535
v -0.092070 0.990171 0.038431
v -0.103202 0.989727 0.011221
v -0.099692 0.989989 0.019830
v -0.085549 0.989153 0.068526
v -0.069450 0.504775 0.007959
v -0.150620 0.980785 0.122511
v -0.196691 0.962687 0.159965
v -0.223833 0.958304 0.149560
v -0.250942 0.952647 0.138209
v -0.258334 0.953142 0.120938
v -0.247321 0.958760 0.102444
v -0.210458 0.974873 0.041863
v -0.197020 0.979596 0.020207
v -0.081171 0.989719 0.064842
v -0.084611 0.989977 0.056535
v -0.103202 0.989727 0.011221
v -0.099692 0.989989 0.019830
v -0.092070 0.990171 0.038431
v -0.085549 0.989153 0.068526
v -0.150620 0.980785 0.122511
v -0.196691 0.962687 0.159965
v -0.210458 0.974873 0.041863
v -0.197020 0.979596 0.020207
v -0.247321 0.958760 0.102444
v -0.250942 0.952647 0.138209
v -0.258334 0.953142 0.120938
v -0.223833 0.958304 0.149560
vn 0.1913 -0.9795 -0.0637
vn 0.9185 0.0960 -0.3836
vn 0.9193 0.0968 -0.3814
vn 0.9206 0.0975 -0.3782
vn 0.6438 0.0013 0.7652
vn 0.1716 -0.9827 -0.0701
vn 0.6353 0.0005 0.7723
vn 0.3912 -0.0875 0.9161
vn 0.1024 -0.1713 0.9799
vn -0.1817 -0.2208 0.9582
vn -0.3228 -0.2399 0.9156
vn -0.3717 -0.2513 0.8937
vn -0.8181 -0.2072 -0.5365
vn -0.8824 -0.2916 0.3693
vn -0.0953 0.0001 -0.9954
vn -0.0761 0.9951 0.0625
vn -0.2254 0.9565 0.1850
vn -0.0869 0.9951 0.0464
vn -0.2571 0.9565 0.1374
vn -0.0942 0.9951 0.0287
vn -0.2790 0.9565 0.0846
vn -0.2902 0.9565 0.0286
vn -0.1062 0.9942 -0.0176
vn -0.8114 -0.2038 -0.5478
vt 1.000000 1.000000
vt 0.000000 0.000000
vt 0.802938 0.000000
vt 1.000000 0.334757
vt 1.000000 0.680845
vt 0.334757 0.334757
vt 1.000000 0.691210
vt 0.680845 0.680845
vt 1.000000 0.110446
vt 0.691210 0.691210
vt 0.543651 0.110326
vt 0.616773 0.109859
vt 0.774978 0.109559
vt 0.929162 0.109953
vt 1.000000 0.000000
vt 0.110446 0.110446
vt 0.109489 0.000000
vt 1.000000 0.197062
vt 0.801364 0.000000
vt 0.109489 0.109489
vt 0.626440 0.125002
vt 1.000000 0.157029
vt 0.934100 0.000000
vt 1.000000 0.157486
vt 0.593742 0.164507
vt 1.000000 0.173056
vt 0.157486 0.157486
vt 0.364077 0.000000
vt 1.000000 0.171960
vt 1.000000 0.635923
vt 0.362301 0.000000
vt 0.933849 0.235112
vt 0.942472 0.571288
vt 0.640548 0.388018
vt 0.574119 0.347044
vt 0.479625 0.288473
vt 0.477657 0.249449
vt 0.476778 0.230195
vt 0.101225 0.967399
vt 0.093750 0.937500
vt 0.108681 0.937500
vt 0.108312 0.964717
vt 0.108255 0.966559
vt 0.109062 0.918248
vt 0.108681 0.937500
vt 0.093750 0.912809
vt 0.085989 0.967129
vt 0.070063 0.967753
vt 0.062500 0.937500
vt 0.082179 0.907502
vt 0.062500 0.913309
vt 0.069696 0.907139
vt 0.038734 0.967436
vt 0.031250 0.937500
vt 0.054937 0.967753
vt 0.031250 0.931006
vt 0.031250 0.931006
vt 0.016269 0.936194
vt 0.016284 0.937500
vt 0.023766 0.967436
vt 0.016484 0.966584
vt 0.694620 0.126486
vt 0.801364 0.801364
vt 0.171960 0.171960
vt 0.253007 0.163652
vt 0.577416 0.134900
s 0
usemtl 
f 4620/6657/2332 4619/6658/2332 4621/6659/2332 4622/6660/2332
f 4623/6661/2333 4620/6657/2333 4622/6662/2333
f 4624/6663/2334 4620/6657/2334 4623/6664/2334
f 4640/6665/2335 4620/6657/2335 4624/6666/2335 4642/6667/2335 4643/6668/2335 4644/6669/2335 4641/6670/2335
f 4619/6671/2336 4620/6657/2336 4640/6672/2336 4645/6673/2336
f 4621/6674/2337 4619/6657/2337 4616/6658/2337 4631/6675/2337
f 4619/6657/2338 4645/6676/2338 4646/6677/2338 4647/6678/2338
f 4618/6671/2339 4619/6657/2339 4647/6679/2339
f 4618/6658/2340 4616/6671/2340 4619/6657/2340
f 4616/6657/2341 4618/6658/2341 4647/6680/2341
f 4634/6681/2342 4651/6682/2342 4616/6657/2342 4647/6683/2342
f 4617/6671/2343 4616/6657/2343 4651/6684/2343
f 4652/6685/2344 4616/6657/2344 4617/6658/2344
f 4617/6671/2345 4651/6686/2345 4652/6687/2345
f 4639/6688/2346 4642/6689/2346 4624/6690/2346 4623/6691/2346 4622/6692/2346 4621/6693/2346 4631/6694/2346
f 4626/6695/2347 4613/6696/2347 4632/6697/2347 4630/6698/2347 4625/6699/2347
f 4633/6700/2348 4632/6701/2348 4613/6696/2348 4653/6702/2348
f 4626/6703/2349 4627/6704/2349 4614/6705/2349 4613/6696/2349
f 4635/6706/2350 4653/6702/2350 4613/6696/2350 4614/6705/2350 4650/6707/2350 4636/6708/2350
f 4629/6709/2351 4615/6710/2351 4614/6705/2351 4627/6711/2351
f 4650/6707/2352 4614/6705/2352 4615/6710/2352 4648/6712/2352
f 4648/6713/2353 4615/6710/2353 4649/6714/2353
f 4649/6715/2354 4615/6710/2354 4629/6716/2354 4628/6717/2354
f 4639/6718/2355 4631/6719/2355 4616/6657/2355 4652/6720/2355 4637/6721/2355 4638/6722/2355
o Sphere_cell.133_cell.007
v -0.041260 0.508181 0.033282
v -0.002340 0.999723 0.001564
v -0.012985 0.998696 0.002583
v -0.079211 0.989893 0.064464
v -0.070588 0.990192 0.070202
v -0.054630 0.990385 0.080777
v -0.028398 0.585905 0.050869
v -0.046942 0.984345 0.085156
v -0.047102 0.990303 0.085746
v -0.024738 0.508223 0.044102
v -0.089106 0.990320 0.040779
v -0.094774 0.924455 0.010410
v -0.101301 0.989916 0.011039
v -0.097861 0.990173 0.019466
v -0.082989 0.990170 0.055451
v -0.061854 0.600533 0.007238
v -0.006902 0.507929 0.001970
v -0.051900 0.508161 0.006279
v -0.054630 0.990385 0.080777
v -0.047102 0.990303 0.085746
v -0.070588 0.990192 0.070202
v -0.079211 0.989893 0.064464
v -0.101301 0.989916 0.011039
v -0.097861 0.990173 0.019466
v -0.089106 0.990320 0.040779
v -0.082989 0.990170 0.055451
v -0.012985 0.998696 0.002583
v -0.002340 0.999723 0.001564
vn -0.5490 -0.0970 0.8302
vn -0.5450 -0.0982 0.8327
vn -0.9206 -0.0954 0.3788
vn -0.9190 -0.0971 0.3822
vn -0.0049 -1.0000 0.0027
vn -0.0016 -1.0000 0.0063
vn -0.9254 -0.1035 0.3647
vn -0.0953 0.0001 -0.9954
vn 0.8956 -0.0025 0.4448
vn -0.0463 0.9952 0.0867
vn -0.0624 0.9951 0.0761
vn -0.0761 0.9951 0.0625
vn -0.0869 0.9951 0.0464
vn -0.0935 0.9951 0.0318
vn -0.0980 0.9951 0.0097
vt 0.361854 0.240592
vt 0.353200 0.242932
vt 0.296230 0.186079
vt 0.175937 0.065354
vt 0.111177 0.000000
vt 1.000000 0.000000
vt 1.000000 0.143502
vt 0.143502 0.143502
vt 0.000000 0.000000
vt 0.183579 0.000000
vt 0.746353 0.508491
vt 1.000000 0.502981
vt 0.973701 0.737291
vt 0.817657 0.580725
vt 0.763429 0.763429
vt 0.502981 0.502981
vt 0.680524 0.000000
vt 1.000000 0.888823
vt 0.909899 0.841276
vt 1.000000 0.617427
vt 1.000000 1.000000
vt 0.380158 0.380158
vt 0.591282 0.562934
vt 1.000000 0.816421
vt 0.680524 0.680524
vt 1.000000 0.380158
vt 0.480041 0.297616
vt 0.568753 0.350152
vt 0.879819 0.540589
vt 0.942654 0.578392
vt 0.951121 0.908515
vt 0.952193 0.952193
vt 0.479844 0.461930
vt 0.995563 0.475271
vt 0.991195 0.943132
vt 0.682675 0.625492
vt 0.684600 0.621695
vt 0.813178 0.367709
vt 0.838735 0.318685
vt 0.163983 0.968433
vt 0.171319 0.968168
vt 0.171506 0.998523
vt 0.132678 0.968213
vt 0.148244 0.968842
vt 0.140457 0.999329
vt 0.109033 0.967124
vt 0.117127 0.968098
vt 0.109150 0.999098
vt 0.101381 0.968025
vt 0.072893 0.968234
vt 0.085826 0.967749
vt 0.077760 0.998541
vt 0.054790 0.968338
vt 0.047240 0.998541
vt 0.045815 0.995758
vt 0.038884 0.968035
vt 0.016488 0.967198
vt 0.023616 0.968035
vt 0.016685 0.995758
s 0
usemtl 
f 4661/6723/2356 4673/6724/2356 4672/6725/2356 4674/6726/2356 4675/6727/2356 4654/6728/2356 4660/6729/2356
f 4660/6730/2357 4654/6731/2357 4663/6732/2357
f 4676/6733/2358 4665/6734/2358 4678/6735/2358 4677/6736/2358
f 4678/6737/2359 4665/6738/2359 4669/6739/2359 4654/6728/2359 4675/6740/2359 4679/6741/2359
f 4670/6742/2360 4654/6743/2360 4671/6744/2360
f 4670/6745/2361 4663/6746/2361 4654/6743/2361
f 4669/6747/2362 4671/6748/2362 4654/6743/2362
f 4671/6749/2363 4669/6750/2363 4665/6751/2363 4676/6752/2363 4680/6753/2363 4681/6754/2363 4670/6755/2363
f 4670/6756/2364 4681/6757/2364 4673/6758/2364 4661/6759/2364 4660/6760/2364 4663/6761/2364
f 4659/6762/2365 4662/6763/2365 4655/6764/2365
f 4658/6765/2366 4659/6766/2366 4655/6767/2366
f 4657/6768/2367 4658/6769/2367 4655/6770/2367 4668/6771/2367
f 4664/6772/2368 4668/6773/2368 4655/6774/2368
f 4664/6775/2369 4655/6776/2369 4656/6777/2369 4667/6778/2369
f 4666/6779/2370 4667/6780/2370 4656/6781/2370
o Sphere_cell.131_cell
v 0.008995 0.033301 -0.001262
v 0.006526 0.027980 -0.003749
v 0.114663 0.495934 -0.054062
v 0.094733 0.503392 -0.035310
v 0.116028 0.500633 -0.011568
v 0.147759 0.491162 -0.014930
v 0.145979 0.490693 -0.023313
v 0.145855 0.493308 -0.001109
v 0.130507 0.497698 -0.000902
v 0.005419 0.022647 -0.001978
v 0.138410 0.488602 -0.058787
v 0.135452 0.487506 -0.071809
v 0.010134 0.521724 -0.001445
v 0.004402 0.522832 -0.001478
v 0.049682 0.513819 -0.001213
v 0.119019 0.490909 -0.078794
v 0.102375 0.496730 -0.067640
v 0.081944 0.503538 -0.053948
vn 0.2734 0.9555 -0.1110
vn 0.2721 0.9564 -0.1062
vn 0.2630 0.9538 -0.1449
vn 0.2722 0.9554 -0.1144
vn 0.2520 0.9610 -0.1144
vn 0.1898 0.9802 -0.0564
vn 0.1960 0.9806 0.0070
vn 0.1956 0.9807 0.0044
vn 0.2325 0.9603 -0.1542
vn 0.2235 0.9637 -0.1458
vn 0.9439 -0.2809 0.1737
vn 0.9390 -0.2902 -0.1845
vn 0.3399 -0.2304 -0.9118
vn -0.5590 0.0011 -0.8292
vn -0.0029 -0.0016 1.0000
vn -0.8409 0.2500 0.4800
vn 0.9255 -0.2946 -0.2381
vn 0.8864 -0.3008 -0.3518
vn -0.8464 -0.0012 -0.5325
vn 0.1700 0.9794 -0.1090
vt 0.864702 0.000000
vt 1.000000 0.000000
vt 1.000000 0.135815
vt 0.918130 0.061342
vt 0.135815 0.135815
vt 0.000000 0.000000
vt 0.175528 0.000000
vt 0.844897 0.000000
vt 1.000000 0.106616
vt 0.898845 0.068837
vt 0.106616 0.106616
vt 1.000000 0.135298
vt 1.000000 1.000000
vt 0.977440 0.000000
vt 1.000000 0.068749
vt 0.068749 0.068749
vt 1.000000 0.591567
vt 1.000000 0.824472
vt 0.591567 0.591567
vt 0.909393 0.000000
vt 0.977535 0.142374
vt 0.889456 0.000000
vt 0.909393 0.909393
vt 0.547430 0.000000
vt 1.000000 0.450503
vt 0.450503 0.450503
vt 0.446999 0.000000
vt 0.447996 0.096264
vt 0.450044 0.382822
vt 0.898015 0.350190
vt 0.550225 0.000000
vt 0.458452 0.386559
vt 0.452739 0.452739
vt 0.483707 0.002350
vt 0.465135 0.305320
vt 0.509335 0.000000
vt 1.000000 0.007574
vt 1.000000 0.462301
vt 0.946083 0.412554
vt 0.666622 0.148588
vt 0.529850 0.019415
vt 0.425117 0.000000
vt 0.462301 0.462301
vt 1.000000 0.553001
vt 0.008171 0.000812
vt 0.583564 0.000000
vt 0.456685 0.456685
vt 0.999577 0.008129
vt 0.483773 0.483773
vt 1.000000 0.022560
vt 0.889456 0.889456
s 0
usemtl 
f 4688/6782/2371 4686/6783/2371 4689/6784/2371 4687/6785/2371
f 4689/6786/2372 4686/6787/2372 4690/6788/2372
f 4697/6789/2373 4684/6783/2373 4692/6790/2373 4693/6791/2373
f 4692/6792/2374 4684/6787/2374 4686/6783/2374 4688/6793/2374
f 4684/6787/2375 4685/6783/2375 4686/6794/2375
f 4685/6787/2376 4695/6795/2376 4694/6796/2376 4686/6794/2376
f 4694/6797/2377 4696/6798/2377 4686/6794/2377
f 4690/6799/2378 4686/6794/2378 4696/6800/2378
f 4698/6801/2379 4684/6783/2379 4697/6802/2379
f 4699/6803/2380 4685/6783/2380 4684/6794/2380 4698/6804/2380
f 4689/6805/2381 4682/6783/2381 4687/6806/2381
f 4687/6807/2382 4682/6787/2382 4693/6808/2382 4692/6809/2382 4688/6810/2382
f 4697/6811/2383 4693/6812/2383 4683/6783/2383
f 4698/6813/2384 4697/6814/2384 4683/6787/2384 4695/6815/2384 4699/6816/2384
f 4695/6817/2385 4691/6818/2385 4689/6819/2385 4690/6820/2385 4696/6821/2385 4694/6822/2385
f 4691/6823/2386 4682/6783/2386 4689/6824/2386
f 4693/6825/2387 4682/6794/2387 4691/6826/2387
f 4691/6827/2388 4683/6783/2388 4693/6828/2388
f 4683/6787/2389 4691/6829/2389 4695/6830/2389
f 4695/6831/2390 4685/6794/2390 4699/6832/2390
o Sphere_cell.131_cell.001
v 0.282949 0.954105 -0.000956
v 0.116652 0.502572 -0.010672
v 0.194992 0.980785 -0.000999
v 0.202835 0.685090 -0.000920
v 0.130035 0.499852 -0.000903
v 0.285410 0.952901 -0.016274
v 0.271892 0.956698 -0.026421
v 0.016523 0.521950 -0.001409
v 0.253596 0.962299 -0.024734
v 0.193243 0.980785 -0.018753
v 0.016104 0.548022 -0.001445
v 0.023804 0.997618 -0.001980
v 0.285410 0.952901 -0.016274
v 0.271892 0.956698 -0.026421
v 0.193243 0.980785 -0.018753
v 0.023804 0.997618 -0.001980
v 0.253596 0.962299 -0.024734
v 0.282949 0.954105 -0.000956
v 0.194992 0.980785 -0.000999
vn 0.5469 -0.2150 -0.8091
vn -0.1910 -0.9815 -0.0115
vn -0.0985 0.0005 -0.9951
vn -0.0927 -0.0029 -0.9957
vn 0.9438 -0.2811 0.1737
vn -0.0039 0.0009 1.0000
vn 0.0979 0.9951 -0.0096
vn 0.2902 0.9565 -0.0286
vt 0.000000 0.000000
vt 0.830130 0.000000
vt 0.998379 0.170044
vt 0.614945 0.273045
vt 0.164264 0.164264
vt 0.121362 0.000000
vt 1.000000 0.000000
vt 1.000000 0.164264
vt 0.764226 0.131186
vt 1.000000 0.166339
vt 1.000000 0.955436
vt 0.169101 0.099274
vt 0.166339 0.166339
vt 0.169870 0.000000
vt 1.000000 0.878638
vt 0.955436 0.955436
vt 0.094084 0.000000
vt 0.356062 0.000000
vt 0.594537 0.499317
vt 0.550485 0.040274
vt 0.942448 0.411001
vt 1.000000 0.647594
vt 1.000000 0.907586
vt 0.688507 0.621730
vt 0.112057 0.061420
vt 0.523778 0.038757
vt 0.500820 0.937500
vt 0.515398 0.937500
vt 0.514593 0.992104
vt 0.515398 0.937500
vt 0.500539 0.908197
vt 0.508987 0.906874
vt 0.515404 0.911045
vt 0.515476 0.917196
s 0
usemtl 
f 4701/6833/2391 4713/6834/2391 4712/6835/2391 4703/6836/2391 4704/6837/2391
f 4707/6838/2392 4701/6839/2392 4704/6840/2392
f 4714/6841/2393 4716/6842/2393 4710/6843/2393 4715/6844/2393
f 4716/6845/2394 4713/6846/2394 4701/6839/2394 4707/6847/2394 4710/6848/2394
f 4717/6849/2395 4703/6850/2395 4712/6851/2395
f 4707/6852/2396 4704/6853/2396 4703/6854/2396 4717/6855/2396 4718/6856/2396 4715/6857/2396 4710/6858/2396
f 4702/6859/2397 4709/6860/2397 4711/6861/2397
f 4709/6862/2398 4702/6859/2398 4700/6863/2398 4705/6864/2398 4706/6865/2398 4708/6866/2398
o Sphere_cell.131_cell.002
v 0.008452 0.523935 -0.002532
v 0.114366 0.502432 -0.012321
v 0.191342 0.980785 -0.038060
v 0.125162 0.623469 -0.050282
v 0.094527 0.505749 -0.035437
v 0.193044 0.980785 -0.020778
v 0.270378 0.957100 -0.028339
v 0.019323 0.998042 -0.003737
v 0.264404 0.958697 -0.035545
v 0.252041 0.962012 -0.050134
v 0.218271 0.968430 -0.088923
v 0.206114 0.972413 -0.083979
v 0.180604 0.980785 -0.073457
v 0.009786 0.998987 -0.003004
v 0.193044 0.980785 -0.020778
v 0.019323 0.998042 -0.003737
v 0.270378 0.957100 -0.028339
v 0.009786 0.998987 -0.003004
v 0.264404 0.958697 -0.035545
v 0.252041 0.962012 -0.050134
v 0.218271 0.968430 -0.088923
v 0.206114 0.972413 -0.083979
v 0.180604 0.980785 -0.073457
vn 0.0978 0.0015 0.9952
vn 0.7054 -0.2641 -0.6578
vn -0.3813 0.0002 -0.9245
vn 0.0909 0.0004 0.9959
vn -0.1964 -0.9801 0.0279
vn -0.3613 -0.0235 -0.9321
vn -0.3773 -0.0019 -0.9261
vn 0.0942 0.9951 -0.0286
vn 0.2790 0.9565 -0.0846
vn 0.0979 0.9951 -0.0096
vn 0.2902 0.9565 -0.0286
vn 0.7120 -0.2672 -0.6494
vt 0.094415 0.000000
vt 1.000000 0.000000
vt 1.000000 0.831880
vt 0.708067 0.582894
vt 0.795142 0.573601
vt 0.787812 0.787812
vt 0.000000 0.000000
vt 0.809007 0.000000
vt 0.147273 0.000000
vt 0.997984 0.901505
vt 0.257850 0.126532
vt 0.903612 0.903612
vt 1.000000 0.905585
vt 1.000000 1.000000
vt 1.000000 0.190993
vt 0.852727 0.000000
vt 0.531250 0.937500
vt 0.561475 0.937500
vt 0.546011 0.996545
vt 0.561475 0.937500
vt 0.531250 0.916881
vt 0.561574 0.923930
vt 0.561594 0.928305
vt 0.516368 0.996700
vt 0.516362 0.993479
vt 0.517060 0.937500
vt 0.531250 0.916881
vt 0.517060 0.937500
vt 0.516591 0.911487
vt 0.521183 0.913240
vt 1.000000 0.787812
vt 0.831880 0.831880
s 0
usemtl 
f 4734/6867/2399 4720/6868/2399 4735/6869/2399 4733/6870/2399
f 4738/6871/2400 4737/6872/2400 4722/6873/2400 4739/6874/2400
f 4740/6875/2401 4719/6868/2401 4736/6876/2401 4741/6877/2401
f 4736/6878/2402 4719/6873/2402 4720/6868/2402 4734/6879/2402
f 4723/6868/2403 4720/6880/2403 4719/6873/2403
f 4719/6873/2404 4722/6868/2404 4723/6880/2404
f 4739/6881/2405 4722/6880/2405 4719/6873/2405 4740/6882/2405
f 4721/6883/2406 4731/6884/2406 4732/6885/2406
f 4731/6886/2407 4721/6883/2407 4728/6887/2407 4729/6888/2407 4730/6889/2407
f 4732/6890/2408 4726/6891/2408 4724/6892/2408 4721/6883/2408
f 4728/6893/2409 4721/6883/2409 4724/6894/2409 4725/6895/2409 4727/6896/2409
f 4723/6873/2410 4722/6868/2410 4737/6897/2410 4735/6898/2410 4720/6873/2410
o Sphere_cell.131_cell.003
v 0.114185 0.497906 -0.055083
v 0.123117 0.613923 -0.051384
v 0.094939 0.504932 -0.036650
v 0.231910 0.955479 -0.154106
v 0.178232 0.698040 -0.109278
v 0.247445 0.952197 -0.147882
v 0.122134 0.492259 -0.078042
v 0.105853 0.600861 -0.069899
v 0.198352 0.967732 -0.131616
v 0.218178 0.966650 -0.102052
v 0.234936 0.959834 -0.118140
v 0.110284 0.495467 -0.072940
v 0.082765 0.505065 -0.054497
v 0.234936 0.959834 -0.118140
v 0.247445 0.952197 -0.147882
v 0.218178 0.966650 -0.102052
v 0.231910 0.955479 -0.154106
v 0.198352 0.967732 -0.131616
vn 0.8968 -0.1806 0.4038
vn 0.9114 -0.1933 0.3631
vn 0.6743 -0.0759 0.7346
vn 0.6750 -0.0763 0.7338
vn -0.1873 -0.9669 0.1730
vn -0.2332 -0.9605 0.1519
vn 0.6097 -0.0507 0.7910
vn -0.7925 0.2783 0.5427
vn 0.3205 -0.2270 -0.9197
vn -0.5358 -0.0073 -0.8443
vn 0.2571 0.9565 -0.1374
vn -0.7913 0.2903 0.5381
vt 1.000000 0.000000
vt 1.000000 0.362953
vt 0.569695 0.393604
vt 0.164528 0.000000
vt 0.000000 0.000000
vt 0.153561 0.000000
vt 0.362953 0.362953
vt 0.151399 0.000000
vt 1.000000 0.835689
vt 0.835689 0.835689
vt 1.000000 0.846439
vt 1.000000 1.000000
vt 0.216083 0.000000
vt 0.106582 0.000000
vt 0.216083 0.216083
vt 0.810814 0.810814
vt 1.000000 0.121234
vt 0.106582 0.106582
vt 0.765962 0.421470
vt 1.000000 0.454392
vt 1.000000 0.907083
vt 0.569566 0.473803
vt 0.560315 0.401532
vt 0.919107 0.773656
vt 0.907083 0.907083
vt 0.454392 0.454392
vt 0.457208 0.418025
vt 0.466628 0.308605
vt 0.575019 0.913089
vt 0.586042 0.906100
vt 0.593345 0.909707
vt 0.593214 0.923164
vt 0.569646 0.921976
vt 0.813101 0.326261
vt 0.878766 0.000000
vt 0.810814 0.000000
s 0
usemtl 
f 4742/6899/2411 4746/6900/2411 4756/6901/2411 4755/6902/2411
f 4742/6903/2412 4748/6904/2412 4746/6905/2412
f 4757/6906/2413 4744/6899/2413 4755/6907/2413
f 4755/6908/2414 4744/6903/2414 4742/6899/2414
f 4748/6909/2415 4742/6910/2415 4744/6903/2415 4753/6911/2415
f 4744/6903/2416 4754/6912/2416 4753/6913/2416
f 4757/6914/2417 4743/6903/2417 4744/6899/2417
f 4744/6903/2418 4743/6899/2418 4749/6915/2418 4754/6916/2418
f 4746/6917/2419 4748/6918/2419 4758/6919/2419 4756/6920/2419
f 4749/6921/2420 4759/6922/2420 4758/6923/2420 4748/6924/2420 4753/6925/2420 4754/6926/2420
f 4752/6927/2421 4747/6928/2421 4745/6929/2421 4750/6930/2421 4751/6931/2421
f 4759/6932/2422 4749/6933/2422 4743/6903/2422 4757/6934/2422
o Sphere_cell.131_cell.004
v 0.137799 0.673103 -0.058108
v 0.089335 0.506530 -0.037445
v 0.162602 0.980785 -0.107657
v 0.179985 0.980785 -0.075134
v 0.217458 0.968478 -0.090678
v 0.216660 0.967313 -0.100280
v 0.193060 0.954044 -0.128080
v 0.196652 0.968353 -0.130477
v 0.199832 0.968186 -0.125690
v 0.006501 0.523439 -0.003393
v 0.009040 0.998989 -0.004768
v 0.116886 0.651192 -0.077256
v 0.077984 0.506851 -0.051293
v 0.179985 0.980785 -0.075134
v 0.217458 0.968478 -0.090678
v 0.216660 0.967313 -0.100280
v 0.196652 0.968353 -0.130477
v 0.199832 0.968186 -0.125690
v 0.009040 0.998989 -0.004768
v 0.162602 0.980785 -0.107657
vn 0.5434 -0.0542 0.8377
vn 0.9631 -0.2650 -0.0479
vn 0.7928 -0.2889 -0.5367
vn 0.7728 -0.3009 -0.5588
vn -0.1569 -0.9819 0.1058
vn 0.7934 -0.2894 -0.5354
vn -0.5566 0.0006 -0.8308
vn 0.0869 0.9951 -0.0464
vn 0.2571 0.9565 -0.1374
vn 0.3809 0.0006 0.9246
vt 0.000000 0.000000
vt 1.000000 0.000000
vt 0.850690 0.850690
vt 0.784193 0.784193
vt 0.782412 0.000000
vt 0.149164 0.000000
vt 0.175223 0.000000
vt 0.201079 0.052171
vt 0.868517 0.000000
vt 1.000000 1.000000
vt 0.910754 0.910754
vt 1.000000 0.916688
vt 0.055171 0.055171
vt 1.000000 0.217588
vt 0.868517 0.868517
vt 0.824777 0.000000
vt 0.850836 0.000000
vt 0.468380 0.289596
vt 0.484687 0.005274
vt 0.949894 0.020537
vt 0.931916 0.631512
vt 0.919716 0.766896
vt 0.905722 0.752447
vt 0.609540 0.445989
vt 0.562941 0.937500
vt 0.593074 0.937500
vt 0.578079 0.996710
vt 0.589356 0.923662
vt 0.593207 0.923846
vt 0.593074 0.937500
vt 0.562875 0.923983
vt 0.568995 0.922703
vt 0.829861 0.703028
vt 0.986076 0.906849
vt 0.055171 0.000000
vt 1.000000 0.850690
s 0
usemtl 
f 4761/6935/2423 4760/6936/2423 4764/6937/2423
f 4764/6938/2424 4760/6935/2424 4775/6939/2424
f 4777/6940/2425 4766/6941/2425 4776/6942/2425
f 4771/6943/2426 4760/6936/2426 4761/6944/2426 4772/6945/2426
f 4772/6946/2427 4761/6944/2427 4769/6947/2427
f 4775/6948/2428 4760/6944/2428 4771/6949/2428 4766/6950/2428 4777/6951/2428
f 4772/6952/2429 4769/6953/2429 4770/6954/2429 4779/6955/2429 4776/6956/2429 4766/6957/2429 4771/6958/2429
f 4773/6959/2430 4762/6960/2430 4778/6961/2430
f 4768/6962/2431 4767/6963/2431 4762/6964/2431 4773/6959/2431 4774/6965/2431 4765/6966/2431
f 4763/6967/2432 4770/6968/2432 4769/6969/2432 4761/6936/2432 4764/6970/2432
o Sphere_cell.131_cell.005
v 0.287403 0.951925 -0.028685
v 0.270836 0.951039 -0.112184
v 0.282272 0.952662 -0.056147
v 0.115046 0.498156 -0.053478
v 0.137747 0.668025 -0.056703
v 0.097087 0.505541 -0.035623
v 0.116735 0.501884 -0.012658
v 0.244965 0.820490 -0.010609
v 0.272651 0.956411 -0.028337
v 0.285740 0.952739 -0.018331
v 0.132744 0.498721 -0.000902
v 0.193025 0.652146 -0.000916
v 0.146276 0.492077 -0.023979
v 0.148198 0.492611 -0.014974
v 0.146190 0.494878 -0.000895
v 0.139146 0.490622 -0.058214
v 0.267849 0.949905 -0.125663
v 0.239426 0.958353 -0.120042
v 0.234533 0.960345 -0.115335
v 0.218136 0.967024 -0.099527
v 0.218944 0.968077 -0.090689
v 0.264795 0.958519 -0.037545
v 0.253806 0.961466 -0.050485
v 0.272651 0.956411 -0.028337
v 0.285740 0.952739 -0.018331
v 0.267849 0.949905 -0.125663
v 0.239426 0.958353 -0.120042
v 0.234533 0.960345 -0.115335
v 0.218136 0.967024 -0.099527
v 0.218944 0.968077 -0.090689
v 0.264795 0.958519 -0.037545
v 0.253806 0.961466 -0.050485
v 0.287403 0.951925 -0.028685
v 0.270836 0.951039 -0.112184
v 0.282272 0.952662 -0.056147
vn -0.5535 0.2176 0.8039
vn -0.5498 0.2161 0.8069
vn -0.2730 -0.9551 0.1149
vn -0.2792 -0.9551 0.0988
vn -0.2168 -0.0821 -0.9728
vn -0.6749 0.0763 -0.7339
vn -0.6757 0.0766 -0.7332
vn -0.9621 0.2667 0.0561
vn -0.7059 0.2653 0.6568
vn -0.7031 0.2640 0.6603
vn -0.2927 -0.9511 0.0990
vn -0.7121 0.2627 0.6511
vn -0.6866 0.0780 -0.7228
vn 0.9435 -0.2808 0.1759
vn 0.9393 -0.2901 -0.1833
vn -0.0004 0.0003 1.0000
vn 0.2571 0.9565 -0.1374
vn 0.2790 0.9565 -0.0846
vn 0.2902 0.9565 -0.0286
vt 1.000000 0.000000
vt 1.000000 0.581498
vt 0.617475 0.440565
vt 0.169951 0.000000
vt 0.456627 0.285024
vt 0.581498 0.581498
vt 0.000000 0.000000
vt 0.190354 0.000000
vt 0.809646 0.000000
vt 1.000000 0.134065
vt 0.896352 0.103227
vt 0.754756 0.040066
vt 0.134065 0.134065
vt 1.000000 0.108537
vt 0.834464 0.000000
vt 0.962711 0.127515
vt 0.108537 0.108537
vt 1.000000 0.765999
vt 0.834464 0.834464
vt 0.784023 0.000000
vt 0.765999 0.765999
vt 0.787325 0.022992
vt 0.784023 0.784023
vt 0.212613 0.000000
vt 1.000000 0.761552
vt 0.806726 0.576183
vt 1.000000 0.830049
vt 0.761552 0.761552
vt 1.000000 1.000000
vt 0.538713 0.313205
vt 0.388157 0.000000
vt 0.545943 0.000000
vt 1.000000 0.451929
vt 1.000000 0.903861
vt 0.661736 0.566365
vt 0.901891 0.124255
vt 0.902998 0.232914
vt 0.904588 0.684448
vt 0.903861 0.903861
vt 0.451929 0.451929
vt 0.451406 0.379180
vt 0.449983 0.103324
vt 0.952388 0.419851
vt 1.000000 0.463764
vt 1.000000 0.615756
vt 0.572830 0.915050
vt 0.568133 0.922386
vt 0.562500 0.923543
vt 0.562500 0.904829
vt 0.569757 0.903582
vt 0.574074 0.912862
vt 0.531250 0.916281
vt 0.531250 0.906612
vt 0.562328 0.923562
vt 0.510122 0.906697
vt 0.515832 0.905803
vt 0.531250 0.906612
vt 0.522321 0.913045
vt 0.516454 0.910730
s 0
usemtl 
f 4786/6971/2433 4787/6972/2433 4804/6973/2433 4803/6974/2433
f 4791/6975/2434 4787/6976/2434 4786/6977/2434 4790/6978/2434
f 4790/6979/2435 4786/6971/2435 4792/6980/2435 4793/6981/2435 4794/6982/2435
f 4792/6983/2436 4786/6977/2436 4783/6971/2436 4795/6984/2436
f 4783/6977/2437 4806/6985/2437 4805/6986/2437 4795/6987/2437
f 4784/6971/2438 4807/6988/2438 4806/6989/2438 4783/6977/2438
f 4808/6990/2439 4807/6991/2439 4784/6977/2439
f 4809/6992/2440 4808/6993/2440 4784/6977/2440
f 4809/6994/2441 4784/6971/2441 4810/6995/2441 4811/6996/2441
f 4784/6977/2442 4786/6971/2442 4803/6997/2442 4810/6998/2442
f 4783/6971/2443 4786/6999/2443 4785/6977/2443
f 4786/6999/2444 4784/6977/2444 4785/6971/2444
f 4785/6977/2445 4784/6971/2445 4783/6999/2445
f 4787/7000/2446 4791/7001/2446 4794/7002/2446 4793/7003/2446 4812/7004/2446 4804/7005/2446
f 4805/7006/2447 4813/7007/2447 4814/7008/2447 4812/7009/2447 4793/7010/2447 4792/7011/2447 4795/7012/2447
f 4790/7013/2448 4794/7014/2448 4791/7015/2448
f 4798/7016/2449 4799/7017/2449 4800/7018/2449 4781/7019/2449 4796/7020/2449 4797/7021/2449
f 4802/7022/2450 4782/7023/2450 4781/7019/2450 4800/7024/2450
f 4789/7025/2451 4780/7026/2451 4782/7027/2451 4802/7022/2451 4801/7028/2451 4788/7029/2451
o Sphere_cell.131_cell.006
v 0.116890 0.497539 -0.056021
v 0.264434 0.948608 -0.141077
v 0.267483 0.949766 -0.127316
v 0.138763 0.490707 -0.060307
v 0.240741 0.957713 -0.122042
v 0.124223 0.492168 -0.077291
v 0.136048 0.489636 -0.072129
v 0.177100 0.686768 -0.106890
v 0.249302 0.951805 -0.147138
v 0.267483 0.949766 -0.127316
v 0.240741 0.957713 -0.122042
v 0.249302 0.951805 -0.147138
v 0.264434 0.948608 -0.141077
vn 0.2161 0.0814 0.9730
vn -0.2684 -0.9519 0.1479
vn -0.9135 0.1946 -0.3574
vn -0.9117 0.1925 -0.3630
vn 0.9386 -0.2904 -0.1862
vn 0.3320 -0.2298 -0.9148
vn 0.2571 0.9565 -0.1374
vt 0.165816 0.000000
vt 1.000000 0.000000
vt 1.000000 0.099143
vt 0.165136 0.120754
vt 0.150518 0.069625
vt 0.099143 0.099143
vt 0.000000 0.000000
vt 0.143979 0.000000
vt 0.625286 0.448302
vt 0.657395 0.000000
vt 1.000000 0.834184
vt 1.000000 1.000000
vt 0.657395 0.657395
vt 1.000000 0.856021
vt 0.900626 0.000000
vt 0.901756 0.110928
vt 0.450067 0.086667
vt 0.449101 0.000000
vt 0.098875 0.000000
vt 0.548143 0.000000
vt 0.870895 0.324974
vt 0.723612 0.368132
vt 0.518112 0.422009
vt 0.574783 0.912159
vt 0.570647 0.903430
vt 0.578055 0.902157
vt 0.585169 0.905669
s 0
usemtl 
f 4825/7030/2452 4815/7031/2452 4818/7032/2452 4824/7033/2452
f 4821/7034/2453 4818/7035/2453 4815/7036/2453 4820/7037/2453
f 4826/7038/2454 4822/7039/2454 4815/7031/2454 4825/7040/2454
f 4815/7041/2455 4822/7042/2455 4820/7043/2455
f 4827/7044/2456 4824/7045/2456 4818/7046/2456 4821/7047/2456
f 4827/7048/2457 4821/7049/2457 4820/7050/2457 4822/7051/2457 4826/7052/2457
f 4819/7053/2458 4817/7054/2458 4816/7055/2458 4823/7056/2458
o Sphere_cell.131_cell.007
v 0.003285 0.015019 -0.000832
v 0.004791 0.020401 -0.001640
l 4828 4829
o Sphere_cell.128_cell
v 0.980882 0.098017 0.096094
v 0.500037 0.098206 0.001337
v 0.629572 0.063081 -0.034338
v 0.509218 0.051147 -0.046253
v 0.990103 0.098833 0.001652
v 0.980937 0.145056 0.048494
v 0.976290 0.145165 0.095564
v 0.979363 0.145118 0.064408
v 0.860417 0.133950 0.084113
v 0.500116 0.050343 0.048619
v 0.495596 0.098406 0.048086
v 0.990103 0.098833 0.001652
v 0.980937 0.145056 0.048494
v 0.976290 0.145165 0.095564
v 0.979363 0.145118 0.064408
v 0.980882 0.098017 0.096094
vn -0.0009 0.7110 -0.7032
vn -0.0005 0.7117 -0.7024
vn -0.0953 0.9954 -0.0109
vn -0.9907 -0.0963 -0.0959
vn -0.0957 0.9953 -0.0133
vn -0.9911 -0.0943 -0.0937
vn 0.0986 -0.9951 0.0010
vn -0.0985 0.0018 0.9951
vn 0.9904 0.0975 0.0975
vt 0.679704 0.000000
vt 1.000000 0.000000
vt 1.000000 0.239657
vt 0.239657 0.239657
vt 0.000000 0.000000
vt 0.890136 0.000000
vt 0.906993 0.236504
vt 0.447807 0.332181
vt 0.109977 0.000000
vt 0.324679 0.000000
vt 1.000000 0.320296
vt 0.673218 0.000000
vt 0.675321 0.000000
vt 0.890023 0.000000
vt 1.000000 0.109864
vt 1.000000 1.000000
vt 0.677050 0.677050
vt 1.000000 0.677050
vt 0.673218 0.673218
vt 1.000000 0.066246
vt 1.000000 0.527844
vt 0.692184 0.519085
vt 0.692280 0.403530
vt 0.693527 0.057373
vt 0.066246 0.066246
vt 0.215326 0.070622
vt 0.327371 0.181872
vt 0.679553 0.532146
vt 0.527844 0.527844
vt 0.484470 0.546506
vt 0.484457 0.531401
vt 0.499733 0.531663
vt 0.492120 0.546471
vt 0.489534 0.546491
s 0
usemtl 
f 4833/7057/2459 4831/7058/2459 4832/7059/2459
f 4832/7060/2460 4831/7061/2460 4842/7062/2460 4841/7063/2460
f 4843/7064/2461 4844/7065/2461 4838/7066/2461
f 4833/7067/2462 4839/7068/2462 4831/7058/2462
f 4838/7069/2463 4844/7070/2463 4842/7071/2463 4831/7072/2463 4840/7073/2463
f 4840/7074/2464 4831/7072/2464 4839/7075/2464
f 4845/7076/2465 4839/7077/2465 4833/7078/2465 4832/7079/2465 4841/7080/2465
f 4845/7081/2466 4843/7082/2466 4838/7083/2466 4840/7084/2466 4839/7085/2466
f 4836/7086/2467 4830/7087/2467 4834/7088/2467 4835/7089/2467 4837/7090/2467
o Sphere_cell.128_cell.001
v 0.473863 0.185093 0.007214
v 0.916335 0.378590 0.089207
v 0.488927 0.148554 0.014137
v 0.474464 0.174944 0.045859
v 0.485703 0.148592 0.047018
v 0.945053 0.294172 0.057626
v 0.946879 0.287798 0.058723
v 0.943597 0.287789 0.092074
v 0.723463 0.220849 0.070409
v 0.467420 0.192192 0.045131
v 0.470603 0.193004 0.007201
v 0.481518 0.198393 0.008345
v 0.919818 0.378849 0.053047
v 0.936083 0.325122 0.053375
v 0.945053 0.294172 0.057626
v 0.946879 0.287798 0.058723
v 0.943597 0.287789 0.092074
v 0.919818 0.378849 0.053047
v 0.936083 0.325122 0.053375
v 0.916335 0.378590 0.089207
vn -0.9147 -0.3941 -0.0893
vn 0.1353 -0.1304 -0.9822
vn 0.2883 -0.9571 0.0281
vn 0.2880 -0.9572 0.0293
vn 0.0874 0.0345 -0.9956
vn 0.0927 0.0220 -0.9954
vn 0.1283 -0.0983 -0.9868
vn -0.0985 0.0018 0.9951
vn -0.3820 0.9241 -0.0101
vn 0.9527 0.2890 0.0938
vn -0.9211 -0.3797 -0.0854
vt 0.721083 0.000000
vt 1.000000 0.000000
vt 1.000000 1.000000
vt 0.750208 0.750208
vt 1.000000 0.169812
vt 0.000000 0.000000
vt 0.831481 0.000000
vt 0.169811 0.169811
vt 0.603898 0.175577
vt 1.000000 0.574644
vt 0.574644 0.574644
vt 1.000000 0.750208
vt 1.000000 0.212316
vt 0.967882 0.967882
vt 0.965654 0.945976
vt 0.212316 0.212316
vt 1.000000 0.183299
vt 0.183299 0.183299
vt 1.000000 0.168519
vt 1.000000 0.127997
vt 1.000000 0.559123
vt 0.938717 0.552374
vt 0.844488 0.541605
vt 0.764097 0.313287
vt 0.689835 0.101899
vt 1.000000 0.561467
vt 0.563954 0.563954
vt 0.129094 0.129094
vt 0.557754 0.126367
vt 1.000000 0.550537
vt 0.484516 0.593367
vt 0.490123 0.593380
vt 0.490287 0.595503
vt 0.490908 0.605817
vt 0.490785 0.624066
vt 0.484546 0.623601
vt 0.938521 0.210599
vt 1.000000 0.967882
vt 1.000000 0.278917
s 0
usemtl 
f 4849/7091/2468 4846/7092/2468 4848/7093/2468 4850/7094/2468
f 4861/7095/2469 4848/7093/2469 4846/7096/2469 4860/7097/2469
f 4848/7093/2470 4861/7098/2470 4862/7099/2470 4854/7100/2470
f 4854/7101/2471 4850/7102/2471 4848/7093/2471
f 4863/7103/2472 4846/7093/2472 4856/7104/2472 4857/7105/2472
f 4863/7106/2473 4864/7107/2473 4846/7093/2473
f 4864/7108/2474 4860/7109/2474 4846/7093/2474
f 4865/7110/2475 4855/7111/2475 4849/7112/2475 4850/7113/2475 4854/7114/2475 4862/7115/2475
f 4856/7116/2476 4855/7117/2476 4865/7118/2476 4863/7119/2476 4857/7120/2476
f 4853/7121/2477 4852/7122/2477 4851/7123/2477 4859/7124/2477 4858/7125/2477 4847/7126/2477
f 4855/7127/2478 4856/7128/2478 4846/7092/2478 4849/7129/2478
o Sphere_cell.128_cell.002
v 0.473839 0.188068 0.005930
v 0.922809 0.381098 0.015756
v 0.918757 0.372364 0.008336
v 0.926115 0.371567 0.011542
v 0.935591 0.327474 0.051137
v 0.485011 0.198804 0.007261
v 0.922101 0.371863 0.051379
v 0.904790 0.373719 0.049912
v 0.498109 0.205262 0.008624
v 0.919668 0.379881 0.051391
v 0.926115 0.371567 0.011542
v 0.935591 0.327474 0.051137
v 0.922101 0.371863 0.051379
v 0.919668 0.379881 0.051391
v 0.922809 0.381098 0.015756
vn 0.2584 -0.6141 -0.7457
vn -0.0878 -0.0321 0.9956
vn -0.0874 -0.0281 0.9958
vn -0.3825 0.9240 -0.0022
vn -0.2835 0.7108 -0.6437
vn -0.2046 0.5340 -0.8204
vn 0.9527 0.2890 0.0938
vt 0.183567 0.183567
vt 0.172479 0.172479
vt 0.185236 0.000000
vt 1.000000 0.009915
vt 0.000000 0.000000
vt 0.814764 0.000000
vt 1.000000 0.177409
vt 1.000000 0.203333
vt 0.085385 0.036121
vt 0.051473 0.026955
vt 0.288729 0.180968
vt 0.203333 0.203333
vt 0.177409 0.177409
vt 0.577471 0.126242
vt 1.000000 0.123554
vt 1.000000 0.534484
vt 0.592028 0.140649
vt 0.545497 0.000000
vt 0.534241 0.468859
vt 0.123096 0.000000
vt 0.123096 0.123096
vt 0.153252 0.120609
vt 0.159403 0.126981
vt 0.562847 0.557994
vt 0.545497 0.545497
vt 0.498517 0.622502
vt 0.497222 0.624547
vt 0.491072 0.624088
vt 0.491100 0.621410
vt 0.491283 0.606602
s 0
usemtl 
f 4868/7130/2479 4876/7131/2479 4877/7132/2479 4866/7133/2479
f 4866/7134/2480 4877/7135/2480 4878/7136/2480 4873/7137/2480 4874/7138/2480 4871/7139/2480
f 4879/7140/2481 4873/7141/2481 4878/7142/2481
f 4879/7143/2482 4880/7144/2482 4874/7145/2482 4873/7146/2482
f 4871/7147/2483 4874/7148/2483 4880/7149/2483
f 4880/7150/2484 4876/7151/2484 4868/7152/2484 4866/7153/2484 4871/7154/2484
f 4869/7155/2485 4867/7156/2485 4875/7157/2485 4872/7158/2485 4870/7159/2485
o Sphere_cell.128_cell.003
v 0.475036 0.185154 0.005783
v 0.489531 0.148732 0.011579
v 0.928287 0.368154 0.000000
v 0.491921 0.142291 -0.000365
v 0.491743 0.142375 -0.054318
v 0.481135 0.169299 -0.021873
v 0.649661 0.190052 -0.070089
v 0.473446 0.189125 0.001970
v 0.653116 0.262631 0.004094
v 0.936387 0.324731 0.051492
v 0.925745 0.374160 0.007310
v 0.954229 0.282633 0.000000
v 0.950206 0.281491 0.044364
v 0.945335 0.279757 -0.099160
v 0.947197 0.287259 0.057155
v 0.945373 0.293567 0.056242
v 0.936387 0.324731 0.051492
v 0.925745 0.374160 0.007310
v 0.954229 0.282633 0.000000
v 0.945335 0.279757 -0.099160
v 0.950206 0.281491 0.044364
v 0.947197 0.287259 0.057155
v 0.945373 0.293567 0.056242
v 0.928287 0.368154 0.000000
vn -0.9294 -0.3692 0.0025
vn 0.2888 -0.9574 -0.0025
vn -0.9301 -0.3672 0.0054
vn -0.2595 0.6128 0.7464
vn -0.2592 0.6120 0.7471
vn 0.2905 -0.9569 0.0017
vn 0.2206 -0.8687 0.4436
vn 0.2059 -0.8435 0.4961
vn -0.9297 -0.3680 0.0124
vn -0.1300 0.1051 0.9859
vn -0.1315 0.1122 0.9849
vn -0.2758 0.6935 -0.6656
vn 0.9527 0.2890 -0.0938
vn 0.9527 0.2890 0.0938
vt 0.093568 0.000000
vt 0.223134 0.223134
vt 0.000000 0.000000
vt 1.000000 0.000000
vt 1.000000 0.223134
vt 0.712250 0.000000
vt 1.000000 0.016159
vt 0.093568 0.093568
vt 0.315266 0.000000
vt 0.016159 0.016159
vt 0.315266 0.315266
vt 0.815776 0.000000
vt 0.797805 0.703300
vt 0.656441 0.483578
vt 0.307922 0.151300
vt 0.163953 0.000000
vt 1.000000 0.287750
vt 1.000000 1.000000
vt 0.163953 0.163953
vt 1.000000 0.169008
vt 0.169214 0.000000
vt 0.830786 0.000000
vt 1.000000 0.168101
vt 1.000000 0.184224
vt 0.168101 0.168101
vt 0.157783 0.120235
vt 0.187808 0.117758
vt 0.610402 0.100976
vt 0.742075 0.386367
vt 0.811321 0.538795
vt 0.677469 0.549139
vt 0.579015 0.556638
vt 0.411673 0.383282
vt 0.516210 0.590708
vt 0.500000 0.620159
vt 0.500000 0.591666
vt 0.490522 0.595302
vt 0.490729 0.592850
vt 0.492553 0.591281
vt 0.498711 0.622195
vt 0.491230 0.605687
s 0
usemtl 
f 4886/7160/2486 4885/7161/2486 4884/7162/2486
f 4884/7163/2487 4885/7164/2487 4887/7165/2487
f 4884/7162/2488 4881/7163/2488 4888/7166/2488 4886/7167/2488
f 4881/7162/2489 4889/7168/2489 4888/7169/2489
f 4889/7170/2490 4881/7162/2490 4897/7171/2490 4898/7172/2490
f 4900/7173/2491 4899/7174/2491 4901/7175/2491 4884/7163/2491 4887/7176/2491
f 4884/7177/2492 4901/7178/2492 4902/7179/2492
f 4884/7177/2493 4902/7180/2493 4882/7163/2493
f 4881/7163/2494 4884/7177/2494 4882/7162/2494
f 4881/7177/2495 4882/7162/2495 4902/7181/2495 4903/7182/2495
f 4897/7183/2496 4881/7177/2496 4903/7184/2496
f 4898/7185/2497 4904/7186/2497 4900/7187/2497 4887/7188/2497 4885/7189/2497 4886/7190/2497 4888/7191/2497 4889/7192/2497
f 4894/7193/2498 4883/7194/2498 4892/7195/2498
f 4896/7196/2499 4895/7197/2499 4893/7198/2499 4892/7195/2499 4883/7194/2499 4891/7199/2499 4890/7200/2499
o Sphere_cell.128_cell.004
v 0.008353 0.001579 0.000058
v 0.014818 0.003637 -0.001182
l 4905 4906
o Sphere_cell.128_cell.005
v 0.500282 0.100034 0.001360
v 0.971428 0.195090 0.095001
v 0.492068 0.140614 0.000899
v 0.489377 0.147019 0.013366
v 0.488452 0.135157 0.047314
v 0.495593 0.100238 0.048083
v 0.950605 0.279676 0.045909
v 0.952533 0.273276 0.046042
v 0.976005 0.195090 0.048537
v 0.980631 0.147562 0.049094
v 0.979042 0.147634 0.065153
v 0.862294 0.136518 0.084294
v 0.486140 0.147143 0.047064
v 0.976032 0.147812 0.095534
v 0.947587 0.285523 0.058541
v 0.945374 0.285584 0.080823
v 0.897272 0.271415 0.087513
v 0.944259 0.285583 0.092144
v 0.950605 0.279676 0.045909
v 0.952533 0.273276 0.046042
v 0.976005 0.195090 0.048537
v 0.980631 0.147562 0.049094
v 0.979042 0.147634 0.065153
v 0.976032 0.147812 0.095534
v 0.947587 0.285523 0.058541
v 0.945374 0.285584 0.080823
v 0.944259 0.285583 0.092144
v 0.971428 0.195090 0.095001
vn -0.9747 -0.2014 -0.0970
vn -0.9741 -0.1984 -0.1084
vn 0.0953 0.0080 -0.9954
vn 0.0991 -0.0020 -0.9951
vn 0.0971 -0.9952 0.0141
vn -0.9773 -0.1904 -0.0932
vn 0.0973 -0.9951 0.0155
vn -0.2864 0.9576 -0.0311
vn -0.2169 0.8651 -0.4523
vn -0.2105 0.8503 -0.4823
vn -0.2860 0.9578 -0.0281
vn -0.0985 0.0018 0.9951
vn 0.9527 0.2890 0.0938
vn 0.9904 0.0975 0.0975
vt 1.000000 0.000000
vt 1.000000 1.000000
vt 0.677031 0.677031
vt 0.744102 0.000000
vt 0.000000 0.000000
vt 0.836755 0.000000
vt 1.000000 0.162157
vt 1.000000 0.111031
vt 0.162157 0.162157
vt 0.687108 0.119266
vt 0.111031 0.111031
vt 0.110989 0.000000
vt 0.321398 0.000000
vt 1.000000 0.677031
vt 0.745960 0.000000
vt 1.000000 0.255898
vt 0.321398 0.321398
vt 0.110989 0.110989
vt 0.444274 0.116102
vt 0.746585 0.000000
vt 0.831961 0.000000
vt 1.000000 0.167909
vt 0.745960 0.745960
vt 1.000000 0.163375
vt 0.167909 0.167909
vt 0.163245 0.000000
vt 0.857877 0.170172
vt 1.000000 0.168039
vt 1.000000 0.253415
vt 0.373185 0.075255
vt 0.682298 0.101265
vt 0.698502 0.146384
vt 0.839537 0.541186
vt 0.800208 0.538976
vt 0.685123 0.532148
vt 0.332804 0.180068
vt 0.223694 0.070868
vt 0.490161 0.592622
vt 0.486417 0.592636
vt 0.484515 0.592632
vt 0.484484 0.562500
vt 0.492073 0.562500
vt 0.492292 0.588545
vt 0.491956 0.591018
vt 0.489410 0.547297
vt 0.492020 0.547274
vt 0.492073 0.562500
vt 0.484471 0.547354
s 0
usemtl 
f 4910/7201/2500 4907/7202/2500 4912/7203/2500 4911/7204/2500
f 4910/7205/2501 4909/7201/2501 4907/7202/2501
f 4909/7205/2502 4925/7206/2502 4926/7207/2502 4907/7202/2502
f 4928/7208/2503 4907/7202/2503 4926/7209/2503 4927/7210/2503
f 4907/7202/2504 4928/7211/2504 4929/7212/2504 4918/7213/2504 4912/7214/2504
f 4919/7215/2505 4910/7201/2505 4911/7216/2505
f 4918/7217/2506 4929/7218/2506 4930/7219/2506
f 4923/7220/2507 4932/7221/2507 4931/7222/2507 4910/7202/2507 4919/7223/2507
f 4925/7224/2508 4910/7202/2508 4931/7225/2508
f 4925/7226/2509 4909/7201/2509 4910/7202/2509
f 4933/7227/2510 4932/7228/2510 4923/7229/2510
f 4934/7230/2511 4933/7231/2511 4923/7232/2511 4919/7233/2511 4911/7234/2511 4912/7235/2511 4918/7236/2511 4930/7237/2511
f 4921/7238/2512 4922/7239/2512 4924/7240/2512 4908/7241/2512 4915/7242/2512 4914/7243/2512 4913/7244/2512
f 4917/7245/2513 4916/7246/2513 4915/7247/2513 4908/7241/2513 4920/7248/2513
o Sphere_cell.128_cell.006
v 0.498590 0.098515 0.000066
v 0.487799 0.147779 0.012622
v 0.472728 0.184474 0.006673
v 0.490051 0.140552 0.000113
v 0.497677 0.102562 -0.098257
v 0.495584 0.113339 -0.086161
v 0.507825 0.051007 -0.047793
v 0.507723 0.051198 -0.100210
v 0.488366 0.145939 -0.049206
v 0.490071 0.140469 -0.055611
v 0.476204 0.176692 -0.012127
v 0.490773 0.114394 0.047581
v 0.484401 0.147661 0.046891
v 0.493761 0.098562 0.047904
v 0.498397 0.050173 0.048450
v 0.017732 0.004235 -0.001806
v 0.471022 0.188745 0.002578
v 0.469450 0.192325 0.006959
v 0.468930 0.193189 0.011556
v 0.467080 0.192475 0.033622
v 0.466253 0.191708 0.045017
vn 0.9814 0.1920 -0.0012
vn 0.9908 0.0940 0.0979
vn 0.9547 0.2976 -0.0001
vn 0.9800 0.1991 0.0001
vn 0.9289 0.3704 -0.0025
vn 0.9782 0.1986 0.0613
vn 0.9771 0.1892 0.0975
vn 0.9775 0.1865 0.0985
vn 0.9904 0.0960 0.0999
vn 0.9242 0.3817 0.0129
vn 0.9227 0.3842 0.0320
vn 0.9190 0.3840 0.0895
vn 0.9192 0.3827 0.0925
vn 0.9229 0.3848 0.0167
vn 0.0949 -0.9955 -0.0009
vn -0.1039 0.0005 0.9946
vn -0.3862 0.9222 -0.0175
vn -0.2758 0.6935 -0.6656
vn -0.1968 -0.0012 -0.9804
vt 0.815015 0.373763
vt 0.639942 0.074439
vt 0.644298 0.000000
vt 1.000000 0.000000
vt 1.000000 0.322690
vt 0.322690 0.322690
vt 0.000000 0.000000
vt 0.329631 0.000000
vt 1.000000 0.229829
vt 0.242491 0.242491
vt 1.000000 0.355702
vt 0.229829 0.229829
vt 0.898104 0.000000
vt 1.000000 0.242491
vt 1.000000 1.000000
vt 0.256739 0.000000
vt 1.000000 0.674634
vt 0.674634 0.674634
vt 1.000000 0.671568
vt 1.000000 0.670369
vt 0.671568 0.671568
vt 0.898104 0.898104
vt 0.982716 0.000000
vt 1.000000 0.839464
vt 0.327897 0.254427
vt 0.839464 0.839464
vt 1.000000 0.842458
vt 0.842458 0.842458
vt 0.845020 0.757097
vt 1.000000 0.743261
vt 0.969125 0.000000
vt 1.000000 0.017284
vt 0.687675 0.520422
vt 1.000000 0.529494
vt 0.989029 0.989029
vt 0.520462 0.520462
vt 0.529494 0.529494
vt 0.682343 0.533908
vt 0.734206 0.536764
vt 0.843303 0.542856
vt 1.000000 0.560244
vt 0.991224 0.991224
vt 0.959487 0.562683
vt 1.000000 0.562616
vt 0.565085 0.565085
vt 0.697867 0.564256
vt 0.561766 0.560399
vt 0.578462 0.558979
vt 0.638796 0.553929
vt 0.791730 0.542070
vt 0.818498 0.540404
vt 0.948462 0.534982
vt 1.000000 0.532922
vt 0.996341 0.996341
vt 0.995103 0.994937
vt 0.547805 0.532459
vt 1.000000 0.523322
s 0
usemtl 
f 4942/7249/2514 4939/7250/2514 4940/7251/2514 4935/7252/2514 4941/7253/2514
f 4941/7254/2515 4935/7255/2515 4949/7256/2515
f 4936/7255/2516 4938/7252/2516 4944/7257/2516 4943/7258/2516
f 4938/7255/2517 4935/7252/2517 4940/7259/2517 4944/7260/2517
f 4945/7261/2518 4936/7252/2518 4943/7262/2518
f 4938/7255/2519 4936/7252/2519 4935/7263/2519
f 4935/7263/2520 4936/7255/2520 4947/7264/2520 4946/7265/2520
f 4946/7266/2521 4948/7267/2521 4935/7263/2521
f 4949/7268/2522 4935/7263/2522 4948/7269/2522
f 4945/7270/2523 4951/7271/2523 4937/7252/2523 4936/7263/2523
f 4953/7272/2524 4936/7263/2524 4937/7255/2524 4952/7273/2524
f 4936/7263/2525 4953/7274/2525 4954/7275/2525
f 4954/7276/2526 4955/7277/2526 4947/7278/2526 4936/7263/2526
f 4952/7279/2527 4937/7252/2527 4951/7280/2527
f 4941/7281/2528 4949/7282/2528 4950/7283/2528 4942/7284/2528
f 4949/7285/2529 4948/7286/2529 4946/7287/2529 4947/7288/2529 4955/7289/2529 4950/7290/2529
f 4953/7291/2530 4952/7292/2530 4950/7263/2530 4955/7293/2530 4954/7294/2530
f 4952/7295/2531 4951/7296/2531 4945/7297/2531 4943/7298/2531 4944/7299/2531 4940/7300/2531 4939/7301/2531 4950/7302/2531
f 4950/7303/2532 4939/7304/2532 4942/7305/2532
o Sphere_cell.128_cell.007
v 0.980785 0.195090 0.000000
v 0.971501 0.096790 -0.192566
v 0.499907 0.099492 -0.000390
v 0.491631 0.140785 -0.001142
v 0.961053 0.198262 -0.190577
v 0.509506 0.051149 -0.071381
v 0.509529 0.051175 -0.049036
v 0.507151 0.063026 -0.100107
v 0.509473 0.051370 -0.100559
v 0.984098 0.130891 0.030566
v 0.873843 0.087301 -0.013161
v 0.990092 0.100600 0.000000
v 0.980870 0.147219 0.047005
v 0.491813 0.140566 -0.056232
v 0.499317 0.102900 -0.098583
v 0.950961 0.279152 0.043902
v 0.976206 0.195090 0.046496
v 0.954898 0.280430 0.000000
v 0.652722 0.189492 -0.071941
v 0.945699 0.277869 -0.101277
v 0.984098 0.130891 0.030566
v 0.990092 0.100600 0.000000
v 0.980870 0.147219 0.047005
v 0.950961 0.279152 0.043902
v 0.976206 0.195090 0.046496
v 0.954898 0.280430 0.000000
v 0.945699 0.277869 -0.101277
v 0.961053 0.198262 -0.190577
v 0.971501 0.096790 -0.192566
vn -0.9805 -0.1965 0.0012
vn -0.9807 -0.1953 -0.0003
vn 0.0015 -0.7101 0.7041
vn 0.0009 -0.7094 0.7048
vn -0.0979 -0.0015 0.9952
vn -0.9813 -0.1927 -0.0025
vn -0.0980 0.0012 0.9952
vn -0.2886 0.9574 0.0020
vn -0.2913 0.9566 -0.0048
vn 0.1010 -0.9949 0.0015
vn -0.2758 0.6935 -0.6656
vn -0.1952 -0.0009 -0.9808
vn 0.9527 0.2890 -0.0938
vn 0.9900 0.1008 -0.0992
vn 0.9527 0.2890 0.0938
vn 0.9904 0.0975 0.0975
vt 0.325703 0.325703
vt 0.000000 0.000000
vt 1.000000 0.000000
vt 1.000000 0.472657
vt 0.410759 0.000000
vt 0.473359 0.162644
vt 0.472657 0.472657
vt 0.838166 0.098323
vt 1.000000 0.110051
vt 1.000000 0.325869
vt 0.110006 0.000000
vt 1.000000 0.325703
vt 0.325869 0.325869
vt 0.110051 0.110051
vt 1.000000 1.000000
vt 0.109158 0.000000
vt 0.795292 0.596205
vt 1.000000 0.589241
vt 0.772056 0.772056
vt 1.000000 0.163404
vt 0.109158 0.109158
vt 0.400687 0.117034
vt 1.000000 0.706383
vt 0.163404 0.163404
vt 0.306287 0.156124
vt 0.663128 0.172626
vt 1.000000 0.772056
vt 0.706382 0.706382
vt 0.611327 0.518803
vt 0.518782 0.518782
vt 0.075195 0.075195
vt 0.682478 0.057385
vt 0.682815 0.168998
vt 0.683139 0.518786
vt 0.619426 0.100618
vt 1.000000 0.085504
vt 1.000000 0.531339
vt 0.819706 0.538721
vt 0.747554 0.383408
vt 0.546272 0.530875
vt 0.114644 0.084599
vt 1.000000 0.075610
vt 1.000000 0.521633
vt 0.897341 0.523747
vt 0.500000 0.590933
vt 0.500000 0.562500
vt 0.531154 0.563557
vt 0.516556 0.590079
vt 0.531156 0.562500
vt 0.500289 0.531661
vt 0.531152 0.531020
vt 0.492637 0.590502
vt 0.492406 0.562500
vt 0.492360 0.547164
vt 0.495039 0.541933
vt 0.500000 0.532229
s 0
usemtl 
f 4962/7306/2533 4958/7307/2533 4959/7308/2533 4961/7309/2533
f 4963/7310/2534 4964/7311/2534 4961/7312/2534 4959/7307/2534
f 4977/7313/2535 4976/7314/2535 4966/7315/2535
f 4978/7316/2536 4958/7308/2536 4962/7317/2536 4966/7318/2536 4976/7319/2536
f 4959/7308/2537 4958/7320/2537 4978/7321/2537
f 4970/7322/2538 4963/7323/2538 4959/7320/2538 4969/7324/2538
f 4979/7325/2539 4959/7320/2539 4978/7326/2539 4980/7327/2539
f 4974/7328/2540 4959/7320/2540 4979/7329/2540 4981/7330/2540 4982/7331/2540
f 4969/7332/2541 4959/7320/2541 4974/7333/2541
f 4961/7334/2542 4964/7335/2542 4984/7336/2542 4977/7337/2542 4966/7338/2542 4962/7339/2542
f 4982/7340/2543 4983/7341/2543 4970/7342/2543 4969/7343/2543 4974/7344/2543
f 4970/7345/2544 4983/7346/2544 4984/7347/2544 4964/7348/2544 4963/7349/2544
f 4973/7350/2545 4956/7351/2545 4960/7352/2545 4975/7353/2545
f 4960/7354/2546 4956/7351/2546 4967/7355/2546 4957/7356/2546
f 4971/7357/2547 4972/7358/2547 4956/7351/2547 4973/7350/2547
f 4968/7359/2548 4965/7360/2548 4967/7361/2548 4956/7351/2548 4972/7358/2548
o Sphere_cell.127_cell
v 0.700254 -0.098394 -0.700254
v 0.356419 -0.098033 -0.356516
v 0.352515 -0.095814 -0.350994
v 0.389090 -0.050554 -0.320632
v 0.355534 -0.050579 -0.354169
v 0.727443 -0.144557 -0.659992
v 0.407511 -0.052872 -0.335720
v 0.701173 -0.090381 -0.576934
v 0.747036 -0.117479 -0.640301
v 0.761109 -0.097983 -0.626166
v 0.444010 -0.064205 -0.462515
v 0.664167 -0.097967 -0.729924
v 0.661010 -0.145500 -0.726488
v 0.696949 -0.145856 -0.696949
v 0.727443 -0.144557 -0.659992
v 0.747036 -0.117479 -0.640301
v 0.761109 -0.097983 -0.626166
v 0.664167 -0.097967 -0.729924
v 0.661010 -0.145500 -0.726488
v 0.696949 -0.145856 -0.696949
v 0.700254 -0.098394 -0.700254
vn -0.7036 0.0964 0.7040
vn -0.8139 0.0135 -0.5809
vn 0.3609 -0.7487 0.5560
vn 0.3910 -0.7094 0.5864
vn 0.3921 -0.7085 0.5868
vn -0.7734 0.0169 -0.6337
vn -0.7717 0.0053 -0.6360
vn -0.0685 -0.9951 0.0713
vn -0.0574 -0.9949 0.0823
vn 0.6348 0.0002 0.7727
vn 0.6314 -0.0975 -0.7693
vn 0.7693 -0.0975 -0.6314
vn 0.0707 0.9952 -0.0675
vt 1.000000 0.683435
vt 1.000000 1.000000
vt 0.683728 0.683728
vt 1.000000 0.000000
vt 0.676094 0.000000
vt 0.000000 0.000000
vt 1.000000 0.182824
vt 0.182824 0.182824
vt 0.187338 0.000000
vt 0.320987 0.000000
vt 0.959974 0.643211
vt 1.000000 0.683728
vt 0.187338 0.187338
vt 0.283405 0.146089
vt 0.320987 0.320987
vt 1.000000 0.323906
vt 0.766853 0.000000
vt 1.000000 0.185643
vt 0.766853 0.766853
vt 0.764169 0.178251
vt 1.000000 0.250539
vt 0.185642 0.185642
vt 1.000000 0.184899
vt 0.250539 0.250539
vt 1.000000 0.276814
vt 1.000000 0.616234
vt 0.998114 0.334381
vt 0.632524 0.453387
vt 0.632520 0.468615
vt 0.625000 0.468478
vt 0.625000 0.453273
vt 0.609567 0.468610
vt 0.612771 0.462364
vt 0.617303 0.453597
vt 0.634021 0.633892
vt 0.616234 0.616234
vt 0.276814 0.276814
vt 0.998475 0.335231
vt 0.999220 0.306721
vt 0.819458 0.530943
vt 0.815734 0.634226
s 0
usemtl 
f 4989/7362/2549 4987/7363/2549 4988/7364/2549
f 4986/7365/2550 4987/7363/2550 4989/7366/2550
f 4986/7367/2551 4999/7368/2551 4987/7363/2551
f 4987/7363/2552 4999/7369/2552 5000/7370/2552 4992/7371/2552 4991/7372/2552 4988/7373/2552
f 5000/7374/2553 5001/7375/2553 4992/7376/2553
f 4989/7377/2554 4995/7378/2554 4986/7365/2554
f 5003/7379/2555 4986/7363/2555 4995/7380/2555 5002/7381/2555
f 5004/7382/2556 4986/7363/2556 5003/7383/2556
f 4999/7384/2557 4986/7363/2557 5004/7385/2557
f 5001/7386/2558 4991/7387/2558 4992/7388/2558
f 4997/7389/2559 4996/7390/2559 5005/7391/2559 4998/7392/2559
f 4998/7392/2560 5005/7391/2560 4994/7393/2560 4993/7394/2560 4990/7395/2560
f 4988/7396/2561 4991/7397/2561 5001/7398/2561 4985/7399/2561 5002/7400/2561 4995/7401/2561 4989/7402/2561
o Sphere_cell.127_cell.001
v 0.626361 -0.097520 -0.761007
v 0.350473 -0.097948 -0.351979
v 0.662552 -0.097948 -0.731252
v 0.661122 -0.118901 -0.729769
v 0.608320 -0.089610 -0.665164
v 0.659282 -0.145297 -0.727932
v 0.353765 -0.050533 -0.355261
v 0.317678 -0.050116 -0.384956
v 0.623342 -0.145205 -0.757438
v 0.319873 -0.098657 -0.387739
v 0.314678 -0.097839 -0.381410
v 0.662552 -0.097948 -0.731252
v 0.661122 -0.118901 -0.729769
v 0.659282 -0.145297 -0.727932
v 0.623342 -0.145205 -0.757438
v 0.626361 -0.097520 -0.761007
vn 0.7725 -0.0078 0.6349
vn 0.7721 -0.0096 0.6354
vn -0.0630 -0.9953 0.0736
vn -0.0649 -0.9950 0.0753
vn -0.7729 0.0014 -0.6346
vn 0.6314 -0.0975 -0.7693
vn 0.0685 0.9952 -0.0692
vn -0.6318 0.0970 0.7690
vt 0.675015 0.000000
vt 0.818893 0.000000
vt 0.822178 0.106489
vt 1.000000 0.324985
vt 0.325304 0.325304
vt 0.000000 0.000000
vt 0.818872 0.000000
vt 1.000000 0.181107
vt 0.818872 0.818872
vt 0.077928 0.000000
vt 0.883179 0.804987
vt 0.077928 0.077928
vt 0.091168 0.000000
vt 0.637650 0.637650
vt 0.276854 0.276854
vt 0.455261 0.280289
vt 0.810163 0.634991
vt 0.816163 0.641063
vt 0.640399 0.468758
vt 0.632857 0.468621
vt 0.632867 0.461908
vt 0.632888 0.453452
vt 0.640409 0.453481
vt 1.000000 0.276854
vt 1.000000 0.637650
vt 0.823582 0.634582
vt 0.867878 0.345219
vt 0.999253 0.305446
vt 0.910377 0.238457
vt 0.908832 0.000000
vt 1.000000 0.000000
vt 1.000000 0.325304
s 0
usemtl 
f 5010/7403/2562 5018/7404/2562 5017/7405/2562
f 5010/7406/2563 5012/7407/2563 5007/7408/2563 5019/7409/2563 5018/7410/2563
f 5019/7411/2564 5007/7408/2564 5015/7412/2564 5020/7413/2564
f 5015/7414/2565 5007/7408/2565 5016/7415/2565
f 5013/7416/2566 5021/7417/2566 5020/7418/2566 5015/7419/2566 5016/7420/2566
f 5006/7421/2567 5008/7422/2567 5009/7423/2567 5011/7424/2567 5014/7425/2567
f 5021/7426/2568 5013/7427/2568 5012/7428/2568 5010/7429/2568 5017/7430/2568
f 5013/7431/2569 5016/7432/2569 5007/7433/2569 5012/7434/2569
o Sphere_cell.127_cell.002
v 0.356073 -0.100180 -0.358559
v 0.620184 -0.195090 -0.753705
v 0.647731 -0.238907 -0.713986
v 0.656084 -0.195090 -0.724243
v 0.659000 -0.147565 -0.727876
v 0.320156 -0.100183 -0.388087
v 0.611743 -0.238899 -0.743523
v 0.623198 -0.147492 -0.757267
v 0.324914 -0.100854 -0.393883
v 0.656084 -0.195090 -0.724243
v 0.659000 -0.147565 -0.727876
v 0.647731 -0.238907 -0.713986
v 0.611743 -0.238899 -0.743523
v 0.623198 -0.147492 -0.757267
v 0.620184 -0.195090 -0.753705
vn 0.7732 0.0010 0.6341
vn -0.1834 -0.9574 0.2232
vn 0.0638 0.9951 -0.0753
vn 0.0566 0.9960 -0.0689
vn -0.7729 0.0014 -0.6346
vn 0.6314 -0.0975 -0.7693
vn 0.6073 -0.2890 -0.7400
vt 0.184352 0.000000
vt 1.000000 0.000000
vt 1.000000 0.784929
vt 0.596909 0.404511
vt 0.784929 0.784929
vt 0.000000 0.000000
vt 0.090220 0.000000
vt 0.875201 0.784865
vt 0.921854 0.000000
vt 1.000000 0.815648
vt 0.922144 0.802834
vt 0.921854 0.921854
vt 1.000000 0.909780
vt 1.000000 1.000000
vt 0.809440 0.629097
vt 0.463817 0.280454
vt 0.641898 0.283882
vt 0.815587 0.293661
vt 0.815216 0.634658
vt 0.632871 0.437500
vt 0.640420 0.437500
vt 0.640409 0.452749
vt 0.632916 0.452725
vt 0.632755 0.422902
vt 0.640428 0.422904
s 0
usemtl 
f 5032/7435/2570 5022/7436/2570 5033/7437/2570 5031/7438/2570
f 5033/7439/2571 5022/7440/2571 5027/7441/2571 5034/7442/2571
f 5030/7443/2572 5022/7436/2572 5032/7444/2572 5035/7445/2572
f 5030/7446/2573 5027/7447/2573 5022/7448/2573
f 5030/7449/2574 5035/7450/2574 5036/7451/2574 5034/7452/2574 5027/7453/2574
f 5025/7454/2575 5023/7455/2575 5029/7456/2575 5026/7457/2575
f 5023/7455/2576 5025/7454/2576 5024/7458/2576 5028/7459/2576
o Sphere_cell.127_cell.003
v 0.602781 -0.285413 -0.732713
v 0.350162 -0.100288 -0.351365
v 0.646990 -0.241726 -0.713493
v 0.611217 -0.241629 -0.742889
v 0.314276 -0.100206 -0.380925
v 0.637503 -0.286855 -0.703655
v 0.340326 -0.145680 -0.341865
v 0.309486 -0.124986 -0.375148
v 0.305809 -0.144239 -0.370713
v 0.646990 -0.241726 -0.713493
v 0.611217 -0.241629 -0.742889
v 0.602781 -0.285413 -0.732713
v 0.637503 -0.286855 -0.703655
vn 0.7689 -0.0223 0.6390
vn 0.1851 0.9573 -0.2221
vn 0.7662 -0.0317 0.6418
vn -0.6081 0.2898 0.7391
vn -0.6073 0.2867 0.7409
vn -0.7729 0.0014 -0.6346
vn -0.2087 -0.9569 0.2019
vn 0.6073 -0.2890 -0.7400
vt 0.000000 0.000000
vt 0.768470 0.000000
vt 0.787558 0.787558
vt 0.908460 0.000000
vt 1.000000 0.000000
vt 1.000000 0.787558
vt 0.908839 0.787466
vt 1.000000 0.231530
vt 1.000000 1.000000
vt 0.809298 0.809298
vt 0.908460 0.908460
vt 1.000000 0.896406
vt 1.000000 0.809298
vt 0.896406 0.896406
vt 0.897857 0.815521
vt 0.923726 0.647078
vt 0.825454 0.641529
vt 0.826409 0.294270
vt 1.000000 0.304043
vt 1.000000 0.651337
vt 0.645669 0.331994
vt 0.990738 0.679086
vt 0.651337 0.651337
vt 0.304043 0.304043
vt 0.632791 0.421962
vt 0.632859 0.406927
vt 0.640436 0.407408
vt 0.640428 0.421995
s 0
usemtl 
f 5038/7460/2577 5049/7461/2577 5046/7462/2577
f 5041/7463/2578 5038/7464/2578 5046/7465/2578 5047/7466/2578
f 5049/7467/2579 5038/7468/2579 5043/7469/2579
f 5041/7470/2580 5044/7471/2580 5038/7468/2580
f 5043/7472/2581 5038/7468/2581 5044/7473/2581 5045/7474/2581
f 5044/7475/2582 5041/7476/2582 5047/7477/2582 5048/7478/2582 5045/7479/2582
f 5049/7480/2583 5043/7481/2583 5045/7482/2583 5048/7483/2583
f 5039/7484/2584 5042/7485/2584 5037/7486/2584 5040/7487/2584
o Sphere_cell.127_cell.004
v 0.007667 -0.002508 -0.007287
v 0.349609 -0.098262 -0.349540
v 0.313155 -0.098207 -0.379556
v 0.316333 -0.049910 -0.383318
v 0.353207 -0.050331 -0.352907
v 0.304432 -0.143584 -0.369035
v 0.386837 -0.052265 -0.318738
v 0.372306 -0.145017 -0.306791
v 0.339648 -0.145024 -0.339458
v 0.375999 -0.122597 -0.309826
vn 0.6323 -0.1014 -0.7681
vn 0.6086 -0.2887 -0.7391
vn 0.7061 -0.1022 -0.7007
vn 0.6768 -0.2901 -0.6766
vn 0.7573 -0.1957 -0.6231
vn 0.7509 -0.2085 -0.6267
vn -0.7729 0.0014 -0.6346
vn -0.2087 -0.9569 0.2019
vn -0.2053 -0.9569 0.2054
vn 0.6347 0.0001 0.7727
vn 0.0832 0.9950 -0.0545
vt 1.000000 0.000000
vt 1.000000 0.093111
vt 0.668419 0.094255
vt 0.670930 0.000000
vt 0.093111 0.093111
vt 0.000000 0.000000
vt 0.194400 0.000000
vt 0.278799 0.090159
vt 1.000000 0.329070
vt 0.683692 0.000000
vt 0.194400 0.194400
vt 0.194592 0.010069
vt 0.683692 0.683692
vt 1.000000 0.898626
vt 1.000000 1.000000
vt 0.898626 0.898626
vt 1.000000 0.815245
vt 0.639223 0.639223
vt 0.820127 0.642842
vt 1.000000 0.652947
vt 1.000000 0.681397
vt 0.652947 0.652947
vt 0.681397 0.681397
vt 1.000000 0.650017
vt 1.000000 0.635925
vt 0.658845 0.649483
vt 0.732949 0.646475
vt 1.000000 0.639223
vt 0.635925 0.635925
vt 0.819510 0.636112
s 0
usemtl 
f 5051/7488/2585 5052/7489/2585 5053/7490/2585 5054/7491/2585
f 5052/7492/2586 5051/7493/2586 5058/7494/2586 5055/7495/2586
f 5051/7488/2587 5054/7496/2587 5056/7497/2587
f 5058/7498/2588 5051/7493/2588 5057/7499/2588
f 5056/7500/2589 5059/7501/2589 5051/7502/2589
f 5059/7503/2590 5057/7504/2590 5051/7502/2590
f 5050/7502/2591 5053/7505/2591 5052/7506/2591 5055/7507/2591
f 5058/7508/2592 5050/7502/2592 5055/7509/2592
f 5058/7510/2593 5057/7511/2593 5050/7502/2593
f 5056/7512/2594 5050/7502/2594 5057/7513/2594 5059/7514/2594
f 5053/7515/2595 5050/7502/2595 5056/7516/2595 5054/7517/2595
o Sphere_cell.127_cell.005
v 0.753760 -0.195090 -0.620117
v 0.353496 -0.099045 -0.351573
v 0.464969 -0.063293 -0.382915
v 0.728078 -0.146977 -0.658845
v 0.760849 -0.101425 -0.625951
v 0.713899 -0.239951 -0.647339
v 0.724400 -0.195090 -0.655892
v 0.733494 -0.281989 -0.603459
v 0.376077 -0.142366 -0.309888
v 0.389590 -0.053971 -0.320999
v 0.728078 -0.146977 -0.658845
v 0.760849 -0.101425 -0.625951
v 0.724400 -0.195090 -0.655892
v 0.713899 -0.239951 -0.647339
v 0.733494 -0.281989 -0.603459
v 0.753760 -0.195090 -0.620117
vn -0.3922 0.7071 -0.5884
vn -0.6341 0.0010 -0.7732
vn -0.7638 0.1941 0.6155
vn -0.3922 0.7104 -0.5844
vn 0.6347 0.0001 0.7727
vn 0.7693 -0.0975 -0.6314
vn 0.7400 -0.2890 -0.6073
vn -0.5986 -0.6950 -0.3983
vt 0.757934 0.110345
vt 1.000000 0.181818
vt 1.000000 1.000000
vt 0.756623 0.756623
vt 0.181818 0.181818
vt 0.593335 0.189555
vt 1.000000 0.212210
vt 1.000000 0.691356
vt 0.819055 0.819055
vt 0.691356 0.691356
vt 1.000000 0.756623
vt 0.318523 0.303348
vt 0.642675 0.283903
vt 0.985334 0.277105
vt 0.988460 0.561087
vt 0.987838 0.633434
vt 0.661345 0.646398
vt 0.617043 0.452914
vt 0.609567 0.467507
vt 0.609566 0.437500
vt 0.617088 0.437500
vt 0.609566 0.437500
vt 0.609568 0.408548
vt 0.617207 0.422554
vt 0.738514 0.169385
vt 1.000000 0.819055
vt 0.212210 0.212210
s 0
usemtl 
f 5071/7518/2596 5070/7519/2596 5061/7520/2596 5062/7521/2596
f 5061/7520/2597 5070/7522/2597 5072/7523/2597 5073/7524/2597
f 5069/7525/2598 5061/7520/2598 5068/7526/2598
f 5061/7520/2599 5069/7527/2599 5062/7528/2599
f 5067/7529/2600 5075/7530/2600 5071/7531/2600 5062/7532/2600 5069/7533/2600 5068/7534/2600
f 5063/7535/2601 5064/7536/2601 5060/7537/2601 5066/7538/2601
f 5060/7539/2602 5074/7540/2602 5065/7541/2602 5066/7538/2602
f 5067/7542/2603 5068/7543/2603 5061/7520/2603 5073/7544/2603
o Sphere_cell.127_cell.006
v 0.693520 -0.195090 -0.693520
v 0.358395 -0.101253 -0.358515
v 0.648958 -0.239673 -0.712680
v 0.657509 -0.195090 -0.723073
v 0.660512 -0.147028 -0.726703
v 0.696818 -0.147728 -0.696818
v 0.726394 -0.147543 -0.660809
v 0.712471 -0.239799 -0.649152
v 0.683677 -0.240980 -0.683677
v 0.722848 -0.195090 -0.657784
v 0.657509 -0.195090 -0.723073
v 0.660512 -0.147028 -0.726703
v 0.648958 -0.239673 -0.712680
v 0.696818 -0.147728 -0.696818
v 0.726394 -0.147543 -0.660809
v 0.683677 -0.240980 -0.683677
v 0.712471 -0.239799 -0.649152
v 0.722848 -0.195090 -0.657784
vn -0.7730 0.0004 -0.6344
vn 0.0723 0.9953 -0.0645
vn 0.6349 0.0018 0.7726
vn 0.6314 -0.0975 -0.7693
vn 0.6073 -0.2890 -0.7400
vn 0.7693 -0.0975 -0.6314
vn 0.7400 -0.2890 -0.6073
vn -0.2065 -0.9568 0.2046
vt 1.000000 0.000000
vt 1.000000 0.813310
vt 0.597875 0.403188
vt 0.217623 0.000000
vt 0.813309 0.813309
vt 0.000000 0.000000
vt 0.812864 0.000000
vt 0.820882 0.408675
vt 1.000000 1.000000
vt 0.217725 0.217725
vt 0.600625 0.194885
vt 1.000000 0.187137
vt 0.625000 0.437500
vt 0.632572 0.437500
vt 0.632607 0.452898
vt 0.625000 0.452673
vt 0.625000 0.422211
vt 0.632460 0.422647
vt 0.617462 0.452732
vt 0.617486 0.437500
vt 0.625000 0.422211
vt 0.617586 0.422605
vt 0.782377 0.000000
vt 0.718366 0.717310
vt 0.217725 0.000000
s 0
usemtl 
f 5077/7545/2604 5087/7546/2604 5086/7547/2604 5088/7548/2604
f 5087/7549/2605 5077/7550/2605 5090/7551/2605 5089/7552/2605
f 5077/7553/2606 5092/7554/2606 5093/7555/2606 5090/7556/2606
f 5076/7557/2607 5079/7558/2607 5080/7559/2607 5081/7560/2607
f 5079/7558/2608 5076/7557/2608 5091/7561/2608 5078/7562/2608
f 5082/7563/2609 5085/7564/2609 5076/7557/2609 5081/7560/2609
f 5091/7565/2610 5076/7557/2610 5085/7564/2610 5083/7566/2610
f 5088/7567/2611 5084/7568/2611 5092/7569/2611 5077/7550/2611
o Sphere_cell.127_cell.007
v 0.673516 -0.288350 -0.673516
v 0.356657 -0.102061 -0.356802
v 0.732599 -0.285827 -0.602724
v 0.351956 -0.101886 -0.349676
v 0.374326 -0.145806 -0.308449
v 0.342175 -0.145757 -0.340344
v 0.345010 -0.147326 -0.344822
v 0.638968 -0.286915 -0.702429
v 0.713054 -0.241623 -0.647574
v 0.648869 -0.241728 -0.711950
v 0.683309 -0.242694 -0.683309
v 0.648869 -0.241728 -0.711950
v 0.683309 -0.242694 -0.683309
v 0.673516 -0.288350 -0.673516
v 0.638968 -0.286915 -0.702429
v 0.732599 -0.285827 -0.602724
v 0.713054 -0.241623 -0.647574
vn -0.6728 0.2944 0.6787
vn -0.8320 0.0684 -0.5506
vn -0.7669 0.0276 -0.6412
vn 0.6027 0.6855 0.4083
vn 0.5832 0.7248 0.3669
vn 0.2055 0.9566 -0.2064
vn -0.7655 0.0323 -0.6426
vn -0.2087 -0.9569 0.2019
vn -0.2053 -0.9569 0.2054
vn 0.6073 -0.2890 -0.7400
vn 0.7400 -0.2890 -0.6073
vt 0.818083 0.000000
vt 1.000000 0.000000
vt 1.000000 0.185915
vt 0.185915 0.185915
vt 0.000000 0.000000
vt 0.863822 0.192066
vt 0.783405 0.019715
vt 0.193297 0.193297
vt 0.214449 0.000000
vt 1.000000 0.181917
vt 0.221375 0.185859
vt 0.217193 0.000000
vt 1.000000 1.000000
vt 1.000000 0.217450
vt 0.217193 0.217193
vt 0.610223 0.210358
vt 0.217450 0.217450
vt 1.000000 0.236594
vt 1.000000 0.360984
vt 0.998234 0.675388
vt 0.660086 0.333173
vt 1.000000 0.304207
vt 1.000000 0.648079
vt 0.687766 0.678971
vt 0.676252 0.676252
vt 0.360984 0.360984
vt 0.632390 0.421962
vt 0.625000 0.421640
vt 0.625000 0.406429
vt 0.632525 0.408478
vt 0.617329 0.421997
vt 0.609568 0.407269
vt 0.625000 0.421640
s 0
usemtl 
f 5098/7570/2612 5097/7571/2612 5099/7572/2612
f 5099/7573/2613 5097/7574/2613 5095/7571/2613 5100/7575/2613
f 5108/7576/2614 5100/7577/2614 5095/7574/2614
f 5110/7578/2615 5097/7571/2615 5098/7579/2615 5109/7580/2615
f 5110/7581/2616 5095/7571/2616 5097/7582/2616
f 5105/7583/2617 5095/7582/2617 5110/7584/2617 5106/7585/2617
f 5095/7582/2618 5105/7586/2618 5108/7587/2618
f 5107/7588/2619 5100/7589/2619 5108/7590/2619
f 5109/7591/2620 5098/7592/2620 5099/7593/2620 5100/7594/2620 5107/7595/2620
f 5103/7596/2621 5104/7597/2621 5094/7598/2621 5101/7599/2621
f 5102/7600/2622 5096/7601/2622 5094/7598/2622 5104/7602/2622
o Sphere_cell.125_cell
v 0.048885 -0.331021 -0.214772
v 0.057189 -0.831470 -0.549937
v 0.000000 -0.839457 -0.540626
v 0.056956 -0.515499 -0.294732
v 0.009982 -0.185561 -0.114251
v 0.003748 -0.142575 -0.090813
v 0.028120 -0.227770 -0.151576
v 0.050304 -0.340251 -0.229163
v 0.077509 -0.856973 -0.500222
v 0.082560 -0.827409 -0.552387
v 0.082087 -0.831470 -0.547485
v 0.082560 -0.827409 -0.552387
v 0.082087 -0.831470 -0.547485
v 0.077509 -0.856973 -0.500222
v 0.057189 -0.831470 -0.549937
v 0.000000 -0.839457 -0.540626
vn 0.7323 -0.2436 0.6359
vn 0.7447 -0.2330 0.6254
vn 0.9730 0.2255 -0.0487
vn -0.1915 0.5339 -0.8236
vn -0.4891 -0.4712 0.7340
vn 0.0624 -0.7715 -0.6332
vn 0.0464 -0.8810 -0.4709
vn 0.9953 0.0014 0.0972
vt 0.690518 0.000000
vt 1.000000 0.000000
vt 1.000000 0.394321
vt 0.394321 0.394321
vt 0.000000 0.000000
vt 0.279511 0.000000
vt 0.510550 0.295784
vt 0.036562 0.000000
vt 0.279511 0.279511
vt 0.872394 0.214536
vt 0.910008 0.210646
vt 1.000000 0.204026
vt 1.000000 0.874100
vt 0.962719 0.791857
vt 0.928556 0.683539
vt 0.875460 0.873938
vt 0.212618 0.203001
vt 0.409341 0.186077
vt 0.672570 0.514856
vt 0.852349 0.832548
vt 0.733511 0.187500
vt 0.726475 0.189541
vt 0.726333 0.187500
vt 0.750000 0.182911
vt 0.726333 0.187500
vt 0.725141 0.170417
vt 0.704308 0.414101
vt 0.963437 0.000000
vt 1.000000 0.309482
vt 0.797722 0.796677
vt 0.728720 0.450336
s 0
usemtl 
f 5114/7603/2623 5111/7604/2623 5115/7605/2623
f 5115/7606/2624 5111/7607/2624 5117/7608/2624 5116/7609/2624
f 5111/7607/2625 5118/7610/2625 5117/7611/2625
f 5120/7612/2626 5125/7613/2626 5126/7614/2626 5116/7615/2626 5117/7616/2626 5118/7617/2626
f 5116/7618/2627 5126/7619/2627 5124/7620/2627 5114/7621/2627 5115/7622/2627
f 5112/7623/2628 5122/7624/2628 5123/7625/2628
f 5113/7626/2629 5112/7623/2629 5123/7627/2629 5119/7628/2629
f 5120/7629/2630 5118/7630/2630 5111/7604/2630 5114/7631/2630 5124/7632/2630 5121/7633/2630
o Sphere_cell.125_cell.001
v 0.004453 -0.011639 -0.006299
v 0.348003 -0.864742 -0.349510
v 0.097205 -0.512090 -0.320036
v 0.197489 -0.511661 -0.278801
v 0.182573 -0.873420 -0.440771
v 0.051044 -0.333354 -0.215047
v 0.298558 -0.875289 -0.364685
v 0.261144 -0.877182 -0.390830
v 0.053776 -0.117859 -0.055567
v 0.374575 -0.844681 -0.376023
v 0.359799 -0.841242 -0.396432
v 0.003809 -0.131406 -0.083604
v 0.024754 -0.203568 -0.135165
v 0.058657 -0.517417 -0.294829
v 0.088085 -0.687723 -0.384537
v 0.150725 -0.850817 -0.494409
v 0.118829 -0.864477 -0.477506
v 0.169118 -0.851585 -0.487336
v 0.197315 -0.852830 -0.476359
v 0.354492 -0.840017 -0.403739
v 0.290778 -0.848672 -0.435180
v 0.013972 -0.027688 -0.015806
v 0.010724 -0.021577 -0.014018
v 0.022047 -0.163555 -0.108605
v 0.374575 -0.844681 -0.376023
v 0.359799 -0.841242 -0.396432
v 0.150725 -0.850817 -0.494409
v 0.118829 -0.864477 -0.477506
v 0.169118 -0.851585 -0.487336
v 0.197315 -0.852830 -0.476359
v 0.290778 -0.848672 -0.435180
v 0.354492 -0.840017 -0.403739
v 0.348003 -0.864742 -0.349510
v 0.182573 -0.873420 -0.440771
v 0.261144 -0.877182 -0.390830
v 0.298558 -0.875289 -0.364685
vn 0.7319 0.5182 -0.4426
vn -0.7252 0.2484 -0.6422
vn -0.5497 0.3130 -0.7745
vn -0.5460 0.3136 -0.7769
vn 0.3334 0.4726 -0.8158
vn 0.3379 0.4715 -0.8146
vn 0.7309 0.5184 -0.4440
vn 0.3228 0.5420 -0.7759
vn 0.2828 0.5437 -0.7902
vn 0.3181 0.5399 -0.7793
vn 0.7064 -0.0003 0.7078
vn 0.8893 0.4194 0.1825
vn -0.1846 0.5343 -0.8249
vn -0.4891 -0.4712 0.7340
vn -0.1802 -0.4287 0.8853
vn 0.1374 -0.8810 -0.4528
vn 0.2231 -0.8810 -0.4173
vn 0.3002 -0.8810 -0.3658
vt 0.088715 0.000000
vt 0.837740 0.000000
vt 0.280158 0.194894
vt 0.650584 0.000000
vt 1.000000 0.000000
vt 1.000000 0.309699
vt 0.350625 0.066048
vt 0.000000 0.000000
vt 1.000000 0.422611
vt 0.309699 0.309699
vt 0.422611 0.422611
vt 0.815881 0.000000
vt 0.848386 0.390336
vt 1.000000 0.817918
vt 0.815881 0.815881
vt 0.821013 0.699664
vt 0.817918 0.817918
vt 0.790725 0.000000
vt 0.811332 0.290708
vt 0.900619 0.005833
vt 0.927573 0.027608
vt 1.000000 0.162260
vt 1.000000 0.911285
vt 0.790725 0.790725
vt 1.000000 0.456203
vt 0.886817 0.886817
vt 0.456203 0.456203
vt 0.349416 0.000000
vt 1.000000 1.000000
vt 1.000000 0.984550
vt 0.178106 0.178106
vt 0.372721 0.197567
vt 0.930789 0.897691
vt 1.000000 0.990538
vt 0.984550 0.984550
vt 0.967965 0.815164
vt 1.000000 0.884840
vt 0.989737 0.988618
vt 0.972365 0.853699
vt 0.515928 0.178820
vt 0.682831 0.170161
vt 0.895352 0.166478
vt 1.000000 0.168271
vt 0.886084 0.884692
vt 0.675451 0.513008
vt 0.596900 0.349018
vt 0.168271 0.168271
vt 1.000000 0.178106
vt 0.696741 0.173896
vt 0.687500 0.173053
vt 0.687500 0.159128
vt 0.710897 0.165176
vt 0.702779 0.174415
vt 0.656250 0.156583
vt 0.687500 0.159128
vt 0.687500 0.173053
vt 0.656250 0.175865
vt 0.625312 0.178565
vt 0.625350 0.164996
vt 0.640815 0.157863
vt 0.656250 0.156583
vt 0.656250 0.175865
vt 0.635387 0.181719
vt 0.632782 0.180891
s 0
usemtl 
f 5152/7634/2631 5135/7635/2631 5151/7636/2631
f 5139/7637/2632 5132/7638/2632 5140/7639/2632 5138/7640/2632
f 5132/7641/2633 5129/7638/2633 5141/7642/2633 5140/7643/2633
f 5141/7644/2634 5129/7641/2634 5153/7645/2634 5154/7646/2634
f 5129/7641/2635 5130/7638/2635 5155/7647/2635 5153/7648/2635
f 5156/7649/2636 5155/7650/2636 5130/7641/2636 5158/7651/2636 5157/7652/2636
f 5149/7653/2637 5148/7654/2637 5135/7655/2637 5152/7656/2637 5158/7657/2637 5130/7641/2637
f 5150/7658/2638 5149/7659/2638 5130/7641/2638 5132/7638/2638
f 5150/7660/2639 5132/7641/2639 5139/7661/2639
f 5132/7662/2640 5130/7641/2640 5129/7638/2640
f 5148/7663/2641 5127/7662/2641 5159/7664/2641 5151/7665/2641 5135/7666/2641
f 5149/7667/2642 5127/7662/2642 5148/7668/2642
f 5139/7669/2643 5138/7670/2643 5127/7662/2643 5149/7671/2643 5150/7672/2643
f 5154/7673/2644 5160/7674/2644 5161/7675/2644 5162/7676/2644 5127/7662/2644 5138/7677/2644 5140/7678/2644 5141/7679/2644
f 5127/7662/2645 5162/7680/2645 5159/7681/2645
f 5144/7682/2646 5145/7683/2646 5131/7684/2646 5143/7685/2646 5142/7686/2646
f 5134/7687/2647 5131/7688/2647 5145/7689/2647 5147/7690/2647
f 5136/7691/2648 5128/7692/2648 5133/7693/2648 5134/7694/2648 5147/7695/2648 5146/7696/2648 5137/7697/2648
o Sphere_cell.125_cell.002
v 0.392074 -0.831470 -0.393482
v 0.370014 -0.740836 -0.553765
v 0.200092 -0.512303 -0.280344
v 0.137744 -0.229541 -0.151729
v 0.125643 -0.201759 -0.152978
v 0.413250 -0.751189 -0.502041
v 0.137761 -0.223918 -0.171068
v 0.133988 -0.216924 -0.165763
v 0.147619 -0.253003 -0.149280
v 0.144034 -0.244402 -0.150319
v 0.422058 -0.796716 -0.423394
v 0.415931 -0.764655 -0.478717
v 0.405784 -0.724372 -0.550236
v 0.019443 -0.036911 -0.021270
v 0.014378 -0.027368 -0.018517
v 0.356114 -0.839196 -0.404384
v 0.361393 -0.840487 -0.396941
v 0.058642 -0.125748 -0.060426
v 0.375767 -0.843781 -0.377212
v 0.301544 -0.765690 -0.556189
v 0.308873 -0.789607 -0.519387
v 0.048840 -0.116221 -0.083203
v 0.311604 -0.798052 -0.506314
v 0.314339 -0.806082 -0.493812
v 0.344518 -0.831470 -0.432510
v 0.321385 -0.812669 -0.480987
v 0.422058 -0.796716 -0.423394
v 0.415931 -0.764655 -0.478717
v 0.413250 -0.751189 -0.502041
v 0.356114 -0.839196 -0.404384
v 0.361393 -0.840487 -0.396941
v 0.375767 -0.843781 -0.377212
v 0.301544 -0.765690 -0.556189
v 0.308873 -0.789607 -0.519387
v 0.311604 -0.798052 -0.506314
v 0.314339 -0.806082 -0.493812
v 0.321385 -0.812669 -0.480987
v 0.344518 -0.831470 -0.432510
v 0.392074 -0.831470 -0.393482
v 0.370014 -0.740836 -0.553765
v 0.405784 -0.724372 -0.550236
vn 0.9085 0.4010 0.1174
vn 0.9098 0.3947 0.1280
vn 0.9095 0.3967 0.1245
vn 0.9050 0.4156 0.0911
vn -0.7380 -0.5169 0.4338
vn -0.7299 -0.5188 0.4451
vn -0.9396 -0.3406 -0.0343
vn -0.9382 -0.3451 -0.0264
vn -0.9366 -0.3498 -0.0198
vn -0.8469 -0.4860 0.2156
vn 0.7064 -0.0003 0.7078
vn 0.8904 0.3995 0.2180
vn -0.1638 0.5386 -0.8265
vn 0.2999 -0.7715 -0.5611
vn 0.4036 -0.7715 -0.4918
vn 0.3002 -0.8810 -0.3658
vt 0.746826 0.123810
vt 0.717743 0.717743
vt 0.169900 0.000000
vt 0.723420 0.000000
vt 0.730803 0.026398
vt 1.000000 0.707223
vt 0.974480 0.698311
vt 0.701889 0.134826
vt 1.000000 0.168034
vt 0.168034 0.168034
vt 1.000000 0.167591
vt 1.000000 0.717743
vt 0.707223 0.707223
vt 0.900944 0.804161
vt 1.000000 0.276580
vt 1.000000 0.830100
vt 0.880486 0.880486
vt 0.000000 0.000000
vt 0.787683 0.000000
vt 1.000000 0.089954
vt 1.000000 0.830480
vt 0.929604 0.892253
vt 0.830480 0.830480
vt 0.089954 0.089954
vt 0.279961 0.086450
vt 1.000000 0.840411
vt 0.916407 0.084129
vt 1.000000 0.142995
vt 1.000000 0.000000
vt 1.000000 0.880486
vt 0.840411 0.840411
vt 0.142995 0.142995
vt 0.312064 0.000000
vt 1.000000 1.000000
vt 0.312064 0.312064
vt 1.000000 0.291826
vt 0.291826 0.291826
vt 0.398227 0.275995
vt 0.784355 0.230848
vt 1.000000 0.212317
vt 0.381449 0.198440
vt 0.500881 0.210383
vt 0.756839 0.244034
vt 1.000000 0.767643
vt 1.000000 0.975671
vt 0.931733 0.890098
vt 0.975671 0.975671
vt 0.767643 0.767643
vt 0.808892 0.776019
vt 0.878089 0.790485
vt 1.000000 0.817507
vt 1.000000 0.985031
vt 0.393934 0.313481
vt 0.446812 0.297658
vt 0.548123 0.273783
vt 0.932750 0.899303
vt 0.985031 0.985031
vt 0.817507 0.817507
vt 0.804645 0.802369
vt 0.798947 0.795635
vt 0.671687 0.220558
vt 0.656250 0.233049
vt 0.656250 0.196948
vt 0.659828 0.200259
vt 0.662332 0.204294
vt 0.664874 0.208539
vt 0.640283 0.227846
vt 0.636060 0.221079
vt 0.625256 0.204966
vt 0.625287 0.187500
vt 0.642939 0.187500
vt 0.656250 0.196948
vt 0.649068 0.241323
vt 0.635153 0.182274
vt 0.642939 0.187500
vt 0.625287 0.187500
vt 0.625311 0.179173
vt 0.632534 0.181401
s 0
usemtl 
f 5167/7698/2649 5166/7699/2649 5191/7700/2649 5169/7701/2649 5170/7702/2649
f 5172/7703/2650 5171/7704/2650 5189/7705/2650 5190/7706/2650
f 5190/7707/2651 5191/7708/2651 5166/7709/2651 5172/7710/2651
f 5203/7711/2652 5169/7712/2652 5191/7713/2652
f 5177/7714/2653 5165/7715/2653 5192/7716/2653 5193/7717/2653 5180/7718/2653 5176/7719/2653
f 5180/7720/2654 5193/7721/2654 5194/7722/2654
f 5184/7723/2655 5195/7724/2655 5196/7725/2655
f 5165/7726/2656 5177/7727/2656 5184/7728/2656 5196/7729/2656 5197/7730/2656
f 5165/7731/2657 5197/7732/2657 5198/7733/2657
f 5165/7731/2658 5198/7734/2658 5199/7735/2658 5200/7736/2658 5192/7737/2658
f 5194/7738/2659 5201/7739/2659 5189/7740/2659 5171/7741/2659 5176/7742/2659 5180/7743/2659
f 5176/7744/2660 5171/7745/2660 5172/7746/2660 5166/7747/2660 5167/7748/2660 5177/7749/2660
f 5203/7750/2661 5202/7751/2661 5195/7752/2661 5184/7753/2661 5177/7754/2661 5167/7755/2661 5170/7756/2661 5169/7757/2661
f 5182/7758/2662 5164/7759/2662 5188/7760/2662 5186/7761/2662 5185/7762/2662 5183/7763/2662
f 5168/7764/2663 5174/7765/2663 5173/7766/2663 5163/7767/2663 5187/7768/2663 5188/7769/2663 5164/7759/2663 5175/7770/2663
f 5178/7771/2664 5187/7772/2664 5163/7773/2664 5181/7774/2664 5179/7775/2664
o Sphere_cell.125_cell.003
v 0.450542 -0.763700 -0.451810
v 0.447773 -0.707107 -0.542862
v 0.162340 -0.277821 -0.163981
v 0.147614 -0.242775 -0.167737
v 0.423274 -0.795306 -0.424608
v 0.417840 -0.767709 -0.472360
v 0.144824 -0.232675 -0.177262
v 0.141269 -0.226273 -0.171892
v 0.414750 -0.748133 -0.505604
v 0.423274 -0.795306 -0.424608
v 0.417840 -0.767709 -0.472360
v 0.414750 -0.748133 -0.505604
v 0.450542 -0.763700 -0.451810
v 0.447773 -0.707107 -0.542862
vn -0.9098 -0.3957 -0.1252
vn -0.9113 -0.3863 -0.1427
vn -0.7581 0.0182 -0.6519
vn 0.7064 -0.0003 0.7078
vn 0.8906 0.3978 0.2202
vn 0.4484 0.7074 -0.5464
vn 0.4036 -0.7715 -0.4918
vt 0.735407 0.598594
vt 0.900028 0.227668
vt 1.000000 0.291378
vt 1.000000 0.834647
vt 0.834647 0.834647
vt 0.291378 0.291378
vt 0.278766 0.023603
vt 0.285930 0.000000
vt 0.828900 0.000000
vt 1.000000 0.714070
vt 0.893059 0.107418
vt 1.000000 0.171100
vt 0.767226 0.245400
vt 1.000000 0.276003
vt 1.000000 0.743751
vt 0.909249 0.777872
vt 0.743751 0.743751
vt 0.276003 0.276003
vt 1.000000 0.332432
vt 1.000000 0.793976
vt 0.788506 0.787600
vt 0.793976 0.793976
vt 0.334404 0.331663
vt 0.640232 0.250000
vt 0.625226 0.221559
vt 0.625254 0.205675
vt 0.634659 0.219544
vt 0.640553 0.229382
s 0
usemtl 
f 5213/7776/2665 5206/7777/2665 5207/7778/2665 5214/7779/2665
f 5214/7780/2666 5207/7781/2666 5211/7782/2666 5210/7783/2666 5215/7784/2666
f 5210/7785/2667 5217/7786/2667 5215/7787/2667
f 5213/7788/2668 5216/7789/2668 5206/7790/2668
f 5207/7791/2669 5206/7792/2669 5216/7793/2669 5217/7794/2669 5211/7795/2669
f 5210/7796/2670 5211/7797/2670 5217/7798/2670
f 5205/7799/2671 5204/7800/2671 5208/7801/2671 5209/7802/2671 5212/7803/2671
o Sphere_cell.125_cell.004
v 0.108386 -0.831470 -0.544895
v 0.051894 -0.340754 -0.221376
v 0.096900 -0.514301 -0.323531
v 0.110411 -0.822951 -0.555076
v 0.097434 -0.861476 -0.489836
v 0.139206 -0.695753 -0.478148
v 0.167455 -0.808859 -0.555629
v 0.053368 -0.350367 -0.236355
v 0.083266 -0.832272 -0.545868
v 0.083939 -0.827188 -0.552520
v 0.060373 -0.538087 -0.306954
v 0.079063 -0.857324 -0.499412
v 0.147177 -0.851254 -0.494635
v 0.117026 -0.864225 -0.478545
v 0.159510 -0.831470 -0.529387
v 0.083266 -0.832272 -0.545868
v 0.079063 -0.857324 -0.499412
v 0.147177 -0.851254 -0.494635
v 0.117026 -0.864225 -0.478545
v 0.167455 -0.808859 -0.555629
v 0.159510 -0.831470 -0.529387
v 0.110411 -0.822951 -0.555076
v 0.083939 -0.827188 -0.552520
v 0.097434 -0.861476 -0.489836
vn 0.9488 0.3015 -0.0943
vn 0.9455 0.3084 -0.1049
vn -0.9951 0.0020 -0.0992
vn -0.9958 -0.0030 -0.0917
vn 0.5484 -0.3128 0.7755
vn 0.5634 -0.3057 0.7675
vn 0.9513 -0.0120 0.3079
vn -0.1616 0.5372 -0.8278
vn -0.4891 -0.4712 0.7340
vn 0.0572 -0.7810 -0.6219
vn 0.0464 -0.8810 -0.4709
vn 0.1847 -0.7715 -0.6088
vn 0.1374 -0.8810 -0.4528
vt 1.000000 0.336514
vt 1.000000 1.000000
vt 0.000000 0.000000
vt 0.888088 0.051011
vt 1.000000 0.961362
vt 0.336514 0.336514
vt 1.000000 0.162226
vt 0.961363 0.961363
vt 0.955202 0.145090
vt 1.000000 0.663332
vt 0.162226 0.162226
vt 0.593552 0.119073
vt 0.613240 0.107300
vt 1.000000 0.129708
vt 0.663332 0.663332
vt 0.186537 0.000000
vt 1.000000 0.000000
vt 1.000000 0.185186
vt 0.186537 0.186537
vt 0.612242 0.177917
vt 0.747163 0.233102
vt 0.831103 0.218805
vt 0.870350 0.214747
vt 0.923884 0.673798
vt 0.791637 0.341207
vt 0.413284 0.185738
vt 0.459911 0.181726
vt 0.511209 0.179065
vt 0.660814 0.493106
vt 0.726092 0.189652
vt 0.718750 0.191781
vt 0.718750 0.187500
vt 0.725950 0.187500
vt 0.718750 0.167206
vt 0.724642 0.170167
vt 0.703421 0.187500
vt 0.703904 0.198863
vt 0.703840 0.174119
vt 0.711559 0.165347
s 0
usemtl 
f 5223/7804/2672 5219/7805/2672 5220/7806/2672 5237/7807/2672
f 5225/7808/2673 5219/7805/2673 5223/7809/2673
f 5233/7810/2674 5219/7805/2674 5225/7811/2674 5240/7812/2674
f 5228/7813/2675 5219/7805/2675 5233/7814/2675 5234/7815/2675
f 5236/7816/2676 5235/7817/2676 5219/7805/2676 5228/7818/2676
f 5235/7819/2677 5220/7820/2677 5219/7805/2677
f 5237/7821/2678 5220/7805/2678 5235/7822/2678 5238/7823/2678
f 5237/7824/2679 5239/7825/2679 5240/7826/2679 5225/7827/2679 5223/7828/2679
f 5234/7829/2680 5241/7830/2680 5236/7831/2680 5228/7832/2680
f 5227/7833/2681 5221/7834/2681 5218/7835/2681 5226/7836/2681
f 5226/7836/2682 5218/7835/2682 5222/7837/2682 5229/7838/2682
f 5232/7839/2683 5218/7835/2683 5221/7834/2683 5224/7840/2683
f 5230/7841/2684 5231/7842/2684 5222/7837/2684 5218/7835/2684 5232/7839/2684
o Sphere_cell.125_cell.005
v 0.407400 -0.723628 -0.550077
v 0.414007 -0.746876 -0.508186
v 0.155794 -0.253130 -0.193679
v 0.444629 -0.707107 -0.545442
v 0.407400 -0.723628 -0.550077
v 0.414007 -0.746876 -0.508186
v 0.444629 -0.707107 -0.545442
vn -0.9047 -0.4167 -0.0886
vn 0.7727 -0.0003 0.6348
vn -0.1410 0.5488 -0.8240
vn 0.4036 -0.7715 -0.4918
vt 1.000000 0.690676
vt 0.905590 0.097724
vt 1.000000 0.167440
vt 0.167440 0.167440
vt 0.209673 0.105455
vt 0.690677 0.690677
vt 0.338483 0.330073
vt 0.391545 0.314195
vt 0.771744 0.767512
vt 0.648744 0.241697
vt 0.641149 0.250000
vt 0.641096 0.230014
s 0
usemtl 
f 5244/7843/2685 5246/7844/2685 5247/7845/2685
f 5247/7846/2686 5248/7847/2686 5244/7848/2686
f 5248/7849/2687 5246/7850/2687 5244/7851/2687
f 5242/7852/2688 5245/7853/2688 5243/7854/2688
o Sphere_cell.125_cell.006
v 0.098171 -0.510691 -0.321474
v 0.197658 -0.510887 -0.281052
v 0.231410 -0.791148 -0.558672
v 0.051460 -0.330470 -0.215920
v 0.023848 -0.142146 -0.095046
v 0.027788 -0.190565 -0.127319
v 0.015729 -0.035693 -0.024201
v 0.300107 -0.766211 -0.556240
v 0.312354 -0.805861 -0.495176
v 0.052691 -0.338616 -0.228579
v 0.032117 -0.234069 -0.156473
v 0.097184 -0.519138 -0.354881
v 0.168908 -0.807576 -0.556814
v 0.284365 -0.807427 -0.507983
v 0.222224 -0.810848 -0.536495
v 0.168908 -0.807576 -0.556814
v 0.222224 -0.810848 -0.536495
v 0.300107 -0.766211 -0.556240
v 0.312354 -0.805861 -0.495176
v 0.284365 -0.807427 -0.507983
v 0.231410 -0.791148 -0.558672
vn -0.3344 -0.5414 0.7714
vn -0.3172 -0.5421 0.7782
vn -0.9726 -0.2268 0.0514
vn -0.3940 -0.5384 0.7449
vn -0.9458 -0.3070 0.1056
vn -0.9450 -0.3093 0.1061
vn -0.3004 -0.6344 0.7122
vn -0.2923 -0.6336 0.7163
vn -0.1659 0.5376 -0.8268
vn 0.1847 -0.7715 -0.6088
vn 0.2999 -0.7715 -0.5611
vn 0.9392 0.3419 0.0325
vt 1.000000 0.671698
vt 0.417193 0.000000
vt 1.000000 0.000000
vt 0.671699 0.671699
vt 0.000000 0.000000
vt 1.000000 0.865764
vt 1.000000 0.261205
vt 0.967786 0.000000
vt 0.261205 0.261205
vt 1.000000 0.582807
vt 1.000000 1.000000
vt 0.032214 0.000000
vt 1.000000 0.883766
vt 1.000000 0.182574
vt 0.883766 0.883766
vt 1.000000 0.287683
vt 0.182574 0.182574
vt 0.545574 0.222098
vt 0.287683 0.287683
vt 0.291581 0.000000
vt 0.550248 0.273282
vt 0.651897 0.249328
vt 0.744465 0.233562
vt 0.856786 0.511277
vt 0.925002 0.685114
vt 0.956690 0.785793
vt 0.963545 0.827690
vt 0.969863 0.874319
vt 0.982938 0.976840
vt 0.703642 0.199508
vt 0.687500 0.207764
vt 0.687500 0.197864
vt 0.687500 0.207764
vt 0.672011 0.220296
vt 0.660493 0.200370
vt 0.668928 0.199583
vt 0.687500 0.197864
vt 0.899998 0.123658
vt 0.865764 0.865764
vt 0.708420 0.000000
s 0
usemtl 
f 5253/7855/2689 5254/7856/2689 5249/7857/2689
f 5253/7858/2690 5249/7859/2690 5250/7857/2690 5255/7860/2690
f 5252/7857/2691 5259/7861/2691 5258/7862/2691
f 5259/7863/2692 5252/7859/2692 5249/7857/2692 5254/7864/2692
f 5249/7865/2693 5252/7859/2693 5258/7866/2693 5260/7867/2693
f 5264/7868/2694 5249/7865/2694 5260/7869/2694
f 5268/7870/2695 5249/7865/2695 5264/7871/2695 5265/7872/2695
f 5268/7873/2696 5257/7874/2696 5250/7857/2696 5249/7865/2696
f 5256/7875/2697 5269/7876/2697 5264/7877/2697 5260/7878/2697 5258/7879/2697 5259/7880/2697 5254/7881/2697 5253/7882/2697 5255/7883/2697
f 5261/7884/2698 5251/7885/2698 5263/7886/2698
f 5251/7887/2699 5266/7888/2699 5267/7889/2699 5262/7890/2699 5263/7891/2699
f 5256/7892/2700 5255/7893/2700 5250/7859/2700 5257/7894/2700
o Sphere_cell.125_cell.007
v 0.212608 -0.831470 -0.513280
v 0.308658 -0.831470 -0.461940
v 0.099971 -0.520460 -0.326606
v 0.200599 -0.519557 -0.284171
v 0.188808 -0.810370 -0.547236
v 0.169494 -0.809381 -0.554349
v 0.353199 -0.839561 -0.405897
v 0.340943 -0.831470 -0.435444
v 0.312290 -0.807421 -0.493066
v 0.320056 -0.814633 -0.478998
v 0.265316 -0.809786 -0.514921
v 0.221648 -0.812081 -0.535107
v 0.164078 -0.823948 -0.537533
v 0.151614 -0.849907 -0.495909
v 0.161466 -0.831470 -0.528794
v 0.197917 -0.851988 -0.477814
v 0.291590 -0.847891 -0.436395
v 0.188808 -0.810370 -0.547236
v 0.169494 -0.809381 -0.554349
v 0.340943 -0.831470 -0.435444
v 0.320056 -0.814633 -0.478998
v 0.312290 -0.807421 -0.493066
v 0.353199 -0.839561 -0.405897
v 0.265316 -0.809786 -0.514921
v 0.221648 -0.812081 -0.535107
v 0.164078 -0.823948 -0.537533
v 0.151614 -0.849907 -0.495909
v 0.161466 -0.831470 -0.528794
v 0.197917 -0.851988 -0.477814
v 0.291590 -0.847891 -0.436395
vn 0.2956 0.6342 -0.7144
vn 0.8462 0.4864 -0.2178
vn 0.2998 0.6338 -0.7130
vn 0.2968 0.6340 -0.7141
vn -0.9537 0.0075 -0.3006
vn -0.9576 -0.0021 -0.2881
vn 0.1847 -0.7715 -0.6088
vn 0.1374 -0.8810 -0.4528
vn 0.2230 -0.8810 -0.4173
vn 0.2999 -0.7715 -0.5611
vn 0.4036 -0.7715 -0.4918
vn 0.3002 -0.8810 -0.3658
vn -0.3392 -0.4715 0.8140
vt 1.000000 0.000000
vt 1.000000 1.000000
vt 0.189166 0.189166
vt 0.192408 0.000000
vt 0.862970 0.276915
vt 1.000000 0.294643
vt 0.215571 0.215571
vt 0.467022 0.235499
vt 0.294643 0.294643
vt 1.000000 0.288227
vt 0.288227 0.288227
vt 0.693738 0.226320
vt 1.000000 0.189166
vt 1.000000 0.807591
vt 0.253358 0.000000
vt 1.000000 0.189106
vt 0.253358 0.253358
vt 0.424579 0.234763
vt 0.703242 0.198601
vt 0.697445 0.198104
vt 0.687500 0.197244
vt 0.687500 0.187500
vt 0.702834 0.187500
vt 0.702999 0.191280
vt 0.687500 0.173622
vt 0.702661 0.175030
vt 0.656250 0.187500
vt 0.656250 0.176394
vt 0.660189 0.199586
vt 0.656250 0.195961
vt 0.674432 0.198397
vt 0.644266 0.187500
vt 0.656250 0.195961
vt 0.636090 0.182028
vt 0.801598 0.195211
vt 1.000000 0.215571
vt 0.189106 0.189106
vt 0.383085 0.184358
s 0
usemtl 
f 5272/7895/2701 5273/7896/2701 5287/7897/2701 5288/7898/2701
f 5290/7899/2702 5291/7900/2702 5273/7896/2702 5292/7901/2702 5289/7902/2702
f 5273/7896/2703 5291/7903/2703 5293/7904/2703
f 5273/7896/2704 5293/7905/2704 5294/7906/2704 5287/7907/2704
f 5272/7895/2705 5288/7908/2705 5295/7909/2705
f 5296/7910/2706 5272/7896/2706 5295/7911/2706 5297/7912/2706
f 5275/7913/2707 5274/7914/2707 5281/7915/2707 5270/7916/2707 5284/7917/2707 5282/7918/2707
f 5284/7917/2708 5270/7916/2708 5298/7919/2708 5283/7920/2708
f 5298/7919/2709 5270/7916/2709 5271/7921/2709 5299/7922/2709
f 5278/7923/2710 5279/7924/2710 5271/7921/2710 5270/7916/2710 5281/7915/2710 5280/7925/2710
f 5277/7926/2711 5271/7921/2711 5279/7927/2711
f 5277/7926/2712 5276/7928/2712 5299/7922/2712 5271/7921/2712
f 5286/7929/2713 5292/7930/2713 5273/7896/2713 5272/7896/2713 5296/7931/2713 5285/7932/2713
o Sphere_cell.123_cell
v 0.917415 0.394778 -0.000000
v 0.485775 0.150940 -0.046897
v 0.453564 0.225706 -0.049333
v 0.465563 0.197301 0.001947
v 0.451787 0.229671 -0.034907
v 0.877891 0.451860 -0.091512
v 0.886917 0.435051 -0.091083
v 0.941969 0.295432 -0.085060
v 0.915085 0.382683 -0.089292
v 0.939031 0.309570 -0.071347
v 0.663002 0.280589 0.003976
v 0.449828 0.234398 -0.040268
v 0.923575 0.383253 -0.000000
v 0.919782 0.389008 0.006520
v 0.472935 0.246765 -0.042549
v 0.561117 0.293912 -0.051208
v 0.873893 0.461111 -0.081894
v 0.877891 0.451860 -0.091512
v 0.886917 0.435051 -0.091083
v 0.941969 0.295432 -0.085060
v 0.915085 0.382683 -0.089292
v 0.939031 0.309570 -0.071347
v 0.923575 0.383253 -0.000000
v 0.919782 0.389008 0.006520
v 0.873893 0.461111 -0.081894
v 0.917415 0.394778 -0.000000
vn -0.9183 -0.3958 -0.0043
vn -0.0664 -0.0611 -0.9959
vn -0.0620 -0.0674 -0.9958
vn 0.2638 -0.6428 0.7192
vn -0.9212 -0.3891 -0.0065
vn 0.2639 -0.6418 0.7200
vn -0.3827 0.5830 -0.7167
vn -0.3819 0.5824 -0.7176
vn -0.3815 0.5818 -0.7183
vn -0.2872 0.6639 0.6905
vn 0.8786 0.4696 -0.0865
vn 0.9527 0.2893 -0.0927
vn 0.8778 0.4692 0.0964
vt 1.000000 0.000000
vt 1.000000 1.000000
vt 0.563373 0.563373
vt 0.873792 0.000000
vt 0.000000 0.000000
vt 0.762232 0.000000
vt 1.000000 0.235160
vt 1.000000 0.130106
vt 0.235160 0.235160
vt 0.533630 0.181418
vt 1.000000 0.563373
vt 0.130106 0.130106
vt 0.124701 0.000000
vt 0.608355 0.000000
vt 0.920613 0.000000
vt 1.000000 0.126208
vt 0.584578 0.152098
vt 0.626588 0.158769
vt 0.608355 0.608355
vt 0.124701 0.124701
vt 0.920613 0.920613
vt 1.000000 0.940274
vt 0.940274 0.940274
vt 1.000000 0.806795
vt 1.000000 0.237768
vt 0.806795 0.806795
vt 0.797940 0.244945
vt 0.783762 0.577207
vt 0.758377 0.575323
vt 0.583604 0.562076
vt 0.400796 0.372228
vt 0.161777 0.125252
vt 0.191250 0.127470
vt 0.592562 0.169385
vt 0.734032 0.470196
vt 0.773480 0.554988
vt 0.515481 0.625000
vt 0.516652 0.643946
vt 0.517014 0.650027
vt 0.515490 0.653374
vt 0.500000 0.629372
vt 0.500104 0.625000
vt 0.513929 0.595940
vt 0.511703 0.600649
vt 0.500000 0.625206
vt 0.498928 0.627403
s 0
usemtl 
f 5302/7933/2714 5301/7934/2714 5303/7935/2714 5304/7936/2714
f 5302/7937/2715 5317/7938/2715 5318/7939/2715 5301/7934/2715
f 5319/7940/2716 5301/7934/2716 5318/7941/2716 5320/7942/2716
f 5303/7943/2717 5301/7934/2717 5319/7944/2717 5321/7945/2717 5310/7946/2717
f 5311/7947/2718 5302/7933/2718 5304/7948/2718
f 5322/7949/2719 5323/7950/2719 5310/7951/2719 5321/7952/2719
f 5302/7934/2720 5311/7953/2720 5314/7954/2720
f 5314/7955/2721 5315/7956/2721 5302/7934/2721
f 5317/7957/2722 5302/7934/2722 5315/7958/2722 5324/7959/2722
f 5311/7960/2723 5304/7961/2723 5303/7962/2723 5310/7963/2723 5323/7964/2723 5325/7965/2723 5324/7966/2723 5315/7967/2723 5314/7968/2723
f 5308/7969/2724 5306/7970/2724 5305/7971/2724 5316/7972/2724 5300/7973/2724 5312/7974/2724
f 5307/7975/2725 5308/7969/2725 5312/7974/2725 5309/7976/2725
f 5312/7977/2726 5300/7973/2726 5313/7978/2726
o Sphere_cell.123_cell.001
v 0.459337 0.192909 -0.092070
v 0.476212 0.150753 -0.097304
v 0.880211 0.382683 -0.265673
v 0.907913 0.286978 -0.273883
v 0.748714 0.223546 -0.212916
v 0.472773 0.136358 -0.129024
v 0.457831 0.164572 -0.137388
v 0.464779 0.147274 -0.139459
v 0.446473 0.192914 -0.134001
v 0.848121 0.416687 -0.256020
v 0.872503 0.422650 -0.217848
v 0.859623 0.423082 -0.259514
v 0.919405 0.290978 -0.231818
v 0.914572 0.275978 -0.263365
v 0.917292 0.298311 -0.231158
v 0.892872 0.382683 -0.223937
v 0.872503 0.422650 -0.217848
v 0.859623 0.423082 -0.259514
v 0.919405 0.290978 -0.231818
v 0.914572 0.275978 -0.263365
v 0.917292 0.298311 -0.231158
v 0.892872 0.382683 -0.223937
v 0.880211 0.382683 -0.265673
v 0.907913 0.286978 -0.273883
vn 0.3771 -0.8581 0.3485
vn -0.8815 -0.3866 0.2710
vn -0.8820 -0.3858 0.2705
vn -0.4497 0.8824 0.1381
vn -0.4461 0.8828 0.1471
vn 0.3775 -0.8574 0.3498
vn 0.2911 -0.0023 0.9567
vn 0.2902 0.0021 0.9570
vn -0.2898 -0.0018 -0.9571
vn -0.0011 -0.6915 -0.7224
vn 0.8448 0.4696 -0.2563
vn 0.9161 0.2890 -0.2778
vt 1.000000 0.000000
vt 1.000000 0.139890
vt 0.490289 0.000000
vt 0.588446 0.194995
vt 0.139890 0.139890
vt 0.000000 0.000000
vt 1.000000 0.195352
vt 0.181251 0.000000
vt 0.195352 0.195352
vt 0.705932 0.000000
vt 0.181251 0.181251
vt 0.705932 0.705932
vt 0.749368 0.000000
vt 0.726794 0.705820
vt 1.000000 0.509711
vt 0.691038 0.511416
vt 0.169855 0.000000
vt 1.000000 1.000000
vt 0.169855 0.169855
vt 0.168487 0.000000
vt 1.000000 0.250632
vt 0.168487 0.168487
vt 0.714223 0.213376
vt 0.584071 0.163305
vt 1.000000 0.136955
vt 1.000000 0.562943
vt 0.922389 0.569570
vt 0.795255 0.580402
vt 0.408360 0.194036
vt 0.397334 0.182971
vt 0.407141 0.289936
vt 0.674121 0.555198
vt 0.562943 0.562943
vt 0.136955 0.136955
vt 0.246434 0.130496
vt 0.538943 0.639448
vt 0.539129 0.625000
vt 0.546654 0.625000
vt 0.546664 0.639604
vt 0.539366 0.594453
vt 0.544679 0.589452
vt 0.546630 0.593114
vt 0.539338 0.596896
s 0
usemtl 
f 5327/7979/2727 5331/7980/2727 5330/7981/2727
f 5333/7982/2728 5331/7983/2728 5327/7984/2728 5326/7979/2728 5332/7985/2728
f 5334/7986/2729 5332/7987/2729 5326/7984/2729
f 5326/7984/2730 5335/7988/2730 5334/7989/2730
f 5335/7990/2731 5326/7984/2731 5342/7991/2731 5343/7992/2731
f 5330/7993/2732 5345/7994/2732 5344/7995/2732 5327/7979/2732
f 5326/7979/2733 5327/7996/2733 5344/7997/2733 5346/7998/2733
f 5342/7999/2734 5326/7996/2734 5346/8000/2734 5347/8001/2734
f 5348/8002/2735 5349/8003/2735 5333/8004/2735 5332/8005/2735 5334/8006/2735 5335/8007/2735 5343/8008/2735
f 5330/8009/2736 5331/8010/2736 5333/8011/2736 5349/8012/2736 5345/8013/2736
f 5336/8014/2737 5341/8015/2737 5328/8016/2737 5337/8017/2737
f 5338/8018/2738 5339/8019/2738 5329/8020/2738 5328/8016/2738 5341/8015/2738 5340/8021/2738
o Sphere_cell.123_cell.002
v 0.010130 0.003940 -0.001542
v 0.457477 0.193197 -0.090526
v 0.451366 0.224661 -0.050228
v 0.474187 0.149763 -0.095798
v 0.476059 0.122941 -0.116187
v 0.484463 0.101937 -0.096095
v 0.456159 0.163951 -0.136880
v 0.444449 0.193174 -0.133389
v 0.462841 0.146663 -0.138872
v 0.470908 0.135158 -0.127871
v 0.465401 0.192542 0.006448
v 0.464088 0.195853 0.002725
v 0.482342 0.154031 -0.040807
v 0.458957 0.208012 -0.011096
v 0.484309 0.149360 -0.046502
v 0.447419 0.233837 -0.040730
v 0.422805 0.239624 -0.119508
v 0.418762 0.265459 -0.083060
v 0.423543 0.234132 -0.127135
vn 0.9607 0.2022 -0.1904
vn 0.8827 0.3858 -0.2685
vn 0.8898 0.3741 -0.2613
vn 0.9569 0.2151 -0.1951
vn 0.9227 0.3851 0.0169
vn 0.9182 0.3961 0.0031
vn 0.9097 0.3723 -0.1838
vn 0.9065 0.3884 -0.1658
vn 0.9162 0.4006 -0.0073
vn 0.8439 0.4774 -0.2448
vn 0.8443 0.4702 -0.2569
vn 0.2759 -0.6943 0.6647
vn -0.2872 0.6639 0.6905
vn -0.5298 0.6631 -0.5288
vn -0.2898 -0.0018 -0.9571
vn -0.0011 -0.6915 -0.7224
vn 0.8313 0.5302 -0.1668
vt 0.433888 0.251907
vt 0.251981 0.251981
vt 0.005088 0.005088
vt 0.816265 0.000000
vt 1.000000 0.000000
vt 1.000000 0.198319
vt 0.597527 0.197822
vt 0.198319 0.198319
vt 0.000000 0.000000
vt 1.000000 0.140386
vt 1.000000 0.005088
vt 1.000000 0.251981
vt 0.140386 0.140386
vt 0.440265 0.000000
vt 0.474002 0.031103
vt 0.047672 0.000000
vt 0.440265 0.440265
vt 0.047672 0.047672
vt 0.007963 0.000000
vt 0.316733 0.000000
vt 0.982899 0.982899
vt 0.990793 0.990793
vt 0.990327 0.990327
vt 0.082854 0.000000
vt 1.000000 0.683267
vt 0.117766 0.117766
vt 1.000000 0.124007
vt 0.124007 0.124007
vt 0.183735 0.000000
vt 0.156726 0.109354
vt 0.769471 0.544339
vt 0.789132 0.545854
vt 1.000000 0.562165
vt 1.000000 1.000000
vt 0.543792 0.543792
vt 1.000000 0.607082
vt 0.563872 0.562233
vt 0.581468 0.563495
vt 0.646985 0.568428
vt 0.787923 0.579523
vt 0.607928 0.607060
vt 0.931908 0.603051
vt 1.000000 0.602316
vt 1.000000 0.564806
vt 0.602316 0.602316
vt 0.791677 0.582346
vt 0.922762 0.571178
vt 0.681335 0.556988
vt 0.798823 0.551975
vt 1.000000 0.543792
vt 0.564806 0.564806
vt 1.000000 0.117766
vt 0.082854 0.082854
s 0
usemtl 
f 5355/8022/2739 5354/8023/2739 5364/8024/2739
f 5357/8025/2740 5351/8026/2740 5356/8027/2740
f 5358/8028/2741 5356/8029/2741 5351/8030/2741 5353/8026/2741 5359/8031/2741
f 5353/8030/2742 5364/8032/2742 5354/8033/2742 5359/8034/2742
f 5361/8035/2743 5360/8036/2743 5362/8037/2743
f 5361/8038/2744 5362/8039/2744 5364/8040/2744 5363/8041/2744
f 5351/8026/2745 5364/8042/2745 5353/8030/2745
f 5364/8043/2746 5351/8030/2746 5352/8026/2746
f 5364/8044/2747 5352/8030/2747 5365/8045/2747 5363/8046/2747
f 5367/8047/2748 5352/8030/2748 5351/8026/2748 5366/8048/2748
f 5366/8049/2749 5351/8030/2749 5357/8050/2749 5368/8051/2749
f 5364/8052/2750 5362/8053/2750 5360/8054/2750 5350/8055/2750 5355/8056/2750
f 5367/8057/2751 5350/8055/2751 5360/8058/2751 5361/8059/2751 5363/8060/2751 5365/8061/2751
f 5350/8055/2752 5367/8062/2752 5366/8063/2752 5368/8064/2752
f 5358/8065/2753 5350/8055/2753 5368/8066/2753 5357/8067/2753 5356/8068/2753
f 5359/8069/2754 5354/8070/2754 5355/8071/2754 5350/8055/2754 5358/8072/2754
f 5367/8073/2755 5365/8074/2755 5352/8026/2755
o Sphere_cell.123_cell.003
v 0.906127 0.382683 -0.180240
v 0.459409 0.194100 -0.090638
v 0.475958 0.150850 -0.095217
v 0.459017 0.227564 -0.051971
v 0.453970 0.223726 -0.050934
v 0.485108 0.151158 -0.048556
v 0.917776 0.298333 -0.229540
v 0.919944 0.290901 -0.230123
v 0.933018 0.292311 -0.185555
v 0.942879 0.290046 -0.092412
v 0.706308 0.218119 -0.066843
v 0.940602 0.299364 -0.086835
v 0.942525 0.293107 -0.086581
v 0.914935 0.382683 -0.090820
v 0.877907 0.451514 -0.093219
v 0.868566 0.446831 -0.186513
v 0.867278 0.454767 -0.176218
v 0.872611 0.423588 -0.215770
v 0.893427 0.382683 -0.222106
v 0.917776 0.298333 -0.229540
v 0.919944 0.290901 -0.230123
v 0.933018 0.292311 -0.185555
v 0.942879 0.290046 -0.092412
v 0.940602 0.299364 -0.086835
v 0.942525 0.293107 -0.086581
v 0.914935 0.382683 -0.090820
v 0.868566 0.446831 -0.186513
v 0.867278 0.454767 -0.176218
v 0.872611 0.423588 -0.215770
v 0.893427 0.382683 -0.222106
v 0.877907 0.451514 -0.093219
vn -0.9061 -0.3829 0.1802
vn -0.9183 -0.3671 0.1481
vn -0.2882 -0.0089 -0.9575
vn 0.2856 -0.9569 -0.0535
vn 0.2856 -0.9571 -0.0497
vn 0.0641 0.0602 0.9961
vn -0.5776 0.6144 -0.5375
vn 0.0628 0.0677 0.9957
vn -0.1383 0.4235 0.8953
vn -0.5265 0.6402 -0.5594
vn -0.5236 0.6303 -0.5732
vn -0.2901 0.0006 -0.9570
vn -0.4622 0.8818 0.0938
vn 0.3036 -0.8359 0.4573
vn 0.8448 0.4696 -0.2563
vn 0.9161 0.2889 -0.2779
vn 0.8765 0.4730 -0.0899
vn 0.9527 0.2890 -0.0938
vt 1.000000 0.000000
vt 1.000000 1.000000
vt 0.000000 0.000000
vt 1.000000 0.168558
vt 0.832573 0.000000
vt 1.000000 0.126781
vt 0.168557 0.168557
vt 0.437435 0.144467
vt 0.127180 0.077115
vt 0.579118 0.000000
vt 0.579119 0.579119
vt 0.127147 0.084701
vt 0.125864 0.000000
vt 1.000000 0.238043
vt 0.125864 0.125864
vt 0.583341 0.171851
vt 0.240442 0.000000
vt 0.740933 0.000000
vt 1.000000 0.256912
vt 0.256912 0.256912
vt 1.000000 0.249760
vt 0.502403 0.211850
vt 1.000000 0.167427
vt 0.249760 0.249760
vt 1.000000 0.259067
vt 0.240442 0.240442
vt 0.550332 0.103274
vt 0.656245 0.330454
vt 0.534783 0.102696
vt 0.531250 0.651111
vt 0.531250 0.625000
vt 0.538799 0.625000
vt 0.538581 0.639788
vt 0.533660 0.648190
vt 0.539055 0.596903
vt 0.531250 0.594902
vt 0.539069 0.594428
vt 0.531233 0.651133
vt 0.517283 0.649828
vt 0.515746 0.625000
vt 0.514168 0.595166
vt 0.515143 0.594146
vt 0.531250 0.594902
vt 0.514273 0.597250
s 0
usemtl 
f 5373/8075/2756 5371/8076/2756 5374/8077/2756
f 5370/8075/2757 5371/8076/2757 5373/8077/2757
f 5389/8078/2758 5371/8076/2758 5370/8077/2758 5388/8079/2758
f 5391/8080/2759 5371/8076/2759 5389/8081/2759 5390/8082/2759
f 5371/8076/2760 5391/8083/2760 5379/8084/2760 5374/8075/2760
f 5373/8075/2761 5374/8076/2761 5379/8085/2761 5393/8086/2761 5392/8087/2761
f 5373/8076/2762 5372/8077/2762 5370/8075/2762
f 5399/8088/2763 5373/8076/2763 5392/8089/2763 5394/8090/2763
f 5399/8091/2764 5372/8075/2764 5373/8076/2764
f 5396/8092/2765 5395/8093/2765 5370/8076/2765 5372/8077/2765
f 5370/8076/2766 5395/8094/2766 5397/8095/2766
f 5398/8096/2767 5388/8097/2767 5370/8076/2767 5397/8098/2767
f 5396/8099/2768 5372/8076/2768 5399/8100/2768
f 5393/8101/2769 5379/8102/2769 5391/8103/2769
f 5385/8104/2770 5369/8105/2770 5387/8106/2770 5386/8107/2770 5384/8108/2770
f 5375/8109/2771 5387/8106/2771 5369/8105/2771 5377/8110/2771 5376/8111/2771
f 5385/8112/2772 5383/8113/2772 5382/8114/2772 5369/8105/2772
f 5381/8115/2773 5378/8116/2773 5377/8117/2773 5369/8105/2773 5382/8114/2773 5380/8118/2773
o Sphere_cell.123_cell.004
v 0.829707 0.528457 -0.165039
v 0.453145 0.227156 -0.050328
v 0.424546 0.263010 -0.078299
v 0.449475 0.235570 -0.041542
v 0.429485 0.272322 -0.085199
v 0.849640 0.477614 -0.192496
v 0.833894 0.497342 -0.208253
v 0.867245 0.456852 -0.172506
v 0.876902 0.453535 -0.092465
v 0.562130 0.295819 -0.052621
v 0.873141 0.462257 -0.083309
v 0.849640 0.477614 -0.192496
v 0.833894 0.497342 -0.208253
v 0.867245 0.456852 -0.172506
v 0.876902 0.453535 -0.092465
v 0.873141 0.462257 -0.083309
v 0.829707 0.528457 -0.165039
vn -0.8296 -0.5336 0.1644
vn 0.0778 -0.5834 -0.8084
vn 0.1244 -0.6314 -0.7654
vn 0.4620 -0.8820 -0.0923
vn 0.3835 -0.5849 0.7147
vn 0.3821 -0.5825 0.7174
vn -0.2872 0.6640 0.6904
vn -0.5298 0.6631 -0.5288
vn 0.8448 0.4696 -0.2563
vn 0.8786 0.4696 -0.0865
vt 0.000000 0.000000
vt 0.076302 0.000000
vt 0.102082 0.102082
vt 0.288036 0.000000
vt 1.000000 0.000000
vt 1.000000 0.108303
vt 0.985138 0.116440
vt 0.288001 0.057482
vt 0.288036 0.288036
vt 1.000000 0.258501
vt 1.000000 1.000000
vt 0.286187 0.256951
vt 1.000000 0.239265
vt 1.000000 0.804559
vt 0.239265 0.239265
vt 0.447101 0.246232
vt 0.804559 0.804559
vt 1.000000 0.923698
vt 0.973892 0.601520
vt 0.789696 0.577547
vt 0.739374 0.469221
vt 0.599495 0.170109
vt 1.000000 0.211941
vt 1.000000 0.596771
vt 0.213637 0.211896
vt 0.599450 0.207726
vt 0.597639 0.596748
vt 0.531817 0.651766
vt 0.535412 0.659318
vt 0.538817 0.666450
vt 0.531250 0.677698
vt 0.531232 0.651835
vt 0.531216 0.677742
vt 0.515757 0.653789
vt 0.517210 0.650633
s 0
usemtl 
f 5401/8119/2774 5403/8120/2774 5402/8121/2774
f 5411/8122/2775 5401/8123/2775 5402/8124/2775 5404/8125/2775 5412/8126/2775
f 5411/8127/2776 5413/8128/2776 5401/8129/2776
f 5413/8130/2777 5414/8131/2777 5401/8129/2777
f 5409/8132/2778 5401/8129/2778 5414/8133/2778 5415/8134/2778
f 5401/8129/2779 5409/8135/2779 5403/8136/2779
f 5402/8137/2780 5403/8138/2780 5409/8139/2780 5415/8140/2780 5416/8141/2780 5404/8142/2780
f 5416/8143/2781 5412/8144/2781 5404/8145/2781
f 5407/8146/2782 5405/8147/2782 5406/8148/2782 5400/8149/2782
f 5407/8150/2783 5400/8151/2783 5410/8152/2783 5408/8153/2783
o Sphere_cell.123_cell.005
v 0.927693 0.370111 -0.000000
v 0.922670 0.381971 0.014473
v 0.467161 0.193271 0.006478
v 0.482597 0.157926 -0.036845
v 0.515821 0.168861 -0.039215
v 0.731173 0.308022 0.005948
v 0.708344 0.235443 -0.049595
v 0.859324 0.361905 0.007434
v 0.936512 0.324326 -0.051479
v 0.920451 0.387379 0.008361
v 0.923621 0.382531 0.003094
v 0.920451 0.387379 0.008361
v 0.923621 0.382531 0.003094
v 0.927693 0.370111 -0.000000
v 0.936512 0.324326 -0.051479
v 0.922670 0.381971 0.014473
vn -0.2932 0.6778 -0.6743
vn -0.2595 0.6371 -0.7258
vn -0.2521 0.6316 -0.7332
vn 0.2759 -0.6943 0.6647
vn -0.2869 0.6633 0.6912
vn 0.9292 0.3405 -0.1436
vn 0.8778 0.4692 0.0964
vn 0.9527 0.2890 0.0938
vt 0.559034 0.559034
vt 1.000000 0.532679
vt 1.000000 0.943435
vt 0.922032 0.922032
vt 0.901732 0.000000
vt 0.943434 0.943434
vt 0.532679 0.532679
vt 0.451082 0.000000
vt 0.744671 0.208143
vt 0.779651 0.569461
vt 0.098268 0.000000
vt 0.548918 0.000000
vt 0.731457 0.143301
vt 0.732572 0.328502
vt 0.706459 0.109071
vt 0.935431 0.117572
vt 1.000000 0.122409
vt 1.000000 0.560472
vt 0.806683 0.545610
vt 0.793585 0.513658
vt 0.562186 0.560541
vt 0.125831 0.122547
vt 0.153457 0.124626
vt 0.212541 0.183449
vt 0.332058 0.306678
vt 0.500000 0.623918
vt 0.500000 0.620811
vt 0.508424 0.605563
vt 0.498625 0.626846
vt 0.497620 0.625000
vt 0.499491 0.625000
vt 0.499464 0.624949
vt 0.497493 0.624763
s 0
usemtl 
f 5419/8154/2784 5422/8155/2784 5421/8156/2784 5420/8157/2784
f 5423/8158/2785 5421/8159/2785 5422/8160/2785 5424/8161/2785
f 5429/8162/2786 5431/8163/2786 5423/8164/2786 5424/8165/2786 5428/8166/2786
f 5423/8167/2787 5431/8168/2787 5430/8169/2787 5432/8170/2787 5419/8171/2787 5420/8172/2787 5421/8173/2787
f 5419/8174/2788 5432/8175/2788 5428/8176/2788 5424/8177/2788 5422/8178/2788
f 5427/8179/2789 5417/8180/2789 5425/8181/2789
f 5426/8182/2790 5418/8183/2790 5427/8184/2790
f 5427/8185/2791 5418/8186/2791 5417/8180/2791
o Sphere_cell.123_cell.006
v 0.960406 0.200266 -0.190968
v 0.476976 0.149751 -0.096217
v 0.486364 0.102330 -0.096474
v 0.486605 0.148793 -0.048047
v 0.478208 0.123193 -0.116431
v 0.473599 0.135224 -0.127939
v 0.567452 0.173903 -0.055382
v 0.915404 0.274604 -0.262051
v 0.920104 0.289355 -0.231203
v 0.943544 0.287815 -0.092531
v 0.933542 0.290550 -0.185659
v 0.915404 0.274604 -0.262051
v 0.920104 0.289355 -0.231203
v 0.933542 0.290550 -0.185659
v 0.960406 0.200266 -0.190968
v 0.943544 0.287815 -0.092531
vn -0.9637 -0.1885 0.1889
vn -0.2894 0.9541 0.0768
vn -0.3771 0.8566 -0.3521
vn -0.2836 0.9569 0.0625
vn -0.2837 0.9571 0.0586
vn 0.2759 -0.6943 0.6647
vn -0.0011 -0.6915 -0.7224
vn 0.9161 0.2890 -0.2778
vn 0.9527 0.2890 -0.0938
vn -0.9623 -0.1938 0.1907
vt 0.994378 0.994378
vt 0.000000 0.000000
vt 0.139634 0.000000
vt 1.000000 0.750408
vt 1.000000 0.000000
vt 1.000000 0.994378
vt 0.013300 0.000000
vt 0.830779 0.000000
vt 0.965835 0.137628
vt 0.139634 0.139634
vt 1.000000 1.000000
vt 0.013300 0.013300
vt 1.000000 0.125091
vt 1.000000 0.169221
vt 0.125091 0.125091
vt 0.701949 0.143958
vt 0.756693 0.541751
vt 0.541963 0.541963
vt 0.086035 0.086035
vt 0.523867 0.102291
vt 0.717873 0.463997
vt 1.000000 0.086035
vt 1.000000 0.541963
vt 0.800520 0.549908
vt 0.685665 0.554398
vt 0.260111 0.129689
vt 0.531250 0.564246
vt 0.544435 0.588995
vt 0.539239 0.593912
vt 0.531250 0.594315
vt 0.515142 0.593403
vt 0.938807 0.201824
vt 0.001651 0.000000
vt 0.249592 0.000000
s 0
usemtl 
f 5436/8187/2792 5434/8188/2792 5438/8189/2792 5437/8190/2792
f 5434/8191/2793 5436/8192/2793 5439/8193/2793
f 5445/8194/2794 5444/8195/2794 5438/8196/2794 5434/8188/2794
f 5434/8197/2795 5439/8198/2795 5448/8199/2795
f 5445/8200/2796 5434/8197/2796 5448/8201/2796 5446/8202/2796
f 5436/8203/2797 5435/8204/2797 5447/8205/2797 5448/8206/2797 5439/8207/2797
f 5447/8208/2798 5435/8209/2798 5437/8210/2798 5438/8211/2798 5444/8212/2798
f 5433/8213/2799 5440/8214/2799 5441/8215/2799 5443/8216/2799
f 5442/8217/2800 5433/8213/2800 5443/8216/2800
f 5435/8218/2801 5436/8219/2801 5437/8220/2801
o Sphere_cell.123_cell.007
v 0.838241 0.465039 -0.253118
v 0.458056 0.194581 -0.091029
v 0.453338 0.225227 -0.052255
v 0.423881 0.240325 -0.119707
v 0.424643 0.234744 -0.127469
v 0.445184 0.194561 -0.133614
v 0.871939 0.424421 -0.216462
v 0.858958 0.424387 -0.259315
v 0.420822 0.265852 -0.084632
v 0.870653 0.432069 -0.206686
v 0.429592 0.270769 -0.087253
v 0.866466 0.455566 -0.177432
v 0.834042 0.496242 -0.209781
v 0.871939 0.424421 -0.216462
v 0.858958 0.424387 -0.259315
v 0.870653 0.432069 -0.206686
v 0.866466 0.455566 -0.177432
v 0.834042 0.496242 -0.209781
v 0.838241 0.465039 -0.253118
vn -0.8445 -0.4707 0.2555
vn 0.4493 -0.8830 -0.1354
vn -0.8447 -0.4651 0.2648
vn 0.5246 -0.6357 0.5663
vn -0.0828 0.5797 0.8106
vn 0.5240 -0.6259 0.5777
vn -0.0787 0.5813 0.8099
vn -0.5298 0.6631 -0.5288
vn -0.2898 -0.0018 -0.9571
vn 0.8448 0.4696 -0.2563
vt 0.156334 0.048262
vt 0.182567 0.182567
vt 0.000000 0.000000
vt 0.123072 0.000000
vt 0.251208 0.183750
vt 0.251162 0.000000
vt 1.000000 0.000000
vt 1.000000 0.182567
vt 1.000000 1.000000
vt 0.119121 0.000000
vt 1.000000 0.876928
vt 0.251162 0.251162
vt 0.251342 0.000000
vt 0.128878 0.000000
vt 0.119121 0.119121
vt 1.000000 0.748658
vt 0.258267 0.000000
vt 1.000000 0.871122
vt 0.258267 0.258267
vt 0.273868 0.145051
vt 0.613087 0.207578
vt 1.000000 0.203396
vt 1.000000 0.601257
vt 0.930729 0.602016
vt 0.616627 0.605075
vt 0.616230 0.596639
vt 0.601257 0.601257
vt 0.203396 0.203396
vt 0.391300 0.183607
vt 0.787077 0.581637
vt 0.537094 0.642853
vt 0.538728 0.640089
vt 0.546664 0.640076
vt 0.546674 0.654772
vt 0.539085 0.666053
vt 0.532143 0.651348
s 0
usemtl 
f 5453/8221/2802 5454/8222/2802 5450/8223/2802 5452/8224/2802
f 5463/8225/2803 5462/8226/2803 5450/8227/2803 5454/8228/2803
f 5450/8229/2804 5451/8223/2804 5457/8230/2804 5452/8231/2804
f 5450/8229/2805 5462/8232/2805 5464/8233/2805 5451/8227/2805
f 5459/8234/2806 5457/8235/2806 5451/8223/2806
f 5451/8227/2807 5464/8236/2807 5465/8237/2807
f 5459/8238/2808 5451/8229/2808 5465/8239/2808 5466/8240/2808
f 5466/8241/2809 5467/8242/2809 5453/8243/2809 5452/8244/2809 5457/8245/2809 5459/8246/2809
f 5453/8247/2810 5467/8248/2810 5463/8249/2810 5454/8250/2810
f 5458/8251/2811 5455/8252/2811 5456/8253/2811 5449/8254/2811 5461/8255/2811 5460/8256/2811
o Sphere_cell.122_cell
v 0.466799 -0.876439 -0.047105
v 0.193442 -0.471930 -0.038503
v 0.463288 -0.877186 -0.068570
v 0.440898 -0.889366 -0.064530
v 0.234761 -0.449375 -0.045961
v 0.236878 -0.449379 -0.024361
v 0.195215 -0.471943 -0.020219
v 0.423787 -0.899654 -0.042830
v 0.422042 -0.899640 -0.060820
v 0.463288 -0.877186 -0.068570
v 0.440898 -0.889366 -0.064530
v 0.423787 -0.899654 -0.042830
v 0.422042 -0.899640 -0.060820
v 0.466799 -0.876439 -0.047105
vn -0.1599 -0.0333 -0.9866
vn -0.4722 0.8803 0.0464
vn -0.8769 -0.4731 0.0847
vn -0.1716 -0.0404 -0.9843
vn 0.8720 0.4741 -0.1221
vn 0.0988 0.0002 0.9951
vn 0.4709 -0.8810 -0.0464
vt 1.000000 0.000000
vt 1.000000 0.127855
vt 0.233964 0.069226
vt 0.234022 0.000000
vt 0.127855 0.127855
vt 0.000000 0.000000
vt 0.211076 0.000000
vt 0.382053 0.132697
vt 0.993518 0.207697
vt 0.211076 0.211076
vt 0.785818 0.000000
vt 1.000000 0.765978
vt 0.214182 0.000000
vt 0.868431 0.288420
vt 1.000000 0.419109
vt 1.000000 0.832225
vt 0.867698 0.699648
vt 0.853952 0.669061
vt 0.831389 0.831389
vt 0.416217 0.416217
vt 0.438147 0.258918
vt 0.522776 0.141394
vt 0.523131 0.148343
vt 0.523391 0.156581
vt 0.516005 0.157086
vt 0.516032 0.141384
s 0
usemtl 
f 5469/8257/2812 5472/8258/2812 5477/8259/2812 5478/8260/2812
f 5472/8261/2813 5469/8262/2813 5474/8263/2813 5473/8264/2813
f 5479/8265/2814 5474/8266/2814 5469/8262/2814 5480/8267/2814
f 5469/8257/2815 5478/8268/2815 5480/8269/2815
f 5472/8270/2816 5473/8271/2816 5481/8272/2816 5477/8273/2816
f 5479/8274/2817 5481/8275/2817 5473/8276/2817 5474/8277/2817
f 5476/8278/2818 5471/8279/2818 5470/8280/2818 5468/8281/2818 5475/8282/2818
o Sphere_cell.122_cell.001
v 0.375330 -0.923880 -0.074658
v 0.192156 -0.473231 -0.039453
v 0.172537 -0.481364 -0.036953
v 0.188489 -0.473498 -0.055740
v 0.170561 -0.480501 -0.050237
v 0.408482 -0.899995 -0.118564
v 0.416569 -0.901405 -0.082861
v 0.416376 -0.902626 -0.061616
v 0.376990 -0.923880 -0.057807
v 0.313028 -0.943468 -0.051593
v 0.310993 -0.943778 -0.061860
v 0.304765 -0.942983 -0.091382
v 0.364822 -0.923880 -0.109300
v 0.408482 -0.899995 -0.118564
v 0.416569 -0.901405 -0.082861
v 0.376990 -0.923880 -0.057807
v 0.313028 -0.943468 -0.051593
v 0.416376 -0.902626 -0.061616
v 0.310993 -0.943778 -0.061860
v 0.304765 -0.942983 -0.091382
v 0.364822 -0.923880 -0.109300
vn 0.8771 0.4698 -0.0999
vn 0.1214 0.0122 0.9925
vn 0.0973 -0.0020 0.9953
vn -0.9374 -0.2910 0.1911
vn -0.9502 -0.2866 0.1227
vn -0.2934 -0.0001 -0.9560
vn -0.2587 0.0136 -0.9659
vn 0.8582 0.4723 -0.2010
vn -0.3464 0.9360 0.0627
vn -0.3679 0.9228 0.1146
vn 0.2790 -0.9565 -0.0846
vn 0.4528 -0.8810 -0.1374
vn 0.4709 -0.8810 -0.0464
vn 0.2902 -0.9565 -0.0286
vt 0.214343 0.000000
vt 1.000000 0.000000
vt 1.000000 0.787016
vt 0.712154 0.500691
vt 0.787016 0.787016
vt 0.000000 0.000000
vt 0.827433 0.475779
vt 0.787770 0.787770
vt 0.863946 0.000000
vt 0.861815 0.000000
vt 0.864152 0.631296
vt 0.863946 0.863946
vt 0.861815 0.861815
vt 0.861877 0.861877
vt 0.785375 0.000000
vt 0.829060 0.389328
vt 0.862180 0.862180
vt 0.785375 0.785375
vt 1.000000 1.000000
vt 0.531250 0.125000
vt 0.531250 0.103145
vt 0.546289 0.104919
vt 0.546330 0.125000
vt 0.544937 0.141154
vt 0.531250 0.140200
vt 0.523378 0.139374
vt 0.524197 0.125000
vt 0.525999 0.103486
s 0
usemtl 
f 5495/8283/2819 5483/8284/2819 5499/8285/2819 5496/8286/2819
f 5499/8287/2820 5483/8288/2820 5484/8284/2820
f 5497/8289/2821 5499/8290/2821 5484/8288/2821 5498/8291/2821
f 5484/8288/2822 5501/8292/2822 5500/8293/2822 5498/8294/2822
f 5486/8284/2823 5501/8295/2823 5484/8288/2823
f 5501/8296/2824 5486/8288/2824 5485/8284/2824
f 5485/8288/2825 5495/8297/2825 5494/8298/2825 5501/8299/2825
f 5495/8300/2826 5485/8288/2826 5483/8284/2826
f 5485/8288/2827 5486/8284/2827 5483/8301/2827
f 5486/8288/2828 5484/8284/2828 5483/8301/2828
f 5482/8302/2829 5492/8303/2829 5493/8304/2829 5502/8305/2829
f 5487/8306/2830 5488/8307/2830 5482/8302/2830 5502/8305/2830
f 5482/8302/2831 5488/8307/2831 5489/8308/2831 5490/8309/2831
f 5492/8303/2832 5482/8302/2832 5490/8309/2832 5491/8310/2832
o Sphere_cell.122_cell.002
v 0.188060 -0.472886 -0.057637
v 0.169676 -0.480731 -0.052429
v 0.353779 -0.923880 -0.145702
v 0.421587 -0.886499 -0.161927
v 0.426706 -0.881690 -0.175896
v 0.407286 -0.846508 -0.167849
v 0.407811 -0.899423 -0.124442
v 0.196900 -0.465804 -0.080673
v 0.364243 -0.923880 -0.111209
v 0.304290 -0.942974 -0.093049
v 0.159127 -0.482779 -0.065030
v 0.284263 -0.946704 -0.116908
v 0.179723 -0.473496 -0.073561
v 0.421587 -0.886499 -0.161927
v 0.426706 -0.881690 -0.175896
v 0.407811 -0.899423 -0.124442
v 0.364243 -0.923880 -0.111209
v 0.304290 -0.942974 -0.093049
v 0.284263 -0.946704 -0.116908
v 0.353779 -0.923880 -0.145702
vn 0.8292 0.3599 0.4278
vn 0.8287 0.3598 0.4286
vn 0.2903 -0.0003 0.9569
vn 0.2744 -0.0046 0.9616
vn -0.7176 -0.2656 0.6439
vn -0.3551 0.9232 0.1472
vn -0.3521 0.9240 0.1489
vn -0.3826 0.0001 -0.9239
vn 0.2790 -0.9565 -0.0846
vn 0.4528 -0.8810 -0.1374
vt 0.715633 0.000000
vt 0.782666 0.000000
vt 0.774521 0.150236
vt 0.782666 0.782666
vt 0.715633 0.715633
vt 0.867178 0.000000
vt 1.000000 0.000000
vt 1.000000 0.785126
vt 0.785126 0.785126
vt 0.000000 0.000000
vt 0.863060 0.000000
vt 0.829814 0.435514
vt 0.863060 0.863060
vt 0.070424 0.000000
vt 0.995726 0.862310
vt 0.862587 0.862587
vt 0.118291 0.000000
vt 0.070424 0.070424
vt 0.118291 0.118291
vt 1.000000 0.132822
vt 0.803728 0.075586
vt 0.837717 0.068643
vt 0.878338 0.454659
vt 0.900229 0.786076
vt 0.452270 0.341720
vt 0.443346 0.238235
vt 0.435951 0.152037
vt 0.547141 0.104049
vt 0.562096 0.099981
vt 0.562176 0.125000
vt 0.547161 0.125000
vt 0.562225 0.153534
vt 0.558267 0.150282
vt 0.547109 0.141541
s 0
usemtl 
f 5508/8311/2833 5516/8312/2833 5517/8313/2833
f 5516/8314/2834 5508/8315/2834 5510/8316/2834 5503/8317/2834 5518/8318/2834
f 5518/8319/2835 5503/8320/2835 5520/8321/2835 5519/8322/2835
f 5503/8320/2836 5504/8317/2836 5520/8323/2836
f 5513/8324/2837 5521/8325/2837 5520/8326/2837 5504/8320/2837
f 5504/8320/2838 5515/8327/2838 5513/8328/2838
f 5515/8329/2839 5504/8320/2839 5503/8317/2839 5510/8330/2839
f 5508/8331/2840 5517/8332/2840 5522/8333/2840 5521/8334/2840 5513/8335/2840 5515/8336/2840 5510/8337/2840
f 5512/8338/2841 5514/8339/2841 5505/8340/2841 5511/8341/2841
f 5505/8340/2842 5507/8342/2842 5506/8343/2842 5509/8344/2842 5511/8341/2842
o Sphere_cell.122_cell.003
v 0.258625 -0.955122 -0.106289
v 0.245340 -0.964084 -0.048801
v 0.170855 -0.482052 -0.036501
v 0.168862 -0.482018 -0.050975
v 0.303206 -0.943455 -0.091185
v 0.309218 -0.944327 -0.061507
v 0.310993 -0.944075 -0.051936
v 0.235598 -0.699069 -0.024184
v 0.311039 -0.944247 -0.045701
v 0.310066 -0.944966 -0.031529
v 0.172850 -0.540697 -0.070720
v 0.282332 -0.947338 -0.116109
v 0.157587 -0.484143 -0.064392
v 0.169124 -0.482987 -0.017626
v 0.161422 -0.484745 -0.016861
v 0.124154 -0.494178 -0.017478
v 0.135808 -0.491377 -0.014317
v 0.134024 -0.489806 -0.054632
v 0.148828 -0.534524 -0.015601
v 0.139915 -0.556890 -0.020123
v 0.277573 -0.954919 -0.028301
v 0.242683 -0.965216 -0.037897
v 0.309218 -0.944327 -0.061507
v 0.310993 -0.944075 -0.051936
v 0.303206 -0.943455 -0.091185
v 0.311039 -0.944247 -0.045701
v 0.310066 -0.944966 -0.031529
v 0.282332 -0.947338 -0.116109
v 0.277573 -0.954919 -0.028301
v 0.242683 -0.965216 -0.037897
v 0.258625 -0.955122 -0.106289
v 0.245340 -0.964084 -0.048801
vn 0.9398 0.2895 -0.1819
vn 0.9521 0.2918 -0.0909
vn 0.9543 0.2890 0.0758
vn 0.9547 0.2867 0.0801
vn 0.7185 0.2652 -0.6430
vn -0.2209 0.9748 0.0302
vn -0.2015 0.9790 0.0300
vn 0.7170 0.2656 -0.6445
vn -0.2459 0.9681 0.0486
vn -0.2379 -0.1005 0.9661
vn -0.2359 -0.1014 0.9665
vn 0.0988 0.0002 0.9951
vn -0.9392 -0.2238 -0.2604
vn -0.3827 0.0001 -0.9239
vn 0.2790 -0.9565 -0.0846
vn 0.2902 -0.9565 -0.0286
vt 0.789627 0.653807
vt 0.137237 0.000000
vt 1.000000 0.000000
vt 1.000000 0.863639
vt 0.863639 0.863639
vt 0.000000 0.000000
vt 1.000000 0.863591
vt 0.863591 0.863591
vt 0.601626 0.000000
vt 1.000000 0.404214
vt 0.865241 0.394903
vt 0.863622 0.863622
vt 0.404214 0.404214
vt 0.815518 0.685673
vt 0.890207 0.000000
vt 1.000000 0.862763
vt 1.000000 1.000000
vt 0.925549 0.925549
vt 0.778549 0.000000
vt 0.948619 0.000000
vt 1.000000 0.270638
vt 0.398374 0.000000
vt 1.000000 0.925549
vt 0.890207 0.890207
vt 0.788576 0.769279
vt 1.000000 0.788514
vt 1.000000 0.843200
vt 0.948619 0.948619
vt 1.000000 0.903985
vt 0.843200 0.843200
vt 0.788514 0.788514
vt 1.000000 0.862025
vt 0.907709 0.115809
vt 0.903985 0.903985
vt 0.862025 0.862025
vt 0.806047 0.096436
vt 0.907657 0.136668
vt 0.897986 0.253069
vt 0.658941 0.206936
vt 0.448880 0.162944
vt 0.450587 0.135847
vt 0.457032 0.045084
vt 0.498977 0.053023
vt 0.589340 0.049088
vt 1.000000 0.455728
vt 1.000000 0.907754
vt 0.352858 0.269392
vt 0.230812 0.148459
vt 0.540799 0.061510
vt 0.453583 0.350839
vt 0.508191 0.404961
vt 0.900836 0.795279
vt 0.908302 0.908302
vt 0.458593 0.451636
vt 0.531250 0.102542
vt 0.531250 0.080843
vt 0.562067 0.090754
vt 0.562094 0.099286
vt 0.546399 0.103520
vt 0.524513 0.079600
vt 0.531250 0.080843
vt 0.531250 0.102542
vt 0.526337 0.102819
vt 0.523226 0.102630
vt 0.516150 0.101841
vt 0.516193 0.090909
s 0
usemtl 
f 5545/8345/2843 5547/8346/2843 5526/8347/2843 5546/8348/2843
f 5546/8349/2844 5526/8350/2844 5525/8347/2844 5548/8351/2844
f 5548/8352/2845 5525/8350/2845 5536/8353/2845 5530/8354/2845
f 5549/8355/2846 5548/8356/2846 5530/8357/2846
f 5550/8358/2847 5533/8359/2847 5526/8347/2847 5547/8360/2847
f 5526/8361/2848 5535/8362/2848 5540/8363/2848 5537/8364/2848 5536/8365/2848
f 5536/8366/2849 5525/8347/2849 5526/8361/2849
f 5535/8367/2850 5526/8361/2850 5533/8368/2850
f 5540/8369/2851 5538/8370/2851 5539/8371/2851 5537/8372/2851
f 5541/8373/2852 5539/8374/2852 5538/8375/2852 5542/8376/2852
f 5551/8377/2853 5541/8378/2853 5542/8379/2853 5552/8380/2853
f 5551/8381/2854 5549/8382/2854 5530/8383/2854 5536/8384/2854 5537/8385/2854 5539/8386/2854 5541/8387/2854
f 5538/8388/2855 5540/8389/2855 5553/8390/2855 5554/8391/2855 5552/8392/2855 5542/8393/2855
f 5535/8394/2856 5533/8395/2856 5550/8396/2856 5553/8397/2856 5540/8398/2856
f 5528/8399/2857 5524/8400/2857 5523/8401/2857 5534/8402/2857 5527/8403/2857
f 5544/8404/2858 5524/8405/2858 5528/8406/2858 5529/8407/2858 5531/8408/2858 5532/8409/2858 5543/8410/2858
o Sphere_cell.122_cell.004
v 0.439675 -0.874187 -0.181265
v 0.459552 -0.877980 -0.091411
v 0.193946 -0.472083 -0.040238
v 0.190276 -0.472753 -0.056870
v 0.208714 -0.459344 -0.085564
v 0.234652 -0.449770 -0.047639
v 0.225831 -0.449529 -0.092651
v 0.423059 -0.885865 -0.161138
v 0.428816 -0.880469 -0.176769
v 0.407185 -0.841400 -0.167806
v 0.409262 -0.898861 -0.123265
v 0.199712 -0.464971 -0.081837
v 0.463088 -0.877228 -0.069795
v 0.421312 -0.899762 -0.065924
v 0.418233 -0.900498 -0.083192
v 0.423059 -0.885865 -0.161138
v 0.428816 -0.880469 -0.176769
v 0.409262 -0.898861 -0.123265
v 0.418233 -0.900498 -0.083192
v 0.421312 -0.899762 -0.065924
v 0.459552 -0.877980 -0.091411
v 0.463088 -0.877228 -0.069795
v 0.439675 -0.874187 -0.181265
vn -0.4650 0.8801 0.0959
vn -0.8282 -0.3601 -0.4294
vn -0.8300 -0.3602 -0.4259
vn -0.5054 0.8594 0.0769
vn 0.1284 0.0130 0.9916
vn -0.8584 -0.4688 0.2083
vn -0.8645 -0.4714 0.1743
vn 0.8656 0.4716 -0.1684
vn -0.3826 0.0001 -0.9239
vn 0.4528 -0.8810 -0.1374
vn 0.4709 -0.8810 -0.0464
vt 0.308219 0.259430
vt 0.237308 0.237308
vt 0.000000 0.000000
vt 0.126169 0.000000
vt 1.000000 0.292581
vt 0.834255 0.227311
vt 1.000000 0.218218
vt 1.000000 0.000000
vt 1.000000 0.143185
vt 0.292581 0.292581
vt 0.218218 0.218218
vt 0.216128 0.000000
vt 1.000000 0.237308
vt 0.143185 0.143185
vt 0.909030 0.126382
vt 0.126169 0.126169
vt 0.784738 0.000000
vt 1.000000 0.215262
vt 1.000000 1.000000
vt 1.000000 0.783872
vt 0.449341 0.235760
vt 0.215134 0.000000
vt 0.860161 0.693317
vt 0.726939 0.560982
vt 0.169506 0.000000
vt 0.579709 0.000000
vt 0.858185 0.278561
vt 0.429736 0.090337
vt 0.420291 0.000000
vt 0.830494 0.000000
vt 0.836542 0.057475
vt 0.798798 0.065462
vt 0.435152 0.138803
vt 0.562226 0.154360
vt 0.562234 0.158609
vt 0.531250 0.156043
vt 0.531250 0.140813
vt 0.546533 0.141921
vt 0.557814 0.150710
vt 0.523812 0.156552
vt 0.524699 0.141312
s 0
usemtl 
f 5561/8411/2859 5559/8412/2859 5557/8413/2859 5560/8414/2859
f 5564/8415/2860 5571/8416/2860 5570/8417/2860
f 5558/8418/2861 5566/8419/2861 5564/8420/2861 5570/8421/2861 5572/8422/2861
f 5559/8423/2862 5566/8424/2862 5558/8413/2862 5557/8418/2862
f 5576/8425/2863 5560/8426/2863 5557/8413/2863 5574/8427/2863
f 5558/8413/2864 5574/8428/2864 5557/8429/2864
f 5558/8418/2865 5572/8430/2865 5573/8431/2865 5574/8432/2865
f 5576/8433/2866 5575/8434/2866 5577/8435/2866 5561/8436/2866 5560/8437/2866
f 5559/8438/2867 5561/8439/2867 5577/8440/2867 5571/8441/2867 5564/8442/2867 5566/8443/2867
f 5563/8444/2868 5555/8445/2868 5556/8446/2868 5569/8447/2868 5565/8448/2868 5562/8449/2868
f 5569/8447/2869 5556/8446/2869 5567/8450/2869 5568/8451/2869
o Sphere_cell.122_cell.005
v 0.006728 -0.014426 -0.001858
v 0.006378 -0.021244 -0.001559
v 0.191644 -0.470839 -0.038155
v 0.188314 -0.470609 -0.056442
v 0.171882 -0.479218 -0.036702
v 0.168442 -0.479843 -0.050673
v 0.233865 -0.447724 -0.045953
v 0.206997 -0.457982 -0.084853
v 0.224933 -0.447745 -0.092279
v 0.197700 -0.463172 -0.081004
v 0.179350 -0.472019 -0.073406
v 0.157190 -0.481991 -0.064228
v 0.132650 -0.488730 -0.053985
v 0.122710 -0.493153 -0.013016
v 0.133870 -0.490379 -0.014124
v 0.236004 -0.447755 -0.024274
v 0.193450 -0.470833 -0.020044
v 0.179185 -0.477122 -0.018626
v 0.169666 -0.481151 -0.017680
vn 0.4728 -0.8798 -0.0479
vn 0.4655 -0.8805 -0.0894
vn 0.4553 -0.8854 -0.0941
vn 0.3870 -0.9131 -0.1286
vn 0.3543 -0.9234 -0.1478
vn 0.4726 -0.8800 -0.0468
vn 0.3998 -0.9158 -0.0396
vn 0.3863 -0.9211 -0.0492
vn 0.3864 -0.9207 -0.0540
vn 0.3997 -0.9128 -0.0843
vn 0.3737 -0.9262 -0.0506
vn 0.2437 -0.9687 -0.0475
vn 0.8708 0.4709 -0.1417
vn 0.1624 0.0349 0.9861
vn 0.0988 0.0002 0.9951
vn -0.9408 -0.2258 -0.2526
vn -0.4366 -0.0171 -0.8995
vn -0.3832 -0.0001 -0.9237
vn 0.2450 -0.9682 -0.0499
vt 1.000000 0.129765
vt 0.859425 0.000000
vt 1.000000 0.000000
vt 0.314882 0.050702
vt 0.129765 0.129765
vt 0.000000 0.000000
vt 0.241530 0.000000
vt 1.000000 0.140309
vt 0.241530 0.241530
vt 1.000000 0.125722
vt 0.140309 0.140309
vt 0.074910 0.000000
vt 0.125722 0.125722
vt 0.974826 0.135928
vt 0.789984 0.000000
vt 0.789984 0.789984
vt 1.000000 0.420186
vt 1.000000 1.000000
vt 0.420186 0.420186
vt 0.413497 0.000000
vt 1.000000 0.285862
vt 1.000000 0.829777
vt 0.285862 0.285862
vt 0.169489 0.000000
vt 0.217185 0.000000
vt 0.867944 0.286339
vt 0.581432 0.000000
vt 0.990830 0.408429
vt 0.417538 0.417538
vt 0.437068 0.253950
vt 0.414638 0.414638
vt 0.458756 0.000000
vt 0.456062 0.039451
vt 0.446617 0.170670
vt 0.443179 0.201271
vt 0.983370 0.437943
vt 0.541244 0.000000
vt 0.454409 0.454409
vt 0.418569 0.000000
vt 0.428419 0.094560
vt 0.433412 0.143333
vt 0.441919 0.236716
vt 0.451506 0.348029
vt 0.457699 0.457699
vt 0.163801 0.012034
vt 0.925090 0.000000
s 0
usemtl 
f 5584/8452/2870 5593/8453/2870 5580/8454/2870
f 5586/8455/2871 5584/8456/2871 5580/8457/2871 5585/8458/2871
f 5581/8454/2872 5587/8459/2872 5585/8460/2872 5580/8457/2872
f 5581/8457/2873 5583/8454/2873 5588/8461/2873 5587/8462/2873
f 5583/8457/2874 5589/8463/2874 5588/8464/2874
f 5580/8454/2875 5593/8465/2875 5594/8466/2875
f 5594/8467/2876 5595/8468/2876 5580/8469/2876
f 5595/8470/2877 5596/8471/2877 5582/8454/2877 5580/8469/2877
f 5583/8454/2878 5580/8469/2878 5582/8457/2878
f 5581/8454/2879 5580/8469/2879 5583/8457/2879
f 5583/8469/2880 5582/8457/2880 5596/8472/2880
f 5590/8473/2881 5583/8469/2881 5596/8474/2881 5592/8475/2881 5591/8476/2881
f 5584/8477/2882 5586/8478/2882 5578/8454/2882 5593/8479/2882
f 5578/8457/2883 5579/8454/2883 5593/8480/2883
f 5594/8481/2884 5593/8482/2884 5579/8457/2884 5591/8483/2884 5592/8484/2884 5596/8485/2884 5595/8486/2884
f 5579/8454/2885 5590/8487/2885 5591/8488/2885
f 5590/8489/2886 5579/8457/2886 5578/8454/2886
f 5578/8457/2887 5586/8490/2887 5585/8491/2887 5587/8492/2887 5588/8493/2887 5589/8494/2887 5590/8495/2887
f 5590/8496/2888 5589/8497/2888 5583/8457/2888
o Sphere_cell.122_cell.006
v 0.191654 -0.473485 -0.037287
v 0.378904 -0.923880 -0.038368
v 0.173162 -0.481321 -0.035649
v 0.263507 -0.784277 -0.026938
v 0.171900 -0.482593 -0.017902
v 0.313509 -0.943396 -0.049099
v 0.312134 -0.944332 -0.031734
v 0.416374 -0.902741 -0.059454
v 0.377217 -0.923880 -0.055505
v 0.421903 -0.900671 -0.042643
v 0.193436 -0.473396 -0.020042
v 0.188545 -0.475437 -0.019556
v 0.313509 -0.943396 -0.049099
v 0.312134 -0.944332 -0.031734
v 0.416374 -0.902741 -0.059454
v 0.377217 -0.923880 -0.055505
v 0.378904 -0.923880 -0.038368
v 0.421903 -0.900671 -0.042643
vn -0.9538 -0.2870 -0.0884
vn -0.9536 -0.2870 -0.0910
vn -0.0996 -0.0013 -0.9950
vn -0.0900 0.0043 -0.9959
vn 0.8588 0.4656 -0.2139
vn -0.3819 0.9236 0.0347
vn -0.3894 0.9204 0.0357
vn 0.0988 0.0002 0.9951
vn 0.4709 -0.8810 -0.0464
vn 0.2902 -0.9565 -0.0286
vt 1.000000 0.565444
vt 0.430699 0.000000
vt 1.000000 0.000000
vt 0.864248 0.561003
vt 0.565444 0.565444
vt 0.000000 0.000000
vt 0.862634 0.000000
vt 0.787624 0.000000
vt 0.826735 0.350693
vt 0.862634 0.862634
vt 0.787624 0.787624
vt 0.986711 0.787038
vt 0.786976 0.786976
vt 0.200862 0.000000
vt 0.200862 0.200862
vt 0.206319 0.000000
vt 0.206319 0.206319
vt 1.000000 0.208201
vt 0.897370 0.260478
vt 0.877496 0.499673
vt 0.854940 0.661952
vt 0.439559 0.251799
vt 0.441543 0.233831
vt 0.448497 0.172514
vt 0.741775 0.229930
vt 0.516033 0.140697
vt 0.516060 0.125000
vt 0.523233 0.125000
vt 0.522494 0.140660
vt 0.516147 0.102537
vt 0.524728 0.103565
s 0
usemtl 
f 5600/8498/2889 5601/8499/2889 5599/8500/2889
f 5610/8501/2890 5600/8502/2890 5599/8503/2890 5609/8504/2890
f 5599/8503/2891 5611/8505/2891 5612/8506/2891 5609/8507/2891
f 5597/8500/2892 5611/8508/2892 5599/8503/2892
f 5614/8509/2893 5611/8510/2893 5597/8503/2893 5607/8511/2893
f 5607/8512/2894 5597/8503/2894 5608/8513/2894
f 5608/8514/2895 5597/8503/2895 5599/8500/2895 5601/8515/2895
f 5610/8516/2896 5613/8517/2896 5614/8518/2896 5607/8519/2896 5608/8520/2896 5601/8521/2896 5600/8522/2896
f 5606/8523/2897 5598/8524/2897 5605/8525/2897 5604/8526/2897
f 5598/8524/2898 5603/8527/2898 5602/8528/2898 5605/8525/2898
o Sphere_cell.122_cell.007
v 0.239422 -0.966605 -0.024510
v 0.146366 -0.541436 -0.015355
v 0.131399 -0.492834 -0.013879
v 0.139767 -0.557914 -0.018658
v 0.270996 -0.956933 -0.027647
v 0.242116 -0.965457 -0.035569
v 0.123141 -0.494901 -0.013058
v 0.270996 -0.956933 -0.027647
v 0.242116 -0.965457 -0.035569
v 0.239422 -0.966605 -0.024510
vn 0.0647 0.0814 -0.9946
vn 0.2359 0.0993 -0.9667
vn 0.0988 0.0002 0.9951
vn -0.9408 -0.2258 -0.2526
vn 0.2902 -0.9566 -0.0286
vt 1.000000 0.108311
vt 1.000000 0.139223
vt 0.785479 0.000000
vt 0.821011 0.000000
vt 0.904412 0.196357
vt 0.139223 0.139223
vt 0.108311 0.108311
vt 0.888482 0.112521
vt 0.919013 0.000000
vt 0.909615 0.113109
vt 0.505695 0.039148
vt 0.458447 0.029203
vt 0.460456 0.000000
vt 0.571112 0.031317
vt 0.523318 0.045025
vt 0.204763 0.122648
vt 0.080987 0.000000
vt 0.516201 0.088697
vt 0.516243 0.078074
vt 0.523075 0.079335
s 0
usemtl 
f 5616/8529/2899 5618/8530/2899 5621/8531/2899 5617/8532/2899
f 5623/8533/2900 5618/8534/2900 5616/8535/2900 5622/8536/2900
f 5624/8537/2901 5622/8538/2901 5616/8539/2901 5617/8540/2901 5621/8541/2901
f 5621/8542/2902 5618/8543/2902 5623/8544/2902 5624/8545/2902
f 5619/8546/2903 5615/8547/2903 5620/8548/2903
o Sphere_cell.120_cell
v 0.438747 0.194301 -0.183544
v 0.836750 0.287006 -0.446263
v 0.432341 0.192751 -0.180856
v 0.411739 0.192666 -0.219286
v 0.424074 0.146157 -0.225835
v 0.445009 0.147544 -0.185958
v 0.824157 0.334235 -0.439577
v 0.877883 0.293536 -0.365126
v 0.845180 0.334192 -0.400273
v 0.845180 0.334192 -0.400273
v 0.824157 0.334235 -0.439577
v 0.836750 0.287006 -0.446263
v 0.877883 0.293536 -0.365126
vn -0.8438 -0.2876 0.4530
vn -0.2556 0.9571 0.1363
vn 0.2925 0.3407 0.8935
vn 0.1001 0.7399 0.6652
vn 0.1286 0.7057 0.6967
vn -0.4710 -0.0007 -0.8822
vn 0.2845 -0.9550 -0.0835
vn 0.8443 0.2890 -0.4513
vn 0.3817 0.0026 0.9243
vt 0.000000 0.000000
vt 0.121745 0.000000
vt 0.321451 0.195588
vt 0.190125 0.190125
vt 0.911200 0.124069
vt 0.121745 0.121745
vt 0.787006 0.000000
vt 0.152589 0.000000
vt 1.000000 0.000000
vt 1.000000 1.000000
vt 1.000000 0.212994
vt 0.784552 0.784552
vt 0.847411 0.000000
vt 0.810604 0.217221
vt 1.000000 0.205116
vt 1.000000 0.601504
vt 0.813575 0.613361
vt 0.601504 0.601504
vt 0.205116 0.205116
vt 0.594462 0.164382
vt 0.793981 0.581295
vt 0.562730 0.594042
vt 0.577979 0.593123
vt 0.577984 0.608859
vt 0.570412 0.608844
vt 1.000000 0.190125
vt 1.000000 0.150714
s 0
usemtl 
f 5627/8549/2904 5628/8550/2904 5629/8551/2904 5630/8552/2904
f 5635/8553/2905 5628/8554/2905 5627/8549/2905 5634/8555/2905
f 5637/8556/2906 5625/8557/2906 5627/8558/2906
f 5627/8558/2907 5625/8549/2907 5634/8559/2907
f 5634/8560/2908 5625/8549/2908 5637/8561/2908
f 5635/8562/2909 5636/8563/2909 5629/8564/2909 5628/8565/2909
f 5629/8566/2910 5636/8567/2910 5637/8568/2910 5630/8569/2910
f 5632/8570/2911 5626/8571/2911 5631/8572/2911 5633/8573/2911
f 5630/8574/2912 5637/8575/2912 5627/8557/2912
o Sphere_cell.120_cell.001
v 0.438906 0.197231 -0.183516
v 0.811238 0.382683 -0.432719
v 0.417988 0.197136 -0.222626
v 0.813240 0.422772 -0.383737
v 0.792446 0.422704 -0.422718
v 0.823767 0.335694 -0.439371
v 0.833379 0.335733 -0.421365
v 0.844403 0.336094 -0.400509
v 0.832023 0.382683 -0.393834
v 0.813240 0.422772 -0.383737
v 0.792446 0.422704 -0.422718
v 0.823767 0.335694 -0.439371
v 0.833379 0.335733 -0.421365
v 0.844403 0.336094 -0.400509
v 0.832023 0.382683 -0.393834
v 0.811238 0.382683 -0.432719
vn -0.4146 0.8831 0.2196
vn 0.2553 -0.9575 -0.1342
vn 0.2624 -0.9572 -0.1222
vn 0.4720 -0.0009 0.8816
vn -0.4710 -0.0007 -0.8822
vn 0.7786 0.4696 -0.4162
vn 0.8443 0.2890 -0.4513
vt 0.846972 0.124471
vt 0.124958 0.124958
vt 0.000000 0.000000
vt 0.722419 0.000000
vt 0.238495 0.000000
vt 1.000000 0.000000
vt 1.000000 0.124958
vt 0.238467 0.057500
vt 0.238495 0.238495
vt 1.000000 0.217603
vt 1.000000 1.000000
vt 1.000000 0.277581
vt 0.217603 0.217603
vt 0.618606 0.241412
vt 0.445642 0.247697
vt 0.616318 0.229638
vt 0.804752 0.217595
vt 0.804982 0.607359
vt 0.570184 0.639493
vt 0.570381 0.625000
vt 0.577989 0.625000
vt 0.577992 0.639468
vt 0.577989 0.625000
vt 0.570381 0.625000
vt 0.570504 0.609478
vt 0.574515 0.609358
vt 0.577984 0.609345
s 0
usemtl 
f 5648/8576/2913 5640/8577/2913 5638/8578/2913 5647/8579/2913
f 5650/8580/2914 5638/8581/2914 5640/8582/2914 5649/8583/2914
f 5650/8584/2915 5651/8585/2915 5638/8586/2915
f 5647/8587/2916 5638/8586/2916 5651/8588/2916 5652/8589/2916
f 5648/8590/2917 5653/8591/2917 5649/8592/2917 5640/8593/2917
f 5641/8594/2918 5646/8595/2918 5639/8596/2918 5642/8597/2918
f 5639/8598/2919 5646/8599/2919 5645/8600/2919 5644/8601/2919 5643/8602/2919
o Sphere_cell.120_cell.002
v 0.906888 0.287588 -0.276629
v 0.432747 0.193416 -0.178960
v 0.878558 0.294210 -0.363133
v 0.445557 0.147492 -0.184133
v 0.880710 0.333909 -0.314753
v 0.496118 0.209163 -0.151837
v 0.893571 0.333826 -0.272442
v 0.459095 0.146404 -0.140750
v 0.445725 0.193183 -0.136546
v 0.878558 0.294210 -0.363133
v 0.880710 0.333909 -0.314753
v 0.893571 0.333826 -0.272442
v 0.906888 0.287588 -0.276629
vn -0.3814 -0.0022 -0.9244
vn -0.3982 0.7177 -0.5712
vn -0.2745 0.9578 0.0853
vn -0.2762 0.9569 0.0898
vn 0.2912 -0.0028 0.9567
vn 0.2617 -0.9548 -0.1410
vn 0.9161 0.2890 -0.2779
vn -0.9165 -0.2870 0.2788
vt 1.000000 0.000000
vt 0.981480 0.851099
vt 0.807797 0.000000
vt 0.851082 0.851082
vt 0.000000 0.000000
vt 0.854183 0.000000
vt 0.878812 0.758194
vt 0.854183 0.854183
vt 0.120941 0.000000
vt 1.000000 1.000000
vt 0.810946 0.810946
vt 1.000000 0.879059
vt 0.137340 0.137340
vt 0.351979 0.150271
vt 0.736525 0.532219
vt 0.784585 0.580645
vt 0.567662 0.567662
vt 1.000000 0.137340
vt 1.000000 0.567662
vt 0.802272 0.580765
vt 0.603530 0.163557
vt 0.547120 0.593317
vt 0.562378 0.595524
vt 0.554611 0.608750
vt 0.547099 0.608722
vt 1.000000 0.810947
vt 1.000000 0.192203
vt 0.826831 0.023937
s 0
usemtl 
f 5655/8603/2920 5663/8604/2920 5657/8605/2920
f 5663/8606/2921 5655/8607/2921 5664/8608/2921
f 5665/8609/2922 5664/8610/2922 5655/8607/2922 5659/8611/2922
f 5655/8612/2923 5662/8613/2923 5659/8614/2923
f 5666/8615/2924 5665/8616/2924 5659/8617/2924 5662/8618/2924 5661/8619/2924
f 5666/8620/2925 5661/8621/2925 5657/8622/2925 5663/8623/2925
f 5654/8624/2926 5656/8625/2926 5658/8626/2926 5660/8627/2926
f 5662/8628/2927 5655/8603/2927 5657/8629/2927 5661/8630/2927
o Sphere_cell.120_cell.003
v 0.772736 0.464677 -0.412228
v 0.431402 0.195297 -0.179853
v 0.410760 0.236876 -0.171366
v 0.812450 0.424278 -0.383515
v 0.791617 0.466403 -0.374956
v 0.410592 0.195169 -0.218676
v 0.791743 0.424200 -0.422344
v 0.391771 0.235101 -0.208660
v 0.812450 0.424278 -0.383515
v 0.791617 0.466403 -0.374956
v 0.791743 0.424200 -0.422344
v 0.772736 0.464677 -0.412228
vn 0.4512 0.0420 0.8914
vn 0.4139 -0.8836 -0.2190
vn -0.7768 -0.4710 0.4179
vn -0.4355 0.8821 0.1798
vn -0.4710 -0.0007 -0.8822
vn 0.7786 0.4696 -0.4162
vt 0.869507 0.724617
vt 0.871086 0.000000
vt 1.000000 0.000000
vt 1.000000 0.724500
vt 0.724500 0.724500
vt 0.000000 0.000000
vt 0.122881 0.000000
vt 0.847417 0.724656
vt 0.122881 0.122881
vt 0.128914 0.000000
vt 0.240762 0.116974
vt 1.000000 0.266637
vt 1.000000 0.632549
vt 0.803288 0.614339
vt 0.803616 0.248531
vt 0.802934 0.614463
vt 0.632549 0.632549
vt 0.266637 0.266637
vt 0.439261 0.248372
vt 0.577996 0.654641
vt 0.570413 0.655265
vt 0.570208 0.640037
vt 0.577992 0.640009
s 0
usemtl 
f 5676/8631/2928 5669/8632/2928 5668/8633/2928 5675/8634/2928
f 5675/8635/2929 5668/8636/2929 5672/8637/2929 5677/8638/2929
f 5672/8639/2930 5668/8636/2930 5669/8640/2930 5674/8641/2930
f 5678/8642/2931 5674/8643/2931 5669/8644/2931 5676/8645/2931
f 5672/8646/2932 5674/8647/2932 5678/8648/2932 5677/8649/2932
f 5667/8650/2933 5671/8651/2933 5670/8652/2933 5673/8653/2933
o Sphere_cell.120_cell.004
v 0.879500 0.382683 -0.268018
v 0.438678 0.197055 -0.179838
v 0.433011 0.194484 -0.176766
v 0.846086 0.423224 -0.303881
v 0.866757 0.382683 -0.310025
v 0.435940 0.231838 -0.133456
v 0.841474 0.457525 -0.256228
v 0.493547 0.209710 -0.151053
v 0.880355 0.335941 -0.313811
v 0.892971 0.335911 -0.272253
v 0.431474 0.228953 -0.132105
v 0.445218 0.194521 -0.136387
v 0.846086 0.423224 -0.303881
v 0.866757 0.382683 -0.310025
v 0.841474 0.457525 -0.256228
v 0.880355 0.335941 -0.313811
v 0.892971 0.335911 -0.272253
v 0.879500 0.382683 -0.268018
vn -0.2891 -0.0046 -0.9573
vn -0.5293 0.6635 -0.5288
vn 0.2767 -0.9572 -0.0847
vn 0.1181 -0.8579 -0.5001
vn -0.5696 0.6411 -0.5144
vn -0.8830 -0.3857 0.2673
vn 0.2759 -0.9576 -0.0825
vn 0.2912 -0.0028 0.9567
vn 0.8448 0.4696 -0.2563
vn 0.9161 0.2890 -0.2779
vt 0.582580 0.408935
vt 0.147994 0.000000
vt 1.000000 0.000000
vt 1.000000 0.786866
vt 0.786865 0.786865
vt 0.000000 0.000000
vt 0.205451 0.000000
vt 0.991938 0.783329
vt 1.000000 0.853761
vt 0.881319 0.759266
vt 0.884360 0.000000
vt 0.853761 0.853761
vt 0.200555 0.000000
vt 1.000000 0.794549
vt 1.000000 1.000000
vt 0.200555 0.200555
vt 0.181442 0.000000
vt 1.000000 0.115640
vt 0.818558 0.000000
vt 0.578779 0.163934
vt 0.962810 0.200706
vt 0.961025 0.590158
vt 0.959409 0.594446
vt 0.791068 0.581136
vt 0.744429 0.534693
vt 0.361660 0.150854
vt 0.547077 0.625000
vt 0.554651 0.625000
vt 0.554863 0.639656
vt 0.547042 0.652056
vt 0.554651 0.625000
vt 0.547098 0.609417
vt 0.554513 0.609457
s 0
usemtl 
f 5692/8654/2934 5694/8655/2934 5680/8656/2934 5691/8657/2934
f 5691/8658/2935 5680/8659/2935 5684/8660/2935 5693/8661/2935
f 5694/8662/2936 5695/8663/2936 5686/8664/2936 5681/8656/2936
f 5680/8656/2937 5694/8665/2937 5681/8659/2937
f 5681/8659/2938 5689/8666/2938 5684/8667/2938 5680/8668/2938
f 5689/8669/2939 5681/8659/2939 5690/8670/2939
f 5681/8656/2940 5686/8671/2940 5690/8672/2940
f 5696/8673/2941 5693/8674/2941 5684/8675/2941 5689/8676/2941 5690/8677/2941 5686/8678/2941 5695/8679/2941
f 5679/8680/2942 5683/8681/2942 5682/8682/2942 5685/8683/2942
f 5683/8684/2943 5679/8680/2943 5688/8685/2943 5687/8686/2943
o Sphere_cell.120_cell.005
v 0.837792 0.464773 -0.255086
v 0.811321 0.468205 -0.336060
v 0.437234 0.198087 -0.180761
v 0.432023 0.195910 -0.177942
v 0.812977 0.424596 -0.382170
v 0.831923 0.426484 -0.344594
v 0.415970 0.239553 -0.171880
v 0.792301 0.466466 -0.373606
v 0.430528 0.231406 -0.131810
v 0.840355 0.459727 -0.255881
v 0.844989 0.425079 -0.304095
v 0.411758 0.237001 -0.169560
v 0.427673 0.236985 -0.130924
v 0.812977 0.424596 -0.382170
v 0.831923 0.426484 -0.344594
v 0.792301 0.466466 -0.373606
v 0.840355 0.459727 -0.255881
v 0.844989 0.425079 -0.304095
v 0.837792 0.464773 -0.255086
v 0.811321 0.468205 -0.336060
vn 0.4381 -0.8819 -0.1742
vn -0.4526 -0.0413 -0.8908
vn 0.5297 -0.6639 0.5280
vn 0.5350 -0.7300 0.4253
vn -0.4603 -0.0462 -0.8866
vn -0.8158 -0.4708 0.3359
vn 0.2912 -0.0028 0.9567
vn -0.4355 0.8821 0.1798
vn 0.7786 0.4696 -0.4162
vn 0.8448 0.4696 -0.2563
vt 0.605629 0.365433
vt 0.215324 0.000000
vt 1.000000 0.000000
vt 1.000000 0.723618
vt 0.723618 0.723618
vt 0.000000 0.000000
vt 0.129421 0.000000
vt 0.854324 0.724785
vt 0.788386 0.780895
vt 0.793464 0.000000
vt 1.000000 0.786806
vt 0.786806 0.786806
vt 1.000000 1.000000
vt 0.127383 0.000000
vt 1.000000 0.870579
vt 0.127383 0.127383
vt 0.206536 0.000000
vt 0.223203 0.018009
vt 1.000000 0.204267
vt 1.000000 0.598123
vt 0.971329 0.595362
vt 0.974108 0.201788
vt 0.598123 0.598123
vt 0.204267 0.204267
vt 0.598676 0.229635
vt 0.796502 0.247875
vt 0.793876 0.609336
vt 0.793590 0.613382
vt 0.570139 0.655288
vt 0.562500 0.655917
vt 0.562500 0.640834
vt 0.569953 0.640152
vt 0.555009 0.640272
vt 0.562500 0.640834
vt 0.562500 0.655917
vt 0.547039 0.654676
vt 0.547041 0.652852
s 0
usemtl 
f 5711/8687/2944 5714/8688/2944 5699/8689/2944 5710/8690/2944
f 5710/8691/2945 5699/8692/2945 5703/8693/2945 5712/8694/2945
f 5713/8695/2946 5705/8696/2946 5700/8689/2946 5714/8697/2946
f 5699/8689/2947 5714/8698/2947 5700/8692/2947
f 5699/8699/2948 5700/8692/2948 5708/8700/2948 5703/8701/2948
f 5708/8702/2949 5700/8692/2949 5705/8703/2949 5709/8704/2949
f 5715/8705/2950 5709/8706/2950 5705/8707/2950 5713/8708/2950
f 5709/8709/2951 5715/8710/2951 5716/8711/2951 5712/8712/2951 5703/8713/2951 5708/8714/2951
f 5704/8715/2952 5698/8716/2952 5702/8717/2952 5701/8718/2952
f 5707/8719/2953 5702/8720/2953 5698/8721/2953 5697/8722/2953 5706/8723/2953
o Sphere_cell.120_cell.006
v 0.853553 0.382683 -0.353553
v 0.440311 0.196824 -0.183133
v 0.845326 0.335353 -0.399257
v 0.877831 0.295966 -0.363667
v 0.879759 0.335863 -0.315855
v 0.845691 0.422816 -0.305931
v 0.866175 0.382683 -0.311944
v 0.814315 0.422299 -0.382259
v 0.833026 0.424251 -0.345051
v 0.832819 0.382683 -0.392345
v 0.845326 0.335353 -0.399257
v 0.877831 0.295966 -0.363667
v 0.845691 0.422816 -0.305931
v 0.866175 0.382683 -0.311944
v 0.879759 0.335863 -0.315855
v 0.814315 0.422299 -0.382259
v 0.833026 0.424251 -0.345051
v 0.832819 0.382683 -0.392345
vn -0.1200 -0.7183 -0.6853
vn 0.3997 -0.7117 0.5777
vn 0.2881 0.0036 0.9576
vn -0.4387 0.8816 0.1743
vn -0.4719 0.0041 -0.8817
vn 0.7786 0.4696 -0.4162
vn 0.8443 0.2890 -0.4513
vn 0.8448 0.4696 -0.2563
vn 0.9161 0.2889 -0.2780
vt 0.215741 0.215741
vt 1.000000 0.153377
vt 1.000000 1.000000
vt 0.154367 0.153354
vt 1.000000 0.149355
vt 1.000000 0.215143
vt 0.149355 0.149355
vt 0.586081 0.175566
vt 1.000000 0.276694
vt 0.215143 0.215143
vt 0.602056 0.240066
vt 1.000000 0.215741
vt 0.276694 0.276694
vt 0.617349 0.240438
vt 0.562500 0.640027
vt 0.562500 0.625000
vt 0.570089 0.625000
vt 0.569867 0.639321
vt 0.562509 0.596108
vt 0.570245 0.609231
vt 0.570089 0.625000
vt 0.555228 0.639508
vt 0.554997 0.625000
vt 0.562500 0.640027
vt 0.562500 0.596125
vt 0.554997 0.625000
vt 0.554842 0.609401
s 0
usemtl 
f 5727/8724/2954 5728/8725/2954 5718/8726/2954
f 5728/8727/2955 5731/8728/2955 5718/8726/2955
f 5729/8729/2956 5718/8726/2956 5731/8730/2956 5730/8731/2956
f 5732/8732/2957 5718/8726/2957 5729/8733/2957 5733/8734/2957
f 5727/8735/2958 5718/8726/2958 5732/8736/2958 5734/8737/2958
f 5725/8738/2959 5717/8739/2959 5726/8740/2959 5724/8741/2959
f 5720/8742/2960 5719/8743/2960 5726/8744/2960 5717/8739/2960
f 5722/8745/2961 5723/8746/2961 5717/8739/2961 5725/8747/2961
f 5720/8748/2962 5717/8739/2962 5723/8749/2962 5721/8750/2962
o Sphere_cell.120_cell.007
v 0.009204 0.004559 -0.004235
v 0.430295 0.193019 -0.178451
v 0.443382 0.193029 -0.135833
v 0.457068 0.145765 -0.140135
v 0.443364 0.146822 -0.183657
v 0.409254 0.193017 -0.217960
v 0.421973 0.145440 -0.224713
v 0.425576 0.235820 -0.130290
v 0.409270 0.235804 -0.169717
v 0.428835 0.229436 -0.131300
v 0.390058 0.234068 -0.207744
vn 0.9147 0.2904 -0.2810
vn 0.8448 0.2897 -0.4499
vn 0.8157 0.4698 -0.3376
vn 0.7799 0.4681 -0.4154
vn 0.8818 0.3861 -0.2709
vn 0.2912 -0.0028 0.9567
vn -0.4355 0.8821 0.1798
vn -0.4710 -0.0007 -0.8822
vn 0.2690 -0.9571 -0.1079
vt 0.193691 0.193691
vt 0.000000 0.000000
vt 0.190233 0.000000
vt 0.392969 0.198164
vt 1.000000 0.000000
vt 1.000000 0.193691
vt 0.871313 0.199476
vt 0.875688 0.000000
vt 1.000000 0.131524
vt 0.790865 0.020453
vt 0.789310 0.000000
vt 0.131524 0.131524
vt 0.124312 0.000000
vt 0.244731 0.126195
vt 0.789310 0.789310
vt 1.000000 0.809767
vt 1.000000 1.000000
vt 1.000000 0.600137
vt 0.569610 0.569610
vt 0.789176 0.582898
vt 0.967206 0.596986
vt 1.000000 0.634195
vt 0.600137 0.600137
vt 0.799752 0.615771
vt 0.809167 0.615748
vt 1.000000 0.603522
vt 0.634195 0.634195
vt 0.801482 0.582872
vt 1.000000 0.569610
vt 0.603522 0.603522
s 0
usemtl 
f 5739/8751/2963 5736/8752/2963 5737/8753/2963 5738/8754/2963
f 5736/8755/2964 5739/8756/2964 5741/8757/2964 5740/8758/2964
f 5743/8759/2965 5742/8760/2965 5744/8761/2965 5736/8755/2965
f 5743/8762/2966 5736/8752/2966 5740/8763/2966 5745/8764/2966
f 5744/8765/2967 5737/8766/2967 5736/8767/2967
f 5742/8768/2968 5735/8767/2968 5738/8769/2968 5737/8770/2968 5744/8771/2968
f 5745/8772/2969 5735/8767/2969 5742/8773/2969 5743/8774/2969
f 5740/8775/2970 5741/8776/2970 5735/8767/2970 5745/8777/2970
f 5739/8778/2971 5738/8779/2971 5735/8767/2971 5741/8780/2971
o Sphere_cell.118_cell
v 0.290968 0.052381 -0.435483
v 0.544955 0.193988 -0.815583
v 0.285687 0.100678 -0.427492
v 0.585461 0.097520 -0.794573
v 0.580989 0.193112 -0.786122
v 0.450990 0.170719 -0.738473
v 0.503820 0.193073 -0.837672
v 0.510235 0.097743 -0.844839
v 0.550204 0.098064 -0.823439
v 0.585461 0.097520 -0.794573
v 0.580989 0.193112 -0.786122
v 0.503820 0.193073 -0.837672
v 0.510235 0.097743 -0.844839
v 0.550204 0.098064 -0.823439
v 0.544955 0.193988 -0.815583
vn -0.8812 -0.0182 -0.4725
vn -0.8802 -0.0236 -0.4741
vn 0.0521 -0.9952 -0.0824
vn -0.1092 0.9806 0.1628
vn 0.4691 0.0975 -0.8777
vn 0.6314 0.0975 -0.7693
vn 0.7743 -0.0198 0.6325
vt 1.000000 0.000000
vt 1.000000 0.251436
vt 0.383440 0.000000
vt 1.000000 0.167421
vt 1.000000 1.000000
vt 0.383440 0.383440
vt 0.300802 0.181638
vt 0.578672 0.197998
vt 1.000000 0.243938
vt 0.167421 0.167421
vt 0.638576 0.224839
vt 0.815828 0.203617
vt 0.815396 0.298854
vt 0.812982 0.597411
vt 0.465228 0.253138
vt 0.663838 0.561854
vt 0.656250 0.562147
vt 0.656250 0.531416
vt 0.663548 0.531313
vt 0.656250 0.562147
vt 0.648686 0.561866
vt 0.648915 0.531242
vt 0.656250 0.531416
vt 0.756062 0.000000
vt 0.614291 0.242332
vt 0.251436 0.251436
vt 0.000000 0.000000
s 0
usemtl 
f 5746/8781/2972 5748/8782/2972 5751/8783/2972
f 5758/8784/2973 5746/8785/2973 5751/8786/2973 5757/8787/2973
f 5759/8788/2974 5755/8789/2974 5746/8785/2974 5758/8790/2974
f 5760/8791/2975 5757/8792/2975 5751/8793/2975 5748/8794/2975 5756/8795/2975
f 5752/8796/2976 5747/8797/2976 5754/8798/2976 5753/8799/2976
f 5747/8800/2977 5750/8801/2977 5749/8802/2977 5754/8803/2977
f 5755/8804/2978 5756/8805/2978 5748/8806/2978 5746/8807/2978
o Sphere_cell.118_cell.001
v 0.555570 0.000000 -0.831469
v 0.285829 0.000281 -0.427834
v 0.286592 0.049009 -0.428357
v 0.589973 -0.035605 -0.798721
v 0.589238 -0.046699 -0.797918
v 0.509510 0.087667 -0.846346
v 0.509210 0.095487 -0.845637
v 0.513568 0.000000 -0.853920
v 0.511422 -0.046555 -0.849893
v 0.552982 -0.047308 -0.827595
v 0.582418 -0.047185 -0.803453
v 0.592294 0.000000 -0.801331
v 0.586631 0.095765 -0.793835
v 0.550313 0.096075 -0.823602
v 0.589973 -0.035605 -0.798721
v 0.589238 -0.046699 -0.797918
v 0.509510 0.087667 -0.846346
v 0.509210 0.095487 -0.845637
v 0.513568 0.000000 -0.853920
v 0.511422 -0.046555 -0.849893
v 0.552982 -0.047308 -0.827595
v 0.582418 -0.047185 -0.803453
v 0.592294 0.000000 -0.801331
v 0.586631 0.095765 -0.793835
v 0.550313 0.096075 -0.823602
vn 0.7730 -0.0053 0.6344
vn -0.8827 0.0088 -0.4699
vn -0.8819 -0.0001 -0.4714
vn -0.0601 -0.9951 0.0783
vn -0.0190 -0.9937 0.1106
vn 0.7731 -0.0039 0.6342
vn -0.0573 0.9951 0.0803
vn 0.4691 0.0975 -0.8777
vn 0.4691 -0.0975 -0.8777
vn 0.6314 0.0975 -0.7693
vn 0.6314 -0.0975 -0.7693
vt 1.000000 0.000000
vt 1.000000 1.000000
vt 0.230875 0.230875
vt 0.229455 0.000000
vt 0.000000 0.000000
vt 0.836112 0.000000
vt 1.000000 0.162297
vt 0.162297 0.162297
vt 0.705793 0.146874
vt 1.000000 0.154800
vt 0.154799 0.154799
vt 0.619269 0.199753
vt 1.000000 0.248336
vt 1.000000 0.230875
vt 0.248336 0.248336
vt 0.238860 0.000000
vt 1.000000 0.770545
vt 0.788456 0.564641
vt 1.000000 0.163888
vt 0.238860 0.238860
vt 0.617040 0.193538
vt 0.656250 0.500000
vt 0.663842 0.500000
vt 0.663773 0.528085
vt 0.663756 0.530591
vt 0.656250 0.530779
vt 0.656250 0.484844
vt 0.663804 0.485086
vt 0.648677 0.500000
vt 0.656250 0.530779
vt 0.648693 0.530680
vt 0.648677 0.500000
vt 0.648727 0.488593
vt 0.648746 0.485039
vt 0.650153 0.484884
vt 0.656250 0.484844
s 0
usemtl 
f 5763/8808/2979 5762/8809/2979 5776/8810/2979 5775/8811/2979
f 5763/8812/2980 5778/8813/2980 5777/8814/2980 5762/8809/2980
f 5762/8809/2981 5777/8815/2981 5779/8816/2981 5780/8817/2981
f 5780/8818/2982 5781/8819/2982 5782/8820/2982 5762/8809/2982
f 5776/8821/2983 5762/8809/2983 5782/8822/2983
f 5784/8823/2984 5763/8808/2984 5775/8824/2984 5783/8825/2984
f 5778/8826/2985 5763/8809/2985 5784/8827/2985 5785/8828/2985
f 5761/8829/2986 5768/8830/2986 5766/8831/2986 5767/8832/2986 5774/8833/2986
f 5768/8830/2987 5761/8829/2987 5770/8834/2987 5769/8835/2987
f 5772/8836/2988 5761/8829/2988 5774/8837/2988 5773/8838/2988
f 5761/8829/2989 5772/8839/2989 5764/8840/2989 5765/8841/2989 5771/8842/2989 5770/8843/2989
o Sphere_cell.118_cell.002
v 0.005960 -0.000102 -0.008132
v 0.465757 -0.095386 -0.868875
v 0.278816 -0.000204 -0.418397
v 0.141547 0.023580 -0.213632
v 0.138999 0.022776 -0.208335
v 0.121409 0.023538 -0.224337
v 0.249618 -0.002891 -0.464345
v 0.467885 -0.048539 -0.872943
v 0.509548 -0.048489 -0.850680
v 0.506942 -0.095986 -0.846794
v 0.050562 0.018736 -0.091677
v 0.057298 0.018722 -0.087075
v 0.047118 0.012810 -0.058293
v 0.078772 0.011100 -0.096886
v 0.104940 -0.000458 -0.128804
v 0.155449 -0.023275 -0.190411
v 0.160616 -0.024188 -0.198112
v 0.467885 -0.048539 -0.872943
v 0.509548 -0.048489 -0.850680
v 0.506942 -0.095986 -0.846794
v 0.465757 -0.095386 -0.868875
vn 0.8816 -0.0104 0.4718
vn 0.0453 0.9952 -0.0870
vn -0.0166 0.9995 0.0273
vn 0.4457 0.8326 0.3287
vn 0.5729 0.7233 0.3854
vn 0.7361 0.5202 0.4331
vn 0.7646 0.4520 0.4595
vn 0.7620 0.4561 0.4596
vn -0.0572 -0.9952 0.0796
vn 0.7732 -0.0008 0.6342
vn -0.1092 0.9806 0.1628
vn -0.8821 -0.0008 -0.4711
vn 0.4691 -0.0975 -0.8777
vn 0.0439 0.9953 -0.0862
vt 1.000000 1.000000
vt 0.521380 0.521380
vt 0.842220 0.307758
vt 0.848969 0.848969
vt 0.892781 0.090027
vt 0.090325 0.090325
vt 0.000000 0.000000
vt 0.848969 0.000000
vt 0.504817 0.000000
vt 1.000000 0.000000
vt 1.000000 0.108520
vt 0.507770 0.039004
vt 0.504817 0.504817
vt 0.666731 0.391820
vt 1.000000 0.542566
vt 0.556434 0.000000
vt 0.317885 0.000000
vt 0.961802 0.483885
vt 1.000000 0.521380
vt 0.443565 0.000000
vt 0.317884 0.317884
vt 1.000000 0.824990
vt 0.173474 0.173474
vt 0.372608 0.194701
vt 0.996144 0.817596
vt 0.970926 0.914795
vt 1.000000 0.951847
vt 0.824990 0.824990
vt 0.921554 0.884147
vt 1.000000 0.919793
vt 0.951847 0.951847
vt 0.969215 0.924214
vt 1.000000 0.173474
vt 0.919793 0.919793
vt 0.864143 0.792418
vt 0.863742 0.561951
vt 0.864932 0.169595
vt 0.671693 0.484450
vt 0.664127 0.484466
vt 0.664165 0.469250
vt 0.671686 0.469442
vt 1.000000 0.090325
vt 0.891480 0.000000
s 0
usemtl 
f 5788/8844/2990 5802/8845/2990 5805/8846/2990 5804/8847/2990
f 5803/8848/2991 5792/8849/2991 5788/8850/2991 5804/8851/2991
f 5797/8852/2992 5789/8853/2992 5791/8854/2992 5796/8855/2992
f 5797/8856/2993 5798/8857/2993 5799/8858/2993 5789/8844/2993
f 5799/8859/2994 5790/8853/2994 5789/8844/2994
f 5789/8844/2995 5790/8850/2995 5788/8853/2995
f 5790/8850/2996 5800/8860/2996 5801/8861/2996 5802/8862/2996 5788/8844/2996
f 5799/8863/2997 5800/8864/2997 5790/8850/2997
f 5801/8865/2998 5786/8844/2998 5806/8866/2998 5805/8867/2998 5802/8868/2998
f 5799/8869/2999 5798/8870/2999 5786/8844/2999 5801/8871/2999 5800/8872/2999
f 5796/8873/3000 5786/8844/3000 5798/8874/3000 5797/8875/3000
f 5806/8876/3001 5786/8844/3001 5796/8877/3001 5791/8878/3001 5792/8879/3001 5803/8880/3001
f 5793/8881/3002 5794/8882/3002 5795/8883/3002 5787/8884/3002
f 5789/8850/3003 5788/8853/3003 5792/8885/3003 5791/8886/3003
o Sphere_cell.118_cell.003
v 0.461079 0.192122 -0.860624
v 0.284664 0.050169 -0.427611
v 0.141668 0.025102 -0.213225
v 0.502337 0.193040 -0.838469
v 0.508609 0.096946 -0.845796
v 0.279119 0.098618 -0.419490
v 0.217351 0.045020 -0.404015
v 0.465542 0.096978 -0.868812
v 0.121293 0.025096 -0.224123
v 0.057366 0.020389 -0.097070
v 0.062141 0.020465 -0.094324
v 0.127048 0.043814 -0.191417
v 0.502337 0.193040 -0.838469
v 0.508609 0.096946 -0.845796
v 0.465542 0.096978 -0.868812
v 0.461079 0.192122 -0.860624
vn 0.0457 -0.9952 -0.0869
vn 0.8318 0.0024 0.5551
vn 0.0159 -0.9995 -0.0290
vn 0.0461 -0.9953 -0.0856
vn 0.0277 -0.9994 -0.0205
vn 0.8312 0.0014 0.5560
vn -0.1092 0.9806 0.1628
vn -0.8848 0.0267 -0.4653
vn 0.4691 0.0975 -0.8777
vn 0.8804 0.0213 0.4738
vt 0.905215 0.854729
vt 0.837275 0.837275
vt 0.000000 0.000000
vt 0.204900 0.000000
vt 1.000000 0.000000
vt 1.000000 0.250108
vt 0.914492 0.000000
vt 0.470039 0.016729
vt 0.109827 0.109827
vt 0.204900 0.204900
vt 1.000000 0.109827
vt 0.454622 0.454622
vt 0.466344 0.000000
vt 0.914492 0.914492
vt 1.000000 0.533655
vt 1.000000 1.000000
vt 1.000000 0.181567
vt 0.986854 0.914616
vt 0.965954 0.917255
vt 0.922178 0.824044
vt 0.820673 0.605092
vt 0.822220 0.202852
vt 0.912700 0.912700
vt 0.181567 0.181567
vt 0.450683 0.173648
vt 0.745994 0.619907
vt 0.859761 0.792624
vt 0.671722 0.561549
vt 0.664112 0.561843
vt 0.663852 0.531058
vt 0.671712 0.531068
vt 0.833255 0.465536
vt 0.749892 0.000000
vt 1.000000 0.837275
s 0
usemtl 
f 5821/8887/3004 5811/8888/3004 5808/8889/3004 5813/8890/3004
f 5809/8889/3005 5808/8891/3005 5812/8892/3005 5818/8893/3005
f 5816/8894/3006 5815/8895/3006 5809/8889/3006
f 5813/8896/3007 5808/8889/3007 5809/8891/3007 5815/8897/3007
f 5816/8898/3008 5809/8889/3008 5817/8899/3008
f 5818/8900/3009 5817/8901/3009 5809/8902/3009
f 5822/8903/3010 5816/8904/3010 5817/8905/3010 5818/8906/3010 5812/8907/3010 5810/8908/3010
f 5816/8909/3011 5822/8910/3011 5821/8911/3011 5813/8912/3011 5815/8913/3011
f 5807/8914/3012 5819/8915/3012 5820/8916/3012 5814/8917/3012
f 5810/8918/3013 5812/8919/3013 5808/8891/3013 5811/8920/3013
o Sphere_cell.118_cell.004
v 0.618889 0.192190 -0.755135
v 0.286065 0.050266 -0.425665
v 0.138486 0.024971 -0.206145
v 0.125123 0.042714 -0.186078
v 0.063489 0.020528 -0.093797
v 0.053603 0.014844 -0.066196
v 0.082389 0.013352 -0.101292
v 0.624764 0.096706 -0.762421
v 0.273239 0.042491 -0.333930
v 0.595425 0.096695 -0.786501
v 0.154946 0.053431 -0.230621
v 0.280782 0.098522 -0.417793
v 0.116581 0.018352 -0.142971
v 0.587575 0.096705 -0.792942
v 0.565726 0.187708 -0.763813
v 0.582850 0.193067 -0.784601
v 0.624764 0.096706 -0.762421
v 0.595425 0.096695 -0.786501
v 0.587575 0.096705 -0.792942
v 0.582850 0.193067 -0.784601
v 0.618889 0.192190 -0.755135
vn -0.8317 0.0015 -0.5552
vn -0.4469 -0.8310 -0.3312
vn 0.0620 -0.9952 -0.0751
vn -0.8312 0.0027 -0.5559
vn -0.8299 0.0002 -0.5579
vn 0.0320 -0.9951 -0.0932
vn 0.0609 -0.9953 -0.0758
vn -0.7738 0.0169 -0.6331
vn -0.7741 0.0185 -0.6327
vn 0.7732 -0.0008 0.6342
vn -0.1092 0.9806 0.1628
vn 0.6314 0.0975 -0.7693
vt 0.919095 0.000000
vt 1.000000 0.000000
vt 1.000000 0.452819
vt 0.423619 0.000000
vt 0.564688 0.304380
vt 0.452819 0.452819
vt 0.000000 0.000000
vt 0.395736 0.000000
vt 0.872949 0.000000
vt 0.916428 0.068804
vt 1.000000 0.080904
vt 0.869798 0.000000
vt 1.000000 1.000000
vt 0.869798 0.869798
vt 0.750339 0.000000
vt 0.605294 0.000000
vt 1.000000 0.576381
vt 1.000000 0.604264
vt 0.605294 0.605294
vt 0.763052 0.000000
vt 1.000000 0.127051
vt 0.751422 0.022930
vt 0.763052 0.763052
vt 0.708075 0.000000
vt 0.249661 0.000000
vt 0.708075 0.708075
vt 1.000000 0.282903
vt 1.000000 0.944260
vt 0.973716 0.910565
vt 0.959414 0.870553
vt 0.896952 0.687229
vt 0.756918 0.275870
vt 0.898843 0.786408
vt 0.919079 0.829170
vt 0.960501 0.917760
vt 0.944260 0.944260
vt 0.282903 0.282903
vt 0.456276 0.254600
vt 0.476459 0.274555
vt 0.812070 0.606721
vt 0.646851 0.530978
vt 0.648485 0.530981
vt 0.648295 0.561852
vt 0.640730 0.561571
vt 0.640742 0.530981
s 0
usemtl 
f 5826/8921/3014 5825/8922/3014 5827/8923/3014
f 5829/8924/3015 5828/8925/3015 5827/8926/3015 5825/8927/3015
f 5831/8928/3016 5840/8929/3016 5839/8930/3016
f 5825/8922/3017 5826/8931/3017 5833/8932/3017
f 5824/8922/3018 5825/8933/3018 5833/8934/3018 5834/8935/3018
f 5835/8936/3019 5829/8937/3019 5825/8933/3019 5824/8927/3019
f 5831/8938/3020 5835/8939/3020 5824/8927/3020 5841/8940/3020 5840/8941/3020
f 5842/8942/3021 5841/8943/3021 5824/8927/3021 5837/8944/3021
f 5824/8927/3022 5834/8945/3022 5837/8946/3022
f 5843/8947/3023 5828/8948/3023 5829/8949/3023 5835/8950/3023 5831/8951/3023 5839/8952/3023
f 5833/8953/3024 5826/8954/3024 5827/8955/3024 5828/8956/3024 5843/8957/3024 5842/8958/3024 5837/8959/3024 5834/8960/3024
f 5832/8961/3025 5836/8962/3025 5838/8963/3025 5823/8964/3025 5830/8965/3025
o Sphere_cell.118_cell.005
v 0.630714 0.000000 -0.769800
v 0.280900 0.047549 -0.419037
v 0.281409 0.000441 -0.419505
v 0.146122 0.023664 -0.217678
v 0.624879 0.094842 -0.762563
v 0.117520 0.016650 -0.144118
v 0.587946 0.094834 -0.792874
v 0.086249 0.011651 -0.106001
v 0.110340 0.000249 -0.135386
v 0.593911 0.000000 -0.800004
v 0.591639 -0.036915 -0.797187
v 0.591009 -0.047317 -0.796386
v 0.163429 -0.023632 -0.200141
v 0.374764 -0.055993 -0.457832
v 0.600001 -0.059816 -0.787421
v 0.624801 -0.094163 -0.762713
v 0.624879 0.094842 -0.762563
v 0.587946 0.094834 -0.792874
v 0.593911 0.000000 -0.800004
v 0.591639 -0.036915 -0.797187
v 0.591009 -0.047317 -0.796386
v 0.600001 -0.059816 -0.787421
v 0.624801 -0.094163 -0.762713
v 0.630714 0.000000 -0.769800
vn -0.0825 0.9946 0.0627
vn -0.7704 -0.4410 -0.4605
vn -0.7727 -0.0009 -0.6348
vn -0.8308 -0.0034 -0.5565
vn -0.7728 -0.0020 -0.6346
vn -0.7646 -0.4506 -0.4607
vn -0.5885 -0.7060 -0.3940
vn -0.5875 -0.7072 -0.3933
vn 0.7732 -0.0008 0.6342
vn 0.6314 0.0975 -0.7693
vn 0.6314 -0.0975 -0.7693
vn -0.0618 0.9953 0.0751
vt 1.000000 0.000000
vt 1.000000 0.429770
vt 0.596077 0.596077
vt 0.000000 0.000000
vt 0.429770 0.429770
vt 0.317016 0.000000
vt 1.000000 0.767657
vt 0.437897 0.220368
vt 0.223245 0.000000
vt 1.000000 1.000000
vt 0.225108 0.000000
vt 0.223245 0.223245
vt 0.475421 0.000000
vt 1.000000 0.682984
vt 0.774892 0.000000
vt 1.000000 0.124976
vt 1.000000 0.472726
vt 0.475421 0.475421
vt 0.124976 0.124976
vt 0.484621 0.086417
vt 0.472726 0.472726
vt 0.280178 0.275515
vt 0.510724 0.268748
vt 0.752174 0.275733
vt 0.954427 0.869450
vt 0.966443 0.906044
vt 0.919091 0.877828
vt 0.817846 0.815650
vt 0.571430 0.568236
vt 0.648343 0.500000
vt 0.648430 0.530381
vt 0.640742 0.530384
vt 0.640754 0.500000
vt 0.648367 0.488174
vt 0.640754 0.500000
vt 0.640767 0.469834
vt 0.646354 0.480837
vt 0.648371 0.484841
vt 0.232343 0.000000
vt 1.000000 0.596077
vt 0.931728 0.083035
s 0
usemtl 
f 5847/8966/3026 5851/8967/3026 5849/8968/3026 5845/8969/3026
f 5851/8970/3027 5847/8969/3027 5852/8971/3027
f 5845/8966/3028 5850/8972/3028 5862/8973/3028 5863/8974/3028
f 5845/8975/3029 5846/8969/3029 5847/8966/3029
f 5864/8976/3030 5846/8966/3030 5845/8975/3030 5863/8977/3030
f 5856/8978/3031 5852/8979/3031 5847/8975/3031 5846/8969/3031
f 5846/8969/3032 5864/8980/3032 5865/8981/3032 5857/8982/3032 5856/8983/3032
f 5865/8984/3033 5866/8985/3033 5857/8986/3033
f 5866/8987/3034 5867/8988/3034 5848/8989/3034 5849/8990/3034 5851/8991/3034 5852/8992/3034 5856/8993/3034 5857/8994/3034
f 5853/8995/3035 5861/8996/3035 5860/8997/3035 5844/8998/3035
f 5854/8999/3036 5853/8995/3036 5844/9000/3036 5859/9001/3036 5858/9002/3036 5855/9003/3036
f 5850/9004/3037 5845/8966/3037 5849/9005/3037 5848/9006/3037
o Sphere_cell.118_cell.006
v 0.280121 0.001517 -0.420326
v 0.146808 0.024555 -0.222376
v 0.279828 0.047857 -0.420064
v 0.470091 0.000000 -0.877159
v 0.432843 -0.039477 -0.807347
v 0.467965 -0.046776 -0.873096
v 0.487454 -0.046783 -0.862679
v 0.512313 0.000000 -0.854591
v 0.510058 -0.046710 -0.850605
v 0.508428 0.087974 -0.846890
v 0.126218 0.024531 -0.233343
v 0.508074 0.095211 -0.846275
v 0.465628 0.095153 -0.868970
v 0.467965 -0.046776 -0.873096
v 0.487454 -0.046783 -0.862679
v 0.512313 0.000000 -0.854591
v 0.508428 0.087974 -0.846890
v 0.510058 -0.046710 -0.850605
v 0.508074 0.095211 -0.846275
v 0.465628 0.095153 -0.868970
v 0.470091 0.000000 -0.877159
vn -0.0462 -0.9952 0.0858
vn 0.8819 -0.0023 0.4715
vn -0.0307 -0.9950 0.0951
vn -0.0446 -0.9952 0.0872
vn -0.0473 0.9952 0.0853
vn 0.8814 0.0029 0.4723
vn 0.8295 0.0021 0.5584
vn -0.8821 -0.0008 -0.4711
vn 0.4691 0.0975 -0.8777
vn 0.4691 -0.0975 -0.8777
vt 0.106508 0.000000
vt 0.198298 0.000000
vt 0.139230 0.049995
vt 0.157554 0.000000
vt 1.000000 0.000000
vt 1.000000 0.849419
vt 0.704120 0.561535
vt 0.849419 0.849419
vt 0.000000 0.000000
vt 0.893454 0.893454
vt 0.107837 0.000000
vt 1.000000 0.801702
vt 1.000000 0.893492
vt 0.841313 0.000000
vt 0.143631 0.095748
vt 0.107837 0.107837
vt 1.000000 0.842446
vt 0.841313 0.841313
vt 1.000000 1.000000
vt 0.724986 0.165576
vt 0.859850 0.169449
vt 0.859790 0.232584
vt 0.858459 0.783771
vt 0.455843 0.173496
vt 0.663968 0.528184
vt 0.664069 0.500000
vt 0.671701 0.500000
vt 0.671711 0.530484
vt 0.663966 0.530502
vt 0.664464 0.485021
vt 0.668154 0.485013
vt 0.671693 0.485015
s 0
usemtl 
f 5882/9007/3038 5872/9008/3038 5881/9009/3038
f 5884/9010/3039 5868/9011/3039 5885/9012/3039 5883/9013/3039
f 5885/9014/3040 5868/9015/3040 5869/9011/3040
f 5885/9016/3041 5869/9015/3041 5878/9017/3041 5872/9018/3041 5882/9019/3041
f 5886/9020/3042 5887/9021/3042 5878/9022/3042 5869/9015/3042 5870/9015/3042
f 5884/9023/3043 5886/9024/3043 5870/9015/3043 5868/9011/3043
f 5870/9015/3044 5869/9011/3044 5868/9025/3044
f 5888/9026/3045 5881/9027/3045 5872/9028/3045 5878/9029/3045 5887/9030/3045
f 5877/9031/3046 5875/9032/3046 5871/9033/3046 5880/9034/3046 5879/9035/3046
f 5871/9033/3047 5875/9032/3047 5876/9036/3047 5874/9037/3047 5873/9038/3047
o Sphere_cell.118_cell.007
v 0.550283 -0.096617 -0.823557
v 0.285199 -0.002058 -0.426132
v 0.378152 -0.057945 -0.463811
v 0.624094 -0.096018 -0.763059
v 0.599223 -0.061562 -0.787838
v 0.590026 -0.048929 -0.796989
v 0.168029 -0.025447 -0.208518
v 0.426657 -0.078991 -0.692038
v 0.511783 -0.048938 -0.849435
v 0.508925 -0.096014 -0.845731
v 0.552868 -0.049380 -0.827426
v 0.624094 -0.096018 -0.763059
v 0.599223 -0.061562 -0.787838
v 0.590026 -0.048929 -0.796989
v 0.511783 -0.048938 -0.849435
v 0.508925 -0.096014 -0.845731
v 0.552868 -0.049380 -0.827426
v 0.550283 -0.096617 -0.823557
vn 0.5878 0.7070 0.3932
vn 0.5855 0.7098 0.3915
vn -0.8810 0.0143 -0.4728
vn -0.8808 0.0162 -0.4733
vn -0.0572 -0.9952 0.0796
vn 0.4691 -0.0975 -0.8777
vn 0.6314 -0.0975 -0.7693
vn 0.0543 0.9952 -0.0812
vt 1.000000 0.126128
vt 1.000000 0.467601
vt 0.592270 0.087864
vt 0.467601 0.467601
vt 0.126128 0.126128
vt 0.229613 0.000000
vt 1.000000 0.000000
vt 1.000000 0.465468
vt 0.465467 0.465467
vt 0.000000 0.000000
vt 0.530742 0.000000
vt 0.530741 0.530741
vt 0.844953 0.000000
vt 0.837527 0.530765
vt 0.582166 0.217040
vt 0.996679 0.275182
vt 0.994912 0.562494
vt 0.992381 0.807605
vt 0.529215 0.343306
vt 0.382195 0.195723
vt 0.656250 0.469047
vt 0.663803 0.469240
vt 0.663716 0.484322
vt 0.656250 0.484180
vt 0.646494 0.480278
vt 0.640890 0.469239
vt 0.656250 0.469047
vt 0.648556 0.484325
vt 0.585183 0.199300
vt 1.000000 0.155046
vt 1.000000 0.770387
s 0
usemtl 
f 5901/9039/3048 5891/9040/3048 5900/9041/3048
f 5891/9042/3049 5901/9043/3049 5902/9044/3049 5890/9045/3049 5895/9046/3049
f 5895/9047/3050 5890/9048/3050 5896/9049/3050
f 5896/9050/3051 5890/9048/3051 5903/9051/3051 5904/9052/3051
f 5906/9053/3052 5900/9054/3052 5891/9055/3052 5895/9056/3052 5896/9057/3052 5904/9058/3052
f 5889/9059/3053 5898/9060/3053 5897/9061/3053 5905/9062/3053
f 5893/9063/3054 5892/9064/3054 5889/9065/3054 5905/9062/3054 5894/9066/3054
f 5899/9067/3055 5903/9068/3055 5890/9045/3055 5902/9069/3055
o Sphere_cell.108_cell
v 0.298870 -0.876417 -0.361712
v 0.138196 -0.477313 -0.142660
v 0.322470 -0.871234 -0.354824
v 0.315007 -0.890280 -0.315076
v 0.307242 -0.895872 -0.307980
v 0.267721 -0.902769 -0.323804
v 0.140032 -0.527571 -0.168417
v 0.126645 -0.477327 -0.152126
v 0.177805 -0.447691 -0.179361
v 0.153491 -0.453915 -0.184797
v 0.322470 -0.871234 -0.354824
v 0.315007 -0.890280 -0.315076
v 0.307242 -0.895872 -0.307980
v 0.267721 -0.902769 -0.323804
v 0.298870 -0.876417 -0.361712
vn 0.9389 0.2066 0.2753
vn 0.6836 -0.0120 0.7298
vn -0.2675 -0.4453 0.8545
vn -0.5842 -0.3870 0.7134
vn -0.3076 0.8749 0.3741
vn 0.1313 0.4192 -0.8984
vn -0.7726 -0.0000 -0.6349
vn 0.3002 -0.8810 -0.3657
vt 1.000000 0.000000
vt 1.000000 0.806601
vt 0.828975 0.806782
vt 0.000000 0.000000
vt 1.000000 0.806347
vt 0.806601 0.806601
vt 0.817057 0.592885
vt 0.806347 0.806347
vt 0.099073 0.000000
vt 0.095748 0.095748
vt 0.064037 0.000000
vt 0.935963 0.000000
vt 0.995627 0.995627
vt 0.909880 0.791206
vt 0.978871 0.393807
vt 0.571390 0.397629
vt 0.168676 0.000000
vt 0.579904 0.000000
vt 0.830045 0.000000
vt 0.855825 0.261367
vt 0.487894 0.252183
vt 0.438628 0.226825
vt 0.415723 0.000000
vt 0.640034 0.139381
vt 0.640082 0.157332
vt 0.632770 0.160722
vt 0.625024 0.147721
vt 0.625198 0.143941
s 0
usemtl 
f 5915/9070/3056 5918/9071/3056 5917/9072/3056
f 5915/9073/3057 5908/9070/3057 5919/9074/3057 5918/9075/3057
f 5920/9076/3058 5919/9077/3058 5908/9073/3058 5913/9078/3058
f 5913/9079/3059 5908/9073/3059 5914/9080/3059
f 5914/9081/3060 5908/9070/3060 5915/9082/3060 5916/9083/3060
f 5915/9084/3061 5917/9085/3061 5921/9086/3061 5916/9087/3061
f 5921/9088/3062 5920/9089/3062 5913/9090/3062 5914/9091/3062 5916/9092/3062
f 5912/9093/3063 5907/9094/3063 5909/9095/3063 5910/9096/3063 5911/9097/3063
o Sphere_cell.108_cell.001
v 0.347551 -0.865726 -0.347504
v 0.354893 -0.870662 -0.324071
v 0.317137 -0.889046 -0.316122
v 0.183795 -0.458295 -0.182999
v 0.323978 -0.870903 -0.354384
v 0.354893 -0.870662 -0.324071
v 0.317137 -0.889046 -0.316122
v 0.347551 -0.865726 -0.347504
v 0.323978 -0.870903 -0.354384
vn 0.2934 -0.1982 0.9352
vn -0.9408 -0.2087 -0.2672
vn 0.8833 0.4302 -0.1861
vn 0.1661 0.4259 -0.8894
vn 0.3000 -0.8816 -0.3644
vn 0.3658 -0.8810 -0.3002
vt 0.019956 0.000000
vt 0.796453 0.000000
vt 0.958649 0.161849
vt 1.000000 0.203547
vt 0.990875 0.975649
vt 0.278243 0.236978
vt 0.579806 0.005095
vt 0.572604 0.398227
vt 0.179174 0.000000
vt 0.597132 0.423047
vt 0.999678 0.427343
vt 0.999382 0.820219
vt 0.632303 0.160939
vt 0.625000 0.164324
vt 0.625000 0.148901
vt 0.617607 0.160993
vt 0.624993 0.148905
vt 0.624989 0.164331
s 0
usemtl 
f 5925/9098/3064 5928/9099/3064 5927/9100/3064
f 5928/9101/3065 5925/9102/3065 5930/9103/3065
f 5925/9104/3066 5927/9105/3066 5929/9106/3066
f 5930/9107/3067 5925/9108/3067 5929/9109/3067
f 5926/9110/3068 5922/9111/3068 5924/9112/3068
f 5923/9113/3069 5924/9114/3069 5922/9115/3069
o Sphere_cell.108_cell.002
v 0.146267 -0.511925 -0.145628
v 0.204943 -0.952045 -0.204943
v 0.113978 -0.525828 -0.113331
v 0.209329 -0.932344 -0.192112
v 0.221312 -0.948505 -0.203307
v 0.213861 -0.951698 -0.195871
v 0.246096 -0.937872 -0.228095
v 0.228135 -0.937939 -0.245780
v 0.196037 -0.951702 -0.213709
v 0.237099 -0.938250 -0.237099
v 0.221312 -0.948505 -0.203307
v 0.213861 -0.951698 -0.195871
v 0.246096 -0.937872 -0.228095
v 0.228135 -0.937939 -0.245780
v 0.196037 -0.951702 -0.213709
v 0.237099 -0.938250 -0.237099
v 0.204943 -0.952045 -0.204943
vn 0.7007 0.0256 0.7130
vn 0.7012 0.0264 0.7124
vn 0.6710 0.2894 -0.6826
vn -0.6770 -0.2899 0.6765
vn 0.1850 -0.9565 -0.2254
vn 0.2254 -0.9565 -0.1850
vn -0.7127 0.0279 -0.7009
vt 0.965914 0.123602
vt 1.000000 0.131438
vt 1.000000 0.170930
vt 1.000000 0.000000
vt 1.000000 0.171305
vt 0.170930 0.170930
vt 0.131438 0.131438
vt 0.131367 0.000000
vt 1.000000 1.000000
vt 0.131367 0.131367
vt 0.569649 0.130106
vt 1.000000 0.130263
vt 0.904082 0.445919
vt 0.903783 0.655169
vt 0.884804 0.636734
vt 0.486177 0.245520
vt 0.903706 0.240035
vt 0.625000 0.109216
vt 0.625000 0.094065
vt 0.631848 0.094442
vt 0.630922 0.109559
vt 0.625000 0.109216
vt 0.618961 0.109632
vt 0.618270 0.097954
vt 0.618030 0.094446
vt 0.225109 0.102328
vt 0.171305 0.171305
vt 0.130263 0.130263
s 0
usemtl 
f 5942/9116/3070 5941/9117/3070 5934/9118/3070
f 5931/9119/3071 5933/9120/3071 5934/9121/3071 5941/9122/3071 5943/9123/3071
f 5931/9124/3072 5943/9125/3072 5946/9126/3072 5938/9127/3072
f 5947/9128/3073 5942/9129/3073 5934/9130/3073 5933/9131/3073 5939/9132/3073
f 5940/9133/3074 5932/9134/3074 5945/9135/3074 5944/9136/3074
f 5932/9134/3075 5940/9137/3075 5937/9138/3075 5935/9139/3075 5936/9140/3075
f 5939/9141/3076 5933/9142/3076 5931/9124/3076 5938/9143/3076
o Sphere_cell.108_cell.003
v 0.362869 -0.876024 -0.298614
v 0.143507 -0.477575 -0.138002
v 0.169437 -0.528040 -0.139781
v 0.153030 -0.477554 -0.126301
v 0.179910 -0.447883 -0.177375
v 0.187183 -0.452838 -0.154314
v 0.316264 -0.890096 -0.314103
v 0.308895 -0.895924 -0.305978
v 0.324378 -0.902763 -0.267043
v 0.355450 -0.871036 -0.322294
v 0.316264 -0.890096 -0.314103
v 0.308895 -0.895924 -0.305978
v 0.324378 -0.902763 -0.267043
v 0.355450 -0.871036 -0.322294
v 0.362869 -0.876024 -0.298614
vn -0.7146 -0.3877 0.5823
vn -0.3795 0.8727 0.3072
vn -0.7300 -0.0141 -0.6833
vn -0.8549 -0.4447 0.2670
vn -0.2923 0.1991 -0.9354
vn 0.8833 0.4302 -0.1861
vn 0.6343 -0.0003 0.7731
vn 0.3658 -0.8810 -0.3002
vt 0.096203 0.000000
vt 0.064434 0.064434
vt 0.000000 0.000000
vt 1.000000 0.000000
vt 1.000000 0.064434
vt 0.166878 0.092495
vt 1.000000 0.202982
vt 1.000000 1.000000
vt 0.797363 0.000000
vt 0.202982 0.202982
vt 0.414374 0.189565
vt 1.000000 0.898264
vt 0.998909 0.998909
vt 0.832579 0.034979
vt 1.000000 0.202637
vt 0.630070 0.045470
vt 1.000000 0.419996
vt 1.000000 0.830834
vt 0.602426 0.428413
vt 0.444089 0.207355
vt 0.495872 0.233528
vt 0.856922 0.592265
vt 0.830834 0.830834
vt 0.419996 0.419996
vt 0.624448 0.147849
vt 0.617048 0.160740
vt 0.609588 0.157366
vt 0.609621 0.139282
vt 0.624241 0.143907
s 0
usemtl 
f 5950/9144/3077 5951/9145/3077 5949/9146/3077
f 5952/9146/3078 5949/9147/3078 5951/9148/3078 5953/9149/3078
f 5959/9150/3079 5949/9151/3079 5952/9146/3079 5958/9152/3079
f 5949/9151/3080 5959/9153/3080 5960/9154/3080 5950/9155/3080
f 5952/9156/3081 5961/9157/3081 5958/9158/3081
f 5952/9159/3082 5953/9160/3082 5962/9161/3082 5961/9162/3082
f 5951/9163/3083 5950/9164/3083 5960/9165/3083 5962/9166/3083 5953/9167/3083
f 5954/9168/3084 5957/9169/3084 5948/9170/3084 5956/9171/3084 5955/9172/3084
o Sphere_cell.108_cell.004
v 0.137132 -0.477601 -0.141050
v 0.185653 -0.951302 -0.223928
v 0.096795 -0.491465 -0.115799
v 0.104621 -0.491750 -0.108090
v 0.125433 -0.477628 -0.150650
v 0.188816 -0.922563 -0.208448
v 0.204445 -0.947343 -0.225307
v 0.194441 -0.951641 -0.215279
v 0.226466 -0.937825 -0.247633
v 0.139422 -0.530159 -0.167674
v 0.217579 -0.935974 -0.262781
v 0.204445 -0.947343 -0.225307
v 0.194441 -0.951641 -0.215279
v 0.226466 -0.937825 -0.247633
v 0.217579 -0.935974 -0.262781
v 0.185653 -0.951302 -0.223928
vn -0.1874 0.9560 0.2256
vn 0.7133 -0.0266 0.7003
vn 0.7165 -0.0224 0.6972
vn 0.8443 0.2709 -0.4622
vn -0.6770 -0.2899 0.6765
vn -0.7726 -0.0000 -0.6349
vn 0.1850 -0.9565 -0.2254
vn 0.5845 0.3868 -0.7133
vt 0.224449 0.177061
vt 0.180965 0.180965
vt 0.000000 0.000000
vt 0.065014 0.000000
vt 0.954744 0.112873
vt 1.000000 0.122509
vt 1.000000 0.178042
vt 1.000000 0.000000
vt 1.000000 0.180965
vt 0.178042 0.178042
vt 0.122509 0.122509
vt 0.122395 0.000000
vt 1.000000 0.899803
vt 1.000000 1.000000
vt 0.122395 0.122395
vt 0.233948 0.125954
vt 0.452439 0.000000
vt 0.903267 0.000000
vt 0.903639 0.203141
vt 0.875131 0.203003
vt 0.452754 0.180979
vt 0.490429 0.261939
vt 0.888293 0.661501
vt 0.903267 0.903267
vt 0.452439 0.452439
vt 0.438922 0.235382
vt 0.639924 0.111717
vt 0.632100 0.109684
vt 0.632719 0.099229
vt 0.633075 0.094510
vt 0.639833 0.094881
vt 1.000000 0.934986
vt 0.904894 0.904894
s 0
usemtl 
f 5965/9173/3085 5966/9174/3085 5963/9175/3085 5967/9176/3085
f 5975/9177/3086 5974/9178/3086 5968/9179/3086
f 5963/9180/3087 5966/9181/3087 5968/9182/3087 5974/9183/3087 5976/9184/3087
f 5972/9185/3088 5963/9186/3088 5976/9187/3088 5977/9188/3088
f 5965/9189/3089 5978/9190/3089 5975/9191/3089 5968/9192/3089 5966/9193/3089
f 5972/9194/3090 5977/9195/3090 5978/9196/3090 5965/9197/3090 5967/9198/3090
f 5973/9199/3091 5971/9200/3091 5969/9201/3091 5970/9202/3091 5964/9203/3091
f 5967/9204/3092 5963/9186/3092 5972/9205/3092
o Sphere_cell.108_cell.005
v 0.270598 -0.923880 -0.270598
v 0.293979 -0.923880 -0.242108
v 0.140290 -0.477518 -0.139165
v 0.242769 -0.923880 -0.293437
v 0.143165 -0.542709 -0.172229
v 0.218867 -0.935355 -0.264350
v 0.228473 -0.937367 -0.247926
v 0.248394 -0.937198 -0.228779
v 0.238473 -0.937661 -0.238473
v 0.172393 -0.541029 -0.142211
v 0.265524 -0.935094 -0.218784
v 0.323230 -0.903560 -0.266101
v 0.266591 -0.903726 -0.322429
v 0.306561 -0.896702 -0.306539
v 0.218867 -0.935355 -0.264350
v 0.228473 -0.937367 -0.247926
v 0.238473 -0.937661 -0.238473
v 0.248394 -0.937198 -0.228779
v 0.265524 -0.935094 -0.218784
v 0.266591 -0.903726 -0.322429
v 0.306561 -0.896702 -0.306539
v 0.293979 -0.923880 -0.242108
v 0.323230 -0.903560 -0.266101
v 0.242769 -0.923880 -0.293437
vn -0.8450 -0.2711 0.4610
vn -0.6618 -0.2904 0.6911
vn -0.4596 -0.2728 0.8452
vn 0.8526 0.4468 -0.2711
vn 0.2620 0.4457 -0.8560
vn 0.6342 -0.0003 0.7732
vn -0.7726 -0.0000 -0.6349
vn 0.3002 -0.8810 -0.3658
vn 0.1850 -0.9565 -0.2254
vn 0.2254 -0.9565 -0.1850
vn 0.3658 -0.8810 -0.3002
vt 0.881041 0.127903
vt 1.000000 0.124104
vt 1.000000 1.000000
vt 0.875793 0.875793
vt 0.124103 0.124103
vt 0.559891 0.123249
vt 1.000000 0.123834
vt 0.252130 0.127799
vt 1.000000 0.878902
vt 0.123834 0.123834
vt 0.878902 0.878902
vt 0.766726 0.187644
vt 1.000000 0.201115
vt 1.000000 0.875793
vt 0.205431 0.200719
vt 0.421995 0.187506
vt 0.505727 0.231741
vt 0.888471 0.238598
vt 0.877525 0.403853
vt 0.857700 0.585151
vt 0.876477 0.470744
vt 0.887688 0.651742
vt 0.502735 0.265677
vt 0.856761 0.270852
vt 0.625000 0.143378
vt 0.625000 0.125000
vt 0.639997 0.125000
vt 0.640033 0.138729
vt 0.639928 0.112396
vt 0.625000 0.109864
vt 0.631495 0.110186
vt 0.609648 0.125000
vt 0.609694 0.112683
vt 0.618461 0.110372
vt 0.624696 0.143523
vt 0.609622 0.138743
s 0
usemtl 
f 5993/9206/3093 5994/9207/3093 5981/9208/3093 5983/9209/3093
f 5981/9208/3094 5994/9210/3094 5995/9211/3094 5996/9212/3094
f 5997/9213/3095 5988/9214/3095 5981/9208/3095 5996/9215/3095
f 5981/9208/3096 5988/9216/3096 6001/9217/3096 5999/9218/3096
f 5983/9219/3097 5981/9208/3097 5999/9220/3097 5998/9221/3097
f 5988/9222/3098 5997/9223/3098 6000/9224/3098 6001/9225/3098
f 6002/9226/3099 5993/9227/3099 5983/9228/3099 5998/9229/3099
f 5992/9230/3100 5979/9231/3100 5982/9232/3100 5991/9233/3100
f 5984/9234/3101 5982/9232/3101 5979/9231/3101 5987/9235/3101 5985/9236/3101
f 5987/9235/3102 5979/9231/3102 5980/9237/3102 5989/9238/3102 5986/9239/3102
f 5992/9240/3103 5990/9241/3103 5980/9237/3103 5979/9231/3103
o Sphere_cell.108_cell.006
v 0.007620 -0.029984 -0.007284
v 0.007580 -0.020219 -0.006796
v 0.138371 -0.476557 -0.139009
v 0.150566 -0.476484 -0.124279
v 0.155054 -0.473346 -0.127960
v 0.178735 -0.445881 -0.178322
v 0.186478 -0.451140 -0.153734
v 0.115865 -0.489930 -0.096060
v 0.105802 -0.490350 -0.106309
v 0.096509 -0.489982 -0.115450
v 0.124984 -0.476509 -0.150104
v 0.128339 -0.473642 -0.154187
v 0.153002 -0.452495 -0.184203
vn 0.3685 -0.8796 -0.3007
vn 0.3705 -0.8776 -0.3044
vn 0.2241 -0.9577 -0.1808
vn 0.1815 -0.9577 -0.2232
vn 0.3024 -0.8790 -0.3686
vn 0.3036 -0.8783 -0.3693
vn 0.3093 -0.8773 -0.3669
vn 0.8833 0.4302 -0.1861
vn 0.6329 -0.0010 0.7742
vn 0.1028 0.4071 -0.9076
vn -0.7349 0.0308 -0.6775
vn 0.5257 -0.0403 0.8497
vn -0.6770 -0.2899 0.6765
vn -0.7726 -0.0000 -0.6349
vt 1.000000 0.000000
vt 1.000000 0.060667
vt 0.919359 0.000000
vt 0.774574 0.071821
vt 0.060667 0.060667
vt 0.000000 0.000000
vt 0.996896 0.000591
vt 0.820335 0.000000
vt 1.000000 0.080641
vt 0.825086 0.060848
vt 1.000000 0.925855
vt 1.000000 1.000000
vt 0.820335 0.820335
vt 0.824666 0.768847
vt 1.000000 0.944369
vt 0.925854 0.925854
vt 0.944369 0.944369
vt 1.000000 0.840434
vt 1.000000 0.004702
vt 0.838333 0.777671
vt 1.000000 0.418347
vt 0.586763 0.000000
vt 0.455845 0.000000
vt 0.443055 0.195555
vt 0.439995 0.223359
vt 0.418347 0.418347
vt 0.996113 0.409416
vt 0.581277 0.000000
vt 0.585670 0.000000
vt 1.000000 0.544155
vt 0.451022 0.451022
vt 0.450985 0.000000
vt 0.451388 0.214774
vt 0.450985 0.450985
vt 0.415449 0.011185
vt 0.435020 0.207580
vt 0.437824 0.235796
s 0
usemtl 
f 6005/9242/3104 6007/9243/3104 6006/9244/3104
f 6009/9245/3105 6007/9246/3105 6005/9247/3105 6008/9248/3105
f 6011/9249/3106 6005/9242/3106 6006/9250/3106 6010/9251/3106
f 6013/9252/3107 6005/9253/3107 6011/9254/3107 6012/9255/3107
f 6014/9256/3108 6005/9253/3108 6013/9257/3108
f 6005/9253/3109 6014/9258/3109 6015/9259/3109
f 6008/9260/3110 6005/9253/3110 6015/9261/3110
f 6004/9242/3111 6009/9262/3111 6008/9263/3111
f 6010/9264/3112 6006/9265/3112 6007/9266/3112 6009/9267/3112 6004/9247/3112
f 6004/9242/3113 6008/9268/3113 6015/9269/3113
f 6015/9270/3114 6003/9242/3114 6004/9253/3114
f 6004/9253/3115 6003/9247/3115 6010/9271/3115
f 6010/9272/3116 6003/9247/3116 6012/9273/3116 6011/9274/3116
f 6012/9275/3117 6003/9247/3117 6015/9276/3117 6014/9277/3117 6013/9278/3117
o Sphere_cell.108_cell.007
v 0.224441 -0.951287 -0.185108
v 0.141676 -0.477409 -0.136213
v 0.151099 -0.477432 -0.124717
v 0.154656 -0.488311 -0.127640
v 0.168159 -0.529867 -0.138734
v 0.248332 -0.937721 -0.226147
v 0.263671 -0.935825 -0.217265
v 0.108718 -0.491619 -0.103935
v 0.208800 -0.922353 -0.188360
v 0.225881 -0.947263 -0.204163
v 0.116196 -0.491338 -0.096331
v 0.215697 -0.951627 -0.194003
v 0.248332 -0.937721 -0.226147
v 0.263671 -0.935825 -0.217265
v 0.225881 -0.947263 -0.204163
v 0.215697 -0.951627 -0.194003
v 0.224441 -0.951287 -0.185108
vn 0.7126 0.3898 -0.5833
vn 0.7122 0.3876 -0.5853
vn 0.4569 0.2714 -0.8471
vn -0.6950 -0.0206 -0.7187
vn -0.2275 0.9554 0.1883
vn -0.7001 -0.0274 -0.7135
vn 0.6328 -0.0007 0.7743
vn -0.6770 -0.2899 0.6765
vn 0.2254 -0.9565 -0.1850
vt 0.063955 0.000000
vt 0.047829 0.047829
vt 0.000000 0.000000
vt 0.899958 0.000000
vt 1.000000 0.000000
vt 1.000000 0.047829
vt 0.899958 0.899958
vt 0.889827 0.125496
vt 1.000000 0.121838
vt 1.000000 1.000000
vt 0.122079 0.000000
vt 0.178058 0.000000
vt 1.000000 0.820555
vt 0.121838 0.121838
vt 0.820555 0.820555
vt 0.828964 0.781700
vt 1.000000 0.936045
vt 0.954204 0.841922
vt 1.000000 0.821942
vt 1.000000 0.877921
vt 0.904275 0.000000
vt 0.889184 0.227837
vt 0.494890 0.223036
vt 0.454538 0.202671
vt 0.443975 0.197218
vt 0.457205 0.000000
vt 0.875015 0.669372
vt 0.903721 0.698252
vt 0.903427 0.903427
vt 0.452403 0.452403
vt 0.452645 0.276985
vt 0.617565 0.109797
vt 0.609697 0.111880
vt 0.609760 0.094898
vt 0.616595 0.094525
vt 0.616969 0.099318
s 0
usemtl 
f 6018/9279/3118 6019/9280/3118 6017/9281/3118
f 6020/9282/3119 6017/9283/3119 6019/9284/3119
f 6020/9285/3120 6029/9286/3120 6028/9287/3120 6017/9288/3120
f 6030/9289/3121 6024/9290/3121 6023/9291/3121 6017/9288/3121 6028/9292/3121
f 6017/9288/3122 6023/9293/3122 6026/9294/3122 6018/9295/3122
f 6031/9296/3123 6024/9297/3123 6030/9298/3123
f 6032/9299/3124 6029/9300/3124 6020/9301/3124 6019/9302/3124 6018/9303/3124 6026/9304/3124
f 6024/9305/3125 6031/9306/3125 6032/9307/3125 6026/9308/3125 6023/9309/3125
f 6021/9310/3126 6022/9311/3126 6016/9312/3126 6027/9313/3126 6025/9314/3126
o Sphere_cell.107_cell
v -0.277003 -0.831459 0.115789
v -0.262715 -0.953640 0.109273
v -0.269984 -0.952493 0.098412
v -0.217006 -0.770606 0.082064
v -0.144294 -0.521783 0.060034
v -0.299336 -0.940823 0.129961
v -0.148107 -0.536084 0.062188
v -0.259831 -0.952627 0.121721
v -0.307103 -0.939098 0.127437
v -0.269984 -0.952493 0.098412
v -0.307103 -0.939098 0.127437
v -0.299336 -0.940823 0.129961
v -0.259831 -0.952627 0.121721
v -0.262715 -0.953640 0.109273
vn -0.5551 0.0890 -0.8270
vn 0.1675 0.0937 0.9814
vn 0.2259 0.0782 0.9710
vn 0.9400 -0.2800 -0.1950
vn 0.7844 -0.2783 -0.5544
vn -0.2571 -0.9565 0.1374
vn -0.2785 -0.9566 0.0853
vn -0.5695 0.0844 -0.8176
vt 0.000000 0.000000
vt 0.905381 0.001388
vt 0.208040 0.208040
vt 0.625567 0.000000
vt 1.000000 0.121586
vt 1.000000 0.909060
vt 0.909692 0.909692
vt 0.219448 0.098780
vt 0.909060 0.909060
vt 0.121586 0.121586
vt 0.578864 0.095588
vt 1.000000 0.094493
vt 0.998294 0.519542
vt 0.982448 0.504006
vt 0.528221 0.273939
vt 0.525304 0.518033
vt 0.108163 0.094504
vt 0.520957 0.095511
vt 0.065199 0.106391
vt 0.062620 0.108286
vt 0.062735 0.092313
vt 0.069653 0.093426
vt 0.062500 0.092329
vt 0.061361 0.108347
vt 0.055598 0.093543
vt 0.926638 0.109810
vt 0.374705 0.000000
vt 1.000000 0.000000
vt 1.000000 0.208040
s 0
usemtl 
f 6033/9315/3127 6037/9316/3127 6036/9317/3127
f 6033/9315/3128 6041/9318/3128 6044/9319/3128 6039/9320/3128 6037/9321/3128
f 6045/9322/3129 6039/9323/3129 6044/9324/3129
f 6045/9325/3130 6046/9326/3130 6037/9327/3130 6039/9328/3130
f 6036/9329/3131 6037/9330/3131 6046/9331/3131 6035/9332/3131
f 6038/9333/3132 6043/9334/3132 6034/9335/3132 6040/9336/3132
f 6034/9337/3133 6043/9338/3133 6042/9339/3133
f 6035/9340/3134 6041/9341/3134 6033/9342/3134 6036/9343/3134
o Sphere_cell.107_cell.001
v -0.353553 -0.923880 0.146447
v -0.364103 -0.923880 0.111667
v -0.198918 -0.538747 0.083243
v -0.183719 -0.479061 0.075661
v -0.319068 -0.735684 0.147270
v -0.271735 -0.807944 0.113605
v -0.392053 -0.895468 0.186637
v -0.345392 -0.923880 0.161715
v -0.305958 -0.937516 0.140587
v -0.214311 -0.542232 0.066100
v -0.231551 -0.602265 0.071358
v -0.350371 -0.806358 0.107420
v -0.400555 -0.895037 0.172431
v -0.400716 -0.896594 0.165982
v -0.400112 -0.903679 0.122527
v -0.307331 -0.938340 0.132284
v -0.301373 -0.842865 0.092651
v -0.310162 -0.938367 0.125620
v -0.328700 -0.935152 0.100983
v -0.392053 -0.895468 0.186637
v -0.345392 -0.923880 0.161715
v -0.400716 -0.896594 0.165982
v -0.400112 -0.903679 0.122527
v -0.400555 -0.895037 0.172431
v -0.310162 -0.938367 0.125620
v -0.328700 -0.935152 0.100983
v -0.364103 -0.923880 0.111667
v -0.305958 -0.937516 0.140587
v -0.307331 -0.938340 0.132284
vn 0.4194 0.0320 0.9072
vn 0.4714 -0.0007 0.8819
vn 0.7676 -0.1154 0.6304
vn 0.7434 -0.2672 -0.6132
vn -0.8910 0.4450 -0.0893
vn -0.8925 0.4430 -0.0846
vn -0.7557 0.4600 0.4662
vn 0.9615 -0.2673 -0.0642
vn 0.9517 -0.2784 -0.1298
vn 0.7476 -0.2706 -0.6065
vn 0.7503 -0.2764 -0.6006
vn 0.8803 -0.2937 -0.3727
vn -0.2892 -0.0008 -0.9573
vn -0.4173 -0.8810 0.2230
vn -0.2587 -0.9568 0.1326
vn -0.4528 -0.8810 0.1374
vn -0.2788 -0.9566 0.0847
vt 0.000000 0.000000
vt 1.000000 0.205762
vt 1.000000 1.000000
vt 1.000000 0.125393
vt 0.205762 0.205762
vt 0.648928 0.151430
vt 0.141417 0.000000
vt 1.000000 0.000000
vt 0.136685 0.000000
vt 1.000000 0.879535
vt 0.879535 0.879535
vt 0.736059 0.000000
vt 0.736059 0.736059
vt 0.734715 0.372901
vt 0.965360 0.399527
vt 1.000000 0.405363
vt 1.000000 0.407839
vt 0.405363 0.405363
vt 0.665257 0.665257
vt 1.000000 0.665257
vt 0.332410 0.000000
vt 1.000000 0.863315
vt 0.178617 0.000000
vt 0.178617 0.178617
vt 0.664814 0.000000
vt 0.649042 0.179869
vt 0.664814 0.664814
vt 0.667590 0.000000
vt 0.526392 0.122402
vt 0.726743 0.142077
vt 0.727875 0.236544
vt 0.726349 0.492923
vt 0.667591 0.434632
vt 0.435238 0.201011
vt 0.348466 0.111401
vt 0.064692 0.144526
vt 0.062500 0.143454
vt 0.062500 0.125000
vt 0.069712 0.125000
vt 0.070677 0.145156
vt 0.068592 0.110069
vt 0.062615 0.108996
vt 0.064705 0.109118
vt 0.047301 0.138662
vt 0.047360 0.125000
vt 0.062500 0.109004
vt 0.047360 0.125000
vt 0.047455 0.112585
s 0
usemtl 
f 6051/9344/3135 6066/9345/3135 6050/9346/3135
f 6074/9347/3136 6050/9346/3136 6066/9348/3136 6067/9349/3136
f 6074/9350/3137 6049/9351/3137 6050/9346/3137
f 6050/9346/3138 6049/9344/3138 6057/9352/3138 6056/9353/3138
f 6051/9351/3139 6050/9346/3139 6056/9354/3139 6058/9355/3139
f 6051/9346/3140 6058/9356/3140 6069/9357/3140 6068/9358/3140 6070/9359/3140
f 6066/9360/3141 6051/9346/3141 6070/9361/3141
f 6074/9362/3142 6052/9344/3142 6049/9351/3142
f 6074/9363/3143 6075/9364/3143 6052/9351/3143
f 6057/9365/3144 6049/9346/3144 6052/9344/3144 6063/9366/3144
f 6063/9367/3145 6052/9344/3145 6071/9368/3145 6072/9369/3145
f 6071/9370/3146 6052/9344/3146 6075/9371/3146
f 6073/9372/3147 6069/9373/3147 6058/9374/3147 6056/9375/3147 6057/9376/3147 6063/9377/3147 6072/9378/3147
f 6059/9379/3148 6060/9380/3148 6047/9381/3148 6054/9382/3148 6053/9383/3148
f 6055/9384/3149 6054/9382/3149 6047/9381/3149 6064/9385/3149 6062/9386/3149
f 6061/9387/3150 6048/9388/3150 6047/9381/3150 6060/9380/3150
f 6064/9389/3151 6047/9381/3151 6048/9390/3151 6065/9391/3151
o Sphere_cell.107_cell.002
v -0.267851 -0.797939 0.112529
v -0.256530 -0.951467 0.135969
v -0.196745 -0.538156 0.083284
v -0.178561 -0.474016 0.075659
v -0.134893 -0.487859 0.056640
v -0.131945 -0.486851 0.069404
v -0.170734 -0.474011 0.090246
v -0.225588 -0.826092 0.105101
v -0.305147 -0.938851 0.132815
v -0.259444 -0.952491 0.123391
v -0.295883 -0.937850 0.157114
v -0.304804 -0.938105 0.138645
v -0.305147 -0.938851 0.132815
v -0.259444 -0.952491 0.123391
v -0.304804 -0.938105 0.138645
v -0.256530 -0.951467 0.135969
v -0.295883 -0.937850 0.157114
vn 0.2465 0.9600 -0.1327
vn -0.2235 -0.0793 -0.9715
vn -0.3979 0.0053 -0.9174
vn -0.2243 -0.0805 -0.9712
vn -0.5405 0.0534 -0.8396
vn -0.9656 0.2590 0.0236
vn -0.9525 0.2754 0.1302
vn 0.4731 -0.0007 0.8810
vn 0.9400 -0.2800 -0.1950
vn -0.2571 -0.9565 0.1374
vn -0.8523 0.2916 0.4343
vt 1.000000 1.000000
vt 0.000000 0.000000
vt 0.067021 0.000000
vt 0.983043 0.930597
vt 1.000000 0.000000
vt 0.999460 0.999460
vt 0.862917 0.000000
vt 1.000000 0.137083
vt 0.384802 0.135976
vt 0.315399 0.000000
vt 1.000000 0.318002
vt 0.315399 0.315399
vt 0.141026 0.000000
vt 0.847845 0.110107
vt 1.000000 0.096843
vt 1.000000 0.552395
vt 0.850577 0.564899
vt 0.912203 0.551485
vt 0.552395 0.552395
vt 0.096843 0.096843
vt 0.522374 0.095736
vt 0.652358 0.219667
vt 0.065348 0.108557
vt 0.070581 0.093576
vt 0.077571 0.094700
vt 0.077677 0.109656
vt 0.067950 0.109376
vt 0.858974 0.000000
vt 0.941046 0.072103
vt 1.000000 0.932979
s 0
usemtl 
f 6080/9392/3152 6079/9393/3152 6082/9394/3152 6081/9395/3152
f 6076/9396/3153 6080/9397/3153 6083/9398/3153
f 6079/9396/3154 6080/9392/3154 6076/9393/3154
f 6083/9399/3155 6089/9400/3155 6088/9401/3155 6076/9396/3155
f 6078/9396/3156 6079/9392/3156 6076/9393/3156
f 6090/9402/3157 6076/9392/3157 6088/9403/3157
f 6076/9392/3158 6090/9404/3158 6078/9396/3158
f 6092/9405/3159 6091/9406/3159 6081/9407/3159 6082/9408/3159
f 6080/9409/3160 6081/9410/3160 6091/9411/3160 6089/9412/3160 6083/9413/3160
f 6084/9414/3161 6085/9415/3161 6077/9416/3161 6086/9417/3161 6087/9418/3161
f 6078/9393/3162 6090/9419/3162 6092/9420/3162 6082/9421/3162 6079/9392/3162
o Sphere_cell.107_cell.003
v -0.278419 -0.951161 0.085809
v -0.268112 -0.797980 0.111325
v -0.135939 -0.487680 0.055386
v -0.184013 -0.487263 0.075721
v -0.180138 -0.474005 0.074159
v -0.144084 -0.486296 0.044840
v -0.235610 -0.830991 0.086054
v -0.185264 -0.473961 0.057268
v -0.308922 -0.938915 0.123511
v -0.326548 -0.935837 0.100333
v -0.296818 -0.832739 0.091266
v -0.271082 -0.952319 0.096772
v -0.213835 -0.547894 0.065961
v -0.209873 -0.535080 0.064753
v -0.308922 -0.938915 0.123511
v -0.326548 -0.935837 0.100333
v -0.271082 -0.952319 0.096772
v -0.278419 -0.951161 0.085809
vn 0.2644 0.9613 -0.0778
vn 0.5548 -0.0872 0.8274
vn 0.3908 -0.0005 0.9205
vn -0.7490 0.2692 0.6054
vn 0.5537 -0.0887 0.8280
vn 0.1468 0.0733 0.9865
vn -0.7504 0.2721 0.6023
vn -0.7775 0.2928 0.5566
vn -0.2892 -0.0008 -0.9573
vn 0.7631 -0.2731 -0.5857
vn -0.2788 -0.9566 0.0851
vn -0.8817 0.3879 0.2686
vt 0.000000 0.000000
vt 1.000000 0.000000
vt 1.000000 0.103262
vt 0.140357 0.140357
vt 0.160678 0.000000
vt 1.000000 1.000000
vt 0.832206 0.328911
vt 1.000000 0.313525
vt 0.831088 0.831088
vt 0.407727 0.248348
vt 1.000000 0.839322
vt 0.313525 0.313525
vt 0.117387 0.000000
vt 1.000000 0.831088
vt 0.882613 0.000000
vt 0.884711 0.884711
vt 0.752392 0.559201
vt 0.547159 0.547159
vt 0.095778 0.095778
vt 0.337652 0.110733
vt 0.438032 0.210840
vt 0.711726 0.487422
vt 0.723052 0.499864
vt 1.000000 0.096680
vt 1.000000 0.552319
vt 0.595399 0.551370
vt 0.580954 0.214686
vt 0.583301 0.095663
vt 0.060449 0.108485
vt 0.047461 0.111830
vt 0.047589 0.094952
vt 0.054556 0.093726
vt 1.000000 0.140357
vt 0.884711 0.000000
s 0
usemtl 
f 6097/9422/3163 6095/9423/3163 6098/9424/3163 6100/9425/3163
f 6094/9422/3164 6099/9426/3164 6095/9422/3164
f 6097/9422/3165 6094/9423/3165 6095/9427/3165
f 6108/9428/3166 6107/9429/3166 6094/9427/3166 6103/9430/3166
f 6109/9431/3167 6099/9432/3167 6094/9427/3167 6107/9433/3167
f 6096/9423/3168 6094/9427/3168 6097/9422/3168
f 6094/9427/3169 6096/9422/3169 6105/9434/3169 6103/9435/3169
f 6105/9436/3170 6096/9423/3170 6097/9427/3170 6106/9437/3170
f 6100/9438/3171 6098/9439/3171 6110/9440/3171 6108/9441/3171 6103/9442/3171 6105/9443/3171 6106/9444/3171
f 6110/9445/3172 6098/9446/3172 6095/9447/3172 6099/9448/3172 6109/9449/3172
f 6101/9450/3173 6102/9451/3173 6093/9452/3173 6104/9453/3173
f 6100/9454/3174 6106/9455/3174 6097/9423/3174
o Sphere_cell.107_cell.004
v -0.454188 -0.865657 0.188131
v -0.456801 -0.850374 0.243603
v -0.317615 -0.728992 0.147374
v -0.233907 -0.436728 0.124126
v -0.232158 -0.443576 0.097278
v -0.196845 -0.460616 0.104279
v -0.391816 -0.890000 0.208672
v -0.394252 -0.892572 0.193957
v -0.237713 -0.563575 0.126151
v -0.213660 -0.512563 0.113272
v -0.346264 -0.665805 0.131564
v -0.395135 -0.893419 0.188960
v -0.451778 -0.870741 0.163468
v -0.424192 -0.884072 0.168907
v -0.402491 -0.893889 0.173344
v -0.413310 -0.889307 0.171198
v -0.391816 -0.890000 0.208672
v -0.394252 -0.892572 0.193957
v -0.395135 -0.893419 0.188960
v -0.451778 -0.870741 0.163468
v -0.424192 -0.884072 0.168907
v -0.402491 -0.893889 0.173344
v -0.413310 -0.889307 0.171198
v -0.454188 -0.865657 0.188131
v -0.456801 -0.850374 0.243603
vn 0.4571 0.8685 -0.1917
vn 0.8949 -0.4405 -0.0711
vn 0.0967 -0.2001 -0.9750
vn 0.8931 -0.4421 -0.0830
vn 0.0952 -0.2008 -0.9750
vn 0.8035 -0.4709 -0.3643
vn 0.1051 -0.2073 -0.9726
vn -0.8870 0.4306 -0.1667
vn 0.4728 -0.0004 0.8812
vn -0.4173 -0.8810 0.2230
vn -0.4528 -0.8810 0.1374
vt 0.285532 0.141601
vt 0.020837 0.000000
vt 0.132251 0.000000
vt 0.206932 0.078930
vt 0.206067 0.000000
vt 0.815256 0.000000
vt 0.816131 0.816131
vt 0.000000 0.000000
vt 0.151118 0.000000
vt 1.000000 0.867749
vt 1.000000 0.979163
vt 0.206067 0.206067
vt 0.401798 0.000000
vt 1.000000 0.000000
vt 1.000000 0.816131
vt 0.815256 0.815256
vt 0.706886 0.076904
vt 0.151118 0.151118
vt 0.564763 0.000000
vt 0.399390 0.000000
vt 1.000000 0.598202
vt 0.694290 0.416122
vt 1.000000 0.435238
vt 1.000000 1.000000
vt 0.399390 0.399390
vt 0.370320 0.174046
vt 0.560415 0.178893
vt 1.000000 0.193990
vt 1.000000 0.595465
vt 0.789300 0.588797
vt 0.570720 0.373085
vt 0.600051 0.600051
vt 0.195502 0.195502
vt 0.463022 0.156802
vt 0.698571 0.476995
vt 0.735274 0.527033
vt 0.745486 0.577972
vt 0.070982 0.145677
vt 0.072751 0.146267
vt 0.077870 0.148063
vt 0.077968 0.175038
vt 0.062500 0.164378
vt 0.062500 0.148382
vt 0.064720 0.145304
vt 0.060274 0.151923
vt 0.055081 0.160939
s 0
usemtl 
f 6114/9456/3175 6116/9457/3175 6115/9458/3175
f 6127/9459/3176 6128/9460/3176 6119/9461/3176
f 6120/9462/3177 6113/9463/3177 6121/9464/3177 6115/9465/3177 6116/9466/3177
f 6128/9467/3178 6129/9468/3178 6113/9469/3178 6120/9470/3178 6119/9471/3178
f 6130/9472/3179 6121/9473/3179 6113/9463/3179 6131/9474/3179
f 6132/9475/3180 6113/9469/3180 6129/9476/3180
f 6133/9477/3181 6131/9478/3181 6113/9479/3181 6132/9480/3181
f 6130/9481/3182 6134/9482/3182 6135/9483/3182 6114/9484/3182 6115/9485/3182 6121/9486/3182
f 6114/9487/3183 6135/9488/3183 6127/9489/3183 6119/9490/3183 6120/9491/3183 6116/9492/3183
f 6122/9493/3184 6118/9494/3184 6117/9495/3184 6112/9496/3184 6111/9497/3184 6126/9498/3184 6125/9499/3184
f 6124/9500/3185 6126/9498/3185 6111/9497/3185 6123/9501/3185
o Sphere_cell.107_cell.005
v -0.449224 -0.876128 0.137338
v -0.310403 -0.714789 0.143106
v -0.182298 -0.472403 0.075166
v -0.187439 -0.472486 0.057924
v -0.210066 -0.459721 0.064748
v -0.229680 -0.448828 0.070663
v -0.232080 -0.444153 0.095387
v -0.194308 -0.462396 0.102916
v -0.189150 -0.465418 0.100143
v -0.204892 -0.495125 0.108575
v -0.402325 -0.894448 0.171445
v -0.402223 -0.895874 0.165627
v -0.401726 -0.902773 0.123014
v -0.212519 -0.534680 0.065552
v -0.451646 -0.871018 0.162123
v -0.201040 -0.482978 0.106516
v -0.433902 -0.879587 0.165660
v -0.410676 -0.890831 0.170107
v -0.402223 -0.895874 0.165627
v -0.401726 -0.902773 0.123014
v -0.451646 -0.871018 0.162123
v -0.433902 -0.879587 0.165660
v -0.410676 -0.890831 0.170107
v -0.449224 -0.876128 0.137338
v -0.402325 -0.894448 0.171445
vn 0.4543 0.8798 -0.1397
vn 0.4515 0.8829 -0.1286
vn 0.4514 0.8837 -0.1233
vn 0.8676 -0.3633 0.3396
vn 0.8912 -0.4366 0.1227
vn 0.8915 -0.4454 0.0825
vn 0.8836 -0.3884 -0.2616
vn -0.0967 0.2021 0.9746
vn -0.0854 0.1962 0.9768
vn 0.0170 0.1473 0.9889
vn -0.2892 -0.0008 -0.9573
vn -0.8868 0.4292 -0.1712
vn 0.4731 -0.0007 0.8810
vn -0.4523 -0.8811 0.1383
vt 0.858465 0.858465
vt 1.000000 0.914342
vt 1.000000 1.000000
vt 0.914342 0.914342
vt 1.000000 0.858235
vt 1.000000 0.126101
vt 0.854574 0.836058
vt 0.867682 0.000000
vt 0.986844 0.000000
vt 0.122672 0.000000
vt 1.000000 0.000000
vt 0.126100 0.126100
vt 0.000000 0.000000
vt 0.935771 0.168802
vt 1.000000 0.203406
vt 1.000000 0.882780
vt 0.203406 0.203406
vt 0.415793 0.190290
vt 0.882780 0.882780
vt 1.000000 0.858465
vt 0.965566 0.000000
vt 1.000000 0.013156
vt 1.000000 0.132318
vt 0.230066 0.055977
vt 0.230069 0.000000
vt 0.823720 0.209622
vt 1.000000 0.204141
vt 1.000000 0.947646
vt 0.965566 0.965566
vt 0.230069 0.230069
vt 0.378807 0.000000
vt 0.947646 0.947646
vt 1.000000 0.168911
vt 0.992598 0.582960
vt 0.891113 0.573070
vt 0.765062 0.560637
vt 0.735369 0.500257
vt 0.735725 0.142959
vt 0.583678 0.583678
vt 0.168911 0.168911
vt 0.360914 0.174708
vt 0.774258 0.588236
vt 0.749755 0.544139
vt 0.777269 0.573282
vt 0.756149 0.576233
vt 0.751858 0.556049
vt 0.057970 0.154957
vt 0.054676 0.160752
vt 0.047220 0.157296
vt 0.047298 0.139275
vt 0.062167 0.143941
vt 0.062500 0.144063
vt 0.062500 0.147352
s 0
usemtl 
f 6139/9502/3186 6140/9503/3186 6138/9504/3186
f 6140/9505/3187 6141/9506/3187 6138/9504/3187
f 6144/9507/3188 6138/9504/3188 6141/9508/3188 6142/9509/3188 6143/9510/3188
f 6145/9511/3189 6137/9512/3189 6138/9504/3189 6144/9513/3189
f 6137/9514/3190 6160/9515/3190 6154/9516/3190 6138/9504/3190
f 6149/9517/3191 6138/9504/3191 6154/9518/3191 6155/9519/3191
f 6138/9504/3192 6149/9520/3192 6139/9521/3192
f 6151/9522/3193 6143/9523/3193 6142/9524/3193 6156/9525/3193 6157/9526/3193
f 6158/9527/3194 6160/9528/3194 6145/9529/3194 6151/9530/3194 6157/9531/3194
f 6160/9532/3195 6137/9512/3195 6145/9533/3195
f 6159/9534/3196 6141/9535/3196 6140/9536/3196 6139/9537/3196 6149/9538/3196 6155/9539/3196
f 6141/9540/3197 6159/9541/3197 6156/9542/3197 6142/9543/3197
f 6145/9544/3198 6144/9545/3198 6143/9546/3198 6151/9547/3198
f 6152/9548/3199 6150/9549/3199 6136/9550/3199 6148/9551/3199 6147/9552/3199 6146/9553/3199 6153/9554/3199
o Sphere_cell.107_cell.006
v -0.183178 -0.483438 0.077093
v -0.180731 -0.472846 0.075620
v -0.309394 -0.717855 0.145162
v -0.336256 -0.923880 0.178807
v -0.172415 -0.472901 0.091150
v -0.174754 -0.482745 0.092398
v -0.186336 -0.466058 0.098631
v -0.190072 -0.539851 0.100583
v -0.297038 -0.937450 0.157735
v -0.305145 -0.937422 0.142760
v -0.344356 -0.923880 0.163654
v -0.393046 -0.894204 0.189769
v -0.212406 -0.515812 0.112595
v -0.239237 -0.572383 0.126963
v -0.390204 -0.890984 0.207806
v -0.305145 -0.937422 0.142760
v -0.344356 -0.923880 0.163654
v -0.336256 -0.923880 0.178807
v -0.390204 -0.890984 0.207806
v -0.297038 -0.937450 0.157735
v -0.393046 -0.894204 0.189769
vn 0.8509 -0.2600 -0.4565
vn 0.3516 0.9177 -0.1851
vn 0.8437 -0.2910 -0.4512
vn 0.8415 -0.2918 -0.4547
vn -0.1452 -0.1033 -0.9840
vn -0.4719 -0.0009 -0.8816
vn -0.5194 0.0304 -0.8540
vn -0.8730 0.3673 -0.3210
vn -0.8966 0.4393 0.0555
vn -0.8957 0.4403 0.0625
vn 0.4731 -0.0007 0.8810
vn -0.4173 -0.8810 0.2230
vn -0.2571 -0.9565 0.1374
vt 0.000000 0.000000
vt 1.000000 0.000000
vt 1.000000 0.071118
vt 0.070565 0.070565
vt 0.071118 0.071118
vt 0.802180 0.000000
vt 1.000000 0.070565
vt 0.891578 0.000000
vt 1.000000 1.000000
vt 0.891578 0.891578
vt 0.894071 0.126758
vt 1.000000 0.126696
vt 0.124191 0.000000
vt 0.124191 0.124191
vt 0.500825 0.149754
vt 1.000000 0.203414
vt 0.382301 0.000000
vt 0.797107 0.000000
vt 1.000000 0.197820
vt 1.000000 0.799618
vt 0.797107 0.797107
vt 1.000000 0.204037
vt 0.799618 0.799618
vt 0.204037 0.204037
vt 0.392334 0.208726
vt 0.469660 0.155842
vt 0.691745 0.123715
vt 0.843379 0.110497
vt 0.844621 0.500340
vt 0.844642 0.556332
vt 0.843576 0.565983
vt 0.787830 0.572660
vt 0.742796 0.523852
vt 0.701534 0.468360
vt 0.071484 0.144312
vt 0.070627 0.125000
vt 0.077785 0.125000
vt 0.077867 0.147394
vt 0.069655 0.110111
vt 0.077680 0.110095
s 0
usemtl 
f 6161/9555/3200 6162/9556/3200 6165/9557/3200 6166/9558/3200
f 6165/9559/3201 6162/9555/3201 6167/9560/3201
f 6166/9561/3202 6168/9562/3202 6161/9556/3202
f 6161/9563/3203 6168/9564/3203 6180/9565/3203 6176/9566/3203
f 6161/9563/3204 6176/9567/3204 6162/9556/3204
f 6176/9568/3205 6177/9569/3205 6181/9570/3205 6162/9563/3205
f 6181/9571/3206 6163/9556/3206 6162/9563/3206
f 6162/9563/3207 6163/9555/3207 6173/9572/3207 6167/9573/3207
f 6174/9574/3208 6173/9575/3208 6163/9555/3208 6181/9576/3208
f 6174/9577/3209 6181/9578/3209 6179/9579/3209
f 6179/9580/3210 6178/9581/3210 6180/9582/3210 6168/9583/3210 6166/9584/3210 6165/9585/3210 6167/9586/3210 6173/9587/3210 6174/9588/3210
f 6172/9589/3211 6171/9590/3211 6164/9591/3211 6175/9592/3211
f 6170/9593/3212 6169/9594/3212 6164/9591/3212 6171/9590/3212
o Sphere_cell.107_cell.007
v -0.009313 -0.019928 0.003738
v -0.009534 -0.030339 0.004001
v -0.180393 -0.471217 0.074965
v -0.171795 -0.471247 0.090818
v -0.131476 -0.485101 0.069154
v -0.132915 -0.485605 0.062941
v -0.134469 -0.485955 0.055949
v -0.139341 -0.485411 0.048783
v -0.228827 -0.447168 0.070404
v -0.188926 -0.463100 0.100024
v -0.196563 -0.465270 0.060674
v -0.193919 -0.460114 0.102708
v -0.231097 -0.442115 0.095404
v -0.230966 -0.436320 0.122622
v -0.185739 -0.471210 0.057410
v -0.143577 -0.484544 0.044685
vn -0.3404 -0.9223 0.1829
vn -0.2554 -0.9571 0.1367
vn -0.4532 -0.8809 0.1367
vn -0.4576 -0.8692 0.1873
vn -0.4450 -0.8852 0.1352
vn -0.2773 -0.9571 0.0841
vn -0.2287 -0.0197 -0.9733
vn -0.2892 -0.0008 -0.9573
vn -0.8892 0.4394 -0.1277
vn 0.4537 0.0129 0.8910
vn 0.4731 -0.0007 0.8810
vn 0.9400 -0.2800 -0.1950
vn 0.7318 -0.2703 -0.6256
vn -0.2636 -0.9587 0.1065
vt 1.000000 0.072454
vt 0.170475 0.000000
vt 1.000000 0.000000
vt 0.000000 0.000000
vt 0.215125 0.000000
vt 0.233864 0.026431
vt 0.072454 0.072454
vt 0.017999 0.000000
vt 0.134738 0.000000
vt 0.895471 0.117903
vt 0.712505 0.000000
vt 0.974623 0.000000
vt 0.972777 0.113396
vt 0.865262 0.000000
vt 0.982001 0.000000
vt 0.974623 0.974623
vt 0.712505 0.712505
vt 0.855218 0.000000
vt 0.956711 0.748485
vt 1.000000 0.784740
vt 1.000000 1.000000
vt 0.855218 0.855218
vt 1.000000 0.548861
vt 0.820478 0.567659
vt 1.000000 0.585290
vt 0.548861 0.548861
vt 0.760549 0.561873
vt 0.778685 0.590213
vt 1.000000 0.597109
vt 0.585290 0.585290
vt 0.601711 0.000000
vt 0.784325 0.574373
vt 0.844201 0.567605
vt 1.000000 0.554110
vt 0.601711 0.601711
vt 0.755363 0.578469
vt 1.000000 0.553165
vt 0.554110 0.554110
vt 0.764293 0.553565
vt 1.000000 0.554035
vt 0.559911 0.553171
vt 0.833011 0.553626
vt 0.215261 0.000000
vt 0.904435 0.112370
vt 0.784875 0.000000
s 0
usemtl 
f 6185/9595/3213 6191/9596/3213 6184/9597/3213
f 6184/9598/3214 6187/9599/3214 6186/9600/3214 6185/9601/3214
f 6193/9602/3215 6194/9603/3215 6190/9604/3215 6192/9605/3215 6191/9606/3215
f 6195/9607/3216 6194/9608/3216 6193/9609/3216
f 6184/9597/3217 6191/9610/3217 6192/9611/3217 6196/9612/3217
f 6197/9613/3218 6189/9614/3218 6184/9615/3218 6196/9616/3218
f 6183/9598/3219 6197/9617/3219 6182/9615/3219
f 6192/9618/3220 6190/9619/3220 6182/9615/3220 6197/9620/3220 6196/9621/3220
f 6194/9622/3221 6195/9623/3221 6182/9615/3221 6190/9624/3221
f 6195/9625/3222 6183/9597/3222 6182/9615/3222
f 6191/9626/3223 6185/9627/3223 6186/9628/3223 6183/9615/3223 6195/9629/3223 6193/9630/3223
f 6188/9631/3224 6183/9615/3224 6186/9632/3224 6187/9633/3224
f 6197/9634/3225 6183/9615/3225 6188/9635/3225 6189/9636/3225
f 6189/9637/3226 6188/9638/3226 6187/9639/3226 6184/9598/3226
o Sphere_cell.106_cell
v -0.374334 -0.192103 0.906735
v -0.238445 -0.147739 0.705502
v -0.276084 -0.141929 0.669221
v -0.292329 -0.196744 0.930756
v -0.332105 -0.195667 0.918849
v -0.345695 -0.179224 0.837280
v -0.286651 -0.196640 0.932511
v -0.197819 -0.100973 0.485032
v -0.294135 -0.133386 0.803020
v -0.331099 -0.145918 0.924581
v -0.292329 -0.196744 0.930756
v -0.332105 -0.195667 0.918849
v -0.374334 -0.192103 0.906735
v -0.331099 -0.145918 0.924581
v -0.286651 -0.196640 0.932511
vn 0.0344 -0.9786 -0.2030
vn -0.0274 -0.9808 -0.1932
vn 0.1143 -0.9759 -0.1859
vn 0.0778 -0.9780 -0.1936
vn 0.6552 0.7054 0.2704
vn -0.9265 0.0477 -0.3732
vn -0.6956 0.7049 -0.1389
vn -0.2855 -0.1042 0.9527
vn 0.6887 0.6664 0.2857
vt 0.825441 0.000000
vt 1.000000 0.167869
vt 1.000000 0.290227
vt 0.549164 0.154894
vt 0.049898 0.000000
vt 0.167869 0.167869
vt 0.546485 0.186751
vt 0.290227 0.290227
vt 0.896088 0.896088
vt 0.000000 0.000000
vt 1.000000 0.075182
vt 0.075182 0.075182
vt 1.000000 0.174559
vt 0.947062 0.947062
vt 1.000000 0.000000
vt 1.000000 0.896088
vt 0.700081 0.000000
vt 0.151468 0.000000
vt 0.401931 0.000000
vt 0.325205 0.100797
vt 0.982353 0.387695
vt 1.000000 0.598069
vt 1.000000 0.848532
vt 0.563174 0.430563
vt 0.678138 0.417328
vt 0.195253 0.453253
vt 0.187680 0.438122
vt 0.194832 0.438137
vt 0.201578 0.437589
vt 0.203003 0.438534
vt 0.001118 0.000000
vt 1.000000 0.299919
vt 0.708408 0.382076
s 0
usemtl 
f 6208/9640/3227 6209/9641/3227 6203/9642/3227 6200/9643/3227 6205/9644/3227
f 6209/9645/3228 6210/9646/3228 6203/9647/3228
f 6205/9648/3229 6199/9649/3229 6212/9650/3229
f 6212/9651/3230 6208/9652/3230 6205/9653/3230
f 6199/9654/3231 6205/9655/3231 6206/9656/3231
f 6210/9657/3232 6200/9658/3232 6203/9659/3232
f 6205/9660/3233 6200/9661/3233 6210/9662/3233 6211/9663/3233 6206/9664/3233
f 6207/9665/3234 6198/9666/3234 6202/9667/3234 6201/9668/3234 6204/9669/3234
f 6212/9670/3235 6199/9654/3235 6206/9671/3235 6211/9672/3235
o Sphere_cell.106_cell.001
v -0.374124 -0.198602 0.905385
v -0.211502 -0.122062 0.572268
v -0.189024 -0.099676 0.458473
v -0.367121 -0.196536 0.907972
v -0.228969 -0.119050 0.555170
v -0.312266 -0.226602 0.915316
v -0.317215 -0.233239 0.880000
v -0.325353 -0.241587 0.906619
v -0.331067 -0.197775 0.918707
v -0.291267 -0.199101 0.930362
v -0.374124 -0.198602 0.905385
v -0.367121 -0.196536 0.907972
v -0.312266 -0.226602 0.915316
v -0.325353 -0.241587 0.906619
v -0.331067 -0.197775 0.918707
v -0.291267 -0.199101 0.930362
vn -0.1028 0.9792 0.1748
vn -0.0165 0.9817 0.1899
vn 0.7472 -0.6643 0.0201
vn -0.0273 0.9785 0.2044
vn -0.9265 0.0477 -0.3732
vn -0.6002 -0.6917 -0.4016
vn -0.2858 -0.2038 0.9364
vn -0.2779 -0.2890 0.9161
vn 0.7656 -0.6427 0.0290
vt 0.267918 0.000000
vt 1.000000 0.000000
vt 1.000000 0.082125
vt 0.260694 0.026055
vt 0.000000 0.000000
vt 1.000000 0.001660
vt 0.082125 0.082125
vt 0.232945 0.132547
vt 0.166343 0.166343
vt 0.113762 0.113762
vt 0.218624 0.000000
vt 1.000000 0.732082
vt 0.628212 0.383928
vt 0.590192 0.068196
vt 0.791028 0.170676
vt 0.398801 0.247151
vt 0.847220 0.847220
vt 0.379187 0.379187
vt 0.820584 0.425675
vt 0.848667 0.429205
vt 0.187665 0.437500
vt 0.194987 0.437500
vt 0.188874 0.437948
vt 0.194967 0.436606
vt 0.187638 0.436330
vt 0.195289 0.422009
vt 0.197748 0.427001
vt 0.201713 0.436164
vt 0.855580 0.000000
vt 1.000000 0.113762
vt 1.000000 0.166343
vt 1.000000 1.000000
s 0
usemtl 
f 6224/9673/3236 6214/9674/3236 6217/9675/3236 6223/9676/3236
f 6214/9677/3237 6215/9678/3237 6217/9679/3237
f 6226/9680/3238 6219/9681/3238 6225/9682/3238
f 6228/9683/3239 6214/9674/3239 6224/9684/3239 6227/9685/3239
f 6217/9686/3240 6215/9687/3240 6223/9688/3240
f 6223/9689/3241 6215/9690/3241 6219/9691/3241 6226/9692/3241
f 6213/9693/3242 6221/9694/3242 6216/9695/3242
f 6221/9696/3243 6213/9697/3243 6220/9698/3243 6218/9699/3243 6222/9700/3243
f 6214/9677/3244 6228/9701/3244 6225/9702/3244 6219/9703/3244 6215/9704/3244
o Sphere_cell.106_cell.002
v -0.001371 -0.001862 0.010361
v -0.041480 -0.022121 0.102074
v -0.097188 -0.098514 0.484596
v -0.064937 -0.128697 0.484843
v -0.050454 -0.098288 0.494166
v -0.001071 -0.098266 0.494480
v -0.001269 -0.142189 0.481418
v -0.026496 -0.074015 0.501533
v -0.050858 -0.144846 0.480320
v -0.063940 -0.145498 0.479869
v -0.088548 -0.144831 0.472660
v -0.144628 -0.138419 0.457587
v -0.137990 -0.143447 0.458028
v -0.188174 -0.097459 0.456648
v -0.049753 -0.050112 0.499320
v -0.066872 -0.050173 0.495855
v -0.181060 -0.089409 0.459772
v -0.098297 -0.050278 0.489424
v -0.143615 -0.049983 0.475515
v -0.149604 -0.055748 0.473055
vn -0.0060 -0.2850 0.9585
vn -0.0188 -0.2849 0.9584
vn -0.2764 -0.2879 0.9169
vn -0.2791 -0.2881 0.9160
vn -0.2847 -0.2817 0.9163
vn -0.1970 -0.1015 0.9751
vn -0.2925 -0.1028 0.9507
vn -0.1991 -0.1021 0.9746
vn -0.1956 -0.2011 0.9598
vn -0.6232 -0.6717 -0.4005
vn -0.6987 0.7014 -0.1407
vn -0.5366 -0.7436 -0.3989
vn -0.6608 0.7400 -0.1255
vn 0.0576 -0.9568 -0.2850
vn -0.0230 0.9951 0.0959
vn 1.0000 -0.0041 -0.0014
vn 0.7034 0.6972 0.1384
vt 0.497895 0.210563
vt 0.758540 0.000000
vt 1.000000 0.000000
vt 1.000000 0.194303
vt 0.496039 0.394650
vt 0.194303 0.194303
vt 0.000000 0.000000
vt 1.000000 0.080313
vt 0.080313 0.080313
vt 1.000000 0.193481
vt 0.166703 0.006150
vt 0.187705 0.043827
vt 0.193481 0.193481
vt 1.000000 0.006818
vt 0.163005 0.163005
vt 0.327615 0.327615
vt 0.241460 0.000000
vt 0.368532 0.240164
vt 0.062176 0.062176
vt 1.000000 0.327931
vt 0.492068 0.330084
vt 0.423452 0.290913
vt 1.000000 0.327615
vt 0.327931 0.327931
vt 1.000000 1.000000
vt 0.375044 0.008604
vt 0.373428 0.373428
vt 0.608758 0.000000
vt 0.998485 0.372570
vt 0.927642 0.304848
vt 0.498780 0.074740
vt 1.000000 0.624924
vt 0.604144 0.558823
vt 0.552468 0.000000
vt 0.430690 0.430690
vt 0.452958 0.000000
vt 0.451983 0.156217
vt 0.451571 0.197430
vt 0.444679 0.274945
vt 0.529477 0.000000
vt 1.000000 0.447532
vt 0.769402 0.230358
vt 0.614059 0.081231
vt 0.465754 0.014494
vt 0.452958 0.452958
vt 1.000000 0.534095
vt 0.529477 0.529477
vt 0.754233 0.527329
s 0
usemtl 
f 6234/9705/3245 6236/9706/3245 6233/9707/3245 6237/9708/3245 6235/9709/3245
f 6237/9710/3246 6233/9711/3246 6232/9707/3246 6238/9712/3246
f 6238/9713/3247 6232/9711/3247 6231/9707/3247 6239/9714/3247
f 6231/9711/3248 6240/9715/3248 6241/9716/3248 6239/9717/3248
f 6242/9718/3249 6240/9719/3249 6231/9711/3249
f 6244/9720/3250 6233/9711/3250 6236/9721/3250 6243/9722/3250
f 6245/9723/3251 6242/9711/3251 6231/9707/3251 6246/9724/3251 6247/9725/3251 6248/9726/3251
f 6231/9711/3252 6233/9707/3252 6244/9727/3252 6246/9728/3252
f 6231/9711/3253 6232/9707/3253 6233/9729/3253
f 6240/9730/3254 6242/9731/3254 6230/9711/3254
f 6248/9732/3255 6230/9707/3255 6242/9733/3255 6245/9734/3255
f 6241/9735/3256 6240/9736/3256 6230/9729/3256 6229/9711/3256
f 6230/9729/3257 6248/9737/3257 6247/9738/3257 6229/9707/3257
f 6241/9739/3258 6229/9711/3258 6235/9740/3258 6237/9741/3258 6238/9742/3258 6239/9743/3258
f 6243/9744/3259 6229/9707/3259 6247/9745/3259 6246/9746/3259 6244/9747/3259
f 6234/9748/3260 6235/9749/3260 6229/9711/3260
f 6234/9750/3261 6229/9729/3261 6243/9751/3261 6236/9752/3261
o Sphere_cell.106_cell.003
v -0.049991 -0.098956 0.496531
v -0.001166 -0.282974 0.954011
v -0.064136 -0.128973 0.486869
v -0.000769 -0.195090 0.980709
v -0.026087 -0.074840 0.503615
v -0.030980 -0.088854 0.599077
v -0.001269 -0.142656 0.482984
v -0.001070 -0.098589 0.496101
v -0.055162 -0.145590 0.481949
v -0.021067 -0.079528 0.501715
v -0.086206 -0.188997 0.621385
v -0.097599 -0.224022 0.736654
v -0.074234 -0.195090 0.973474
v -0.051110 -0.145668 0.980619
v -0.117686 -0.286267 0.941536
v -0.063074 -0.146023 0.481804
v -0.074234 -0.195090 0.973474
v -0.117686 -0.286267 0.941536
v -0.051110 -0.145668 0.980619
v -0.001166 -0.282974 0.954011
v -0.000769 -0.195090 0.980709
vn -0.7182 0.6928 0.0649
vn 0.0029 0.2853 -0.9584
vn -0.0510 0.3277 -0.9434
vn -0.9085 0.4163 0.0367
vn -0.9072 0.4189 0.0383
vn -0.7189 0.6920 0.0651
vn 0.0019 0.2848 -0.9586
vn -0.9859 -0.0118 -0.1670
vn 0.0576 -0.9568 -0.2850
vn 1.0000 -0.0041 -0.0014
vn 0.6981 0.7021 0.1402
vn -0.0975 -0.0975 0.9904
vn -0.0938 -0.2890 0.9527
vt 0.000000 0.000000
vt 0.191827 0.000000
vt 0.241427 0.241427
vt 1.000000 0.000000
vt 1.000000 0.380623
vt 0.876064 0.433558
vt 0.746758 0.302648
vt 0.920598 0.000000
vt 1.000000 0.241427
vt 0.380623 0.380623
vt 0.286388 0.000000
vt 1.000000 0.478037
vt 1.000000 1.000000
vt 0.260460 0.064192
vt 0.743301 0.071169
vt 1.000000 0.093299
vt 0.478037 0.478037
vt 0.099731 0.093058
vt 1.000000 0.808173
vt 1.000000 0.079402
vt 0.918469 0.000000
vt 0.918469 0.918469
vt 1.000000 0.713612
vt 0.453556 0.169776
vt 0.454463 0.000000
vt 0.907393 0.000000
vt 0.895587 0.367059
vt 0.698545 0.303638
vt 0.587686 0.267669
vt 0.453430 0.194703
vt 0.933538 0.029050
vt 0.907393 0.907393
vt 0.454463 0.454463
vt 0.467314 0.014542
vt 0.806702 0.527149
vt 0.758168 0.525324
vt 0.710315 0.433458
vt 0.519941 0.066160
vt 1.000000 0.066159
vt 1.000000 0.532534
vt 0.241733 0.453804
vt 0.237878 0.438095
vt 0.249877 0.438468
vt 0.230210 0.407123
vt 0.249804 0.408220
vt 0.249874 0.437500
vt 0.237876 0.437500
s 0
usemtl 
f 6249/9753/3262 6254/9754/3262 6253/9755/3262
f 6251/9756/3263 6258/9757/3263 6256/9758/3263 6255/9759/3263 6257/9760/3263
f 6249/9756/3264 6253/9761/3264 6258/9762/3264 6251/9753/3264
f 6259/9763/3265 6260/9764/3265 6249/9765/3265 6251/9753/3265
f 6266/9766/3266 6265/9767/3266 6267/9768/3266 6249/9765/3266 6260/9769/3266
f 6267/9770/3267 6254/9771/3267 6249/9765/3267
f 6251/9756/3268 6257/9772/3268 6264/9773/3268
f 6264/9774/3269 6259/9775/3269 6251/9765/3269
f 6257/9776/3270 6255/9777/3270 6268/9778/3270 6266/9779/3270 6260/9780/3270 6259/9781/3270 6264/9782/3270
f 6269/9783/3271 6268/9784/3271 6255/9785/3271 6256/9786/3271
f 6258/9787/3272 6253/9788/3272 6254/9789/3272 6267/9790/3272 6269/9791/3272 6256/9792/3272
f 6262/9793/3273 6261/9794/3273 6252/9795/3273
f 6263/9796/3274 6250/9797/3274 6252/9798/3274 6261/9799/3274
o Sphere_cell.106_cell.004
v -0.275277 -0.285724 0.907886
v -0.226037 -0.139158 0.656383
v -0.280953 -0.193744 0.926836
v -0.098185 -0.099607 0.486017
v -0.066541 -0.129616 0.486726
v -0.324059 -0.242729 0.906652
v -0.192880 -0.106055 0.473933
v -0.289925 -0.203479 0.929388
v -0.188231 -0.101214 0.458602
v -0.087857 -0.188143 0.618186
v -0.065470 -0.146173 0.481825
v -0.121173 -0.223191 0.729102
v -0.274141 -0.203428 0.934192
v -0.185976 -0.285755 0.934965
v -0.283033 -0.195885 0.933780
v -0.145985 -0.138220 0.459276
v -0.089532 -0.145380 0.474305
v -0.138516 -0.143992 0.459751
v -0.324059 -0.242729 0.906652
v -0.289925 -0.203479 0.929388
v -0.274141 -0.203428 0.934192
v -0.185976 -0.285755 0.934965
v -0.275277 -0.285724 0.907886
v -0.283033 -0.195885 0.933780
vn -0.7492 0.6621 -0.0180
vn 0.9860 0.0146 0.1664
vn 0.6260 0.6696 0.3996
vn 0.6235 0.6715 0.4004
vn -0.7369 0.6759 -0.0123
vn 0.5840 0.7099 0.3937
vn -0.6425 0.7659 0.0241
vn -0.0708 0.9820 0.1749
vn 0.2734 0.2955 -0.9154
vn 0.2803 0.2873 -0.9159
vn 0.2942 0.2888 -0.9111
vn -0.0543 0.9809 0.1869
vn -0.6001 -0.6924 -0.4006
vn -0.5445 -0.7376 -0.3994
vn 0.0629 -0.9577 -0.2807
vn -0.2779 -0.2889 0.9161
vt 0.177680 0.000000
vt 1.000000 0.000000
vt 1.000000 0.025541
vt 0.612277 0.394592
vt 0.920728 0.000000
vt 1.000000 0.280163
vt 1.000000 0.517275
vt 0.280163 0.280163
vt 0.000000 0.000000
vt 0.517274 0.517274
vt 0.822432 0.000000
vt 0.912596 0.650606
vt 0.066694 0.066694
vt 1.000000 0.822320
vt 0.978229 0.160022
vt 0.822432 0.822432
vt 1.000000 1.000000
vt 0.161775 0.000000
vt 0.161775 0.161775
vt 0.191623 0.000000
vt 0.185921 0.143049
vt 1.000000 0.079272
vt 0.191623 0.191623
vt 0.392192 0.370205
vt 0.376019 0.368489
vt 0.376885 0.000000
vt 0.850154 0.000000
vt 0.848706 0.418109
vt 1.000000 0.623115
vt 0.500700 0.075028
vt 1.000000 0.149846
vt 0.888682 0.581730
vt 0.863486 0.863486
vt 0.432347 0.432347
vt 0.446262 0.278045
vt 0.453454 0.202250
vt 0.584612 0.272869
vt 0.691320 0.377898
vt 0.202991 0.436907
vt 0.201882 0.434705
vt 0.195492 0.421628
vt 0.203145 0.407304
vt 0.218750 0.407294
vt 0.204567 0.434722
s 0
usemtl 
f 6289/9800/3275 6278/9801/3275 6276/9802/3275 6288/9803/3275
f 6280/9804/3276 6274/9801/3276 6279/9805/3276
f 6273/9801/3277 6281/9806/3277 6279/9807/3277 6274/9808/3277
f 6281/9809/3278 6273/9808/3278 6290/9810/3278 6291/9811/3278
f 6293/9812/3279 6272/9808/3279 6278/9801/3279 6289/9813/3279
f 6272/9801/3280 6293/9814/3280 6290/9815/3280 6273/9808/3280
f 6272/9808/3281 6271/9801/3281 6278/9816/3281
f 6278/9816/3282 6271/9808/3282 6273/9801/3282
f 6285/9817/3283 6278/9816/3283 6273/9808/3283
f 6285/9818/3284 6273/9808/3284 6286/9819/3284 6287/9820/3284
f 6273/9808/3285 6274/9801/3285 6280/9821/3285 6286/9822/3285
f 6271/9808/3286 6272/9801/3286 6273/9816/3286
f 6276/9823/3287 6278/9824/3287 6285/9825/3287 6292/9826/3287 6288/9827/3287
f 6285/9828/3288 6287/9829/3288 6292/9830/3288
f 6291/9831/3289 6292/9832/3289 6287/9833/3289 6286/9834/3289 6280/9835/3289 6279/9836/3289 6281/9837/3289
f 6284/9838/3290 6277/9839/3290 6275/9840/3290 6270/9841/3290 6283/9842/3290 6282/9843/3290
o Sphere_cell.106_cell.005
v -0.191342 -0.195090 0.961939
v -0.098298 -0.100262 0.493585
v -0.095262 -0.099966 0.487436
v -0.052089 -0.099848 0.495426
v -0.065141 -0.127240 0.487052
v -0.274008 -0.186060 0.937788
v -0.238300 -0.147419 0.952577
v -0.281330 -0.194170 0.934673
v -0.180222 -0.288035 0.934840
v -0.120732 -0.225833 0.738060
v -0.186133 -0.283099 0.935755
v -0.089895 -0.193884 0.637044
v -0.099892 -0.224495 0.737777
v -0.076145 -0.195090 0.973285
v -0.054363 -0.149054 0.979965
v -0.120115 -0.286336 0.941276
v -0.192249 -0.147856 0.966502
v -0.274008 -0.186060 0.937788
v -0.238300 -0.147419 0.952577
v -0.180222 -0.288035 0.934840
v -0.186133 -0.283099 0.935755
v -0.076145 -0.195090 0.973285
v -0.054363 -0.149054 0.979965
v -0.120115 -0.286336 0.941276
v -0.192249 -0.147856 0.966502
v -0.281330 -0.194170 0.934673
vn -0.6995 0.7005 -0.1414
vn -0.7060 0.6932 -0.1454
vn -0.8179 -0.3904 -0.4225
vn -0.6230 -0.6718 -0.4007
vn -0.6173 -0.6761 -0.4023
vn 0.9049 -0.4239 -0.0390
vn 0.9054 -0.4228 -0.0385
vn 0.9066 -0.4202 -0.0384
vn -0.0129 0.9948 0.1010
vn -0.0059 0.9951 0.0990
vn -0.0106 0.9990 0.0428
vn 0.1774 0.2095 -0.9616
vn 0.0576 -0.9568 -0.2850
vn -0.0975 -0.0975 0.9904
vn -0.0938 -0.2890 0.9527
vn -0.2803 -0.2889 0.9154
vn -0.2890 -0.0983 0.9523
vt 0.144903 0.000000
vt 1.000000 0.000000
vt 1.000000 0.827148
vt 0.987119 0.056197
vt 0.827148 0.827148
vt 0.000000 0.000000
vt 0.998655 0.998655
vt 0.998673 0.998673
vt 0.528703 0.000000
vt 0.959324 0.280476
vt 0.963539 0.321796
vt 1.000000 0.316159
vt 0.528703 0.528703
vt 0.461044 0.000000
vt 0.316159 0.316159
vt 0.461044 0.461044
vt 0.907302 0.000000
vt 0.894758 0.247925
vt 0.835338 0.743767
vt 0.907302 0.907302
vt 0.906549 0.906549
vt 0.855097 0.000000
vt 0.881053 0.240946
vt 0.906070 0.906070
vt 1.000000 1.000000
vt 0.895341 0.374709
vt 0.889250 0.564059
vt 0.699934 0.376516
vt 0.602749 0.279300
vt 0.699628 0.310863
vt 0.218750 0.452632
vt 0.218750 0.437500
vt 0.237566 0.438085
vt 0.240690 0.453517
vt 0.218750 0.408178
vt 0.219693 0.406534
vt 0.229801 0.407100
vt 0.237564 0.437500
vt 0.218750 0.408178
vt 0.203883 0.436941
vt 0.203896 0.437500
vt 0.218750 0.452632
vt 0.210964 0.452887
vt 0.204752 0.440821
s 0
usemtl 
f 6312/9844/3291 6295/9845/3291 6311/9846/3291
f 6319/9847/3292 6311/9848/3292 6295/9849/3292
f 6319/9850/3293 6295/9849/3293 6296/9845/3293
f 6319/9851/3294 6296/9849/3294 6303/9852/3294 6313/9853/3294 6314/9854/3294
f 6305/9855/3295 6303/9856/3295 6296/9849/3295 6298/9845/3295
f 6306/9857/3296 6305/9858/3296 6298/9849/3296
f 6306/9859/3297 6298/9849/3297 6316/9860/3297 6315/9861/3297 6317/9862/3297
f 6297/9845/3298 6316/9863/3298 6298/9849/3298
f 6316/9864/3299 6297/9849/3299 6295/9845/3299
f 6295/9849/3300 6312/9865/3300 6318/9866/3300 6316/9867/3300
f 6296/9845/3301 6295/9868/3301 6297/9849/3301
f 6296/9868/3302 6297/9849/3302 6298/9845/3302
f 6317/9869/3303 6313/9870/3303 6303/9871/3303 6305/9872/3303 6306/9873/3303
f 6310/9874/3304 6294/9875/3304 6307/9876/3304 6308/9877/3304
f 6294/9875/3305 6304/9878/3305 6302/9879/3305 6309/9880/3305 6307/9881/3305
f 6304/9882/3306 6294/9875/3306 6301/9883/3306
f 6301/9884/3307 6294/9875/3307 6310/9885/3307 6300/9886/3307 6299/9887/3307
o Sphere_cell.106_cell.006
v -0.096789 -0.097532 0.487030
v -0.050932 -0.097569 0.496546
v -0.193201 -0.098310 0.971288
v -0.097393 -0.097622 0.980792
v -0.238819 -0.098326 0.957448
v -0.135385 -0.063226 0.614868
v -0.237490 -0.145304 0.953040
v -0.231146 -0.145367 0.954958
v -0.192291 -0.145714 0.966709
v -0.052891 -0.144235 0.980584
v -0.032063 -0.087375 0.597128
v -0.098087 -0.050477 0.491534
v -0.049602 -0.050624 0.501137
v -0.031455 -0.069340 0.503184
v -0.027255 -0.073676 0.503683
v -0.238819 -0.098326 0.957448
v -0.237490 -0.145304 0.953040
v -0.231146 -0.145367 0.954958
v -0.192291 -0.145714 0.966709
v -0.052891 -0.144235 0.980584
v -0.193201 -0.098310 0.971288
v -0.097393 -0.097622 0.980792
vn -0.9573 -0.0000 -0.2890
vn 0.0192 -0.9952 -0.0962
vn 0.0201 -0.9952 -0.0959
vn 0.7167 -0.6945 -0.0641
vn -0.9572 0.0013 -0.2893
vn 0.1936 0.0988 -0.9761
vn 0.2024 0.0896 -0.9752
vn 0.2058 0.0872 -0.9747
vn 0.7184 -0.6926 -0.0646
vn -0.0199 0.9953 0.0952
vn 0.7104 0.6898 0.1394
vn -0.0975 -0.0975 0.9904
vn -0.2889 -0.0975 0.9524
vt 0.766212 0.622786
vt 0.764790 0.000000
vt 1.000000 0.000000
vt 1.000000 0.856885
vt 1.000000 0.857926
vt 0.856885 0.856885
vt 0.000000 0.000000
vt 0.857925 0.857925
vt 0.905219 0.000000
vt 0.879764 0.670798
vt 0.905219 0.905219
vt 0.188289 0.000000
vt 1.000000 0.235210
vt 0.676077 0.000000
vt 1.000000 0.676938
vt 1.000000 1.000000
vt 0.676077 0.676077
vt 0.805628 0.000000
vt 0.676938 0.676938
vt 0.805628 0.805628
vt 1.000000 0.764203
vt 0.764203 0.764203
vt 1.000000 0.811710
vt 0.528635 0.453004
vt 0.066160 0.000000
vt 0.527759 0.000000
vt 0.765427 0.228413
vt 0.763501 0.345149
vt 0.758956 0.670085
vt 0.066160 0.066160
vt 0.504490 0.066160
vt 0.699858 0.435334
vt 0.746887 0.525260
vt 0.706299 0.525744
vt 0.527759 0.527759
vt 0.241584 0.454523
vt 0.234248 0.468725
vt 0.218750 0.468505
vt 0.218750 0.453318
vt 0.211076 0.468500
vt 0.211110 0.453557
vt 0.212182 0.453523
s 0
usemtl 
f 6335/9888/3308 6325/9889/3308 6320/9890/3308 6336/9891/3308
f 6337/9892/3309 6336/9893/3309 6320/9894/3309 6321/9890/3309
f 6337/9895/3310 6321/9894/3310 6339/9896/3310 6338/9897/3310
f 6339/9898/3311 6321/9894/3311 6330/9899/3311
f 6320/9890/3312 6325/9900/3312 6331/9901/3312
f 6332/9902/3313 6320/9903/3313 6331/9904/3313
f 6333/9905/3314 6321/9890/3314 6320/9903/3314 6332/9906/3314
f 6333/9907/3315 6334/9908/3315 6321/9903/3315
f 6321/9903/3316 6334/9909/3316 6330/9910/3316
f 6340/9911/3317 6341/9912/3317 6332/9913/3317 6331/9914/3317 6325/9915/3317 6335/9916/3317
f 6341/9917/3318 6339/9918/3318 6330/9919/3318 6334/9920/3318 6333/9921/3318 6332/9922/3318
f 6329/9923/3319 6323/9924/3319 6322/9925/3319 6328/9926/3319
f 6328/9926/3320 6322/9925/3320 6324/9927/3320 6326/9928/3320 6327/9929/3320
o Sphere_cell.106_cell.007
v -0.286561 -0.098342 0.942965
v -0.099353 -0.098151 0.489311
v -0.280988 -0.191130 0.927341
v -0.218327 -0.129911 0.616539
v -0.289152 -0.185785 0.933222
v -0.283110 -0.191862 0.934433
v -0.230298 -0.111019 0.596748
v -0.264438 -0.122573 0.709132
v -0.329916 -0.144655 0.925069
v -0.275356 -0.183966 0.937593
v -0.239309 -0.145518 0.952466
v -0.240630 -0.098326 0.956899
v -0.137998 -0.063517 0.617258
v -0.100475 -0.050662 0.492885
v -0.187980 -0.096422 0.458844
v -0.182281 -0.090324 0.461242
v -0.144297 -0.050214 0.477744
v -0.150232 -0.055943 0.475210
v -0.289152 -0.185785 0.933222
v -0.283110 -0.191862 0.934433
v -0.329916 -0.144655 0.925069
v -0.275356 -0.183966 0.937593
v -0.239309 -0.145518 0.952466
v -0.240630 -0.098326 0.956899
v -0.286561 -0.098342 0.942965
vn -0.6557 -0.7055 -0.2690
vn -0.6581 -0.7020 -0.2721
vn -0.6563 -0.7042 -0.2710
vn 0.6811 -0.7207 0.1294
vn 0.6953 -0.7053 0.1380
vn 0.9573 -0.0004 0.2892
vn 0.9574 0.0009 0.2889
vn 0.0704 -0.9813 -0.1791
vn -0.6550 -0.7036 -0.2755
vn 0.0491 -0.9789 -0.1984
vn 0.3262 0.0775 -0.9421
vn -0.6956 0.7049 -0.1389
vn -0.6608 0.7400 -0.1255
vn -0.0251 0.9952 0.0950
vn -0.2889 -0.0975 0.9524
vt 0.056835 0.056835
vt 0.000000 0.000000
vt 0.068554 0.000000
vt 0.893857 0.000000
vt 1.000000 0.000000
vt 1.000000 0.223502
vt 1.000000 0.056835
vt 0.858776 0.402218
vt 0.223502 0.223502
vt 1.000000 0.827894
vt 0.068554 0.068554
vt 0.855195 0.000000
vt 0.827894 0.827894
vt 0.863341 0.627498
vt 0.855195 0.855195
vt 0.236210 0.000000
vt 0.325110 0.000000
vt 0.236210 0.236210
vt 1.000000 1.000000
vt 1.000000 0.106143
vt 0.051457 0.000000
vt 0.428165 0.140492
vt 0.497759 0.170706
vt 1.000000 0.674890
vt 0.990680 0.366903
vt 0.863580 0.385236
vt 0.757015 0.397191
vt 0.551229 0.419134
vt 0.113185 0.000000
vt 0.606485 0.000000
vt 0.932929 0.311685
vt 0.601845 0.556260
vt 0.102728 0.000000
vt 0.550323 0.000000
vt 1.000000 0.449677
vt 1.000000 0.897272
vt 0.768067 0.674394
vt 0.772260 0.356206
vt 0.774616 0.238900
vt 0.210772 0.468500
vt 0.203046 0.468495
vt 0.195459 0.453658
vt 0.202183 0.440977
vt 0.203182 0.439060
vt 0.204533 0.441482
vt 0.210801 0.453493
s 0
usemtl 
f 6360/9930/3321 6344/9931/3321 6361/9932/3321
f 6348/9933/3322 6345/9934/3322 6349/9935/3322
f 6345/9931/3323 6344/9934/3323 6360/9936/3323 6362/9937/3323 6349/9938/3323
f 6363/9939/3324 6361/9940/3324 6344/9931/3324 6343/9934/3324
f 6364/9941/3325 6363/9942/3325 6343/9931/3325
f 6365/9943/3326 6364/9944/3326 6343/9931/3326 6354/9945/3326
f 6343/9931/3327 6355/9946/3327 6354/9947/3327
f 6345/9931/3328 6343/9934/3328 6344/9948/3328
f 6356/9931/3329 6345/9934/3329 6348/9949/3329
f 6356/9931/3330 6343/9934/3330 6345/9948/3330
f 6343/9948/3331 6356/9931/3331 6357/9950/3331 6359/9951/3331 6358/9952/3331 6355/9953/3331
f 6356/9954/3332 6348/9955/3332 6349/9956/3332 6362/9957/3332 6366/9958/3332 6359/9959/3332 6357/9960/3332
f 6359/9961/3333 6366/9962/3333 6358/9963/3333
f 6358/9964/3334 6366/9965/3334 6365/9966/3334 6354/9967/3334 6355/9968/3334
f 6353/9969/3335 6342/9970/3335 6350/9971/3335 6346/9972/3335 6347/9973/3335 6351/9974/3335 6352/9975/3335
o Sphere_cell.105_cell
v 0.002493 0.014748 -0.003084
v 0.004142 0.031388 -0.008465
v 0.054627 0.504973 -0.089806
v 0.073521 0.505525 -0.066210
v 0.056084 0.506111 -0.083631
v 0.029695 0.514772 -0.044056
v 0.100110 0.491835 -0.107273
v 0.111036 0.492443 -0.091201
v 0.080641 0.505561 -0.055200
v 0.118269 0.492428 -0.080344
v 0.042994 0.515176 -0.030173
v 0.020733 0.515018 -0.015373
v 0.002293 0.514881 -0.003114
v 0.018954 0.515189 -0.044075
v 0.034719 0.507965 -0.082186
v 0.038726 0.505917 -0.091874
v 0.058408 0.490443 -0.139456
v 0.085910 0.490453 -0.127848
v 0.075595 0.487815 -0.141491
vn 0.2015 0.9581 -0.2034
vn 0.2137 0.9599 -0.1816
vn 0.2325 0.9604 -0.1536
vn 0.1732 0.9781 -0.1153
vn -0.0031 1.0000 0.0062
vn 0.0389 0.9970 -0.0663
vn 0.0622 0.9839 -0.1675
vn 0.0732 0.9815 -0.1772
vn 0.1070 0.9564 -0.2717
vn 0.1790 0.9592 -0.2189
vn 0.0839 0.9763 -0.1997
vn 0.1149 0.9837 -0.1387
vn 0.1597 0.9790 -0.1269
vn -0.9247 0.0003 -0.3807
vn -0.9558 -0.0004 -0.2941
vn 0.5543 0.0001 0.8323
vn 0.7970 -0.2801 -0.5351
vn 0.4606 -0.3141 -0.8302
vn -0.1520 -0.2546 -0.9550
vt 0.831498 0.000000
vt 1.000000 0.000000
vt 1.000000 0.195851
vt 0.000000 0.000000
vt 1.000000 0.180924
vt 0.195851 0.195851
vt 0.278573 0.181635
vt 0.180924 0.180924
vt 0.097419 0.000000
vt 0.097419 0.097419
vt 1.000000 0.032223
vt 0.226339 0.226339
vt 0.244831 0.000000
vt 0.434568 0.398443
vt 0.244831 0.244831
vt 1.000000 0.204708
vt 0.117569 0.117569
vt 0.166733 0.000000
vt 0.204708 0.204708
vt 0.844210 0.191201
vt 0.731973 0.161888
vt 0.860992 0.000000
vt 1.000000 0.161835
vt 0.161835 0.161835
vt 1.000000 1.000000
vt 1.000000 0.833267
vt 0.696021 0.160939
vt 0.549266 0.000000
vt 0.999156 0.473669
vt 0.857380 0.331883
vt 0.741906 0.209741
vt 0.474537 0.474537
vt 0.482975 0.482975
vt 0.461512 0.000000
vt 0.474124 0.162495
vt 0.483337 0.321440
vt 0.483142 0.409793
vt 0.867841 0.327676
vt 0.739474 0.200348
vt 0.618972 0.080472
vt 0.538487 0.000000
vt 1.000000 0.456924
vt 0.456924 0.456924
vt 0.450734 0.000000
vt 0.448037 0.448037
s 0
usemtl 
f 6384/9976/3336 6371/9977/3336 6373/9978/3336
f 6371/9979/3337 6370/9977/3337 6374/9980/3337 6373/9981/3337
f 6376/9982/3338 6374/9983/3338 6370/9979/3338 6375/9984/3338
f 6375/9985/3339 6370/9979/3339 6377/9986/3339
f 6378/9987/3340 6377/9979/3340 6380/9988/3340 6379/9989/3340
f 6377/9979/3341 6372/9977/3341 6380/9990/3341
f 6372/9979/3342 6371/9977/3342 6381/9991/3342 6380/9992/3342
f 6382/9993/3343 6381/9994/3343 6371/9979/3343
f 6385/9995/3344 6383/9996/3344 6382/9997/3344 6369/9977/3344 6384/9998/3344
f 6384/9999/3345 6369/9979/3345 6371/9977/3345
f 6371/10000/3346 6369/9979/3346 6382/10001/3346
f 6372/9979/3347 6377/9977/3347 6371/10000/3347
f 6371/10000/3348 6377/9979/3348 6370/9977/3348
f 6382/10002/3349 6383/10003/3349 6368/9977/3349 6379/10004/3349 6380/10005/3349 6381/10006/3349
f 6368/9979/3350 6367/9977/3350 6379/10007/3350
f 6379/10008/3351 6367/9979/3351 6376/10009/3351 6375/10010/3351 6377/10011/3351 6378/10012/3351
f 6384/10013/3352 6373/10014/3352 6374/10015/3352 6376/10016/3352 6367/9977/3352 6385/10017/3352
f 6368/9977/3353 6385/10018/3353 6367/9979/3353
f 6383/10019/3354 6385/10020/3354 6368/9979/3354
o Sphere_cell.105_cell.001
v 0.076153 0.507695 -0.062425
v 0.230533 0.955623 -0.155261
v 0.090448 0.545661 -0.061735
v 0.084647 0.522687 -0.057869
v 0.215572 0.954145 -0.176944
v 0.197841 0.967552 -0.133406
v 0.183571 0.966747 -0.154956
v 0.113695 0.494510 -0.088299
v 0.084653 0.506338 -0.057872
v 0.118764 0.494469 -0.080674
v 0.197841 0.967552 -0.133406
v 0.183571 0.966747 -0.154956
v 0.230533 0.955623 -0.155261
v 0.215572 0.954145 -0.176944
vn -0.7968 0.2904 0.5299
vn -0.4722 -0.0004 0.8815
vn -0.8023 0.2926 0.5203
vn -0.5743 -0.0305 -0.8181
vn -0.2338 -0.9606 0.1502
vn 0.5557 -0.0002 0.8314
vn 0.2245 0.9533 -0.2021
vn 0.7990 -0.2798 -0.5323
vt 0.929945 0.000000
vt 1.000000 0.000000
vt 1.000000 0.041547
vt 0.041547 0.041547
vt 0.000000 0.000000
vt 0.064748 0.000000
vt 1.000000 0.070055
vt 0.333191 0.182313
vt 0.152203 0.000000
vt 0.157765 0.000000
vt 1.000000 0.816641
vt 1.000000 1.000000
vt 0.152203 0.152203
vt 0.816641 0.816641
vt 0.836219 0.791862
vt 1.000000 0.958463
vt 0.512866 0.162160
vt 0.490669 0.163079
vt 0.474881 0.147285
vt 0.463485 0.000000
vt 0.909029 0.000000
vt 0.920476 0.141362
vt 0.594333 0.909864
vt 0.609323 0.909430
vt 0.611560 0.922082
vt 0.594445 0.922966
vt 0.090971 0.000000
vt 0.536515 0.000000
vt 0.592975 0.056481
vt 0.254462 0.162730
s 0
usemtl 
f 6388/10021/3355 6386/10022/3355 6389/10023/3355
f 6389/10024/3356 6386/10025/3356 6394/10026/3356
f 6388/10027/3357 6396/10028/3357 6397/10029/3357 6386/10022/3357
f 6399/10030/3358 6393/10031/3358 6386/10032/3358 6397/10033/3358
f 6386/10032/3359 6393/10034/3359 6395/10035/3359 6394/10036/3359
f 6388/10037/3360 6389/10038/3360 6394/10039/3360 6395/10040/3360 6398/10041/3360 6396/10042/3360
f 6387/10043/3361 6390/10044/3361 6392/10045/3361 6391/10046/3361
f 6398/10047/3362 6395/10048/3362 6393/10049/3362 6399/10050/3362
o Sphere_cell.105_cell.002
v 0.002099 0.999628 -0.003142
v 0.029010 0.517139 -0.043865
v 0.039605 0.516453 -0.033573
v 0.081465 0.990251 -0.055905
v 0.076385 0.990160 -0.063542
v 0.069570 0.990270 -0.070095
v 0.055723 0.990125 -0.083353
v 0.036235 0.935461 -0.085682
v 0.047167 0.990210 -0.086958
v 0.038305 0.990300 -0.090662
v 0.017712 0.516290 -0.013365
v 0.002293 0.516198 -0.003114
v 0.018798 0.516468 -0.043698
v 0.081465 0.990251 -0.055905
v 0.076385 0.990160 -0.063542
v 0.069570 0.990270 -0.070095
v 0.055723 0.990125 -0.083353
v 0.047167 0.990210 -0.086958
v 0.038305 0.990300 -0.090662
v 0.002099 0.999628 -0.003142
vn 0.8291 -0.0992 -0.5502
vn 0.6901 -0.0989 -0.7170
vn 0.6888 -0.0989 -0.7182
vn 0.2624 -0.1005 -0.9597
vn 0.3830 -0.0979 -0.9186
vn 0.0021 -1.0000 -0.0058
vn 0.0629 -0.9894 -0.1307
vn -0.9248 -0.0000 -0.3805
vn 0.5804 -0.0050 0.8144
vn 0.0464 0.9951 -0.0868
vn 0.0625 0.9951 -0.0761
vn 0.0761 0.9951 -0.0624
vt 1.000000 0.000000
vt 1.000000 0.889233
vt 0.905372 0.889356
vt 0.889233 0.889233
vt 0.000000 0.000000
vt 0.889125 0.889125
vt 0.887648 0.000000
vt 0.888898 0.631671
vt 0.887648 0.887648
vt 0.113095 0.000000
vt 1.000000 0.785312
vt 1.000000 0.887939
vt 0.887939 0.887939
vt 0.785312 0.785312
vt 0.888143 0.805083
vt 1.000000 1.000000
vt 0.749279 0.749279
vt 0.630118 0.581992
vt 1.000000 0.760892
vt 0.886905 0.000000
vt 0.998310 0.948528
vt 0.703563 0.644773
vt 0.721458 0.608841
vt 0.871433 0.347547
vt 0.999154 0.474957
vt 0.484365 0.423028
vt 0.484581 0.325803
vt 0.942175 0.626160
vt 0.951091 0.951091
vt 0.484247 0.484247
vt 0.679193 0.968448
vt 0.671572 0.998789
vt 0.663845 0.967881
vt 0.671380 0.968155
vt 0.648308 0.967693
vt 0.640228 0.998411
vt 0.632665 0.968159
vt 0.617335 0.968159
vt 0.609772 0.998411
vt 0.602207 0.968098
vt 0.610995 0.967865
s 0
usemtl 
f 6402/10051/3363 6414/10052/3363 6413/10053/3363
f 6414/10054/3364 6402/10055/3364 6401/10051/3364
f 6414/10056/3365 6401/10055/3365 6416/10057/3365 6415/10058/3365
f 6416/10059/3366 6401/10055/3366 6412/10060/3366 6407/10061/3366 6417/10062/3366
f 6417/10063/3367 6407/10064/3367 6418/10065/3367
f 6402/10066/3368 6410/10067/3368 6411/10068/3368 6412/10069/3368
f 6401/10051/3369 6402/10066/3369 6412/10070/3369
f 6419/10071/3370 6418/10072/3370 6407/10073/3370 6412/10074/3370 6411/10075/3370
f 6410/10076/3371 6402/10077/3371 6413/10078/3371 6419/10079/3371 6411/10080/3371
f 6409/10081/3372 6400/10082/3372 6406/10083/3372 6408/10084/3372
f 6406/10085/3373 6400/10086/3373 6405/10087/3373
f 6405/10088/3374 6400/10089/3374 6403/10090/3374 6404/10091/3374
o Sphere_cell.105_cell.003
v 0.074865 0.507836 -0.060582
v 0.161575 0.980785 -0.109163
v 0.079140 0.507822 -0.054203
v 0.195267 0.968491 -0.131686
v 0.183101 0.967914 -0.149496
v 0.044893 0.531136 -0.031441
v 0.043669 0.516193 -0.030623
v 0.178271 0.969807 -0.145593
v 0.150341 0.980785 -0.122851
v 0.077966 0.990017 -0.063893
v 0.082744 0.990099 -0.056755
v 0.195267 0.968491 -0.131686
v 0.183101 0.967914 -0.149496
v 0.178271 0.969807 -0.145593
v 0.150341 0.980785 -0.122851
v 0.077966 0.990017 -0.063893
v 0.082744 0.990099 -0.056755
v 0.161575 0.980785 -0.109163
vn -0.1612 -0.9812 0.1059
vn -0.6820 0.0181 -0.7311
vn -0.6325 -0.0085 -0.7745
vn -0.8281 0.0987 0.5518
vn 0.5541 0.0001 0.8324
vn 0.0761 0.9951 -0.0624
vn 0.2254 0.9565 -0.1850
vn 0.7946 -0.2900 -0.5333
vt 0.000000 0.000000
vt 1.000000 0.000000
vt 1.000000 0.059516
vt 0.850234 0.000000
vt 1.000000 0.150952
vt 1.000000 1.000000
vt 0.850234 0.850234
vt 0.888170 0.000000
vt 0.870828 0.610061
vt 1.000000 0.028044
vt 0.174114 0.062474
vt 0.111830 0.000000
vt 0.476304 0.170640
vt 0.921377 0.152491
vt 0.933175 0.298179
vt 0.942031 0.620921
vt 0.498753 0.329275
vt 0.484067 0.315324
vt 0.594571 0.937500
vt 0.609039 0.937500
vt 0.609072 0.967342
vt 0.602085 0.967609
vt 0.594454 0.923997
vt 0.608968 0.923363
vt 0.608991 0.925442
vt 0.849048 0.000000
vt 0.882519 0.100412
vt 0.940484 0.000000
s 0
usemtl 
f 6426/10092/3375 6420/10093/3375 6422/10094/3375
f 6426/10092/3376 6433/10095/3376 6432/10096/3376 6420/10097/3376
f 6433/10098/3377 6426/10092/3377 6435/10099/3377 6434/10100/3377
f 6425/10101/3378 6436/10102/3378 6435/10103/3378 6426/10093/3378
f 6422/10104/3379 6431/10105/3379 6437/10106/3379 6436/10107/3379 6425/10108/3379 6426/10109/3379
f 6421/10110/3380 6428/10111/3380 6429/10112/3380 6430/10113/3380
f 6421/10110/3381 6423/10114/3381 6424/10115/3381 6427/10116/3381 6428/10111/3381
f 6420/10092/3382 6432/10117/3382 6431/10118/3382 6422/10119/3382
o Sphere_cell.105_cell.004
v 0.075234 0.980785 -0.179932
v 0.055840 0.507448 -0.084910
v 0.029545 0.516600 -0.046230
v 0.054624 0.506841 -0.089902
v 0.022889 0.515731 -0.053588
v 0.039009 0.507286 -0.092557
v 0.055938 0.989911 -0.085695
v 0.058887 0.989394 -0.090034
v 0.047299 0.990005 -0.089232
v 0.037201 0.939701 -0.088015
v 0.039115 0.990091 -0.092622
v 0.045795 0.553639 -0.108942
v 0.133426 0.965197 -0.206816
v 0.107479 0.980785 -0.162697
v 0.093642 0.966176 -0.224436
v 0.055938 0.989911 -0.085695
v 0.058887 0.989394 -0.090034
v 0.047299 0.990005 -0.089232
v 0.039115 0.990091 -0.092622
v 0.107479 0.980785 -0.162697
v 0.075234 0.980785 -0.179932
v 0.093642 0.966176 -0.224436
v 0.133426 0.965197 -0.206816
vn -0.0733 -0.9805 0.1821
vn 0.8271 0.0007 0.5621
vn -0.5084 0.0937 0.8560
vn -0.3799 0.0985 0.9197
vn -0.0508 -0.9898 0.1327
vn 0.1474 -0.3487 -0.9256
vn 0.9543 -0.2166 -0.2061
vn 0.8426 -0.0034 0.5385
vn 0.3783 -0.2896 -0.8792
vn -0.9240 0.0002 -0.3823
vn 0.0464 0.9951 -0.0869
vn 0.1374 0.9565 -0.2571
vt 1.000000 0.000000
vt 1.000000 1.000000
vt 0.914406 0.914406
vt 0.838260 0.000000
vt 0.888903 0.000000
vt 1.000000 0.112036
vt 0.000000 0.000000
vt 1.000000 0.892547
vt 0.112036 0.112036
vt 0.111923 0.000000
vt 0.206350 0.000000
vt 0.111923 0.111923
vt 0.187940 0.111763
vt 0.206350 0.206350
vt 0.138885 0.138885
vt 0.913702 0.000000
vt 1.000000 0.138886
vt 1.000000 0.155686
vt 0.455062 0.126551
vt 1.000000 0.111097
vt 0.153327 0.153327
vt 0.913702 0.913702
vt 0.796360 0.153529
vt 1.000000 0.155833
vt 0.706970 0.174156
vt 0.851469 0.327755
vt 0.713509 0.605057
vt 0.696963 0.637971
vt 0.402923 0.334946
vt 0.253244 0.171004
vt 0.650813 0.163517
vt 0.672161 0.967489
vt 0.664573 0.967182
vt 0.664119 0.965503
vt 0.657091 0.937500
vt 0.686966 0.937500
vt 0.679364 0.967769
vt 0.687067 0.921455
vt 0.686966 0.937500
vt 0.659189 0.920188
s 0
usemtl 
f 6439/10120/3383 6440/10121/3383 6442/10122/3383 6443/10123/3383
f 6454/10124/3384 6453/10125/3384 6440/10121/3384 6439/10126/3384
f 6442/10127/3385 6440/10121/3385 6453/10128/3385 6455/10129/3385 6447/10130/3385
f 6455/10131/3386 6456/10132/3386 6447/10133/3386
f 6441/10126/3387 6439/10120/3387 6443/10134/3387
f 6449/10135/3388 6441/10120/3388 6443/10136/3388
f 6439/10121/3389 6441/10126/3389 6460/10137/3389
f 6457/10138/3390 6454/10139/3390 6439/10121/3390 6460/10140/3390
f 6449/10141/3391 6459/10142/3391 6460/10143/3391 6441/10121/3391
f 6443/10144/3392 6442/10145/3392 6447/10146/3392 6456/10147/3392 6458/10148/3392 6459/10149/3392 6449/10150/3392
f 6446/10151/3393 6444/10152/3393 6445/10153/3393 6451/10154/3393 6438/10155/3393 6448/10156/3393
f 6452/10157/3394 6438/10158/3394 6451/10154/3394 6450/10159/3394
o Sphere_cell.105_cell.005
v 0.137950 0.980785 -0.137950
v 0.040764 0.516382 -0.035140
v 0.057239 0.507781 -0.082284
v 0.031067 0.516495 -0.044773
v 0.073174 0.507502 -0.065933
v 0.182356 0.967640 -0.151821
v 0.177648 0.969619 -0.147323
v 0.149356 0.980785 -0.124051
v 0.077271 0.990015 -0.064773
v 0.058062 0.989879 -0.084645
v 0.070867 0.990090 -0.071382
v 0.109502 0.980785 -0.161296
v 0.131873 0.968603 -0.194637
v 0.135747 0.966548 -0.200180
v 0.167551 0.968086 -0.167551
v 0.182356 0.967640 -0.151821
v 0.177648 0.969619 -0.147323
v 0.149356 0.980785 -0.124051
v 0.077271 0.990015 -0.064773
v 0.058062 0.989879 -0.084645
v 0.070867 0.990090 -0.071382
v 0.109502 0.980785 -0.161296
v 0.131873 0.968603 -0.194637
v 0.135747 0.966548 -0.200180
v 0.167551 0.968086 -0.167551
vn -0.1429 -0.9808 0.1324
vn 0.6847 -0.0265 0.7283
vn 0.6351 -0.0006 0.7724
vn -0.7007 0.0982 0.7066
vn -0.7158 0.0990 0.6913
vn -0.8303 0.0004 -0.5573
vn -0.8208 -0.0063 -0.5712
vn -0.1463 -0.9812 0.1259
vn 0.6831 -0.2892 -0.6706
vn 0.6928 -0.2878 -0.6612
vn 0.0625 0.9951 -0.0761
vn 0.1850 0.9565 -0.2254
vn 0.0761 0.9951 -0.0624
vn 0.2254 0.9565 -0.1850
vt 0.000000 0.000000
vt 1.000000 0.000000
vt 1.000000 1.000000
vt 1.000000 0.150005
vt 0.848801 0.000000
vt 1.000000 0.111744
vt 0.150005 0.150005
vt 0.393064 0.129061
vt 0.111739 0.000000
vt 1.000000 0.112055
vt 0.111739 0.111739
vt 0.372783 0.111637
vt 1.000000 0.152727
vt 0.112055 0.112055
vt 0.716427 0.129642
vt 0.152727 0.152727
vt 0.154063 0.000000
vt 1.000000 0.153790
vt 0.712580 0.150637
vt 1.000000 0.151199
vt 0.153790 0.153790
vt 0.647491 0.966897
vt 0.632519 0.967578
vt 0.625000 0.937500
vt 0.655070 0.937500
vt 0.655153 0.921863
vt 0.655225 0.924120
vt 0.625000 0.923553
vt 0.609988 0.967336
vt 0.610308 0.937500
vt 0.617481 0.967578
vt 0.625000 0.923553
vt 0.610188 0.925236
vt 0.610488 0.923062
s 0
usemtl 
f 6464/10160/3395 6465/10161/3395 6462/10162/3395
f 6477/10163/3396 6462/10162/3396 6465/10160/3396 6476/10164/3396
f 6479/10165/3397 6462/10162/3397 6477/10166/3397 6478/10167/3397
f 6464/10161/3398 6462/10162/3398 6479/10168/3398
f 6480/10169/3399 6464/10162/3399 6479/10170/3399 6481/10171/3399
f 6483/10172/3400 6464/10162/3400 6480/10173/3400 6482/10174/3400
f 6464/10162/3401 6483/10175/3401 6484/10176/3401 6463/10161/3401
f 6463/10160/3402 6465/10161/3402 6464/10162/3402
f 6465/10162/3403 6463/10160/3403 6484/10177/3403
f 6485/10178/3404 6476/10179/3404 6465/10162/3404 6484/10180/3404
f 6470/10181/3405 6471/10182/3405 6461/10183/3405 6472/10184/3405
f 6474/10185/3406 6473/10186/3406 6472/10184/3406 6461/10183/3406 6475/10187/3406
f 6469/10188/3407 6468/10189/3407 6461/10183/3407 6471/10190/3407
f 6475/10191/3408 6461/10183/3408 6468/10189/3408 6467/10192/3408 6466/10193/3408
o Sphere_cell.105_cell.006
v 0.074006 0.507140 -0.068074
v 0.057371 0.507416 -0.084984
v 0.200122 0.954114 -0.200122
v 0.056690 0.506668 -0.090557
v 0.088981 0.492511 -0.124322
v 0.100763 0.493372 -0.107099
v 0.110824 0.494316 -0.092504
v 0.182719 0.966629 -0.156606
v 0.169750 0.967143 -0.169750
v 0.136411 0.965881 -0.202467
v 0.135497 0.964739 -0.207412
v 0.131287 0.745337 -0.193672
v 0.214784 0.953610 -0.177828
v 0.156058 0.954756 -0.233558
v 0.167152 0.949364 -0.247119
v 0.182719 0.966629 -0.156606
v 0.169750 0.967143 -0.169750
v 0.214784 0.953610 -0.177828
v 0.136411 0.965881 -0.202467
v 0.135497 0.964739 -0.207412
v 0.156058 0.954756 -0.233558
v 0.167152 0.949364 -0.247119
v 0.200122 0.954114 -0.200122
vn -0.2118 -0.9581 0.1928
vn -0.2009 -0.9589 0.2005
vn 0.5593 0.0273 0.8285
vn -0.6757 0.2904 0.6776
vn -0.6799 0.2898 0.6736
vn -0.9704 0.2014 0.1330
vn -0.9769 0.1920 0.0937
vn -0.2524 -0.9545 0.1589
vn -0.7343 -0.0626 -0.6760
vn -0.7840 -0.0241 -0.6203
vn 0.1844 0.9564 -0.2263
vn 0.2552 0.9515 -0.1716
vn 0.7989 -0.2798 -0.5324
vt 0.000000 0.000000
vt 0.164272 0.000000
vt 1.000000 0.847782
vt 1.000000 1.000000
vt 0.859945 0.859945
vt 1.000000 0.821739
vt 1.000000 0.152393
vt 0.821739 0.821739
vt 0.846774 0.000000
vt 0.405798 0.151696
vt 1.000000 0.154418
vt 0.152393 0.152393
vt 0.154689 0.000000
vt 1.000000 0.000000
vt 0.154689 0.154689
vt 1.000000 0.156703
vt 0.156876 0.000000
vt 1.000000 0.835728
vt 0.439811 0.000000
vt 0.157035 0.157035
vt 0.550108 0.362154
vt 0.560189 0.000000
vt 1.000000 0.843124
vt 0.707108 0.532446
vt 0.656250 0.920836
vt 0.653267 0.921245
vt 0.625000 0.922516
vt 0.625000 0.908206
vt 0.655293 0.903041
vt 0.656250 0.908912
vt 0.612751 0.921952
vt 0.609926 0.909021
vt 0.427073 0.334536
vt 0.263500 0.169624
vt 0.624575 0.087883
vt 0.734859 0.197219
vt 0.886376 0.347882
vt 0.831222 0.536911
vt 0.786035 0.688841
s 0
usemtl 
f 6487/10194/3409 6490/10195/3409 6491/10196/3409 6486/10197/3409
f 6491/10198/3410 6492/10199/3410 6486/10197/3410
f 6501/10200/3411 6486/10197/3411 6492/10201/3411 6503/10202/3411
f 6502/10203/3412 6504/10204/3412 6486/10197/3412 6501/10205/3412
f 6504/10206/3413 6487/10207/3413 6486/10197/3413
f 6504/10208/3414 6505/10209/3414 6487/10197/3414
f 6505/10210/3415 6489/10207/3415 6487/10197/3415
f 6489/10194/3416 6490/10211/3416 6487/10197/3416
f 6489/10194/3417 6497/10212/3417 6490/10213/3417
f 6507/10214/3418 6497/10215/3418 6489/10207/3418 6505/10216/3418 6506/10217/3418
f 6496/10218/3419 6495/10219/3419 6494/10220/3419 6508/10221/3419 6500/10222/3419 6499/10223/3419
f 6508/10221/3420 6494/10220/3420 6493/10224/3420 6498/10225/3420
f 6488/10226/3421 6503/10227/3421 6492/10228/3421 6491/10229/3421 6490/10230/3421 6497/10231/3421 6507/10232/3421
o Sphere_cell.105_cell.007
v 0.112844 0.950938 -0.270857
v 0.054592 0.506731 -0.091677
v 0.147161 0.944967 -0.274727
v 0.164944 0.943788 -0.247433
v 0.163950 0.950142 -0.246505
v 0.085653 0.492228 -0.129165
v 0.133548 0.964373 -0.209814
v 0.058611 0.492160 -0.139946
v 0.040994 0.506622 -0.097355
v 0.075873 0.489589 -0.142007
v 0.046168 0.551437 -0.109844
v 0.094406 0.965570 -0.226282
v 0.163950 0.950142 -0.246505
v 0.133548 0.964373 -0.209814
v 0.094406 0.965570 -0.226282
v 0.112844 0.950938 -0.270857
v 0.147161 0.944967 -0.274727
vn 0.7752 0.0292 0.6310
vn -0.1088 -0.9541 0.2790
vn -0.3634 0.2911 0.8850
vn -0.3709 0.2888 0.8826
vn -0.9240 0.0002 -0.3823
vn 0.7971 -0.2765 -0.5369
vn -0.1520 -0.2546 -0.9550
vn 0.1374 0.9565 -0.2571
vt 0.157625 0.000000
vt 1.000000 0.000000
vt 1.000000 0.161076
vt 0.167720 0.167720
vt 0.157688 0.157688
vt 0.161076 0.161076
vt 0.000000 0.000000
vt 0.132342 0.000000
vt 0.419571 0.159447
vt 0.331588 0.188855
vt 0.799169 0.643924
vt 0.917638 0.000000
vt 1.000000 0.842375
vt 0.917638 0.917638
vt 1.000000 0.867658
vt 1.000000 1.000000
vt 0.097116 0.000000
vt 0.547579 0.000000
vt 0.690814 0.157356
vt 0.647816 0.158360
vt 0.247035 0.164203
vt 1.000000 0.898445
vt 0.799533 0.702146
vt 0.800525 0.697887
vt 0.900974 0.362177
vt 1.000000 0.458641
vt 0.896786 0.896786
vt 0.449778 0.449778
vt 0.452421 0.000000
vt 0.902884 0.000000
vt 0.671734 0.898161
vt 0.687171 0.904719
vt 0.687071 0.920789
vt 0.659795 0.919475
vt 0.656415 0.902828
s 0
usemtl 
f 6522/10233/3422 6510/10234/3422 6514/10235/3422 6512/10236/3422 6521/10237/3422
f 6514/10238/3423 6510/10239/3423 6517/10240/3423 6516/10241/3423 6518/10242/3423
f 6523/10243/3424 6519/10244/3424 6510/10234/3424 6522/10245/3424
f 6519/10246/3425 6517/10247/3425 6510/10248/3425
f 6524/10249/3426 6516/10250/3426 6517/10251/3426 6519/10252/3426 6523/10253/3426
f 6525/10254/3427 6521/10255/3427 6512/10256/3427 6514/10257/3427 6518/10258/3427
f 6525/10259/3428 6518/10260/3428 6516/10261/3428 6524/10262/3428
f 6511/10263/3429 6509/10264/3429 6520/10265/3429 6515/10266/3429 6513/10267/3429
