# Blender 5.2.2 LTS
# www.blender.org
mtllib 3.mtl
o Sphere
v 0.000000 1.000000 0.000000
v 0.000000 0.831470 -0.555570
v 0.000000 0.555570 -0.831470
v 0.000000 0.195090 -0.980785
v 0.000000 0.000000 -1.000000
v 0.000000 -0.195090 -0.980785
v 0.000000 -0.555570 -0.831470
v 0.000000 -1.000000 0.000000
v 0.038060 0.980785 -0.191342
v 0.074658 0.923880 -0.375330
v 0.108386 0.831470 -0.544895
v 0.137950 0.707107 -0.693520
v 0.162212 0.555570 -0.815493
v 0.180240 0.382683 -0.906127
v 0.191342 0.195090 -0.961940
v 0.195090 0.000000 -0.980785
v 0.191342 -0.195090 -0.961940
v 0.180240 -0.382683 -0.906127
v 0.162212 -0.555570 -0.815493
v 0.137950 -0.707107 -0.693520
v 0.108386 -0.831470 -0.544895
v 0.074658 -0.923880 -0.375330
v 0.038060 -0.980785 -0.191342
v 0.074658 0.980785 -0.180240
v 0.146447 0.923880 -0.353553
v 0.212608 0.831470 -0.513280
v 0.270598 0.707107 -0.653281
v 0.318190 0.555570 -0.768178
v 0.353553 0.382683 -0.853553
v 0.375330 0.195090 -0.906127
v 0.382683 0.000000 -0.923879
v 0.375330 -0.195090 -0.906127
v 0.353553 -0.382683 -0.853553
v 0.318190 -0.555570 -0.768178
v 0.270598 -0.707107 -0.653281
v 0.212608 -0.831470 -0.513280
v 0.146447 -0.923880 -0.353553
v 0.074658 -0.980785 -0.180240
v 0.108386 0.980785 -0.162212
v 0.212608 0.923880 -0.318190
v 0.308658 0.831470 -0.461940
v 0.392847 0.707107 -0.587938
v 0.461940 0.555570 -0.691342
v 0.513280 0.382683 -0.768178
v 0.544895 0.195090 -0.815493
v 0.555570 0.000000 -0.831469
v 0.544895 -0.195090 -0.815493
v 0.513280 -0.382683 -0.768178
v 0.461940 -0.555570 -0.691342
v 0.392847 -0.707107 -0.587938
v 0.308658 -0.831470 -0.461940
v 0.212608 -0.923880 -0.318190
v 0.108386 -0.980785 -0.162212
v 0.137950 0.980785 -0.137950
v 0.270598 0.923880 -0.270598
v 0.392847 0.831470 -0.392847
v 0.500000 0.707107 -0.500000
v 0.587938 0.555570 -0.587938
v 0.653281 0.382683 -0.653281
v 0.693520 0.195090 -0.693520
v 0.707107 0.000000 -0.707107
v 0.693520 -0.195090 -0.693520
v 0.653281 -0.382683 -0.653281
v 0.587938 -0.555570 -0.587938
v 0.500000 -0.707107 -0.500000
v 0.392847 -0.831470 -0.392847
v 0.270598 -0.923880 -0.270598
v 0.137950 -0.980785 -0.137950
v 0.162212 0.980785 -0.108386
v 0.318190 0.923880 -0.212608
v 0.461940 0.831470 -0.308658
v 0.587938 0.707107 -0.392847
v 0.691342 0.555570 -0.461940
v 0.768178 0.382683 -0.513280
v 0.815493 0.195090 -0.544895
v 0.831470 0.000000 -0.555570
v 0.815493 -0.195090 -0.544895
v 0.768178 -0.382683 -0.513280
v 0.691342 -0.555570 -0.461940
v 0.587938 -0.707107 -0.392847
v 0.461940 -0.831470 -0.308658
v 0.318190 -0.923880 -0.212608
v 0.162212 -0.980785 -0.108386
v 0.180240 0.980785 -0.074658
v 0.353553 0.923880 -0.146447
v 0.513280 0.831470 -0.212607
v 0.653281 0.707107 -0.270598
v 0.768178 0.555570 -0.318190
v 0.853553 0.382683 -0.353553
v 0.906127 0.195090 -0.375330
v 0.923879 0.000000 -0.382683
v 0.906127 -0.195090 -0.375330
v 0.853553 -0.382683 -0.353553
v 0.768178 -0.555570 -0.318190
v 0.653281 -0.707107 -0.270598
v 0.513280 -0.831470 -0.212607
v 0.353553 -0.923880 -0.146447
v 0.180240 -0.980785 -0.074658
v 0.191342 0.980785 -0.038060
v 0.375330 0.923880 -0.074658
v 0.544895 0.831470 -0.108386
v 0.693520 0.707107 -0.137950
v 0.815493 0.555570 -0.162212
v 0.906127 0.382683 -0.180240
v 0.961940 0.195090 -0.191342
v 0.980785 0.000000 -0.195090
v 0.961940 -0.195090 -0.191342
v 0.906127 -0.382683 -0.180240
v 0.815493 -0.555570 -0.162212
v 0.693520 -0.707107 -0.137950
v 0.544895 -0.831470 -0.108386
v 0.375330 -0.923880 -0.074658
v 0.191342 -0.980785 -0.038060
v 0.195090 0.980785 0.000000
v 0.382683 0.923880 0.000000
v 0.555570 0.831470 0.000000
v 0.707107 0.707107 -0.000000
v 0.831469 0.555570 0.000000
v 0.923879 0.382683 -0.000000
v 0.980785 0.195090 0.000000
v 1.000000 0.000000 0.000000
v 0.980785 -0.195090 0.000000
v 0.923879 -0.382683 -0.000000
v 0.831469 -0.555570 0.000000
v 0.707107 -0.707107 -0.000000
v 0.555570 -0.831470 0.000000
v 0.382683 -0.923880 0.000000
v 0.195090 -0.980785 0.000000
v 0.191342 0.980785 0.038060
v 0.375330 0.923880 0.074658
v 0.544895 0.831470 0.108386
v 0.693520 0.707107 0.137950
v 0.815493 0.555570 0.162212
v 0.906127 0.382683 0.180240
v 0.961940 0.195090 0.191342
v 0.980785 0.000000 0.195090
v 0.961940 -0.195090 0.191342
v 0.906127 -0.382683 0.180240
v 0.815493 -0.555570 0.162212
v 0.693520 -0.707107 0.137950
v 0.544895 -0.831470 0.108386
v 0.375330 -0.923880 0.074658
v 0.191342 -0.980785 0.038060
v 0.180240 0.980785 0.074658
v 0.353553 0.923880 0.146447
v 0.513280 0.831470 0.212608
v 0.653281 0.707107 0.270598
v 0.768178 0.555570 0.318190
v 0.853553 0.382683 0.353553
v 0.906127 0.195090 0.375330
v 0.923879 0.000000 0.382683
v 0.906127 -0.195090 0.375330
v 0.853553 -0.382683 0.353553
v 0.768178 -0.555570 0.318190
v 0.653281 -0.707107 0.270598
v 0.513280 -0.831470 0.212608
v 0.353553 -0.923880 0.146447
v 0.180240 -0.980785 0.074658
v 0.162212 0.980785 0.108386
v 0.318190 0.923880 0.212608
v 0.461940 0.831470 0.308658
v 0.587938 0.707107 0.392847
v 0.691341 0.555570 0.461940
v 0.768178 0.382683 0.513280
v 0.815493 0.195090 0.544895
v 0.831469 0.000000 0.555570
v 0.815493 -0.195090 0.544895
v 0.768178 -0.382683 0.513280
v 0.691341 -0.555570 0.461940
v 0.587938 -0.707107 0.392847
v 0.461940 -0.831470 0.308658
v 0.318190 -0.923880 0.212608
v 0.162212 -0.980785 0.108386
v 0.137950 0.980785 0.137950
v 0.270598 0.923880 0.270598
v 0.392847 0.831470 0.392847
v 0.500000 0.707107 0.500000
v 0.587938 0.555570 0.587938
v 0.653281 0.382683 0.653281
v 0.693520 0.195090 0.693520
v 0.707106 0.000000 0.707107
v 0.693520 -0.195090 0.693520
v 0.653281 -0.382683 0.653281
v 0.587938 -0.555570 0.587938
v 0.500000 -0.707107 0.500000
v 0.392847 -0.831470 0.392847
v 0.270598 -0.923880 0.270598
v 0.137950 -0.980785 0.137950
v 0.108386 0.980785 0.162212
v 0.212607 0.923880 0.318190
v 0.308658 0.831470 0.461940
v 0.392847 0.707107 0.587938
v 0.461940 0.555570 0.691342
v 0.513280 0.382683 0.768178
v 0.544895 0.195090 0.815493
v 0.555570 0.000000 0.831469
v 0.544895 -0.195090 0.815493
v 0.513280 -0.382683 0.768178
v 0.461940 -0.555570 0.691342
v 0.392847 -0.707107 0.587938
v 0.308658 -0.831470 0.461940
v 0.212607 -0.923880 0.318190
v 0.108386 -0.980785 0.162212
v 0.074658 0.980785 0.180240
v 0.146447 0.923880 0.353553
v 0.212607 0.831470 0.513280
v 0.270598 0.707107 0.653281
v 0.318189 0.555570 0.768178
v 0.353553 0.382683 0.853553
v 0.375330 0.195090 0.906127
v 0.382683 0.000000 0.923879
v 0.375330 -0.195090 0.906127
v 0.353553 -0.382683 0.853553
v 0.318189 -0.555570 0.768178
v 0.270598 -0.707107 0.653281
v 0.212607 -0.831470 0.513280
v 0.146447 -0.923880 0.353553
v 0.074658 -0.980785 0.180240
v 0.038060 0.980785 0.191342
v 0.074658 0.923880 0.375330
v 0.108386 0.831470 0.544895
v 0.137950 0.707107 0.693520
v 0.162212 0.555570 0.815493
v 0.180240 0.382683 0.906127
v 0.191342 0.195090 0.961939
v 0.195090 0.000000 0.980785
v 0.191342 -0.195090 0.961939
v 0.180240 -0.382683 0.906127
v 0.162212 -0.555570 0.815493
v 0.137950 -0.707107 0.693520
v 0.108386 -0.831470 0.544895
v 0.074658 -0.923880 0.375330
v 0.038060 -0.980785 0.191342
v -0.000000 0.980785 0.195090
v -0.000000 0.923880 0.382683
v -0.000000 0.831470 0.555570
v -0.000000 0.707107 0.707107
v -0.000000 0.555570 0.831469
v 0.000000 0.382683 0.923879
v -0.000000 0.195090 0.980785
v -0.000000 0.000000 0.999999
v -0.000000 -0.195090 0.980785
v 0.000000 -0.382683 0.923879
v -0.000000 -0.555570 0.831469
v -0.000000 -0.707107 0.707107
v -0.000000 -0.831470 0.555570
v -0.000000 -0.923880 0.382683
v -0.000000 -0.980785 0.195090
v -0.038060 0.980785 0.191342
v -0.074658 0.923880 0.375330
v -0.108386 0.831470 0.544895
v -0.137950 0.707107 0.693520
v -0.162212 0.555570 0.815493
v -0.180240 0.382683 0.906127
v -0.191342 0.195090 0.961939
v -0.195091 0.000000 0.980785
v -0.191342 -0.195090 0.961939
v -0.180240 -0.382683 0.906127
v -0.162212 -0.555570 0.815493
v -0.137950 -0.707107 0.693520
v -0.108386 -0.831470 0.544895
v -0.074658 -0.923880 0.375330
v -0.038060 -0.980785 0.191342
v -0.074658 0.980785 0.180240
v -0.146447 0.923880 0.353553
v -0.212608 0.831470 0.513280
v -0.270598 0.707107 0.653281
v -0.318190 0.555570 0.768177
v -0.353553 0.382683 0.853553
v -0.375330 0.195090 0.906127
v -0.382683 0.000000 0.923879
v -0.375330 -0.195090 0.906127
v -0.353553 -0.382683 0.853553
v -0.318190 -0.555570 0.768177
v -0.270598 -0.707107 0.653281
v -0.212608 -0.831470 0.513280
v -0.146447 -0.923880 0.353553
v -0.074658 -0.980785 0.180240
v -0.108386 0.980785 0.162212
v -0.212608 0.923880 0.318190
v -0.308658 0.831470 0.461939
v -0.392847 0.707107 0.587938
v -0.461940 0.555570 0.691341
v -0.513280 0.382683 0.768178
v -0.544895 0.195090 0.815493
v -0.555570 0.000000 0.831469
v -0.544895 -0.195090 0.815493
v -0.513280 -0.382683 0.768178
v -0.461940 -0.555570 0.691341
v -0.392847 -0.707107 0.587938
v -0.308658 -0.831470 0.461939
v -0.212608 -0.923880 0.318190
v -0.108386 -0.980785 0.162212
v -0.137950 0.980785 0.137950
v -0.270598 0.923880 0.270598
v -0.392847 0.831470 0.392847
v -0.500000 0.707107 0.500000
v -0.587938 0.555570 0.587937
v -0.653281 0.382683 0.653281
v -0.693520 0.195090 0.693520
v -0.707106 0.000000 0.707106
v -0.693520 -0.195090 0.693520
v -0.653281 -0.382683 0.653281
v -0.587938 -0.555570 0.587937
v -0.500000 -0.707107 0.500000
v -0.392847 -0.831470 0.392847
v -0.270598 -0.923880 0.270598
v -0.137950 -0.980785 0.137950
v -0.162212 0.980785 0.108386
v -0.318190 0.923880 0.212607
v -0.461940 0.831470 0.308658
v -0.587938 0.707107 0.392847
v -0.691341 0.555570 0.461939
v -0.768177 0.382683 0.513280
v -0.815493 0.195090 0.544895
v -0.831469 0.000000 0.555569
v -0.815493 -0.195090 0.544895
v -0.768177 -0.382683 0.513280
v -0.691341 -0.555570 0.461939
v -0.587938 -0.707107 0.392847
v -0.461940 -0.831470 0.308658
v -0.318190 -0.923880 0.212607
v -0.162212 -0.980785 0.108386
v -0.180240 0.980785 0.074658
v -0.353553 0.923880 0.146447
v -0.513280 0.831470 0.212607
v -0.653281 0.707107 0.270598
v -0.768177 0.555570 0.318189
v -0.853553 0.382683 0.353553
v -0.906127 0.195090 0.375330
v -0.923879 0.000000 0.382683
v -0.906127 -0.195090 0.375330
v -0.853553 -0.382683 0.353553
v -0.768177 -0.555570 0.318189
v -0.653281 -0.707107 0.270598
v -0.513280 -0.831470 0.212607
v -0.353553 -0.923880 0.146447
v -0.180240 -0.980785 0.074658
v -0.191342 0.980785 0.038060
v -0.375330 0.923880 0.074658
v -0.544895 0.831470 0.108386
v -0.693520 0.707107 0.137950
v -0.815493 0.555570 0.162211
v -0.906127 0.382683 0.180240
v -0.961939 0.195090 0.191341
v -0.980784 0.000000 0.195090
v -0.961939 -0.195090 0.191341
v -0.906127 -0.382683 0.180240
v -0.815493 -0.555570 0.162211
v -0.693520 -0.707107 0.137950
v -0.544895 -0.831470 0.108386
v -0.375330 -0.923880 0.074658
v -0.191342 -0.980785 0.038060
v -0.195090 0.980785 -0.000000
v -0.382683 0.923880 -0.000000
v -0.555570 0.831470 -0.000000
v -0.707107 0.707107 -0.000000
v -0.831469 0.555570 -0.000000
v -0.923879 0.382683 -0.000000
v -0.980785 0.195090 -0.000000
v -0.999999 0.000000 -0.000000
v -0.980785 -0.195090 -0.000000
v -0.923879 -0.382683 -0.000000
v -0.831469 -0.555570 -0.000000
v -0.707107 -0.707107 -0.000000
v -0.555570 -0.831470 -0.000000
v -0.382683 -0.923880 -0.000000
v -0.195090 -0.980785 -0.000000
v -0.191342 0.980785 -0.038060
v -0.375330 0.923880 -0.074658
v -0.544895 0.831470 -0.108386
v -0.693520 0.707107 -0.137950
v -0.815493 0.555570 -0.162212
v -0.906127 0.382683 -0.180240
v -0.961939 0.195090 -0.191342
v -0.980784 0.000000 -0.195091
v -0.961939 -0.195090 -0.191342
v -0.906127 -0.382683 -0.180240
v -0.815493 -0.555570 -0.162212
v -0.693520 -0.707107 -0.137950
v -0.544895 -0.831470 -0.108386
v -0.375330 -0.923880 -0.074658
v -0.191342 -0.980785 -0.038060
v -0.180240 0.980785 -0.074658
v -0.353553 0.923880 -0.146447
v -0.513279 0.831470 -0.212607
v -0.653281 0.707107 -0.270598
v -0.768177 0.555570 -0.318190
v -0.853553 0.382683 -0.353553
v -0.906127 0.195090 -0.375330
v -0.923878 0.000000 -0.382683
v -0.906127 -0.195090 -0.375330
v -0.853553 -0.382683 -0.353553
v -0.768177 -0.555570 -0.318190
v -0.653281 -0.707107 -0.270598
v -0.513279 -0.831470 -0.212607
v -0.353553 -0.923880 -0.146447
v -0.180240 -0.980785 -0.074658
v -0.162212 0.980785 -0.108386
v -0.318189 0.923880 -0.212607
v -0.461939 0.831470 -0.308658
v -0.587938 0.707107 -0.392847
v -0.691341 0.555570 -0.461940
v -0.768177 0.382683 -0.513280
v -0.815493 0.195090 -0.544895
v -0.831468 0.000000 -0.555570
v -0.815493 -0.195090 -0.544895
v -0.768177 -0.382683 -0.513280
v -0.691341 -0.555570 -0.461940
v -0.587938 -0.707107 -0.392847
v -0.461939 -0.831470 -0.308658
v -0.318189 -0.923880 -0.212607
v -0.162212 -0.980785 -0.108386
v -0.137950 0.980785 -0.137950
v -0.270598 0.923880 -0.270598
v -0.392847 0.831470 -0.392847
v -0.500000 0.707107 -0.500000
v -0.587937 0.555570 -0.587938
v -0.653281 0.382683 -0.653281
v -0.693519 0.195090 -0.693520
v -0.707106 0.000000 -0.707106
v -0.693519 -0.195090 -0.693520
v -0.653281 -0.382683 -0.653281
v -0.587937 -0.555570 -0.587938
v -0.500000 -0.707107 -0.500000
v -0.392847 -0.831470 -0.392847
v -0.270598 -0.923880 -0.270598
v -0.137950 -0.980785 -0.137950
v -0.108386 0.980785 -0.162212
v -0.212607 0.923880 -0.318190
v -0.308658 0.831470 -0.461939
v -0.392847 0.707107 -0.587938
v -0.461939 0.555570 -0.691341
v -0.513280 0.382683 -0.768177
v -0.544895 0.195090 -0.815493
v -0.555569 0.000000 -0.831469
v -0.544895 -0.195090 -0.815493
v -0.513280 -0.382683 -0.768177
v -0.461939 -0.555570 -0.691341
v -0.392847 -0.707107 -0.587938
v -0.308658 -0.831470 -0.461939
v -0.212607 -0.923880 -0.318190
v -0.108386 -0.980785 -0.162212
v -0.074658 0.980785 -0.180240
v -0.146446 0.923880 -0.353553
v -0.212607 0.831470 -0.513279
v -0.270598 0.707107 -0.653281
v -0.318189 0.555570 -0.768177
v -0.353553 0.382683 -0.853553
v -0.375330 0.195090 -0.906127
v -0.382683 0.000000 -0.923879
v -0.375330 -0.195090 -0.906127
v -0.353553 -0.382683 -0.853553
v -0.318189 -0.555570 -0.768177
v -0.270598 -0.707107 -0.653281
v -0.212607 -0.831470 -0.513279
v -0.146446 -0.923880 -0.353553
v -0.074658 -0.980785 -0.180240
v -0.038060 0.980785 -0.191342
v -0.074658 0.923880 -0.375330
v -0.108386 0.831470 -0.544895
v -0.137950 0.707107 -0.693520
v -0.162211 0.555570 -0.815493
v -0.180240 0.382683 -0.906127
v -0.191341 0.195090 -0.961939
v -0.195090 0.000000 -0.980784
v -0.191341 -0.195090 -0.961939
v -0.180240 -0.382683 -0.906127
v -0.162211 -0.555570 -0.815493
v -0.137950 -0.707107 -0.693520
v -0.108386 -0.831470 -0.544895
v -0.074658 -0.923880 -0.375330
v -0.038060 -0.980785 -0.191342
v 0.000000 0.980785 -0.195090
v 0.000000 0.923880 -0.382683
v 0.000000 0.707107 -0.707107
v 0.000000 0.382683 -0.923879
v 0.000000 -0.382683 -0.923879
v 0.000000 -0.707107 -0.707107
v 0.000000 -0.831470 -0.555570
v 0.000000 -0.923880 -0.382683
v 0.000000 -0.980785 -0.195090
v 0.000000 1.000000 0.000000
v 0.000000 0.831470 -0.555570
v 0.000000 0.555570 -0.831470
v 0.000000 0.195090 -0.980785
v 0.000000 0.000000 -1.000000
v 0.000000 -0.195090 -0.980785
v 0.000000 -0.555570 -0.831470
v 0.000000 -1.000000 0.000000
v 0.038060 0.980785 -0.191342
v 0.074658 0.923880 -0.375330
v 0.108386 0.831470 -0.544895
v 0.137950 0.707107 -0.693520
v 0.162212 0.555570 -0.815493
v 0.180240 0.382683 -0.906127
v 0.191342 0.195090 -0.961940
v 0.195090 0.000000 -0.980785
v 0.191342 -0.195090 -0.961940
v 0.180240 -0.382683 -0.906127
v 0.162212 -0.555570 -0.815493
v 0.137950 -0.707107 -0.693520
v 0.108386 -0.831470 -0.544895
v 0.074658 -0.923880 -0.375330
v 0.038060 -0.980785 -0.191342
v 0.074658 0.980785 -0.180240
v 0.146447 0.923880 -0.353553
v 0.212608 0.831470 -0.513280
v 0.270598 0.707107 -0.653281
v 0.318190 0.555570 -0.768178
v 0.353553 0.382683 -0.853553
v 0.375330 0.195090 -0.906127
v 0.382683 0.000000 -0.923879
v 0.375330 -0.195090 -0.906127
v 0.353553 -0.382683 -0.853553
v 0.318190 -0.555570 -0.768178
v 0.270598 -0.707107 -0.653281
v 0.212608 -0.831470 -0.513280
v 0.146447 -0.923880 -0.353553
v 0.074658 -0.980785 -0.180240
v 0.108386 0.980785 -0.162212
v 0.212608 0.923880 -0.318190
v 0.308658 0.831470 -0.461940
v 0.392847 0.707107 -0.587938
v 0.461940 0.555570 -0.691342
v 0.513280 0.382683 -0.768178
v 0.544895 0.195090 -0.815493
v 0.555570 0.000000 -0.831469
v 0.544895 -0.195090 -0.815493
v 0.513280 -0.382683 -0.768178
v 0.461940 -0.555570 -0.691342
v 0.392847 -0.707107 -0.587938
v 0.308658 -0.831470 -0.461940
v 0.212608 -0.923880 -0.318190
v 0.108386 -0.980785 -0.162212
v 0.137950 0.980785 -0.137950
v 0.270598 0.923880 -0.270598
v 0.392847 0.831470 -0.392847
v 0.500000 0.707107 -0.500000
v 0.587938 0.555570 -0.587938
v 0.653281 0.382683 -0.653281
v 0.693520 0.195090 -0.693520
v 0.707107 0.000000 -0.707107
v 0.693520 -0.195090 -0.693520
v 0.653281 -0.382683 -0.653281
v 0.587938 -0.555570 -0.587938
v 0.500000 -0.707107 -0.500000
v 0.392847 -0.831470 -0.392847
v 0.270598 -0.923880 -0.270598
v 0.137950 -0.980785 -0.137950
v 0.162212 0.980785 -0.108386
v 0.318190 0.923880 -0.212608
v 0.461940 0.831470 -0.308658
v 0.587938 0.707107 -0.392847
v 0.691342 0.555570 -0.461940
v 0.768178 0.382683 -0.513280
v 0.815493 0.195090 -0.544895
v 0.831470 0.000000 -0.555570
v 0.815493 -0.195090 -0.544895
v 0.768178 -0.382683 -0.513280
v 0.691342 -0.555570 -0.461940
v 0.587938 -0.707107 -0.392847
v 0.461940 -0.831470 -0.308658
v 0.318190 -0.923880 -0.212608
v 0.162212 -0.980785 -0.108386
v 0.180240 0.980785 -0.074658
v 0.353553 0.923880 -0.146447
v 0.513280 0.831470 -0.212607
v 0.653281 0.707107 -0.270598
v 0.768178 0.555570 -0.318190
v 0.853553 0.382683 -0.353553
v 0.906127 0.195090 -0.375330
v 0.923879 0.000000 -0.382683
v 0.906127 -0.195090 -0.375330
v 0.853553 -0.382683 -0.353553
v 0.768178 -0.555570 -0.318190
v 0.653281 -0.707107 -0.270598
v 0.513280 -0.831470 -0.212607
v 0.353553 -0.923880 -0.146447
v 0.180240 -0.980785 -0.074658
v 0.191342 0.980785 -0.038060
v 0.375330 0.923880 -0.074658
v 0.544895 0.831470 -0.108386
v 0.693520 0.707107 -0.137950
v 0.815493 0.555570 -0.162212
v 0.906127 0.382683 -0.180240
v 0.961940 0.195090 -0.191342
v 0.980785 0.000000 -0.195090
v 0.961940 -0.195090 -0.191342
v 0.906127 -0.382683 -0.180240
v 0.815493 -0.555570 -0.162212
v 0.693520 -0.707107 -0.137950
v 0.544895 -0.831470 -0.108386
v 0.375330 -0.923880 -0.074658
v 0.191342 -0.980785 -0.038060
v 0.195090 0.980785 0.000000
v 0.382683 0.923880 0.000000
v 0.555570 0.831470 0.000000
v 0.707107 0.707107 -0.000000
v 0.831469 0.555570 0.000000
v 0.923879 0.382683 -0.000000
v 0.980785 0.195090 0.000000
v 1.000000 0.000000 0.000000
v 0.980785 -0.195090 0.000000
v 0.923879 -0.382683 -0.000000
v 0.831469 -0.555570 0.000000
v 0.707107 -0.707107 -0.000000
v 0.555570 -0.831470 0.000000
v 0.382683 -0.923880 0.000000
v 0.195090 -0.980785 0.000000
v 0.191342 0.980785 0.038060
v 0.375330 0.923880 0.074658
v 0.544895 0.831470 0.108386
v 0.693520 0.707107 0.137950
v 0.815493 0.555570 0.162212
v 0.906127 0.382683 0.180240
v 0.961940 0.195090 0.191342
v 0.980785 0.000000 0.195090
v 0.961940 -0.195090 0.191342
v 0.906127 -0.382683 0.180240
v 0.815493 -0.555570 0.162212
v 0.693520 -0.707107 0.137950
v 0.544895 -0.831470 0.108386
v 0.375330 -0.923880 0.074658
v 0.191342 -0.980785 0.038060
v 0.180240 0.980785 0.074658
v 0.353553 0.923880 0.146447
v 0.513280 0.831470 0.212608
v 0.653281 0.707107 0.270598
v 0.768178 0.555570 0.318190
v 0.853553 0.382683 0.353553
v 0.906127 0.195090 0.375330
v 0.923879 0.000000 0.382683
v 0.906127 -0.195090 0.375330
v 0.853553 -0.382683 0.353553
v 0.768178 -0.555570 0.318190
v 0.653281 -0.707107 0.270598
v 0.513280 -0.831470 0.212608
v 0.353553 -0.923880 0.146447
v 0.180240 -0.980785 0.074658
v 0.162212 0.980785 0.108386
v 0.318190 0.923880 0.212608
v 0.461940 0.831470 0.308658
v 0.587938 0.707107 0.392847
v 0.691341 0.555570 0.461940
v 0.768178 0.382683 0.513280
v 0.815493 0.195090 0.544895
v 0.831469 0.000000 0.555570
v 0.815493 -0.195090 0.544895
v 0.768178 -0.382683 0.513280
v 0.691341 -0.555570 0.461940
v 0.587938 -0.707107 0.392847
v 0.461940 -0.831470 0.308658
v 0.318190 -0.923880 0.212608
v 0.162212 -0.980785 0.108386
v 0.137950 0.980785 0.137950
v 0.270598 0.923880 0.270598
v 0.392847 0.831470 0.392847
v 0.500000 0.707107 0.500000
v 0.587938 0.555570 0.587938
v 0.653281 0.382683 0.653281
v 0.693520 0.195090 0.693520
v 0.707106 0.000000 0.707107
v 0.693520 -0.195090 0.693520
v 0.653281 -0.382683 0.653281
v 0.587938 -0.555570 0.587938
v 0.500000 -0.707107 0.500000
v 0.392847 -0.831470 0.392847
v 0.270598 -0.923880 0.270598
v 0.137950 -0.980785 0.137950
v 0.108386 0.980785 0.162212
v 0.212607 0.923880 0.318190
v 0.308658 0.831470 0.461940
v 0.392847 0.707107 0.587938
v 0.461940 0.555570 0.691342
v 0.513280 0.382683 0.768178
v 0.544895 0.195090 0.815493
v 0.555570 0.000000 0.831469
v 0.544895 -0.195090 0.815493
v 0.513280 -0.382683 0.768178
v 0.461940 -0.555570 0.691342
v 0.392847 -0.707107 0.587938
v 0.308658 -0.831470 0.461940
v 0.212607 -0.923880 0.318190
v 0.108386 -0.980785 0.162212
v 0.074658 0.980785 0.180240
v 0.146447 0.923880 0.353553
v 0.212607 0.831470 0.513280
v 0.270598 0.707107 0.653281
v 0.318189 0.555570 0.768178
v 0.353553 0.382683 0.853553
v 0.375330 0.195090 0.906127
v 0.382683 0.000000 0.923879
v 0.375330 -0.195090 0.906127
v 0.353553 -0.382683 0.853553
v 0.318189 -0.555570 0.768178
v 0.270598 -0.707107 0.653281
v 0.212607 -0.831470 0.513280
v 0.146447 -0.923880 0.353553
v 0.074658 -0.980785 0.180240
v 0.038060 0.980785 0.191342
v 0.074658 0.923880 0.375330
v 0.108386 0.831470 0.544895
v 0.137950 0.707107 0.693520
v 0.162212 0.555570 0.815493
v 0.180240 0.382683 0.906127
v 0.191342 0.195090 0.961939
v 0.195090 0.000000 0.980785
v 0.191342 -0.195090 0.961939
v 0.180240 -0.382683 0.906127
v 0.162212 -0.555570 0.815493
v 0.137950 -0.707107 0.693520
v 0.108386 -0.831470 0.544895
v 0.074658 -0.923880 0.375330
v 0.038060 -0.980785 0.191342
v -0.000000 0.980785 0.195090
v -0.000000 0.923880 0.382683
v -0.000000 0.831470 0.555570
v -0.000000 0.707107 0.707107
v -0.000000 0.555570 0.831469
v 0.000000 0.382683 0.923879
v -0.000000 0.195090 0.980785
v -0.000000 0.000000 0.999999
v -0.000000 -0.195090 0.980785
v 0.000000 -0.382683 0.923879
v -0.000000 -0.555570 0.831469
v -0.000000 -0.707107 0.707107
v -0.000000 -0.831470 0.555570
v -0.000000 -0.923880 0.382683
v -0.000000 -0.980785 0.195090
v -0.038060 0.980785 0.191342
v -0.074658 0.923880 0.375330
v -0.108386 0.831470 0.544895
v -0.137950 0.707107 0.693520
v -0.162212 0.555570 0.815493
v -0.180240 0.382683 0.906127
v -0.191342 0.195090 0.961939
v -0.195091 0.000000 0.980785
v -0.191342 -0.195090 0.961939
v -0.180240 -0.382683 0.906127
v -0.162212 -0.555570 0.815493
v -0.137950 -0.707107 0.693520
v -0.108386 -0.831470 0.544895
v -0.074658 -0.923880 0.375330
v -0.038060 -0.980785 0.191342
v -0.074658 0.980785 0.180240
v -0.146447 0.923880 0.353553
v -0.212608 0.831470 0.513280
v -0.270598 0.707107 0.653281
v -0.318190 0.555570 0.768177
v -0.353553 0.382683 0.853553
v -0.375330 0.195090 0.906127
v -0.382683 0.000000 0.923879
v -0.375330 -0.195090 0.906127
v -0.353553 -0.382683 0.853553
v -0.318190 -0.555570 0.768177
v -0.270598 -0.707107 0.653281
v -0.212608 -0.831470 0.513280
v -0.146447 -0.923880 0.353553
v -0.074658 -0.980785 0.180240
v -0.108386 0.980785 0.162212
v -0.212608 0.923880 0.318190
v -0.308658 0.831470 0.461939
v -0.392847 0.707107 0.587938
v -0.461940 0.555570 0.691341
v -0.513280 0.382683 0.768178
v -0.544895 0.195090 0.815493
v -0.555570 0.000000 0.831469
v -0.544895 -0.195090 0.815493
v -0.513280 -0.382683 0.768178
v -0.461940 -0.555570 0.691341
v -0.392847 -0.707107 0.587938
v -0.308658 -0.831470 0.461939
v -0.212608 -0.923880 0.318190
v -0.108386 -0.980785 0.162212
v -0.137950 0.980785 0.137950
v -0.270598 0.923880 0.270598
v -0.392847 0.831470 0.392847
v -0.500000 0.707107 0.500000
v -0.587938 0.555570 0.587937
v -0.653281 0.382683 0.653281
v -0.693520 0.195090 0.693520
v -0.707106 0.000000 0.707106
v -0.693520 -0.195090 0.693520
v -0.653281 -0.382683 0.653281
v -0.587938 -0.555570 0.587937
v -0.500000 -0.707107 0.500000
v -0.392847 -0.831470 0.392847
v -0.270598 -0.923880 0.270598
v -0.137950 -0.980785 0.137950
v -0.162212 0.980785 0.108386
v -0.318190 0.923880 0.212607
v -0.461940 0.831470 0.308658
v -0.587938 0.707107 0.392847
v -0.691341 0.555570 0.461939
v -0.768177 0.382683 0.513280
v -0.815493 0.195090 0.544895
v -0.831469 0.000000 0.555569
v -0.815493 -0.195090 0.544895
v -0.768177 -0.382683 0.513280
v -0.691341 -0.555570 0.461939
v -0.587938 -0.707107 0.392847
v -0.461940 -0.831470 0.308658
v -0.318190 -0.923880 0.212607
v -0.162212 -0.980785 0.108386
v -0.180240 0.980785 0.074658
v -0.353553 0.923880 0.146447
v -0.513280 0.831470 0.212607
v -0.653281 0.707107 0.270598
v -0.768177 0.555570 0.318189
v -0.853553 0.382683 0.353553
v -0.906127 0.195090 0.375330
v -0.923879 0.000000 0.382683
v -0.906127 -0.195090 0.375330
v -0.853553 -0.382683 0.353553
v -0.768177 -0.555570 0.318189
v -0.653281 -0.707107 0.270598
v -0.513280 -0.831470 0.212607
v -0.353553 -0.923880 0.146447
v -0.180240 -0.980785 0.074658
v -0.191342 0.980785 0.038060
v -0.375330 0.923880 0.074658
v -0.544895 0.831470 0.108386
v -0.693520 0.707107 0.137950
v -0.815493 0.555570 0.162211
v -0.906127 0.382683 0.180240
v -0.961939 0.195090 0.191341
v -0.980784 0.000000 0.195090
v -0.961939 -0.195090 0.191341
v -0.906127 -0.382683 0.180240
v -0.815493 -0.555570 0.162211
v -0.693520 -0.707107 0.137950
v -0.544895 -0.831470 0.108386
v -0.375330 -0.923880 0.074658
v -0.191342 -0.980785 0.038060
v -0.195090 0.980785 -0.000000
v -0.382683 0.923880 -0.000000
v -0.555570 0.831470 -0.000000
v -0.707107 0.707107 -0.000000
v -0.831469 0.555570 -0.000000
v -0.923879 0.382683 -0.000000
v -0.980785 0.195090 -0.000000
v -0.999999 0.000000 -0.000000
v -0.980785 -0.195090 -0.000000
v -0.923879 -0.382683 -0.000000
v -0.831469 -0.555570 -0.000000
v -0.707107 -0.707107 -0.000000
v -0.555570 -0.831470 -0.000000
v -0.382683 -0.923880 -0.000000
v -0.195090 -0.980785 -0.000000
v -0.191342 0.980785 -0.038060
v -0.375330 0.923880 -0.074658
v -0.544895 0.831470 -0.108386
v -0.693520 0.707107 -0.137950
v -0.815493 0.555570 -0.162212
v -0.906127 0.382683 -0.180240
v -0.961939 0.195090 -0.191342
v -0.980784 0.000000 -0.195091
v -0.961939 -0.195090 -0.191342
v -0.906127 -0.382683 -0.180240
v -0.815493 -0.555570 -0.162212
v -0.693520 -0.707107 -0.137950
v -0.544895 -0.831470 -0.108386
v -0.375330 -0.923880 -0.074658
v -0.191342 -0.980785 -0.038060
v -0.180240 0.980785 -0.074658
v -0.353553 0.923880 -0.146447
v -0.513279 0.831470 -0.212607
v -0.653281 0.707107 -0.270598
v -0.768177 0.555570 -0.318190
v -0.853553 0.382683 -0.353553
v -0.906127 0.195090 -0.375330
v -0.923878 0.000000 -0.382683
v -0.906127 -0.195090 -0.375330
v -0.853553 -0.382683 -0.353553
v -0.768177 -0.555570 -0.318190
v -0.653281 -0.707107 -0.270598
v -0.513279 -0.831470 -0.212607
v -0.353553 -0.923880 -0.146447
v -0.180240 -0.980785 -0.074658
v -0.162212 0.980785 -0.108386
v -0.318189 0.923880 -0.212607
v -0.461939 0.831470 -0.308658
v -0.587938 0.707107 -0.392847
v -0.691341 0.555570 -0.461940
v -0.768177 0.382683 -0.513280
v -0.815493 0.195090 -0.544895
v -0.831468 0.000000 -0.555570
v -0.815493 -0.195090 -0.544895
v -0.768177 -0.382683 -0.513280
v -0.691341 -0.555570 -0.461940
v -0.587938 -0.707107 -0.392847
v -0.461939 -0.831470 -0.308658
v -0.318189 -0.923880 -0.212607
v -0.162212 -0.980785 -0.108386
v -0.137950 0.980785 -0.137950
v -0.270598 0.923880 -0.270598
v -0.392847 0.831470 -0.392847
v -0.500000 0.707107 -0.500000
v -0.587937 0.555570 -0.587938
v -0.653281 0.382683 -0.653281
v -0.693519 0.195090 -0.693520
v -0.707106 0.000000 -0.707106
v -0.693519 -0.195090 -0.693520
v -0.653281 -0.382683 -0.653281
v -0.587937 -0.555570 -0.587938
v -0.500000 -0.707107 -0.500000
v -0.392847 -0.831470 -0.392847
v -0.270598 -0.923880 -0.270598
v -0.137950 -0.980785 -0.137950
v -0.108386 0.980785 -0.162212
v -0.212607 0.923880 -0.318190
v -0.308658 0.831470 -0.461939
v -0.392847 0.707107 -0.587938
v -0.461939 0.555570 -0.691341
v -0.513280 0.382683 -0.768177
v -0.544895 0.195090 -0.815493
v -0.555569 0.000000 -0.831469
v -0.544895 -0.195090 -0.815493
v -0.513280 -0.382683 -0.768177
v -0.461939 -0.555570 -0.691341
v -0.392847 -0.707107 -0.587938
v -0.308658 -0.831470 -0.461939
v -0.212607 -0.923880 -0.318190
v -0.108386 -0.980785 -0.162212
v -0.074658 0.980785 -0.180240
v -0.146446 0.923880 -0.353553
v -0.212607 0.831470 -0.513279
v -0.270598 0.707107 -0.653281
v -0.318189 0.555570 -0.768177
v -0.353553 0.382683 -0.853553
v -0.375330 0.195090 -0.906127
v -0.382683 0.000000 -0.923879
v -0.375330 -0.195090 -0.906127
v -0.353553 -0.382683 -0.853553
v -0.318189 -0.555570 -0.768177
v -0.270598 -0.707107 -0.653281
v -0.212607 -0.831470 -0.513279
v -0.146446 -0.923880 -0.353553
v -0.074658 -0.980785 -0.180240
v -0.038060 0.980785 -0.191342
v -0.074658 0.923880 -0.375330
v -0.108386 0.831470 -0.544895
v -0.137950 0.707107 -0.693520
v -0.162211 0.555570 -0.815493
v -0.180240 0.382683 -0.906127
v -0.191341 0.195090 -0.961939
v -0.195090 0.000000 -0.980784
v -0.191341 -0.195090 -0.961939
v -0.180240 -0.382683 -0.906127
v -0.162211 -0.555570 -0.815493
v -0.137950 -0.707107 -0.693520
v -0.108386 -0.831470 -0.544895
v -0.074658 -0.923880 -0.375330
v -0.038060 -0.980785 -0.191342
v 0.000000 0.980785 -0.195090
v 0.000000 0.923880 -0.382683
v 0.000000 0.707107 -0.707107
v 0.000000 0.382683 -0.923879
v 0.000000 -0.382683 -0.923879
v 0.000000 -0.707107 -0.707107
v 0.000000 -0.831470 -0.555570
v 0.000000 -0.923880 -0.382683
v 0.000000 -0.980785 -0.195090
vn -0.0000 1.0000 -0.0000
vn -0.0000 0.8286 -0.5598
vn -0.0000 0.5528 -0.8333
vn -0.0000 0.1939 -0.9810
vn -0.0000 -0.0000 -1.0000
vn -0.0000 -0.1939 -0.9810
vn -0.0000 -0.5528 -0.8333
vn -0.0000 -1.0000 -0.0000
vn 0.0392 0.9796 -0.1971
vn 0.0757 0.9217 -0.3804
vn 0.1092 0.8286 -0.5490
vn 0.1385 0.7041 -0.6965
vn 0.1626 0.5528 -0.8173
vn 0.1804 0.3805 -0.9070
vn 0.1914 0.1939 -0.9622
vn 0.1951 -0.0000 -0.9808
vn 0.1914 -0.1939 -0.9622
vn 0.1804 -0.3805 -0.9070
vn 0.1626 -0.5528 -0.8173
vn 0.1385 -0.7041 -0.6965
vn 0.1092 -0.8286 -0.5490
vn 0.0757 -0.9217 -0.3804
vn 0.0392 -0.9796 -0.1971
vn 0.0769 0.9796 -0.1857
vn 0.1484 0.9217 -0.3584
vn 0.2142 0.8286 -0.5172
vn 0.2718 0.7041 -0.6561
vn 0.3189 0.5528 -0.7699
vn 0.3539 0.3805 -0.8544
vn 0.3754 0.1939 -0.9063
vn 0.3827 -0.0000 -0.9239
vn 0.3754 -0.1939 -0.9063
vn 0.3539 -0.3805 -0.8544
vn 0.3189 -0.5528 -0.7699
vn 0.2718 -0.7041 -0.6561
vn 0.2142 -0.8286 -0.5172
vn 0.1484 -0.9217 -0.3584
vn 0.0769 -0.9796 -0.1857
vn 0.1117 0.9796 -0.1671
vn 0.2155 0.9217 -0.3225
vn 0.3110 0.8286 -0.4654
vn 0.3945 0.7041 -0.5905
vn 0.4630 0.5528 -0.6929
vn 0.5138 0.3805 -0.7689
vn 0.5450 0.1939 -0.8157
vn 0.5556 -0.0000 -0.8315
vn 0.5450 -0.1939 -0.8157
vn 0.5138 -0.3805 -0.7689
vn 0.4630 -0.5528 -0.6929
vn 0.3945 -0.7041 -0.5905
vn 0.3110 -0.8286 -0.4654
vn 0.2155 -0.9217 -0.3225
vn 0.1117 -0.9796 -0.1671
vn 0.1421 0.9796 -0.1421
vn 0.2743 0.9217 -0.2743
vn 0.3958 0.8286 -0.3958
vn 0.5021 0.7041 -0.5021
vn 0.5893 0.5528 -0.5893
vn 0.6539 0.3805 -0.6539
vn 0.6937 0.1939 -0.6937
vn 0.7071 -0.0000 -0.7071
vn 0.6937 -0.1939 -0.6937
vn 0.6539 -0.3805 -0.6539
vn 0.5893 -0.5528 -0.5893
vn 0.5021 -0.7041 -0.5021
vn 0.3958 -0.8286 -0.3958
vn 0.2743 -0.9217 -0.2743
vn 0.1421 -0.9796 -0.1421
vn 0.1671 0.9796 -0.1117
vn 0.3225 0.9217 -0.2155
vn 0.4654 0.8286 -0.3110
vn 0.5905 0.7041 -0.3945
vn 0.6929 0.5528 -0.4630
vn 0.7689 0.3805 -0.5138
vn 0.8157 0.1939 -0.5450
vn 0.8315 -0.0000 -0.5556
vn 0.8157 -0.1939 -0.5450
vn 0.7689 -0.3805 -0.5138
vn 0.6929 -0.5528 -0.4630
vn 0.5905 -0.7041 -0.3945
vn 0.4654 -0.8286 -0.3110
vn 0.3225 -0.9217 -0.2155
vn 0.1671 -0.9796 -0.1117
vn 0.1857 0.9796 -0.0769
vn 0.3584 0.9217 -0.1484
vn 0.5172 0.8286 -0.2142
vn 0.6561 0.7041 -0.2718
vn 0.7699 0.5528 -0.3189
vn 0.8544 0.3805 -0.3539
vn 0.9063 0.1939 -0.3754
vn 0.9239 -0.0000 -0.3827
vn 0.9063 -0.1939 -0.3754
vn 0.8544 -0.3805 -0.3539
vn 0.7699 -0.5528 -0.3189
vn 0.6561 -0.7041 -0.2718
vn 0.5172 -0.8286 -0.2142
vn 0.3584 -0.9217 -0.1484
vn 0.1857 -0.9796 -0.0769
vn 0.1971 0.9796 -0.0392
vn 0.3804 0.9217 -0.0757
vn 0.5490 0.8286 -0.1092
vn 0.6965 0.7041 -0.1385
vn 0.8173 0.5528 -0.1626
vn 0.9070 0.3805 -0.1804
vn 0.9622 0.1939 -0.1914
vn 0.9808 -0.0000 -0.1951
vn 0.9622 -0.1939 -0.1914
vn 0.9070 -0.3805 -0.1804
vn 0.8173 -0.5528 -0.1626
vn 0.6965 -0.7041 -0.1385
vn 0.5490 -0.8286 -0.1092
vn 0.3804 -0.9217 -0.0757
vn 0.1971 -0.9796 -0.0392
vn 0.2010 0.9796 -0.0000
vn 0.3879 0.9217 -0.0000
vn 0.5598 0.8286 -0.0000
vn 0.7101 0.7041 -0.0000
vn 0.8333 0.5528 -0.0000
vn 0.9248 0.3805 -0.0000
vn 0.9810 0.1939 -0.0000
vn 1.0000 -0.0000 -0.0000
vn 0.9810 -0.1939 -0.0000
vn 0.9248 -0.3805 -0.0000
vn 0.8333 -0.5528 -0.0000
vn 0.7101 -0.7041 -0.0000
vn 0.5598 -0.8286 -0.0000
vn 0.3879 -0.9217 -0.0000
vn 0.2010 -0.9796 -0.0000
vn 0.1971 0.9796 0.0392
vn 0.3804 0.9217 0.0757
vn 0.5490 0.8286 0.1092
vn 0.6965 0.7041 0.1385
vn 0.8173 0.5528 0.1626
vn 0.9070 0.3805 0.1804
vn 0.9622 0.1939 0.1914
vn 0.9808 -0.0000 0.1951
vn 0.9622 -0.1939 0.1914
vn 0.9070 -0.3805 0.1804
vn 0.8173 -0.5528 0.1626
vn 0.6965 -0.7041 0.1385
vn 0.5490 -0.8286 0.1092
vn 0.3804 -0.9217 0.0757
vn 0.1971 -0.9796 0.0392
vn 0.1857 0.9796 0.0769
vn 0.3584 0.9217 0.1484
vn 0.5172 0.8286 0.2142
vn 0.6561 0.7041 0.2718
vn 0.7699 0.5528 0.3189
vn 0.8544 0.3805 0.3539
vn 0.9063 0.1939 0.3754
vn 0.9239 -0.0000 0.3827
vn 0.9063 -0.1939 0.3754
vn 0.8544 -0.3805 0.3539
vn 0.7699 -0.5528 0.3189
vn 0.6561 -0.7041 0.2718
vn 0.5172 -0.8286 0.2142
vn 0.3584 -0.9217 0.1484
vn 0.1857 -0.9796 0.0769
vn 0.1671 0.9796 0.1117
vn 0.3225 0.9217 0.2155
vn 0.4654 0.8286 0.3110
vn 0.5905 0.7041 0.3945
vn 0.6929 0.5528 0.4630
vn 0.7689 0.3805 0.5138
vn 0.8157 0.1939 0.5450
vn 0.8315 -0.0000 0.5556
vn 0.8157 -0.1939 0.5450
vn 0.7689 -0.3805 0.5138
vn 0.6929 -0.5528 0.4630
vn 0.5905 -0.7041 0.3945
vn 0.4654 -0.8286 0.3110
vn 0.3225 -0.9217 0.2155
vn 0.1671 -0.9796 0.1117
vn 0.1421 0.9796 0.1421
vn 0.2743 0.9217 0.2743
vn 0.3958 0.8286 0.3958
vn 0.5021 0.7041 0.5021
vn 0.5893 0.5528 0.5893
vn 0.6539 0.3805 0.6539
vn 0.6937 0.1939 0.6937
vn 0.7071 -0.0000 0.7071
vn 0.6937 -0.1939 0.6937
vn 0.6539 -0.3805 0.6539
vn 0.5893 -0.5528 0.5893
vn 0.5021 -0.7041 0.5021
vn 0.3958 -0.8286 0.3958
vn 0.2743 -0.9217 0.2743
vn 0.1421 -0.9796 0.1421
vn 0.1117 0.9796 0.1671
vn 0.2155 0.9217 0.3225
vn 0.3110 0.8286 0.4654
vn 0.3945 0.7041 0.5905
vn 0.4630 0.5528 0.6929
vn 0.5138 0.3805 0.7689
vn 0.5450 0.1939 0.8157
vn 0.5556 -0.0000 0.8315
vn 0.5450 -0.1939 0.8157
vn 0.5138 -0.3805 0.7689
vn 0.4630 -0.5528 0.6929
vn 0.3945 -0.7041 0.5905
vn 0.3110 -0.8286 0.4654
vn 0.2155 -0.9217 0.3225
vn 0.1117 -0.9796 0.1671
vn 0.0769 0.9796 0.1857
vn 0.1484 0.9217 0.3584
vn 0.2142 0.8286 0.5172
vn 0.2718 0.7041 0.6561
vn 0.3189 0.5528 0.7699
vn 0.3539 0.3805 0.8544
vn 0.3754 0.1939 0.9063
vn 0.3827 -0.0000 0.9239
vn 0.3754 -0.1939 0.9063
vn 0.3539 -0.3805 0.8544
vn 0.3189 -0.5528 0.7699
vn 0.2718 -0.7041 0.6561
vn 0.2142 -0.8286 0.5172
vn 0.1484 -0.9217 0.3584
vn 0.0769 -0.9796 0.1857
vn 0.0392 0.9796 0.1971
vn 0.0757 0.9217 0.3804
vn 0.1092 0.8286 0.5490
vn 0.1385 0.7041 0.6965
vn 0.1626 0.5528 0.8173
vn 0.1804 0.3805 0.9070
vn 0.1914 0.1939 0.9622
vn 0.1951 -0.0000 0.9808
vn 0.1914 -0.1939 0.9622
vn 0.1804 -0.3805 0.9070
vn 0.1626 -0.5528 0.8173
vn 0.1385 -0.7041 0.6965
vn 0.1092 -0.8286 0.5490
vn 0.0757 -0.9217 0.3804
vn 0.0392 -0.9796 0.1971
vn -0.0000 0.9796 0.2010
vn -0.0000 0.9217 0.3879
vn -0.0000 0.8286 0.5598
vn -0.0000 0.7041 0.7101
vn -0.0000 0.5528 0.8333
vn -0.0000 0.3805 0.9248
vn -0.0000 0.1939 0.9810
vn -0.0000 -0.0000 1.0000
vn -0.0000 -0.1939 0.9810
vn -0.0000 -0.3805 0.9248
vn -0.0000 -0.5528 0.8333
vn -0.0000 -0.7041 0.7101
vn -0.0000 -0.8286 0.5598
vn -0.0000 -0.9217 0.3879
vn -0.0000 -0.9796 0.2010
vn -0.0392 0.9796 0.1971
vn -0.0757 0.9217 0.3804
vn -0.1092 0.8286 0.5490
vn -0.1385 0.7041 0.6965
vn -0.1626 0.5528 0.8173
vn -0.1804 0.3805 0.9070
vn -0.1914 0.1939 0.9622
vn -0.1951 -0.0000 0.9808
vn -0.1914 -0.1939 0.9622
vn -0.1804 -0.3805 0.9070
vn -0.1626 -0.5528 0.8173
vn -0.1385 -0.7041 0.6965
vn -0.1092 -0.8286 0.5490
vn -0.0757 -0.9217 0.3804
vn -0.0392 -0.9796 0.1971
vn -0.0769 0.9796 0.1857
vn -0.1484 0.9217 0.3584
vn -0.2142 0.8286 0.5172
vn -0.2718 0.7041 0.6561
vn -0.3189 0.5528 0.7699
vn -0.3539 0.3805 0.8544
vn -0.3754 0.1939 0.9063
vn -0.3827 -0.0000 0.9239
vn -0.3754 -0.1939 0.9063
vn -0.3539 -0.3805 0.8544
vn -0.3189 -0.5528 0.7699
vn -0.2718 -0.7041 0.6561
vn -0.2142 -0.8286 0.5172
vn -0.1484 -0.9217 0.3584
vn -0.0769 -0.9796 0.1857
vn -0.1117 0.9796 0.1671
vn -0.2155 0.9217 0.3225
vn -0.3110 0.8286 0.4654
vn -0.3945 0.7041 0.5905
vn -0.4630 0.5528 0.6929
vn -0.5138 0.3805 0.7689
vn -0.5450 0.1939 0.8157
vn -0.5556 -0.0000 0.8315
vn -0.5450 -0.1939 0.8157
vn -0.5138 -0.3805 0.7689
vn -0.4630 -0.5528 0.6929
vn -0.3945 -0.7041 0.5905
vn -0.3110 -0.8286 0.4654
vn -0.2155 -0.9217 0.3225
vn -0.1117 -0.9796 0.1671
vn -0.1421 0.9796 0.1421
vn -0.2743 0.9217 0.2743
vn -0.3958 0.8286 0.3958
vn -0.5021 0.7041 0.5021
vn -0.5893 0.5528 0.5893
vn -0.6539 0.3805 0.6539
vn -0.6937 0.1939 0.6937
vn -0.7071 -0.0000 0.7071
vn -0.6937 -0.1939 0.6937
vn -0.6539 -0.3805 0.6539
vn -0.5893 -0.5528 0.5893
vn -0.5021 -0.7041 0.5021
vn -0.3958 -0.8286 0.3958
vn -0.2743 -0.9217 0.2743
vn -0.1421 -0.9796 0.1421
vn -0.1671 0.9796 0.1117
vn -0.3225 0.9217 0.2155
vn -0.4654 0.8286 0.3110
vn -0.5905 0.7041 0.3945
vn -0.6929 0.5528 0.4630
vn -0.7689 0.3805 0.5138
vn -0.8157 0.1939 0.5450
vn -0.8315 -0.0000 0.5556
vn -0.8157 -0.1939 0.5450
vn -0.7689 -0.3805 0.5138
vn -0.6929 -0.5528 0.4630
vn -0.5905 -0.7041 0.3945
vn -0.4654 -0.8286 0.3110
vn -0.3225 -0.9217 0.2155
vn -0.1671 -0.9796 0.1117
vn -0.1857 0.9796 0.0769
vn -0.3584 0.9217 0.1484
vn -0.5172 0.8286 0.2142
vn -0.6561 0.7041 0.2718
vn -0.7699 0.5528 0.3189
vn -0.8544 0.3805 0.3539
vn -0.9063 0.1939 0.3754
vn -0.9239 -0.0000 0.3827
vn -0.9063 -0.1939 0.3754
vn -0.8544 -0.3805 0.3539
vn -0.7699 -0.5528 0.3189
vn -0.6561 -0.7041 0.2718
vn -0.5172 -0.8286 0.2142
vn -0.3584 -0.9217 0.1484
vn -0.1857 -0.9796 0.0769
vn -0.1971 0.9796 0.0392
vn -0.3804 0.9217 0.0757
vn -0.5490 0.8286 0.1092
vn -0.6965 0.7041 0.1385
vn -0.8173 0.5528 0.1626
vn -0.9070 0.3805 0.1804
vn -0.9622 0.1939 0.1914
vn -0.9808 -0.0000 0.1951
vn -0.9622 -0.1939 0.1914
vn -0.9070 -0.3805 0.1804
vn -0.8173 -0.5528 0.1626
vn -0.6965 -0.7041 0.1385
vn -0.5490 -0.8286 0.1092
vn -0.3804 -0.9217 0.0757
vn -0.1971 -0.9796 0.0392
vn -0.2010 0.9796 -0.0000
vn -0.3879 0.9217 -0.0000
vn -0.5598 0.8286 -0.0000
vn -0.7101 0.7041 -0.0000
vn -0.8333 0.5528 -0.0000
vn -0.9248 0.3805 -0.0000
vn -0.9810 0.1939 -0.0000
vn -1.0000 -0.0000 -0.0000
vn -0.9810 -0.1939 -0.0000
vn -0.9248 -0.3805 -0.0000
vn -0.8333 -0.5528 -0.0000
vn -0.7101 -0.7041 -0.0000
vn -0.5598 -0.8286 -0.0000
vn -0.3879 -0.9217 -0.0000
vn -0.2010 -0.9796 -0.0000
vn -0.1971 0.9796 -0.0392
vn -0.3804 0.9217 -0.0757
vn -0.5490 0.8286 -0.1092
vn -0.6965 0.7041 -0.1385
vn -0.8173 0.5528 -0.1626
vn -0.9070 0.3805 -0.1804
vn -0.9622 0.1939 -0.1914
vn -0.9808 -0.0000 -0.1951
vn -0.9622 -0.1939 -0.1914
vn -0.9070 -0.3805 -0.1804
vn -0.8173 -0.5528 -0.1626
vn -0.6965 -0.7041 -0.1385
vn -0.5490 -0.8286 -0.1092
vn -0.3804 -0.9217 -0.0757
vn -0.1971 -0.9796 -0.0392
vn -0.1857 0.9796 -0.0769
vn -0.3584 0.9217 -0.1484
vn -0.5172 0.8286 -0.2142
vn -0.6561 0.7041 -0.2718
vn -0.7699 0.5528 -0.3189
vn -0.8544 0.3805 -0.3539
vn -0.9063 0.1939 -0.3754
vn -0.9239 -0.0000 -0.3827
vn -0.9063 -0.1939 -0.3754
vn -0.8544 -0.3805 -0.3539
vn -0.7699 -0.5528 -0.3189
vn -0.6561 -0.7041 -0.2718
vn -0.5172 -0.8286 -0.2142
vn -0.3584 -0.9217 -0.1484
vn -0.1857 -0.9796 -0.0769
vn -0.1671 0.9796 -0.1117
vn -0.3225 0.9217 -0.2155
vn -0.4654 0.8286 -0.3110
vn -0.5905 0.7041 -0.3945
vn -0.6929 0.5528 -0.4630
vn -0.7689 0.3805 -0.5138
vn -0.8157 0.1939 -0.5450
vn -0.8315 -0.0000 -0.5556
vn -0.8157 -0.1939 -0.5450
vn -0.7689 -0.3805 -0.5138
vn -0.6929 -0.5528 -0.4630
vn -0.5905 -0.7041 -0.3945
vn -0.4654 -0.8286 -0.3110
vn -0.3225 -0.9217 -0.2155
vn -0.1671 -0.9796 -0.1117
vn -0.1421 0.9796 -0.1421
vn -0.2743 0.9217 -0.2743
vn -0.3958 0.8286 -0.3958
vn -0.5021 0.7041 -0.5021
vn -0.5893 0.5528 -0.5893
vn -0.6539 0.3805 -0.6539
vn -0.6937 0.1939 -0.6937
vn -0.7071 -0.0000 -0.7071
vn -0.6937 -0.1939 -0.6937
vn -0.6539 -0.3805 -0.6539
vn -0.5893 -0.5528 -0.5893
vn -0.5021 -0.7041 -0.5021
vn -0.3958 -0.8286 -0.3958
vn -0.2743 -0.9217 -0.2743
vn -0.1421 -0.9796 -0.1421
vn -0.1117 0.9796 -0.1671
vn -0.2155 0.9217 -0.3225
vn -0.3110 0.8286 -0.4654
vn -0.3945 0.7041 -0.5905
vn -0.4630 0.5528 -0.6929
vn -0.5138 0.3805 -0.7689
vn -0.5450 0.1939 -0.8157
vn -0.5556 -0.0000 -0.8315
vn -0.5450 -0.1939 -0.8157
vn -0.5138 -0.3805 -0.7689
vn -0.4630 -0.5528 -0.6929
vn -0.3945 -0.7041 -0.5905
vn -0.3110 -0.8286 -0.4654
vn -0.2155 -0.9217 -0.3225
vn -0.1117 -0.9796 -0.1671
vn -0.0769 0.9796 -0.1857
vn -0.1484 0.9217 -0.3584
vn -0.2142 0.8286 -0.5172
vn -0.2718 0.7041 -0.6561
vn -0.3189 0.5528 -0.7699
vn -0.3539 0.3805 -0.8544
vn -0.3754 0.1939 -0.9063
vn -0.3827 -0.0000 -0.9239
vn -0.3754 -0.1939 -0.9063
vn -0.3539 -0.3805 -0.8544
vn -0.3189 -0.5528 -0.7699
vn -0.2718 -0.7041 -0.6561
vn -0.2142 -0.8286 -0.5172
vn -0.1484 -0.9217 -0.3584
vn -0.0769 -0.9796 -0.1857
vn -0.0392 0.9796 -0.1971
vn -0.0757 0.9217 -0.3804
vn -0.1092 0.8286 -0.5490
vn -0.1385 0.7041 -0.6965
vn -0.1626 0.5528 -0.8173
vn -0.1804 0.3805 -0.9070
vn -0.1914 0.1939 -0.9622
vn -0.1951 -0.0000 -0.9808
vn -0.1914 -0.1939 -0.9622
vn -0.1804 -0.3805 -0.9070
vn -0.1626 -0.5528 -0.8173
vn -0.1385 -0.7041 -0.6965
vn -0.1092 -0.8286 -0.5490
vn -0.0757 -0.9217 -0.3804
vn -0.0392 -0.9796 -0.1971
vn -0.0000 0.9796 -0.2010
vn -0.0000 0.9217 -0.3879
vn -0.0000 0.7041 -0.7101
vn -0.0000 0.3805 -0.9248
vn -0.0000 -0.3805 -0.9248
vn -0.0000 -0.7041 -0.7101
vn -0.0000 -0.8286 -0.5598
vn -0.0000 -0.9217 -0.3879
vn -0.0000 -0.9796 -0.2010
vt 0.750000 0.312500
vt 0.750000 0.375000
vt 0.718750 0.375000
vt 0.718750 0.312500
vt 0.750000 0.750000
vt 0.750000 0.812500
vt 0.718750 0.812500
vt 0.718750 0.750000
vt 0.750000 0.250000
vt 0.718750 0.250000
vt 0.750000 0.687500
vt 0.718750 0.687500
vt 0.750000 0.187500
vt 0.718750 0.187500
vt 0.750000 0.625000
vt 0.718750 0.625000
vt 0.750000 0.125000
vt 0.718750 0.125000
vt 0.750000 0.562500
vt 0.718750 0.562500
vt 0.750000 0.062500
vt 0.718750 0.062500
vt 0.750000 0.500000
vt 0.718750 0.500000
vt 0.750000 0.937500
vt 0.734375 1.000000
vt 0.718750 0.937500
vt 0.734375 0.000000
vt 0.750000 0.437500
vt 0.718750 0.437500
vt 0.750000 0.875000
vt 0.718750 0.875000
vt 0.687500 0.437500
vt 0.687500 0.375000
vt 0.687500 0.875000
vt 0.687500 0.812500
vt 0.687500 0.312500
vt 0.687500 0.750000
vt 0.687500 0.250000
vt 0.687500 0.687500
vt 0.687500 0.187500
vt 0.687500 0.625000
vt 0.687500 0.125000
vt 0.687500 0.562500
vt 0.687500 0.062500
vt 0.687500 0.500000
vt 0.703125 1.000000
vt 0.687500 0.937500
vt 0.703125 0.000000
vt 0.656250 0.187500
vt 0.656250 0.125000
vt 0.656250 0.625000
vt 0.656250 0.562500
vt 0.656250 0.062500
vt 0.656250 0.500000
vt 0.671875 1.000000
vt 0.656250 0.937500
vt 0.671875 0.000000
vt 0.656250 0.437500
vt 0.656250 0.875000
vt 0.656250 0.375000
vt 0.656250 0.812500
vt 0.656250 0.312500
vt 0.656250 0.750000
vt 0.656250 0.250000
vt 0.656250 0.687500
vt 0.625000 0.875000
vt 0.625000 0.812500
vt 0.625000 0.375000
vt 0.625000 0.312500
vt 0.625000 0.750000
vt 0.625000 0.250000
vt 0.625000 0.687500
vt 0.625000 0.187500
vt 0.625000 0.625000
vt 0.625000 0.125000
vt 0.625000 0.562500
vt 0.625000 0.062500
vt 0.625000 0.500000
vt 0.640625 1.000000
vt 0.625000 0.937500
vt 0.640625 0.000000
vt 0.625000 0.437500
vt 0.593750 0.625000
vt 0.593750 0.562500
vt 0.593750 0.125000
vt 0.593750 0.062500
vt 0.593750 0.500000
vt 0.609375 1.000000
vt 0.593750 0.937500
vt 0.609375 0.000000
vt 0.593750 0.437500
vt 0.593750 0.875000
vt 0.593750 0.375000
vt 0.593750 0.812500
vt 0.593750 0.312500
vt 0.593750 0.750000
vt 0.593750 0.250000
vt 0.593750 0.687500
vt 0.593750 0.187500
vt 0.562500 0.375000
vt 0.562500 0.312500
vt 0.562500 0.812500
vt 0.562500 0.750000
vt 0.562500 0.250000
vt 0.562500 0.687500
vt 0.562500 0.187500
vt 0.562500 0.625000
vt 0.562500 0.125000
vt 0.562500 0.562500
vt 0.562500 0.062500
vt 0.562500 0.500000
vt 0.578125 1.000000
vt 0.562500 0.937500
vt 0.578125 0.000000
vt 0.562500 0.437500
vt 0.562500 0.875000
vt 0.531250 0.125000
vt 0.531250 0.062500
vt 0.531250 0.562500
vt 0.531250 0.500000
vt 0.546875 1.000000
vt 0.531250 0.937500
vt 0.546875 0.000000
vt 0.531250 0.437500
vt 0.531250 0.875000
vt 0.531250 0.375000
vt 0.531250 0.812500
vt 0.531250 0.312500
vt 0.531250 0.750000
vt 0.531250 0.250000
vt 0.531250 0.687500
vt 0.531250 0.187500
vt 0.531250 0.625000
vt 0.500000 0.312500
vt 0.500000 0.250000
vt 0.500000 0.750000
vt 0.500000 0.687500
vt 0.500000 0.187500
vt 0.500000 0.625000
vt 0.500000 0.125000
vt 0.500000 0.562500
vt 0.500000 0.062500
vt 0.500000 0.500000
vt 0.515625 1.000000
vt 0.500000 0.937500
vt 0.515625 0.000000
vt 0.500000 0.437500
vt 0.500000 0.875000
vt 0.500000 0.375000
vt 0.500000 0.812500
vt 0.484375 1.000000
vt 0.468750 0.937500
vt 0.484375 0.000000
vt 0.468750 0.062500
vt 0.468750 0.500000
vt 0.468750 0.437500
vt 0.468750 0.875000
vt 0.468750 0.375000
vt 0.468750 0.812500
vt 0.468750 0.312500
vt 0.468750 0.750000
vt 0.468750 0.250000
vt 0.468750 0.687500
vt 0.468750 0.187500
vt 0.468750 0.625000
vt 0.468750 0.125000
vt 0.468750 0.562500
vt 0.437500 0.750000
vt 0.437500 0.687500
vt 0.437500 0.250000
vt 0.437500 0.187500
vt 0.437500 0.625000
vt 0.437500 0.125000
vt 0.437500 0.562500
vt 0.437500 0.062500
vt 0.437500 0.500000
vt 0.453125 1.000000
vt 0.437500 0.937500
vt 0.453125 0.000000
vt 0.437500 0.437500
vt 0.437500 0.875000
vt 0.437500 0.375000
vt 0.437500 0.812500
vt 0.437500 0.312500
vt 0.406250 0.500000
vt 0.406250 0.437500
vt 0.406250 0.937500
vt 0.406250 0.875000
vt 0.406250 0.375000
vt 0.406250 0.812500
vt 0.406250 0.312500
vt 0.406250 0.750000
vt 0.406250 0.250000
vt 0.406250 0.687500
vt 0.406250 0.187500
vt 0.406250 0.625000
vt 0.406250 0.125000
vt 0.406250 0.562500
vt 0.406250 0.062500
vt 0.421875 1.000000
vt 0.421875 0.000000
vt 0.375000 0.250000
vt 0.375000 0.187500
vt 0.375000 0.687500
vt 0.375000 0.625000
vt 0.375000 0.125000
vt 0.375000 0.562500
vt 0.375000 0.062500
vt 0.375000 0.500000
vt 0.390625 1.000000
vt 0.375000 0.937500
vt 0.390625 0.000000
vt 0.375000 0.437500
vt 0.375000 0.875000
vt 0.375000 0.375000
vt 0.375000 0.812500
vt 0.375000 0.312500
vt 0.375000 0.750000
vt 0.343750 0.937500
vt 0.343750 0.875000
vt 0.343750 0.437500
vt 0.343750 0.375000
vt 0.343750 0.812500
vt 0.343750 0.312500
vt 0.343750 0.750000
vt 0.343750 0.250000
vt 0.343750 0.687500
vt 0.343750 0.187500
vt 0.343750 0.625000
vt 0.343750 0.125000
vt 0.343750 0.562500
vt 0.343750 0.062500
vt 0.343750 0.500000
vt 0.359375 1.000000
vt 0.359375 0.000000
vt 0.312500 0.687500
vt 0.312500 0.625000
vt 0.312500 0.187500
vt 0.312500 0.125000
vt 0.312500 0.562500
vt 0.312500 0.062500
vt 0.312500 0.500000
vt 0.328125 1.000000
vt 0.312500 0.937500
vt 0.328125 0.000000
vt 0.312500 0.437500
vt 0.312500 0.875000
vt 0.312500 0.375000
vt 0.312500 0.812500
vt 0.312500 0.312500
vt 0.312500 0.750000
vt 0.312500 0.250000
vt 0.281250 0.437500
vt 0.281250 0.375000
vt 0.281250 0.875000
vt 0.281250 0.812500
vt 0.281250 0.312500
vt 0.281250 0.750000
vt 0.281250 0.250000
vt 0.281250 0.687500
vt 0.281250 0.187500
vt 0.281250 0.625000
vt 0.281250 0.125000
vt 0.281250 0.562500
vt 0.281250 0.062500
vt 0.281250 0.500000
vt 0.296875 1.000000
vt 0.281250 0.937500
vt 0.296875 0.000000
vt 0.250000 0.187500
vt 0.250000 0.125000
vt 0.250000 0.625000
vt 0.250000 0.562500
vt 0.250000 0.062500
vt 0.250000 0.500000
vt 0.265625 1.000000
vt 0.250000 0.937500
vt 0.265625 0.000000
vt 0.250000 0.437500
vt 0.250000 0.875000
vt 0.250000 0.375000
vt 0.250000 0.812500
vt 0.250000 0.312500
vt 0.250000 0.750000
vt 0.250000 0.250000
vt 0.250000 0.687500
vt 0.218750 0.375000
vt 0.218750 0.312500
vt 0.218750 0.812500
vt 0.218750 0.750000
vt 0.218750 0.250000
vt 0.218750 0.687500
vt 0.218750 0.187500
vt 0.218750 0.625000
vt 0.218750 0.125000
vt 0.218750 0.562500
vt 0.218750 0.062500
vt 0.218750 0.500000
vt 0.234375 1.000000
vt 0.218750 0.937500
vt 0.234375 0.000000
vt 0.218750 0.437500
vt 0.218750 0.875000
vt 0.187500 0.125000
vt 0.187500 0.062500
vt 0.187500 0.562500
vt 0.187500 0.500000
vt 0.203125 1.000000
vt 0.187500 0.937500
vt 0.203125 0.000000
vt 0.187500 0.437500
vt 0.187500 0.875000
vt 0.187500 0.375000
vt 0.187500 0.812500
vt 0.187500 0.312500
vt 0.187500 0.750000
vt 0.187500 0.250000
vt 0.187500 0.687500
vt 0.187500 0.187500
vt 0.187500 0.625000
vt 0.156250 0.812500
vt 0.156250 0.750000
vt 0.156250 0.312500
vt 0.156250 0.250000
vt 0.156250 0.687500
vt 0.156250 0.187500
vt 0.156250 0.625000
vt 0.156250 0.125000
vt 0.156250 0.562500
vt 0.156250 0.062500
vt 0.156250 0.500000
vt 0.171875 1.000000
vt 0.156250 0.937500
vt 0.171875 0.000000
vt 0.156250 0.437500
vt 0.156250 0.875000
vt 0.156250 0.375000
vt 0.125000 0.562500
vt 0.125000 0.500000
vt 0.140625 1.000000
vt 0.125000 0.937500
vt 0.140625 0.000000
vt 0.125000 0.062500
vt 0.125000 0.437500
vt 0.125000 0.875000
vt 0.125000 0.375000
vt 0.125000 0.812500
vt 0.125000 0.312500
vt 0.125000 0.750000
vt 0.125000 0.250000
vt 0.125000 0.687500
vt 0.125000 0.187500
vt 0.125000 0.625000
vt 0.125000 0.125000
vt 0.093750 0.312500
vt 0.093750 0.250000
vt 0.093750 0.750000
vt 0.093750 0.687500
vt 0.093750 0.187500
vt 0.093750 0.625000
vt 0.093750 0.125000
vt 0.093750 0.562500
vt 0.093750 0.062500
vt 0.093750 0.500000
vt 0.109375 1.000000
vt 0.093750 0.937500
vt 0.109375 0.000000
vt 0.093750 0.437500
vt 0.093750 0.875000
vt 0.093750 0.375000
vt 0.093750 0.812500
vt 0.078125 1.000000
vt 0.062500 0.937500
vt 0.078125 0.000000
vt 0.062500 0.062500
vt 0.062500 0.500000
vt 0.062500 0.437500
vt 0.062500 0.875000
vt 0.062500 0.375000
vt 0.062500 0.812500
vt 0.062500 0.312500
vt 0.062500 0.750000
vt 0.062500 0.250000
vt 0.062500 0.687500
vt 0.062500 0.187500
vt 0.062500 0.625000
vt 0.062500 0.125000
vt 0.062500 0.562500
vt 0.031250 0.750000
vt 0.031250 0.687500
vt 0.031250 0.250000
vt 0.031250 0.187500
vt 0.031250 0.625000
vt 0.031250 0.125000
vt 0.031250 0.562500
vt 0.031250 0.062500
vt 0.031250 0.500000
vt 0.046875 1.000000
vt 0.031250 0.937500
vt 0.046875 0.000000
vt 0.031250 0.437500
vt 0.031250 0.875000
vt 0.031250 0.375000
vt 0.031250 0.812500
vt 0.031250 0.312500
vt 0.000000 0.500000
vt 0.000000 0.437500
vt 0.000000 0.937500
vt 0.000000 0.875000
vt 0.000000 0.375000
vt 0.000000 0.812500
vt 0.000000 0.312500
vt 0.000000 0.750000
vt 0.000000 0.250000
vt 0.000000 0.687500
vt 0.000000 0.187500
vt 0.000000 0.625000
vt 0.000000 0.125000
vt 0.000000 0.562500
vt 0.000000 0.062500
vt 0.015625 1.000000
vt 0.015625 0.000000
vt 1.000000 0.187500
vt 1.000000 0.250000
vt 0.968750 0.250000
vt 0.968750 0.187500
vt 1.000000 0.625000
vt 1.000000 0.687500
vt 0.968750 0.687500
vt 0.968750 0.625000
vt 1.000000 0.125000
vt 0.968750 0.125000
vt 1.000000 0.562500
vt 0.968750 0.562500
vt 1.000000 0.062500
vt 0.968750 0.062500
vt 1.000000 0.500000
vt 0.968750 0.500000
vt 1.000000 0.937500
vt 0.984375 1.000000
vt 0.968750 0.937500
vt 0.984375 0.000000
vt 1.000000 0.437500
vt 0.968750 0.437500
vt 1.000000 0.875000
vt 0.968750 0.875000
vt 1.000000 0.375000
vt 0.968750 0.375000
vt 1.000000 0.812500
vt 0.968750 0.812500
vt 1.000000 0.312500
vt 0.968750 0.312500
vt 1.000000 0.750000
vt 0.968750 0.750000
vt 0.937500 0.437500
vt 0.937500 0.375000
vt 0.937500 0.875000
vt 0.937500 0.812500
vt 0.937500 0.312500
vt 0.937500 0.750000
vt 0.937500 0.250000
vt 0.937500 0.687500
vt 0.937500 0.187500
vt 0.937500 0.625000
vt 0.937500 0.125000
vt 0.937500 0.562500
vt 0.937500 0.062500
vt 0.937500 0.500000
vt 0.953125 1.000000
vt 0.937500 0.937500
vt 0.953125 0.000000
vt 0.906250 0.187500
vt 0.906250 0.125000
vt 0.906250 0.625000
vt 0.906250 0.562500
vt 0.906250 0.062500
vt 0.906250 0.500000
vt 0.921875 1.000000
vt 0.906250 0.937500
vt 0.921875 0.000000
vt 0.906250 0.437500
vt 0.906250 0.875000
vt 0.906250 0.375000
vt 0.906250 0.812500
vt 0.906250 0.312500
vt 0.906250 0.750000
vt 0.906250 0.250000
vt 0.906250 0.687500
vt 0.875000 0.875000
vt 0.875000 0.812500
vt 0.875000 0.375000
vt 0.875000 0.312500
vt 0.875000 0.750000
vt 0.875000 0.250000
vt 0.875000 0.687500
vt 0.875000 0.187500
vt 0.875000 0.625000
vt 0.875000 0.125000
vt 0.875000 0.562500
vt 0.875000 0.062500
vt 0.875000 0.500000
vt 0.890625 1.000000
vt 0.875000 0.937500
vt 0.890625 0.000000
vt 0.875000 0.437500
vt 0.843750 0.625000
vt 0.843750 0.562500
vt 0.843750 0.125000
vt 0.843750 0.062500
vt 0.843750 0.500000
vt 0.859375 1.000000
vt 0.843750 0.937500
vt 0.859375 0.000000
vt 0.843750 0.437500
vt 0.843750 0.875000
vt 0.843750 0.375000
vt 0.843750 0.812500
vt 0.843750 0.312500
vt 0.843750 0.750000
vt 0.843750 0.250000
vt 0.843750 0.687500
vt 0.843750 0.187500
vt 0.812500 0.375000
vt 0.812500 0.312500
vt 0.812500 0.812500
vt 0.812500 0.750000
vt 0.812500 0.250000
vt 0.812500 0.687500
vt 0.812500 0.187500
vt 0.812500 0.625000
vt 0.812500 0.125000
vt 0.812500 0.562500
vt 0.812500 0.062500
vt 0.812500 0.500000
vt 0.828125 1.000000
vt 0.812500 0.937500
vt 0.828125 0.000000
vt 0.812500 0.437500
vt 0.812500 0.875000
vt 0.781250 0.125000
vt 0.781250 0.062500
vt 0.781250 0.562500
vt 0.781250 0.500000
vt 0.796875 1.000000
vt 0.781250 0.937500
vt 0.796875 0.000000
vt 0.781250 0.437500
vt 0.781250 0.875000
vt 0.781250 0.375000
vt 0.781250 0.812500
vt 0.781250 0.312500
vt 0.781250 0.750000
vt 0.781250 0.250000
vt 0.781250 0.687500
vt 0.781250 0.187500
vt 0.781250 0.625000
vt 0.765625 1.000000
vt 0.765625 0.000000
s 1
f 7/1/7 478/2/478 18/3/18 19/4/19
f 476/5/476 2/6/2 11/7/11 12/8/12
f 479/9/479 7/1/7 19/4/19 20/10/20
f 3/11/3 476/5/476 12/8/12 13/12/13
f 480/13/480 479/9/479 20/10/20 21/14/21
f 477/15/477 3/11/3 13/12/13 14/16/14
f 481/17/481 480/13/480 21/14/21 22/18/22
f 4/19/4 477/15/477 14/16/14 15/20/15
f 482/21/482 481/17/481 22/18/22 23/22/23
f 5/23/5 4/19/4 15/20/15 16/24/16
f 474/25/474 1/26/1 9/27/9
f 8/28/8 482/21/482 23/22/23
f 6/29/6 5/23/5 16/24/16 17/30/17
f 475/31/475 474/25/474 9/27/9 10/32/10
f 478/2/478 6/29/6 17/30/17 18/3/18
f 2/6/2 475/31/475 10/32/10 11/7/11
f 18/3/18 17/30/17 32/33/32 33/34/33
f 11/7/11 10/32/10 25/35/25 26/36/26
f 19/4/19 18/3/18 33/34/33 34/37/34
f 12/8/12 11/7/11 26/36/26 27/38/27
f 20/10/20 19/4/19 34/37/34 35/39/35
f 13/12/13 12/8/12 27/38/27 28/40/28
f 21/14/21 20/10/20 35/39/35 36/41/36
f 14/16/14 13/12/13 28/40/28 29/42/29
f 22/18/22 21/14/21 36/41/36 37/43/37
f 15/20/15 14/16/14 29/42/29 30/44/30
f 23/22/23 22/18/22 37/43/37 38/45/38
f 16/24/16 15/20/15 30/44/30 31/46/31
f 9/27/9 1/47/1 24/48/24
f 8/49/8 23/22/23 38/45/38
f 17/30/17 16/24/16 31/46/31 32/33/32
f 10/32/10 9/27/9 24/48/24 25/35/25
f 37/43/37 36/41/36 51/50/51 52/51/52
f 30/44/30 29/42/29 44/52/44 45/53/45
f 38/45/38 37/43/37 52/51/52 53/54/53
f 31/46/31 30/44/30 45/53/45 46/55/46
f 24/48/24 1/56/1 39/57/39
f 8/58/8 38/45/38 53/54/53
f 32/33/32 31/46/31 46/55/46 47/59/47
f 25/35/25 24/48/24 39/57/39 40/60/40
f 33/34/33 32/33/32 47/59/47 48/61/48
f 26/36/26 25/35/25 40/60/40 41/62/41
f 34/37/34 33/34/33 48/61/48 49/63/49
f 27/38/27 26/36/26 41/62/41 42/64/42
f 35/39/35 34/37/34 49/63/49 50/65/50
f 28/40/28 27/38/27 42/64/42 43/66/43
f 36/41/36 35/39/35 50/65/50 51/50/51
f 29/42/29 28/40/28 43/66/43 44/52/44
f 41/62/41 40/60/40 55/67/55 56/68/56
f 49/63/49 48/61/48 63/69/63 64/70/64
f 42/64/42 41/62/41 56/68/56 57/71/57
f 50/65/50 49/63/49 64/70/64 65/72/65
f 43/66/43 42/64/42 57/71/57 58/73/58
f 51/50/51 50/65/50 65/72/65 66/74/66
f 44/52/44 43/66/43 58/73/58 59/75/59
f 52/51/52 51/50/51 66/74/66 67/76/67
f 45/53/45 44/52/44 59/75/59 60/77/60
f 53/54/53 52/51/52 67/76/67 68/78/68
f 46/55/46 45/53/45 60/77/60 61/79/61
f 39/57/39 1/80/1 54/81/54
f 8/82/8 53/54/53 68/78/68
f 47/59/47 46/55/46 61/79/61 62/83/62
f 40/60/40 39/57/39 54/81/54 55/67/55
f 48/61/48 47/59/47 62/83/62 63/69/63
f 60/77/60 59/75/59 74/84/74 75/85/75
f 68/78/68 67/76/67 82/86/82 83/87/83
f 61/79/61 60/77/60 75/85/75 76/88/76
f 54/81/54 1/89/1 69/90/69
f 8/91/8 68/78/68 83/87/83
f 62/83/62 61/79/61 76/88/76 77/92/77
f 55/67/55 54/81/54 69/90/69 70/93/70
f 63/69/63 62/83/62 77/92/77 78/94/78
f 56/68/56 55/67/55 70/93/70 71/95/71
f 64/70/64 63/69/63 78/94/78 79/96/79
f 57/71/57 56/68/56 71/95/71 72/97/72
f 65/72/65 64/70/64 79/96/79 80/98/80
f 58/73/58 57/71/57 72/97/72 73/99/73
f 66/74/66 65/72/65 80/98/80 81/100/81
f 59/75/59 58/73/58 73/99/73 74/84/74
f 67/76/67 66/74/66 81/100/81 82/86/82
f 79/96/79 78/94/78 93/101/93 94/102/94
f 72/97/72 71/95/71 86/103/86 87/104/87
f 80/98/80 79/96/79 94/102/94 95/105/95
f 73/99/73 72/97/72 87/104/87 88/106/88
f 81/100/81 80/98/80 95/105/95 96/107/96
f 74/84/74 73/99/73 88/106/88 89/108/89
f 82/86/82 81/100/81 96/107/96 97/109/97
f 75/85/75 74/84/74 89/108/89 90/110/90
f 83/87/83 82/86/82 97/109/97 98/111/98
f 76/88/76 75/85/75 90/110/90 91/112/91
f 69/90/69 1/113/1 84/114/84
f 8/115/8 83/87/83 98/111/98
f 77/92/77 76/88/76 91/112/91 92/116/92
f 70/93/70 69/90/69 84/114/84 85/117/85
f 78/94/78 77/92/77 92/116/92 93/101/93
f 71/95/71 70/93/70 85/117/85 86/103/86
f 98/111/98 97/109/97 112/118/112 113/119/113
f 91/112/91 90/110/90 105/120/105 106/121/106
f 84/114/84 1/122/1 99/123/99
f 8/124/8 98/111/98 113/119/113
f 92/116/92 91/112/91 106/121/106 107/125/107
f 85/117/85 84/114/84 99/123/99 100/126/100
f 93/101/93 92/116/92 107/125/107 108/127/108
f 86/103/86 85/117/85 100/126/100 101/128/101
f 94/102/94 93/101/93 108/127/108 109/129/109
f 87/104/87 86/103/86 101/128/101 102/130/102
f 95/105/95 94/102/94 109/129/109 110/131/110
f 88/106/88 87/104/87 102/130/102 103/132/103
f 96/107/96 95/105/95 110/131/110 111/133/111
f 89/108/89 88/106/88 103/132/103 104/134/104
f 97/109/97 96/107/96 111/133/111 112/118/112
f 90/110/90 89/108/89 104/134/104 105/120/105
f 110/131/110 109/129/109 124/135/124 125/136/125
f 103/132/103 102/130/102 117/137/117 118/138/118
f 111/133/111 110/131/110 125/136/125 126/139/126
f 104/134/104 103/132/103 118/138/118 119/140/119
f 112/118/112 111/133/111 126/139/126 127/141/127
f 105/120/105 104/134/104 119/140/119 120/142/120
f 113/119/113 112/118/112 127/141/127 128/143/128
f 106/121/106 105/120/105 120/142/120 121/144/121
f 99/123/99 1/145/1 114/146/114
f 8/147/8 113/119/113 128/143/128
f 107/125/107 106/121/106 121/144/121 122/148/122
f 100/126/100 99/123/99 114/146/114 115/149/115
f 108/127/108 107/125/107 122/148/122 123/150/123
f 101/128/101 100/126/100 115/149/115 116/151/116
f 109/129/109 108/127/108 123/150/123 124/135/124
f 102/130/102 101/128/101 116/151/116 117/137/117
f 114/146/114 1/152/1 129/153/129
f 8/154/8 128/143/128 143/155/143
f 122/148/122 121/144/121 136/156/136 137/157/137
f 115/149/115 114/146/114 129/153/129 130/158/130
f 123/150/123 122/148/122 137/157/137 138/159/138
f 116/151/116 115/149/115 130/158/130 131/160/131
f 124/135/124 123/150/123 138/159/138 139/161/139
f 117/137/117 116/151/116 131/160/131 132/162/132
f 125/136/125 124/135/124 139/161/139 140/163/140
f 118/138/118 117/137/117 132/162/132 133/164/133
f 126/139/126 125/136/125 140/163/140 141/165/141
f 119/140/119 118/138/118 133/164/133 134/166/134
f 127/141/127 126/139/126 141/165/141 142/167/142
f 120/142/120 119/140/119 134/166/134 135/168/135
f 128/143/128 127/141/127 142/167/142 143/155/143
f 121/144/121 120/142/120 135/168/135 136/156/136
f 133/164/133 132/162/132 147/169/147 148/170/148
f 141/165/141 140/163/140 155/171/155 156/172/156
f 134/166/134 133/164/133 148/170/148 149/173/149
f 142/167/142 141/165/141 156/172/156 157/174/157
f 135/168/135 134/166/134 149/173/149 150/175/150
f 143/155/143 142/167/142 157/174/157 158/176/158
f 136/156/136 135/168/135 150/175/150 151/177/151
f 129/153/129 1/178/1 144/179/144
f 8/180/8 143/155/143 158/176/158
f 137/157/137 136/156/136 151/177/151 152/181/152
f 130/158/130 129/153/129 144/179/144 145/182/145
f 138/159/138 137/157/137 152/181/152 153/183/153
f 131/160/131 130/158/130 145/182/145 146/184/146
f 139/161/139 138/159/138 153/183/153 154/185/154
f 132/162/132 131/160/131 146/184/146 147/169/147
f 140/163/140 139/161/139 154/185/154 155/171/155
f 152/181/152 151/177/151 166/186/166 167/187/167
f 145/182/145 144/179/144 159/188/159 160/189/160
f 153/183/153 152/181/152 167/187/167 168/190/168
f 146/184/146 145/182/145 160/189/160 161/191/161
f 154/185/154 153/183/153 168/190/168 169/192/169
f 147/169/147 146/184/146 161/191/161 162/193/162
f 155/171/155 154/185/154 169/192/169 170/194/170
f 148/170/148 147/169/147 162/193/162 163/195/163
f 156/172/156 155/171/155 170/194/170 171/196/171
f 149/173/149 148/170/148 163/195/163 164/197/164
f 157/174/157 156/172/156 171/196/171 172/198/172
f 150/175/150 149/173/149 164/197/164 165/199/165
f 158/176/158 157/174/157 172/198/172 173/200/173
f 151/177/151 150/175/150 165/199/165 166/186/166
f 144/179/144 1/201/1 159/188/159
f 8/202/8 158/176/158 173/200/173
f 171/196/171 170/194/170 185/203/185 186/204/186
f 164/197/164 163/195/163 178/205/178 179/206/179
f 172/198/172 171/196/171 186/204/186 187/207/187
f 165/199/165 164/197/164 179/206/179 180/208/180
f 173/200/173 172/198/172 187/207/187 188/209/188
f 166/186/166 165/199/165 180/208/180 181/210/181
f 159/188/159 1/211/1 174/212/174
f 8/213/8 173/200/173 188/209/188
f 167/187/167 166/186/166 181/210/181 182/214/182
f 160/189/160 159/188/159 174/212/174 175/215/175
f 168/190/168 167/187/167 182/214/182 183/216/183
f 161/191/161 160/189/160 175/215/175 176/217/176
f 169/192/169 168/190/168 183/216/183 184/218/184
f 162/193/162 161/191/161 176/217/176 177/219/177
f 170/194/170 169/192/169 184/218/184 185/203/185
f 163/195/163 162/193/162 177/219/177 178/205/178
f 175/215/175 174/212/174 189/220/189 190/221/190
f 183/216/183 182/214/182 197/222/197 198/223/198
f 176/217/176 175/215/175 190/221/190 191/224/191
f 184/218/184 183/216/183 198/223/198 199/225/199
f 177/219/177 176/217/176 191/224/191 192/226/192
f 185/203/185 184/218/184 199/225/199 200/227/200
f 178/205/178 177/219/177 192/226/192 193/228/193
f 186/204/186 185/203/185 200/227/200 201/229/201
f 179/206/179 178/205/178 193/228/193 194/230/194
f 187/207/187 186/204/186 201/229/201 202/231/202
f 180/208/180 179/206/179 194/230/194 195/232/195
f 188/209/188 187/207/187 202/231/202 203/233/203
f 181/210/181 180/208/180 195/232/195 196/234/196
f 174/212/174 1/235/1 189/220/189
f 8/236/8 188/209/188 203/233/203
f 182/214/182 181/210/181 196/234/196 197/222/197
f 194/230/194 193/228/193 208/237/208 209/238/209
f 202/231/202 201/229/201 216/239/216 217/240/217
f 195/232/195 194/230/194 209/238/209 210/241/210
f 203/233/203 202/231/202 217/240/217 218/242/218
f 196/234/196 195/232/195 210/241/210 211/243/211
f 189/220/189 1/244/1 204/245/204
f 8/246/8 203/233/203 218/242/218
f 197/222/197 196/234/196 211/243/211 212/247/212
f 190/221/190 189/220/189 204/245/204 205/248/205
f 198/223/198 197/222/197 212/247/212 213/249/213
f 191/224/191 190/221/190 205/248/205 206/250/206
f 199/225/199 198/223/198 213/249/213 214/251/214
f 192/226/192 191/224/191 206/250/206 207/252/207
f 200/227/200 199/225/199 214/251/214 215/253/215
f 193/228/193 192/226/192 207/252/207 208/237/208
f 201/229/201 200/227/200 215/253/215 216/239/216
f 213/249/213 212/247/212 227/254/227 228/255/228
f 206/250/206 205/248/205 220/256/220 221/257/221
f 214/251/214 213/249/213 228/255/228 229/258/229
f 207/252/207 206/250/206 221/257/221 222/259/222
f 215/253/215 214/251/214 229/258/229 230/260/230
f 208/237/208 207/252/207 222/259/222 223/261/223
f 216/239/216 215/253/215 230/260/230 231/262/231
f 209/238/209 208/237/208 223/261/223 224/263/224
f 217/240/217 216/239/216 231/262/231 232/264/232
f 210/241/210 209/238/209 224/263/224 225/265/225
f 218/242/218 217/240/217 232/264/232 233/266/233
f 211/243/211 210/241/210 225/265/225 226/267/226
f 204/245/204 1/268/1 219/269/219
f 8/270/8 218/242/218 233/266/233
f 212/247/212 211/243/211 226/267/226 227/254/227
f 205/248/205 204/245/204 219/269/219 220/256/220
f 232/264/232 231/262/231 246/271/246 247/272/247
f 225/265/225 224/263/224 239/273/239 240/274/240
f 233/266/233 232/264/232 247/272/247 248/275/248
f 226/267/226 225/265/225 240/274/240 241/276/241
f 219/269/219 1/277/1 234/278/234
f 8/279/8 233/266/233 248/275/248
f 227/254/227 226/267/226 241/276/241 242/280/242
f 220/256/220 219/269/219 234/278/234 235/281/235
f 228/255/228 227/254/227 242/280/242 243/282/243
f 221/257/221 220/256/220 235/281/235 236/283/236
f 229/258/229 228/255/228 243/282/243 244/284/244
f 222/259/222 221/257/221 236/283/236 237/285/237
f 230/260/230 229/258/229 244/284/244 245/286/245
f 223/261/223 222/259/222 237/285/237 238/287/238
f 231/262/231 230/260/230 245/286/245 246/271/246
f 224/263/224 223/261/223 238/287/238 239/273/239
f 244/284/244 243/282/243 258/288/258 259/289/259
f 237/285/237 236/283/236 251/290/251 252/291/252
f 245/286/245 244/284/244 259/289/259 260/292/260
f 238/287/238 237/285/237 252/291/252 253/293/253
f 246/271/246 245/286/245 260/292/260 261/294/261
f 239/273/239 238/287/238 253/293/253 254/295/254
f 247/272/247 246/271/246 261/294/261 262/296/262
f 240/274/240 239/273/239 254/295/254 255/297/255
f 248/275/248 247/272/247 262/296/262 263/298/263
f 241/276/241 240/274/240 255/297/255 256/299/256
f 234/278/234 1/300/1 249/301/249
f 8/302/8 248/275/248 263/298/263
f 242/280/242 241/276/241 256/299/256 257/303/257
f 235/281/235 234/278/234 249/301/249 250/304/250
f 243/282/243 242/280/242 257/303/257 258/288/258
f 236/283/236 235/281/235 250/304/250 251/290/251
f 263/298/263 262/296/262 277/305/277 278/306/278
f 256/299/256 255/297/255 270/307/270 271/308/271
f 249/301/249 1/309/1 264/310/264
f 8/311/8 263/298/263 278/306/278
f 257/303/257 256/299/256 271/308/271 272/312/272
f 250/304/250 249/301/249 264/310/264 265/313/265
f 258/288/258 257/303/257 272/312/272 273/314/273
f 251/290/251 250/304/250 265/313/265 266/315/266
f 259/289/259 258/288/258 273/314/273 274/316/274
f 252/291/252 251/290/251 266/315/266 267/317/267
f 260/292/260 259/289/259 274/316/274 275/318/275
f 253/293/253 252/291/252 267/317/267 268/319/268
f 261/294/261 260/292/260 275/318/275 276/320/276
f 254/295/254 253/293/253 268/319/268 269/321/269
f 262/296/262 261/294/261 276/320/276 277/305/277
f 255/297/255 254/295/254 269/321/269 270/307/270
f 267/317/267 266/315/266 281/322/281 282/323/282
f 275/318/275 274/316/274 289/324/289 290/325/290
f 268/319/268 267/317/267 282/323/282 283/326/283
f 276/320/276 275/318/275 290/325/290 291/327/291
f 269/321/269 268/319/268 283/326/283 284/328/284
f 277/305/277 276/320/276 291/327/291 292/329/292
f 270/307/270 269/321/269 284/328/284 285/330/285
f 278/306/278 277/305/277 292/329/292 293/331/293
f 271/308/271 270/307/270 285/330/285 286/332/286
f 264/310/264 1/333/1 279/334/279
f 8/335/8 278/306/278 293/331/293
f 272/312/272 271/308/271 286/332/286 287/336/287
f 265/313/265 264/310/264 279/334/279 280/337/280
f 273/314/273 272/312/272 287/336/287 288/338/288
f 266/315/266 265/313/265 280/337/280 281/322/281
f 274/316/274 273/314/273 288/338/288 289/324/289
f 286/332/286 285/330/285 300/339/300 301/340/301
f 279/334/279 1/341/1 294/342/294
f 8/343/8 293/331/293 308/344/308
f 287/336/287 286/332/286 301/340/301 302/345/302
f 280/337/280 279/334/279 294/342/294 295/346/295
f 288/338/288 287/336/287 302/345/302 303/347/303
f 281/322/281 280/337/280 295/346/295 296/348/296
f 289/324/289 288/338/288 303/347/303 304/349/304
f 282/323/282 281/322/281 296/348/296 297/350/297
f 290/325/290 289/324/289 304/349/304 305/351/305
f 283/326/283 282/323/282 297/350/297 298/352/298
f 291/327/291 290/325/290 305/351/305 306/353/306
f 284/328/284 283/326/283 298/352/298 299/354/299
f 292/329/292 291/327/291 306/353/306 307/355/307
f 285/330/285 284/328/284 299/354/299 300/339/300
f 293/331/293 292/329/292 307/355/307 308/344/308
f 305/351/305 304/349/304 319/356/319 320/357/320
f 298/352/298 297/350/297 312/358/312 313/359/313
f 306/353/306 305/351/305 320/357/320 321/360/321
f 299/354/299 298/352/298 313/359/313 314/361/314
f 307/355/307 306/353/306 321/360/321 322/362/322
f 300/339/300 299/354/299 314/361/314 315/363/315
f 308/344/308 307/355/307 322/362/322 323/364/323
f 301/340/301 300/339/300 315/363/315 316/365/316
f 294/342/294 1/366/1 309/367/309
f 8/368/8 308/344/308 323/364/323
f 302/345/302 301/340/301 316/365/316 317/369/317
f 295/346/295 294/342/294 309/367/309 310/370/310
f 303/347/303 302/345/302 317/369/317 318/371/318
f 296/348/296 295/346/295 310/370/310 311/372/311
f 304/349/304 303/347/303 318/371/318 319/356/319
f 297/350/297 296/348/296 311/372/311 312/358/312
f 309/367/309 1/373/1 324/374/324
f 8/375/8 323/364/323 338/376/338
f 317/369/317 316/365/316 331/377/331 332/378/332
f 310/370/310 309/367/309 324/374/324 325/379/325
f 318/371/318 317/369/317 332/378/332 333/380/333
f 311/372/311 310/370/310 325/379/325 326/381/326
f 319/356/319 318/371/318 333/380/333 334/382/334
f 312/358/312 311/372/311 326/381/326 327/383/327
f 320/357/320 319/356/319 334/382/334 335/384/335
f 313/359/313 312/358/312 327/383/327 328/385/328
f 321/360/321 320/357/320 335/384/335 336/386/336
f 314/361/314 313/359/313 328/385/328 329/387/329
f 322/362/322 321/360/321 336/386/336 337/388/337
f 315/363/315 314/361/314 329/387/329 330/389/330
f 323/364/323 322/362/322 337/388/337 338/376/338
f 316/365/316 315/363/315 330/389/330 331/377/331
f 328/385/328 327/383/327 342/390/342 343/391/343
f 336/386/336 335/384/335 350/392/350 351/393/351
f 329/387/329 328/385/328 343/391/343 344/394/344
f 337/388/337 336/386/336 351/393/351 352/395/352
f 330/389/330 329/387/329 344/394/344 345/396/345
f 338/376/338 337/388/337 352/395/352 353/397/353
f 331/377/331 330/389/330 345/396/345 346/398/346
f 324/374/324 1/399/1 339/400/339
f 8/401/8 338/376/338 353/397/353
f 332/378/332 331/377/331 346/398/346 347/402/347
f 325/379/325 324/374/324 339/400/339 340/403/340
f 333/380/333 332/378/332 347/402/347 348/404/348
f 326/381/326 325/379/325 340/403/340 341/405/341
f 334/382/334 333/380/333 348/404/348 349/406/349
f 327/383/327 326/381/326 341/405/341 342/390/342
f 335/384/335 334/382/334 349/406/349 350/392/350
f 347/402/347 346/398/346 361/407/361 362/408/362
f 340/403/340 339/400/339 354/409/354 355/410/355
f 348/404/348 347/402/347 362/408/362 363/411/363
f 341/405/341 340/403/340 355/410/355 356/412/356
f 349/406/349 348/404/348 363/411/363 364/413/364
f 342/390/342 341/405/341 356/412/356 357/414/357
f 350/392/350 349/406/349 364/413/364 365/415/365
f 343/391/343 342/390/342 357/414/357 358/416/358
f 351/393/351 350/392/350 365/415/365 366/417/366
f 344/394/344 343/391/343 358/416/358 359/418/359
f 352/395/352 351/393/351 366/417/366 367/419/367
f 345/396/345 344/394/344 359/418/359 360/420/360
f 353/397/353 352/395/352 367/419/367 368/421/368
f 346/398/346 345/396/345 360/420/360 361/407/361
f 339/400/339 1/422/1 354/409/354
f 8/423/8 353/397/353 368/421/368
f 366/424/366 365/425/365 380/426/380 381/427/381
f 359/428/359 358/429/358 373/430/373 374/431/374
f 367/432/367 366/424/366 381/427/381 382/433/382
f 360/434/360 359/428/359 374/431/374 375/435/375
f 368/436/368 367/432/367 382/433/382 383/437/383
f 361/438/361 360/434/360 375/435/375 376/439/376
f 354/440/354 1/441/1 369/442/369
f 8/443/8 368/436/368 383/437/383
f 362/444/362 361/438/361 376/439/376 377/445/377
f 355/446/355 354/440/354 369/442/369 370/447/370
f 363/448/363 362/444/362 377/445/377 378/449/378
f 356/450/356 355/446/355 370/447/370 371/451/371
f 364/452/364 363/448/363 378/449/378 379/453/379
f 357/454/357 356/450/356 371/451/371 372/455/372
f 365/425/365 364/452/364 379/453/379 380/426/380
f 358/429/358 357/454/357 372/455/372 373/430/373
f 378/449/378 377/445/377 392/456/392 393/457/393
f 371/451/371 370/447/370 385/458/385 386/459/386
f 379/453/379 378/449/378 393/457/393 394/460/394
f 372/455/372 371/451/371 386/459/386 387/461/387
f 380/426/380 379/453/379 394/460/394 395/462/395
f 373/430/373 372/455/372 387/461/387 388/463/388
f 381/427/381 380/426/380 395/462/395 396/464/396
f 374/431/374 373/430/373 388/463/388 389/465/389
f 382/433/382 381/427/381 396/464/396 397/466/397
f 375/435/375 374/431/374 389/465/389 390/467/390
f 383/437/383 382/433/382 397/466/397 398/468/398
f 376/439/376 375/435/375 390/467/390 391/469/391
f 369/442/369 1/470/1 384/471/384
f 8/472/8 383/437/383 398/468/398
f 377/445/377 376/439/376 391/469/391 392/456/392
f 370/447/370 369/442/369 384/471/384 385/458/385
f 397/466/397 396/464/396 411/473/411 412/474/412
f 390/467/390 389/465/389 404/475/404 405/476/405
f 398/468/398 397/466/397 412/474/412 413/477/413
f 391/469/391 390/467/390 405/476/405 406/478/406
f 384/471/384 1/479/1 399/480/399
f 8/481/8 398/468/398 413/477/413
f 392/456/392 391/469/391 406/478/406 407/482/407
f 385/458/385 384/471/384 399/480/399 400/483/400
f 393/457/393 392/456/392 407/482/407 408/484/408
f 386/459/386 385/458/385 400/483/400 401/485/401
f 394/460/394 393/457/393 408/484/408 409/486/409
f 387/461/387 386/459/386 401/485/401 402/487/402
f 395/462/395 394/460/394 409/486/409 410/488/410
f 388/463/388 387/461/387 402/487/402 403/489/403
f 396/464/396 395/462/395 410/488/410 411/473/411
f 389/465/389 388/463/388 403/489/403 404/475/404
f 401/485/401 400/483/400 415/490/415 416/491/416
f 409/486/409 408/484/408 423/492/423 424/493/424
f 402/487/402 401/485/401 416/491/416 417/494/417
f 410/488/410 409/486/409 424/493/424 425/495/425
f 403/489/403 402/487/402 417/494/417 418/496/418
f 411/473/411 410/488/410 425/495/425 426/497/426
f 404/475/404 403/489/403 418/496/418 419/498/419
f 412/474/412 411/473/411 426/497/426 427/499/427
f 405/476/405 404/475/404 419/498/419 420/500/420
f 413/477/413 412/474/412 427/499/427 428/501/428
f 406/478/406 405/476/405 420/500/420 421/502/421
f 399/480/399 1/503/1 414/504/414
f 8/505/8 413/477/413 428/501/428
f 407/482/407 406/478/406 421/502/421 422/506/422
f 400/483/400 399/480/399 414/504/414 415/490/415
f 408/484/408 407/482/407 422/506/422 423/492/423
f 420/500/420 419/498/419 434/507/434 435/508/435
f 428/501/428 427/499/427 442/509/442 443/510/443
f 421/502/421 420/500/420 435/508/435 436/511/436
f 414/504/414 1/512/1 429/513/429
f 8/514/8 428/501/428 443/510/443
f 422/506/422 421/502/421 436/511/436 437/515/437
f 415/490/415 414/504/414 429/513/429 430/516/430
f 423/492/423 422/506/422 437/515/437 438/517/438
f 416/491/416 415/490/415 430/516/430 431/518/431
f 424/493/424 423/492/423 438/517/438 439/519/439
f 417/494/417 416/491/416 431/518/431 432/520/432
f 425/495/425 424/493/424 439/519/439 440/521/440
f 418/496/418 417/494/417 432/520/432 433/522/433
f 426/497/426 425/495/425 440/521/440 441/523/441
f 419/498/419 418/496/418 433/522/433 434/507/434
f 427/499/427 426/497/426 441/523/441 442/509/442
f 439/519/439 438/517/438 453/524/453 454/525/454
f 432/520/432 431/518/431 446/526/446 447/527/447
f 440/521/440 439/519/439 454/525/454 455/528/455
f 433/522/433 432/520/432 447/527/447 448/529/448
f 441/523/441 440/521/440 455/528/455 456/530/456
f 434/507/434 433/522/433 448/529/448 449/531/449
f 442/509/442 441/523/441 456/530/456 457/532/457
f 435/508/435 434/507/434 449/531/449 450/533/450
f 443/510/443 442/509/442 457/532/457 458/534/458
f 436/511/436 435/508/435 450/533/450 451/535/451
f 429/513/429 1/536/1 444/537/444
f 8/538/8 443/510/443 458/534/458
f 437/515/437 436/511/436 451/535/451 452/539/452
f 430/516/430 429/513/429 444/537/444 445/540/445
f 438/517/438 437/515/437 452/539/452 453/524/453
f 431/518/431 430/516/430 445/540/445 446/526/446
f 458/534/458 457/532/457 472/541/472 473/542/473
f 451/535/451 450/533/450 465/543/465 466/544/466
f 444/537/444 1/545/1 459/546/459
f 8/547/8 458/534/458 473/542/473
f 452/539/452 451/535/451 466/544/466 467/548/467
f 445/540/445 444/537/444 459/546/459 460/549/460
f 453/524/453 452/539/452 467/548/467 468/550/468
f 446/526/446 445/540/445 460/549/460 461/551/461
f 454/525/454 453/524/453 468/550/468 469/552/469
f 447/527/447 446/526/446 461/551/461 462/553/462
f 455/528/455 454/525/454 469/552/469 470/554/470
f 448/529/448 447/527/447 462/553/462 463/555/463
f 456/530/456 455/528/455 470/554/470 471/556/471
f 449/531/449 448/529/448 463/555/463 464/557/464
f 457/532/457 456/530/456 471/556/471 472/541/472
f 450/533/450 449/531/449 464/557/464 465/543/465
f 462/553/462 461/551/461 2/6/2 476/5/476
f 470/554/470 469/552/469 7/1/7 479/9/479
f 463/555/463 462/553/462 476/5/476 3/11/3
f 471/556/471 470/554/470 479/9/479 480/13/480
f 464/557/464 463/555/463 3/11/3 477/15/477
f 472/541/472 471/556/471 480/13/480 481/17/481
f 465/543/465 464/557/464 477/15/477 4/19/4
f 473/542/473 472/541/472 481/17/481 482/21/482
f 466/544/466 465/543/465 4/19/4 5/23/5
f 459/546/459 1/558/1 474/25/474
f 8/559/8 473/542/473 482/21/482
f 467/548/467 466/544/466 5/23/5 6/29/6
f 460/549/460 459/546/459 474/25/474 475/31/475
f 468/550/468 467/548/467 6/29/6 478/2/478
f 461/551/461 460/549/460 475/31/475 2/6/2
f 469/552/469 468/550/468 478/2/478 7/1/7
f 489/1/238 501/4/253 500/3/254 960/2/239
f 958/5/245 494/8/260 493/7/261 484/6/246
f 961/9/237 502/10/252 501/4/253 489/1/238
f 485/11/244 495/12/259 494/8/260 958/5/245
f 962/13/236 503/14/251 502/10/252 961/9/237
f 959/15/243 496/16/258 495/12/259 485/11/244
f 963/17/235 504/18/250 503/14/251 962/13/236
f 486/19/242 497/20/257 496/16/258 959/15/243
f 964/21/234 505/22/249 504/18/250 963/17/235
f 487/23/241 498/24/256 497/20/257 486/19/242
f 956/25/248 491/27/263 483/26/8
f 490/28/1 505/22/249 964/21/234
f 488/29/240 499/30/255 498/24/256 487/23/241
f 957/31/247 492/32/262 491/27/263 956/25/248
f 960/2/239 500/3/254 499/30/255 488/29/240
f 484/6/246 493/7/261 492/32/262 957/31/247
f 500/3/254 515/34/269 514/33/270 499/30/255
f 493/7/261 508/36/276 507/35/277 492/32/262
f 501/4/253 516/37/268 515/34/269 500/3/254
f 494/8/260 509/38/275 508/36/276 493/7/261
f 502/10/252 517/39/267 516/37/268 501/4/253
f 495/12/259 510/40/274 509/38/275 494/8/260
f 503/14/251 518/41/266 517/39/267 502/10/252
f 496/16/258 511/42/273 510/40/274 495/12/259
f 504/18/250 519/43/265 518/41/266 503/14/251
f 497/20/257 512/44/272 511/42/273 496/16/258
f 505/22/249 520/45/264 519/43/265 504/18/250
f 498/24/256 513/46/271 512/44/272 497/20/257
f 491/27/263 506/48/278 483/47/8
f 490/49/1 520/45/264 505/22/249
f 499/30/255 514/33/270 513/46/271 498/24/256
f 492/32/262 507/35/277 506/48/278 491/27/263
f 519/43/265 534/51/280 533/50/281 518/41/266
f 512/44/272 527/53/287 526/52/288 511/42/273
f 520/45/264 535/54/279 534/51/280 519/43/265
f 513/46/271 528/55/286 527/53/287 512/44/272
f 506/48/278 521/57/293 483/56/8
f 490/58/1 535/54/279 520/45/264
f 514/33/270 529/59/285 528/55/286 513/46/271
f 507/35/277 522/60/292 521/57/293 506/48/278
f 515/34/269 530/61/284 529/59/285 514/33/270
f 508/36/276 523/62/291 522/60/292 507/35/277
f 516/37/268 531/63/283 530/61/284 515/34/269
f 509/38/275 524/64/290 523/62/291 508/36/276
f 517/39/267 532/65/282 531/63/283 516/37/268
f 510/40/274 525/66/289 524/64/290 509/38/275
f 518/41/266 533/50/281 532/65/282 517/39/267
f 511/42/273 526/52/288 525/66/289 510/40/274
f 523/62/291 538/68/306 537/67/307 522/60/292
f 531/63/283 546/70/298 545/69/299 530/61/284
f 524/64/290 539/71/305 538/68/306 523/62/291
f 532/65/282 547/72/297 546/70/298 531/63/283
f 525/66/289 540/73/304 539/71/305 524/64/290
f 533/50/281 548/74/296 547/72/297 532/65/282
f 526/52/288 541/75/303 540/73/304 525/66/289
f 534/51/280 549/76/295 548/74/296 533/50/281
f 527/53/287 542/77/302 541/75/303 526/52/288
f 535/54/279 550/78/294 549/76/295 534/51/280
f 528/55/286 543/79/301 542/77/302 527/53/287
f 521/57/293 536/81/308 483/80/8
f 490/82/1 550/78/294 535/54/279
f 529/59/285 544/83/300 543/79/301 528/55/286
f 522/60/292 537/67/307 536/81/308 521/57/293
f 530/61/284 545/69/299 544/83/300 529/59/285
f 542/77/302 557/85/317 556/84/318 541/75/303
f 550/78/294 565/87/309 564/86/310 549/76/295
f 543/79/301 558/88/316 557/85/317 542/77/302
f 536/81/308 551/90/323 483/89/8
f 490/91/1 565/87/309 550/78/294
f 544/83/300 559/92/315 558/88/316 543/79/301
f 537/67/307 552/93/322 551/90/323 536/81/308
f 545/69/299 560/94/314 559/92/315 544/83/300
f 538/68/306 553/95/321 552/93/322 537/67/307
f 546/70/298 561/96/313 560/94/314 545/69/299
f 539/71/305 554/97/320 553/95/321 538/68/306
f 547/72/297 562/98/312 561/96/313 546/70/298
f 540/73/304 555/99/319 554/97/320 539/71/305
f 548/74/296 563/100/311 562/98/312 547/72/297
f 541/75/303 556/84/318 555/99/319 540/73/304
f 549/76/295 564/86/310 563/100/311 548/74/296
f 561/96/313 576/102/328 575/101/329 560/94/314
f 554/97/320 569/104/335 568/103/336 553/95/321
f 562/98/312 577/105/327 576/102/328 561/96/313
f 555/99/319 570/106/334 569/104/335 554/97/320
f 563/100/311 578/107/326 577/105/327 562/98/312
f 556/84/318 571/108/333 570/106/334 555/99/319
f 564/86/310 579/109/325 578/107/326 563/100/311
f 557/85/317 572/110/332 571/108/333 556/84/318
f 565/87/309 580/111/324 579/109/325 564/86/310
f 558/88/316 573/112/331 572/110/332 557/85/317
f 551/90/323 566/114/338 483/113/8
f 490/115/1 580/111/324 565/87/309
f 559/92/315 574/116/330 573/112/331 558/88/316
f 552/93/322 567/117/337 566/114/338 551/90/323
f 560/94/314 575/101/329 574/116/330 559/92/315
f 553/95/321 568/103/336 567/117/337 552/93/322
f 580/111/324 595/119/339 594/118/340 579/109/325
f 573/112/331 588/121/346 587/120/347 572/110/332
f 566/114/338 581/123/353 483/122/8
f 490/124/1 595/119/339 580/111/324
f 574/116/330 589/125/345 588/121/346 573/112/331
f 567/117/337 582/126/352 581/123/353 566/114/338
f 575/101/329 590/127/344 589/125/345 574/116/330
f 568/103/336 583/128/351 582/126/352 567/117/337
f 576/102/328 591/129/343 590/127/344 575/101/329
f 569/104/335 584/130/350 583/128/351 568/103/336
f 577/105/327 592/131/342 591/129/343 576/102/328
f 570/106/334 585/132/349 584/130/350 569/104/335
f 578/107/326 593/133/341 592/131/342 577/105/327
f 571/108/333 586/134/348 585/132/349 570/106/334
f 579/109/325 594/118/340 593/133/341 578/107/326
f 572/110/332 587/120/347 586/134/348 571/108/333
f 592/131/342 607/136/357 606/135/358 591/129/343
f 585/132/349 600/138/364 599/137/365 584/130/350
f 593/133/341 608/139/356 607/136/357 592/131/342
f 586/134/348 601/140/363 600/138/364 585/132/349
f 594/118/340 609/141/355 608/139/356 593/133/341
f 587/120/347 602/142/362 601/140/363 586/134/348
f 595/119/339 610/143/354 609/141/355 594/118/340
f 588/121/346 603/144/361 602/142/362 587/120/347
f 581/123/353 596/146/368 483/145/8
f 490/147/1 610/143/354 595/119/339
f 589/125/345 604/148/360 603/144/361 588/121/346
f 582/126/352 597/149/367 596/146/368 581/123/353
f 590/127/344 605/150/359 604/148/360 589/125/345
f 583/128/351 598/151/366 597/149/367 582/126/352
f 591/129/343 606/135/358 605/150/359 590/127/344
f 584/130/350 599/137/365 598/151/366 583/128/351
f 596/146/368 611/153/383 483/152/8
f 490/154/1 625/155/369 610/143/354
f 604/148/360 619/157/375 618/156/376 603/144/361
f 597/149/367 612/158/382 611/153/383 596/146/368
f 605/150/359 620/159/374 619/157/375 604/148/360
f 598/151/366 613/160/381 612/158/382 597/149/367
f 606/135/358 621/161/373 620/159/374 605/150/359
f 599/137/365 614/162/380 613/160/381 598/151/366
f 607/136/357 622/163/372 621/161/373 606/135/358
f 600/138/364 615/164/379 614/162/380 599/137/365
f 608/139/356 623/165/371 622/163/372 607/136/357
f 601/140/363 616/166/378 615/164/379 600/138/364
f 609/141/355 624/167/370 623/165/371 608/139/356
f 602/142/362 617/168/377 616/166/378 601/140/363
f 610/143/354 625/155/369 624/167/370 609/141/355
f 603/144/361 618/156/376 617/168/377 602/142/362
f 615/164/379 630/170/394 629/169/395 614/162/380
f 623/165/371 638/172/386 637/171/387 622/163/372
f 616/166/378 631/173/393 630/170/394 615/164/379
f 624/167/370 639/174/385 638/172/386 623/165/371
f 617/168/377 632/175/392 631/173/393 616/166/378
f 625/155/369 640/176/384 639/174/385 624/167/370
f 618/156/376 633/177/391 632/175/392 617/168/377
f 611/153/383 626/179/398 483/178/8
f 490/180/1 640/176/384 625/155/369
f 619/157/375 634/181/390 633/177/391 618/156/376
f 612/158/382 627/182/397 626/179/398 611/153/383
f 620/159/374 635/183/389 634/181/390 619/157/375
f 613/160/381 628/184/396 627/182/397 612/158/382
f 621/161/373 636/185/388 635/183/389 620/159/374
f 614/162/380 629/169/395 628/184/396 613/160/381
f 622/163/372 637/171/387 636/185/388 621/161/373
f 634/181/390 649/187/405 648/186/406 633/177/391
f 627/182/397 642/189/412 641/188/413 626/179/398
f 635/183/389 650/190/404 649/187/405 634/181/390
f 628/184/396 643/191/411 642/189/412 627/182/397
f 636/185/388 651/192/403 650/190/404 635/183/389
f 629/169/395 644/193/410 643/191/411 628/184/396
f 637/171/387 652/194/402 651/192/403 636/185/388
f 630/170/394 645/195/409 644/193/410 629/169/395
f 638/172/386 653/196/401 652/194/402 637/171/387
f 631/173/393 646/197/408 645/195/409 630/170/394
f 639/174/385 654/198/400 653/196/401 638/172/386
f 632/175/392 647/199/407 646/197/408 631/173/393
f 640/176/384 655/200/399 654/198/400 639/174/385
f 633/177/391 648/186/406 647/199/407 632/175/392
f 626/179/398 641/188/413 483/201/8
f 490/202/1 655/200/399 640/176/384
f 653/196/401 668/204/416 667/203/417 652/194/402
f 646/197/408 661/206/423 660/205/424 645/195/409
f 654/198/400 669/207/415 668/204/416 653/196/401
f 647/199/407 662/208/422 661/206/423 646/197/408
f 655/200/399 670/209/414 669/207/415 654/198/400
f 648/186/406 663/210/421 662/208/422 647/199/407
f 641/188/413 656/212/428 483/211/8
f 490/213/1 670/209/414 655/200/399
f 649/187/405 664/214/420 663/210/421 648/186/406
f 642/189/412 657/215/427 656/212/428 641/188/413
f 650/190/404 665/216/419 664/214/420 649/187/405
f 643/191/411 658/217/426 657/215/427 642/189/412
f 651/192/403 666/218/418 665/216/419 650/190/404
f 644/193/410 659/219/425 658/217/426 643/191/411
f 652/194/402 667/203/417 666/218/418 651/192/403
f 645/195/409 660/205/424 659/219/425 644/193/410
f 657/215/427 672/221/442 671/220/443 656/212/428
f 665/216/419 680/223/434 679/222/435 664/214/420
f 658/217/426 673/224/441 672/221/442 657/215/427
f 666/218/418 681/225/433 680/223/434 665/216/419
f 659/219/425 674/226/440 673/224/441 658/217/426
f 667/203/417 682/227/432 681/225/433 666/218/418
f 660/205/424 675/228/439 674/226/440 659/219/425
f 668/204/416 683/229/431 682/227/432 667/203/417
f 661/206/423 676/230/438 675/228/439 660/205/424
f 669/207/415 684/231/430 683/229/431 668/204/416
f 662/208/422 677/232/437 676/230/438 661/206/423
f 670/209/414 685/233/429 684/231/430 669/207/415
f 663/210/421 678/234/436 677/232/437 662/208/422
f 656/212/428 671/220/443 483/235/8
f 490/236/1 685/233/429 670/209/414
f 664/214/420 679/222/435 678/234/436 663/210/421
f 676/230/438 691/238/453 690/237/454 675/228/439
f 684/231/430 699/240/445 698/239/446 683/229/431
f 677/232/437 692/241/452 691/238/453 676/230/438
f 685/233/429 700/242/444 699/240/445 684/231/430
f 678/234/436 693/243/451 692/241/452 677/232/437
f 671/220/443 686/245/458 483/244/8
f 490/246/1 700/242/444 685/233/429
f 679/222/435 694/247/450 693/243/451 678/234/436
f 672/221/442 687/248/457 686/245/458 671/220/443
f 680/223/434 695/249/449 694/247/450 679/222/435
f 673/224/441 688/250/456 687/248/457 672/221/442
f 681/225/433 696/251/448 695/249/449 680/223/434
f 674/226/440 689/252/455 688/250/456 673/224/441
f 682/227/432 697/253/447 696/251/448 681/225/433
f 675/228/439 690/237/454 689/252/455 674/226/440
f 683/229/431 698/239/446 697/253/447 682/227/432
f 695/249/449 710/255/464 709/254/465 694/247/450
f 688/250/456 703/257/471 702/256/472 687/248/457
f 696/251/448 711/258/463 710/255/464 695/249/449
f 689/252/455 704/259/470 703/257/471 688/250/456
f 697/253/447 712/260/462 711/258/463 696/251/448
f 690/237/454 705/261/469 704/259/470 689/252/455
f 698/239/446 713/262/461 712/260/462 697/253/447
f 691/238/453 706/263/468 705/261/469 690/237/454
f 699/240/445 714/264/460 713/262/461 698/239/446
f 692/241/452 707/265/467 706/263/468 691/238/453
f 700/242/444 715/266/459 714/264/460 699/240/445
f 693/243/451 708/267/466 707/265/467 692/241/452
f 686/245/458 701/269/473 483/268/8
f 490/270/1 715/266/459 700/242/444
f 694/247/450 709/254/465 708/267/466 693/243/451
f 687/248/457 702/256/472 701/269/473 686/245/458
f 714/264/460 729/272/475 728/271/2 713/262/461
f 707/265/467 722/274/6 721/273/478 706/263/468
f 715/266/459 730/275/474 729/272/475 714/264/460
f 708/267/466 723/276/5 722/274/6 707/265/467
f 701/269/473 716/278/482 483/277/8
f 490/279/1 730/275/474 715/266/459
f 709/254/465 724/280/4 723/276/5 708/267/466
f 702/256/472 717/281/481 716/278/482 701/269/473
f 710/255/464 725/282/477 724/280/4 709/254/465
f 703/257/471 718/283/480 717/281/481 702/256/472
f 711/258/463 726/284/3 725/282/477 710/255/464
f 704/259/470 719/285/479 718/283/480 703/257/471
f 712/260/462 727/286/476 726/284/3 711/258/463
f 705/261/469 720/287/7 719/285/479 704/259/470
f 713/262/461 728/271/2 727/286/476 712/260/462
f 706/263/468 721/273/478 720/287/7 705/261/469
f 726/284/3 741/289/13 740/288/14 725/282/477
f 719/285/479 734/291/20 733/290/21 718/283/480
f 727/286/476 742/292/12 741/289/13 726/284/3
f 720/287/7 735/293/19 734/291/20 719/285/479
f 728/271/2 743/294/11 742/292/12 727/286/476
f 721/273/478 736/295/18 735/293/19 720/287/7
f 729/272/475 744/296/10 743/294/11 728/271/2
f 722/274/6 737/297/17 736/295/18 721/273/478
f 730/275/474 745/298/9 744/296/10 729/272/475
f 723/276/5 738/299/16 737/297/17 722/274/6
f 716/278/482 731/301/23 483/300/8
f 490/302/1 745/298/9 730/275/474
f 724/280/4 739/303/15 738/299/16 723/276/5
f 717/281/481 732/304/22 731/301/23 716/278/482
f 725/282/477 740/288/14 739/303/15 724/280/4
f 718/283/480 733/290/21 732/304/22 717/281/481
f 745/298/9 760/306/24 759/305/25 744/296/10
f 738/299/16 753/308/31 752/307/32 737/297/17
f 731/301/23 746/310/38 483/309/8
f 490/311/1 760/306/24 745/298/9
f 739/303/15 754/312/30 753/308/31 738/299/16
f 732/304/22 747/313/37 746/310/38 731/301/23
f 740/288/14 755/314/29 754/312/30 739/303/15
f 733/290/21 748/315/36 747/313/37 732/304/22
f 741/289/13 756/316/28 755/314/29 740/288/14
f 734/291/20 749/317/35 748/315/36 733/290/21
f 742/292/12 757/318/27 756/316/28 741/289/13
f 735/293/19 750/319/34 749/317/35 734/291/20
f 743/294/11 758/320/26 757/318/27 742/292/12
f 736/295/18 751/321/33 750/319/34 735/293/19
f 744/296/10 759/305/25 758/320/26 743/294/11
f 737/297/17 752/307/32 751/321/33 736/295/18
f 749/317/35 764/323/50 763/322/51 748/315/36
f 757/318/27 772/325/42 771/324/43 756/316/28
f 750/319/34 765/326/49 764/323/50 749/317/35
f 758/320/26 773/327/41 772/325/42 757/318/27
f 751/321/33 766/328/48 765/326/49 750/319/34
f 759/305/25 774/329/40 773/327/41 758/320/26
f 752/307/32 767/330/47 766/328/48 751/321/33
f 760/306/24 775/331/39 774/329/40 759/305/25
f 753/308/31 768/332/46 767/330/47 752/307/32
f 746/310/38 761/334/53 483/333/8
f 490/335/1 775/331/39 760/306/24
f 754/312/30 769/336/45 768/332/46 753/308/31
f 747/313/37 762/337/52 761/334/53 746/310/38
f 755/314/29 770/338/44 769/336/45 754/312/30
f 748/315/36 763/322/51 762/337/52 747/313/37
f 756/316/28 771/324/43 770/338/44 755/314/29
f 768/332/46 783/340/61 782/339/62 767/330/47
f 761/334/53 776/342/68 483/341/8
f 490/343/1 790/344/54 775/331/39
f 769/336/45 784/345/60 783/340/61 768/332/46
f 762/337/52 777/346/67 776/342/68 761/334/53
f 770/338/44 785/347/59 784/345/60 769/336/45
f 763/322/51 778/348/66 777/346/67 762/337/52
f 771/324/43 786/349/58 785/347/59 770/338/44
f 764/323/50 779/350/65 778/348/66 763/322/51
f 772/325/42 787/351/57 786/349/58 771/324/43
f 765/326/49 780/352/64 779/350/65 764/323/50
f 773/327/41 788/353/56 787/351/57 772/325/42
f 766/328/48 781/354/63 780/352/64 765/326/49
f 774/329/40 789/355/55 788/353/56 773/327/41
f 767/330/47 782/339/62 781/354/63 766/328/48
f 775/331/39 790/344/54 789/355/55 774/329/40
f 787/351/57 802/357/72 801/356/73 786/349/58
f 780/352/64 795/359/79 794/358/80 779/350/65
f 788/353/56 803/360/71 802/357/72 787/351/57
f 781/354/63 796/361/78 795/359/79 780/352/64
f 789/355/55 804/362/70 803/360/71 788/353/56
f 782/339/62 797/363/77 796/361/78 781/354/63
f 790/344/54 805/364/69 804/362/70 789/355/55
f 783/340/61 798/365/76 797/363/77 782/339/62
f 776/342/68 791/367/83 483/366/8
f 490/368/1 805/364/69 790/344/54
f 784/345/60 799/369/75 798/365/76 783/340/61
f 777/346/67 792/370/82 791/367/83 776/342/68
f 785/347/59 800/371/74 799/369/75 784/345/60
f 778/348/66 793/372/81 792/370/82 777/346/67
f 786/349/58 801/356/73 800/371/74 785/347/59
f 779/350/65 794/358/80 793/372/81 778/348/66
f 791/367/83 806/374/98 483/373/8
f 490/375/1 820/376/84 805/364/69
f 799/369/75 814/378/90 813/377/91 798/365/76
f 792/370/82 807/379/97 806/374/98 791/367/83
f 800/371/74 815/380/89 814/378/90 799/369/75
f 793/372/81 808/381/96 807/379/97 792/370/82
f 801/356/73 816/382/88 815/380/89 800/371/74
f 794/358/80 809/383/95 808/381/96 793/372/81
f 802/357/72 817/384/87 816/382/88 801/356/73
f 795/359/79 810/385/94 809/383/95 794/358/80
f 803/360/71 818/386/86 817/384/87 802/357/72
f 796/361/78 811/387/93 810/385/94 795/359/79
f 804/362/70 819/388/85 818/386/86 803/360/71
f 797/363/77 812/389/92 811/387/93 796/361/78
f 805/364/69 820/376/84 819/388/85 804/362/70
f 798/365/76 813/377/91 812/389/92 797/363/77
f 810/385/94 825/391/109 824/390/110 809/383/95
f 818/386/86 833/393/101 832/392/102 817/384/87
f 811/387/93 826/394/108 825/391/109 810/385/94
f 819/388/85 834/395/100 833/393/101 818/386/86
f 812/389/92 827/396/107 826/394/108 811/387/93
f 820/376/84 835/397/99 834/395/100 819/388/85
f 813/377/91 828/398/106 827/396/107 812/389/92
f 806/374/98 821/400/113 483/399/8
f 490/401/1 835/397/99 820/376/84
f 814/378/90 829/402/105 828/398/106 813/377/91
f 807/379/97 822/403/112 821/400/113 806/374/98
f 815/380/89 830/404/104 829/402/105 814/378/90
f 808/381/96 823/405/111 822/403/112 807/379/97
f 816/382/88 831/406/103 830/404/104 815/380/89
f 809/383/95 824/390/110 823/405/111 808/381/96
f 817/384/87 832/392/102 831/406/103 816/382/88
f 829/402/105 844/408/120 843/407/121 828/398/106
f 822/403/112 837/410/127 836/409/128 821/400/113
f 830/404/104 845/411/119 844/408/120 829/402/105
f 823/405/111 838/412/126 837/410/127 822/403/112
f 831/406/103 846/413/118 845/411/119 830/404/104
f 824/390/110 839/414/125 838/412/126 823/405/111
f 832/392/102 847/415/117 846/413/118 831/406/103
f 825/391/109 840/416/124 839/414/125 824/390/110
f 833/393/101 848/417/116 847/415/117 832/392/102
f 826/394/108 841/418/123 840/416/124 825/391/109
f 834/395/100 849/419/115 848/417/116 833/393/101
f 827/396/107 842/420/122 841/418/123 826/394/108
f 835/397/99 850/421/114 849/419/115 834/395/100
f 828/398/106 843/407/121 842/420/122 827/396/107
f 821/400/113 836/409/128 483/422/8
f 490/423/1 850/421/114 835/397/99
f 848/424/116 863/427/131 862/426/132 847/425/117
f 841/428/123 856/431/138 855/430/139 840/429/124
f 849/432/115 864/433/130 863/427/131 848/424/116
f 842/434/122 857/435/137 856/431/138 841/428/123
f 850/436/114 865/437/129 864/433/130 849/432/115
f 843/438/121 858/439/136 857/435/137 842/434/122
f 836/440/128 851/442/143 483/441/8
f 490/443/1 865/437/129 850/436/114
f 844/444/120 859/445/135 858/439/136 843/438/121
f 837/446/127 852/447/142 851/442/143 836/440/128
f 845/448/119 860/449/134 859/445/135 844/444/120
f 838/450/126 853/451/141 852/447/142 837/446/127
f 846/452/118 861/453/133 860/449/134 845/448/119
f 839/454/125 854/455/140 853/451/141 838/450/126
f 847/425/117 862/426/132 861/453/133 846/452/118
f 840/429/124 855/430/139 854/455/140 839/454/125
f 860/449/134 875/457/149 874/456/150 859/445/135
f 853/451/141 868/459/156 867/458/157 852/447/142
f 861/453/133 876/460/148 875/457/149 860/449/134
f 854/455/140 869/461/155 868/459/156 853/451/141
f 862/426/132 877/462/147 876/460/148 861/453/133
f 855/430/139 870/463/154 869/461/155 854/455/140
f 863/427/131 878/464/146 877/462/147 862/426/132
f 856/431/138 871/465/153 870/463/154 855/430/139
f 864/433/130 879/466/145 878/464/146 863/427/131
f 857/435/137 872/467/152 871/465/153 856/431/138
f 865/437/129 880/468/144 879/466/145 864/433/130
f 858/439/136 873/469/151 872/467/152 857/435/137
f 851/442/143 866/471/158 483/470/8
f 490/472/1 880/468/144 865/437/129
f 859/445/135 874/456/150 873/469/151 858/439/136
f 852/447/142 867/458/157 866/471/158 851/442/143
f 879/466/145 894/474/160 893/473/161 878/464/146
f 872/467/152 887/476/167 886/475/168 871/465/153
f 880/468/144 895/477/159 894/474/160 879/466/145
f 873/469/151 888/478/166 887/476/167 872/467/152
f 866/471/158 881/480/173 483/479/8
f 490/481/1 895/477/159 880/468/144
f 874/456/150 889/482/165 888/478/166 873/469/151
f 867/458/157 882/483/172 881/480/173 866/471/158
f 875/457/149 890/484/164 889/482/165 874/456/150
f 868/459/156 883/485/171 882/483/172 867/458/157
f 876/460/148 891/486/163 890/484/164 875/457/149
f 869/461/155 884/487/170 883/485/171 868/459/156
f 877/462/147 892/488/162 891/486/163 876/460/148
f 870/463/154 885/489/169 884/487/170 869/461/155
f 878/464/146 893/473/161 892/488/162 877/462/147
f 871/465/153 886/475/168 885/489/169 870/463/154
f 883/485/171 898/491/186 897/490/187 882/483/172
f 891/486/163 906/493/178 905/492/179 890/484/164
f 884/487/170 899/494/185 898/491/186 883/485/171
f 892/488/162 907/495/177 906/493/178 891/486/163
f 885/489/169 900/496/184 899/494/185 884/487/170
f 893/473/161 908/497/176 907/495/177 892/488/162
f 886/475/168 901/498/183 900/496/184 885/489/169
f 894/474/160 909/499/175 908/497/176 893/473/161
f 887/476/167 902/500/182 901/498/183 886/475/168
f 895/477/159 910/501/174 909/499/175 894/474/160
f 888/478/166 903/502/181 902/500/182 887/476/167
f 881/480/173 896/504/188 483/503/8
f 490/505/1 910/501/174 895/477/159
f 889/482/165 904/506/180 903/502/181 888/478/166
f 882/483/172 897/490/187 896/504/188 881/480/173
f 890/484/164 905/492/179 904/506/180 889/482/165
f 902/500/182 917/508/197 916/507/198 901/498/183
f 910/501/174 925/510/189 924/509/190 909/499/175
f 903/502/181 918/511/196 917/508/197 902/500/182
f 896/504/188 911/513/203 483/512/8
f 490/514/1 925/510/189 910/501/174
f 904/506/180 919/515/195 918/511/196 903/502/181
f 897/490/187 912/516/202 911/513/203 896/504/188
f 905/492/179 920/517/194 919/515/195 904/506/180
f 898/491/186 913/518/201 912/516/202 897/490/187
f 906/493/178 921/519/193 920/517/194 905/492/179
f 899/494/185 914/520/200 913/518/201 898/491/186
f 907/495/177 922/521/192 921/519/193 906/493/178
f 900/496/184 915/522/199 914/520/200 899/494/185
f 908/497/176 923/523/191 922/521/192 907/495/177
f 901/498/183 916/507/198 915/522/199 900/496/184
f 909/499/175 924/509/190 923/523/191 908/497/176
f 921/519/193 936/525/208 935/524/209 920/517/194
f 914/520/200 929/527/215 928/526/216 913/518/201
f 922/521/192 937/528/207 936/525/208 921/519/193
f 915/522/199 930/529/214 929/527/215 914/520/200
f 923/523/191 938/530/206 937/528/207 922/521/192
f 916/507/198 931/531/213 930/529/214 915/522/199
f 924/509/190 939/532/205 938/530/206 923/523/191
f 917/508/197 932/533/212 931/531/213 916/507/198
f 925/510/189 940/534/204 939/532/205 924/509/190
f 918/511/196 933/535/211 932/533/212 917/508/197
f 911/513/203 926/537/218 483/536/8
f 490/538/1 940/534/204 925/510/189
f 919/515/195 934/539/210 933/535/211 918/511/196
f 912/516/202 927/540/217 926/537/218 911/513/203
f 920/517/194 935/524/209 934/539/210 919/515/195
f 913/518/201 928/526/216 927/540/217 912/516/202
f 940/534/204 955/542/219 954/541/220 939/532/205
f 933/535/211 948/544/226 947/543/227 932/533/212
f 926/537/218 941/546/233 483/545/8
f 490/547/1 955/542/219 940/534/204
f 934/539/210 949/548/225 948/544/226 933/535/211
f 927/540/217 942/549/232 941/546/233 926/537/218
f 935/524/209 950/550/224 949/548/225 934/539/210
f 928/526/216 943/551/231 942/549/232 927/540/217
f 936/525/208 951/552/223 950/550/224 935/524/209
f 929/527/215 944/553/230 943/551/231 928/526/216
f 937/528/207 952/554/222 951/552/223 936/525/208
f 930/529/214 945/555/229 944/553/230 929/527/215
f 938/530/206 953/556/221 952/554/222 937/528/207
f 931/531/213 946/557/228 945/555/229 930/529/214
f 939/532/205 954/541/220 953/556/221 938/530/206
f 932/533/212 947/543/227 946/557/228 931/531/213
f 944/553/230 958/5/245 484/6/246 943/551/231
f 952/554/222 961/9/237 489/1/238 951/552/223
f 945/555/229 485/11/244 958/5/245 944/553/230
f 953/556/221 962/13/236 961/9/237 952/554/222
f 946/557/228 959/15/243 485/11/244 945/555/229
f 954/541/220 963/17/235 962/13/236 953/556/221
f 947/543/227 486/19/242 959/15/243 946/557/228
f 955/542/219 964/21/234 963/17/235 954/541/220
f 948/544/226 487/23/241 486/19/242 947/543/227
f 941/546/233 956/25/248 483/558/8
f 490/559/1 964/21/234 955/542/219
f 949/548/225 488/29/240 487/23/241 948/544/226
f 942/549/232 957/31/247 956/25/248 941/546/233
f 950/550/224 960/2/239 488/29/240 949/548/225
f 943/551/231 484/6/246 957/31/247 942/549/232
f 951/552/223 489/1/238 960/2/239 950/550/224
o Sphere_cell
o Sphere_cell.001
o Sphere_cell.002
o Sphere_cell.003
o Sphere_cell.004
o Sphere_cell.005
o Sphere_cell.006
o Sphere_cell.007
o Sphere_cell.008
o Sphere_cell.009
o Sphere_cell.010
o Sphere_cell.011
o Sphere_cell.012
o Sphere_cell.013
o Sphere_cell.014
o Sphere_cell.015
o Sphere_cell.016
o Sphere_cell.017
o Sphere_cell.018
o Sphere_cell.019
o Sphere_cell.020
o Sphere_cell.021
o Sphere_cell.022
o Sphere_cell.023
o Sphere_cell.024
o Sphere_cell.025
o Sphere_cell.026
o Sphere_cell.027
o Sphere_cell.028
o Sphere_cell.029
o Sphere_cell.030
o Sphere_cell.031
o Sphere_cell.032
o Sphere_cell.033
o Sphere_cell.034
o Sphere_cell.035
o Sphere_cell.036
o Sphere_cell.037
o Sphere_cell.042
o Sphere_cell.043
o Sphere_cell.044
o Sphere_cell.045
o Sphere_cell.046
o Sphere_cell.048
o Sphere_cell.049
o Sphere_cell.050
o Sphere_cell.051
o Sphere_cell.053
o Sphere_cell.054
o Sphere_cell.056
o Sphere_cell.057
o Sphere_cell.059
o Sphere_cell.060
o Sphere_cell.061
o Sphere_cell.064
o Sphere_cell.065
o Sphere_cell.066
o Sphere_cell.067
o Sphere_cell.068
o Sphere_cell.069
o Sphere_cell.070
o Sphere_cell.072
o Sphere_cell.073
o Sphere_cell.074
o Sphere_cell.075
o Sphere_cell.076
o Sphere_cell.077
o Sphere_cell.079
o Sphere_cell.080
o Sphere_cell.081
o Sphere_cell.082
o Sphere_cell.083
o Sphere_cell.084
o Sphere_cell.085
o Sphere_cell.086
o Sphere_cell.087
o Sphere_cell.088
o Sphere_cell.089
o Sphere_cell.090
o Sphere_cell.092
o Sphere_cell.093
o Sphere_cell.094
o Sphere_cell.095
o Sphere_cell.096
o Sphere_cell.097
o Sphere_cell.098
o Sphere_cell.099
o Sphere_cell.100
o Sphere_cell.102
o Sphere_cell.103
o Sphere_cell.104
o Sphere_cell.107
o Sphere_cell.108
o Sphere_cell.109
o Sphere_cell.110
o Sphere_cell.111
o Sphere_cell.113
o Sphere_cell.114
o Sphere_cell.115
o Sphere_cell.116
o Sphere_cell.117
o Sphere_cell.121
o Sphere_cell.122
o Sphere_cell.123
o Sphere_cell.124
o Sphere_cell.125
o Sphere_cell.126
o Sphere_cell.128
o Sphere_cell.129
o Sphere_cell.131
o Sphere_cell.132
o Sphere_cell.133
o Sphere_cell.134
o Sphere_cell.135
o Sphere_cell.136
o Sphere_cell.130_cell
o Sphere_cell.130_cell.001
o Sphere_cell.130_cell.002
o Sphere_cell.130_cell.003
o Sphere_cell.130_cell.004
o Sphere_cell.130_cell.005
o Sphere_cell.130_cell.006
o Sphere_cell.130_cell.007
o Sphere_cell.127_cell
o Sphere_cell.127_cell.001
o Sphere_cell.127_cell.002
o Sphere_cell.127_cell.003
o Sphere_cell.127_cell.004
o Sphere_cell.127_cell.005
o Sphere_cell.120_cell
o Sphere_cell.120_cell.001
o Sphere_cell.120_cell.002
o Sphere_cell.120_cell.003
o Sphere_cell.120_cell.004
o Sphere_cell.119_cell
o Sphere_cell.119_cell.001
o Sphere_cell.119_cell.002
o Sphere_cell.119_cell.003
o Sphere_cell.119_cell.004
o Sphere_cell.119_cell.005
o Sphere_cell.119_cell.006
o Sphere_cell.119_cell.007
o Sphere_cell.118_cell
o Sphere_cell.118_cell.001
o Sphere_cell.118_cell.002
o Sphere_cell.118_cell.003
o Sphere_cell.118_cell.004
o Sphere_cell.112_cell
o Sphere_cell.112_cell.001
o Sphere_cell.112_cell.002
o Sphere_cell.112_cell.003
o Sphere_cell.112_cell.004
o Sphere_cell.112_cell.005
o Sphere_cell.106_cell
o Sphere_cell.106_cell.001
o Sphere_cell.106_cell.002
o Sphere_cell.106_cell.003
o Sphere_cell.106_cell.004
o Sphere_cell.106_cell.005
o Sphere_cell.106_cell.006
o Sphere_cell.105_cell
o Sphere_cell.105_cell.001
o Sphere_cell.105_cell.002
o Sphere_cell.105_cell.003
o Sphere_cell.105_cell.004
o Sphere_cell.105_cell.005
o Sphere_cell.105_cell.006
o Sphere_cell.101_cell
o Sphere_cell.101_cell.001
o Sphere_cell.101_cell.002
o Sphere_cell.101_cell.003
o Sphere_cell.091_cell
o Sphere_cell.091_cell.001
o Sphere_cell.091_cell.002
o Sphere_cell.091_cell.003
o Sphere_cell.091_cell.004
o Sphere_cell.091_cell.005
o Sphere_cell.091_cell.006
o Sphere_cell.078_cell
o Sphere_cell.078_cell.001
o Sphere_cell.078_cell.002
o Sphere_cell.078_cell.003
o Sphere_cell.078_cell.004
o Sphere_cell.078_cell.005
o Sphere_cell.078_cell.006
o Sphere_cell.078_cell.007
o Sphere_cell.071_cell
o Sphere_cell.071_cell.001
o Sphere_cell.071_cell.002
o Sphere_cell.071_cell.003
o Sphere_cell.071_cell.004
o Sphere_cell.071_cell.005
o Sphere_cell.071_cell.006
o Sphere_cell.071_cell.007
o Sphere_cell.063_cell
o Sphere_cell.063_cell.001
o Sphere_cell.063_cell.002
o Sphere_cell.063_cell.003
o Sphere_cell.063_cell.004
o Sphere_cell.062_cell
o Sphere_cell.062_cell.001
o Sphere_cell.062_cell.002
o Sphere_cell.062_cell.003
o Sphere_cell.062_cell.004
o Sphere_cell.062_cell.005
o Sphere_cell.058_cell
o Sphere_cell.058_cell.001
o Sphere_cell.058_cell.002
o Sphere_cell.058_cell.003
o Sphere_cell.058_cell.004
o Sphere_cell.058_cell.005
o Sphere_cell.058_cell.006
o Sphere_cell.055_cell
o Sphere_cell.055_cell.001
o Sphere_cell.055_cell.002
o Sphere_cell.055_cell.003
o Sphere_cell.055_cell.004
o Sphere_cell.055_cell.005
o Sphere_cell.055_cell.006
o Sphere_cell.052_cell
o Sphere_cell.052_cell.001
o Sphere_cell.052_cell.002
o Sphere_cell.052_cell.003
o Sphere_cell.052_cell.004
o Sphere_cell.052_cell.005
o Sphere_cell.047_cell
o Sphere_cell.047_cell.001
o Sphere_cell.047_cell.002
o Sphere_cell.047_cell.003
o Sphere_cell.047_cell.004
o Sphere_cell.041_cell
o Sphere_cell.041_cell.001
o Sphere_cell.041_cell.002
o Sphere_cell.041_cell.003
o Sphere_cell.041_cell.004
o Sphere_cell.041_cell.005
o Sphere_cell.041_cell.006
o Sphere_cell.041_cell.007
o Sphere_cell.040_cell
o Sphere_cell.040_cell.001
o Sphere_cell.040_cell.002
o Sphere_cell.040_cell.003
o Sphere_cell.040_cell.004
o Sphere_cell.040_cell.005
o Sphere_cell.039_cell
o Sphere_cell.039_cell.001
o Sphere_cell.039_cell.002
o Sphere_cell.039_cell.003
o Sphere_cell.038_cell
o Sphere_cell.038_cell.001
o Sphere_cell.038_cell.002
o Sphere_cell.038_cell.003
o Sphere_cell.038_cell.004
o Sphere_cell.038_cell.005
o Sphere_cell.038_cell.006
